{"type":"FeatureCollection","features":[{"type":"Feature","properties":{"rw":"БЕЛ","name_supermap":"Белорусская ЖД","name_eng":"Belarus","label_lon":27.70311585894651,"label_lat":53.788160075},"geometry":{"type":"MultiPolygon","coordinates":[[[[32.45684065,53.20520543],[32.11523745,53.08154549],[31.90999818,53.08126783],[31.70180394,53.21195333],[31.40401685,53.21158714],[31.31415715,53.0476572],[31.2542061,53.02552762],[31.36671703,52.96553852],[31.52753429,52.84383291],[31.60629953,52.73278519],[31.51847192,52.64845143],[31.60814853,52.56226874],[31.55961222,52.42097902],[31.63773257,52.31287683],[31.71816418,52.26905269],[31.68896302,52.19307234],[31.7722475,52.18184117],[31.78312978,52.1133487],[31.72075959,52.09738683],[31.48503695,52.11691586],[31.44387622,52.14150463],[31.40296705,52.14359679],[31.36477359,52.11507822],[31.29731491,52.05012503],[31.24793975,52.03851291],[31.13879067,52.10302109],[30.94449529,52.07587623],[30.92205307,51.97463188],[30.80186791,51.95384022],[30.72490319,51.87043442],[30.60564253,51.76771141],[30.53653607,51.59488488],[30.17770882,51.5099107],[29.70821985,51.53715028],[29.60209646,51.50520311],[29.53229662,51.4830429],[29.50178808,51.39112155],[29.33953812,51.38996775],[29.24385224,51.48879984],[29.21158233,51.59659755],[29.1329121,51.6452532],[29.10824348,51.65145173],[29.00031859,51.57437128],[28.88468352,51.59172603],[28.80910555,51.55811374],[28.76796524,51.48534577],[28.75817549,51.41543211],[28.67181712,51.45971989],[28.63954984,51.57133095],[28.35738514,51.54391525],[28.26410574,51.68027577],[28.09228198,51.57589137],[27.85475085,51.63675794],[27.804293,51.534147],[27.76725647,51.48140538],[27.67158892,51.51695066],[27.71255688,51.61116857],[27.23090334,51.5988324],[27.20431255,51.77446627],[26.94434136,51.73348219],[26.76722115,51.77571903],[26.68198085,51.83266246],[26.46698817,51.79973743],[25.79471166,51.95115626],[25.47822643,51.92109465],[25.19159302,51.96916307],[25.15582188,51.95622718],[25.11627999,51.95088846],[25.10038171,51.9535893],[25.0580882,51.93895257],[25.01976926,51.91852854],[24.99459697,51.91519697],[24.93436693,51.8912401],[24.91449408,51.91695707],[24.8429518,51.8961457],[24.83428927,51.91318533],[24.79281106,51.89652303],[24.76631392,51.88419524],[24.74985512,51.88098694],[24.71403302,51.89668025],[24.6716376,51.89256089],[24.66277125,51.89954157],[24.6252676,51.90265422],[24.57910143,51.89598848],[24.56768728,51.88960479],[24.53713913,51.88724605],[24.51690959,51.88867703],[24.46325288,51.8826383],[24.42164727,51.88219794],[24.37252565,51.87853338],[24.34732152,51.86373056],[24.3395762,51.8641711],[24.33386913,51.85605194],[24.34079915,51.84956814],[24.32492634,51.83459835],[24.31244211,51.82675729],[24.29910437,51.8141111],[24.30037827,51.81219732],[24.29688619,51.80901934],[24.29468234,51.79920435],[24.30558693,51.77994629],[24.31058062,51.76405456],[24.31966354,51.75110687],[24.2779178,51.72201227],[24.26818006,51.71604731],[24.12046364,51.66641386],[24.10293477,51.64278303],[24.07511277,51.61880767],[24.01564707,51.59630739],[24.0150356,51.59121084],[23.99541752,51.58042231],[23.95709858,51.58824287],[23.94339141,51.59571387],[23.90420621,51.59789796],[23.88239703,51.59223178],[23.87719951,51.59818284],[23.88010401,51.60834215],[23.88866462,51.61283558],[23.91271587,51.63137417],[23.87419311,51.64106753],[23.86975993,51.6426012],[23.85758144,51.64264863],[23.84611633,51.64037183],[23.82767024,51.64549448],[23.80463812,51.64040345],[23.78858696,51.64040345],[23.7888927,51.65049799],[23.79006469,51.6613963],[23.78693089,51.66583707],[23.7827525,51.66748052],[23.76563127,51.66289768],[23.75533815,51.65919947],[23.74891769,51.66008454],[23.73597485,51.65782441],[23.71791094,51.65132],[23.69966655,51.6485562],[23.67843487,51.65305618],[23.67565777,51.64886974],[23.66009919,51.63887761],[23.64457458,51.63929927],[23.63034086,51.6286935],[23.60588196,51.62083773],[23.60540637,51.61673532],[23.62110933,51.60803954],[23.62525375,51.60797625],[23.63082494,51.59218231],[23.63753416,51.59376512],[23.65759385,51.58726471],[23.66459181,51.57709012],[23.65959812,51.56818021],[23.65226045,51.56847583],[23.64716485,51.56186621],[23.64368285,51.55805415],[23.63897791,51.55675524],[23.63627724,51.54881308],[23.65008633,51.53880949],[23.65657473,51.53208989],[23.67160676,51.51902822],[23.67685523,51.50667114],[23.67198044,51.50069752],[23.67255794,51.49955557],[23.66880418,51.49891057],[23.66027753,51.50068695],[23.65785712,51.50095128],[23.64817547,51.50647027],[23.64012442,51.50537075],[23.63839192,51.50583593],[23.63360205,51.5043135],[23.62972939,51.50441923],[23.62673997,51.50342539],[23.62262951,51.50535489],[23.61785663,51.50798734],[23.61733221,51.51062624],[23.62456797,51.512751],[23.61962523,51.51937832],[23.6140965,51.52246969],[23.61302642,51.528842],[23.60224922,51.52882615],[23.59470773,51.5353402],[23.57707694,51.53232895],[23.56474558,51.54075994],[23.56265638,51.54430936],[23.57789224,51.5573321],[23.56836346,51.56835574],[23.56810868,51.57712839],[23.55475819,51.58916032],[23.54838869,51.59859366],[23.54436316,51.6062212],[23.54482177,51.61650528],[23.5438536,51.63137351],[23.54828678,51.63712969],[23.54201918,51.64573097],[23.5436243,51.65850338],[23.55870729,51.6657416],[23.55203205,51.67500103],[23.55605757,51.68109921],[23.54922946,51.68406901],[23.55554801,51.69559884],[23.56171369,51.69878877],[23.55870729,51.70159951],[23.54831225,51.72232727],[23.54780269,51.72671472],[23.5444396,51.72753535],[23.53536942,51.72226414],[23.53455412,51.72838752],[23.52864322,51.73092816],[23.53078338,51.74331372],[23.54117841,51.74561691],[23.55947163,51.76173589],[23.56813415,51.75779342],[23.61531945,51.77743927],[23.63091199,51.78383888],[23.62780368,51.79023759],[23.63972739,51.80303227],[23.62112843,51.82102062],[23.62245329,51.82905162],[23.60951046,51.83780536],[23.61730673,51.85634633],[23.60767604,51.8712617],[23.61440224,51.8783086],[23.63091199,51.87761654],[23.62874636,51.88920709],[23.63442796,51.89697438],[23.61944688,51.91118474],[23.61649143,51.92363083],[23.63014765,51.92149387],[23.63208398,51.9311094],[23.64502682,51.93211482],[23.64084842,51.94970614],[23.65103963,51.96377423],[23.66999528,51.96528126],[23.66500158,51.9778379],[23.685384,51.98631164],[23.68365149,52.00087018],[23.666836,52.01473404],[23.66275952,52.03987877],[23.65542185,52.05153711],[23.65389317,52.07321604],[23.64370196,52.07753804],[23.63881018,52.08586766],[23.62321763,52.08924917],[23.61109009,52.09889133],[23.62046601,52.10790548],[23.5807203,52.11985895],[23.56013406,52.1197338],[23.53384074,52.13274758],[23.50958567,52.15007253],[23.49175105,52.14938466],[23.48889751,52.16107694],[23.50764934,52.17432864],[23.4963371,52.18020313],[23.46107552,52.18438979],[23.41317684,52.18220278],[23.39615752,52.20100758],[23.36690876,52.20775288],[23.30596533,52.2214277],[23.25562077,52.21805622],[23.22260125,52.22448679],[23.1976328,52.23484866],[23.20588767,52.25787332],[23.20415517,52.27571078],[23.17870263,52.28350461],[23.23024466,52.34577483],[23.31055138,52.41358349],[23.3123858,52.4252684],[23.41062904,52.51367486],[23.45832389,52.54058366],[23.53883443,52.58011092],[23.64033886,52.60710279],[23.71901498,52.61452883],[23.73450562,52.60697901],[23.75600907,52.61446695],[23.7764934,52.62300535],[23.78056988,52.62739764],[23.87922077,52.67963831],[23.93756437,52.71310781],[23.92538694,52.83179939],[23.91641868,52.93929203],[23.94576936,52.95857311],[23.92503025,53.02467139],[23.90215099,53.05815728],[23.89562861,53.06223019],[23.88436733,53.06422056],[23.88146284,53.07389555],[23.8819724,53.09387394],[23.89733564,53.1281469],[23.91613842,53.14327886],[23.91338679,53.16651669],[23.86408683,53.19551193],[23.85629055,53.23135098],[23.81799709,53.24383954],[23.66771256,53.51142891],[23.59259305,53.69942226],[23.58204515,53.74338285],[23.54810843,53.76832767],[23.54581541,53.82575283],[23.55131866,53.85051346],[23.52609542,53.86877012],[23.51142008,53.911338],[23.51508892,53.95534675],[23.57172655,53.9433367],[23.71160088,53.93739786],[23.91338679,53.96978122],[23.96085234,53.9543348],[23.98298,53.92382986],[24.10336365,53.9402999],[24.1142555,53.95818008],[24.20150498,53.9699161],[24.22472182,53.94772279],[24.25046099,53.95288429],[24.28674806,53.92204072],[24.30738526,53.92734042],[24.3227485,53.90755595],[24.35181255,53.89678196],[24.38947543,53.90360468],[24.44823412,53.90458409],[24.45797946,53.91197957],[24.45906864,53.91900237],[24.4701898,53.92487631],[24.47454654,53.93169444],[24.48394793,53.9340569],[24.50659152,53.94799269],[24.5074514,53.9603724],[24.56718462,53.98518821],[24.60307041,53.99354673],[24.60112134,53.99893844],[24.62307702,54.01076404],[24.64572061,54.0059803],[24.67300757,54.01696188],[24.69788686,54.0170966],[24.70533918,54.01002294],[24.69364477,53.99081692],[24.68458733,53.96222735],[24.79373517,54.00005039],[24.80898376,53.99459143],[24.82285654,54.01298729],[24.87415392,54.03034031],[24.82285654,54.04362898],[24.80095819,54.0881034],[24.77229541,54.11553131],[24.83076747,54.13226149],[24.81299655,54.14502295],[24.95757157,54.17160788],[25.06772137,54.13135336],[25.19512862,54.21306237],[25.21564156,54.25946805],[25.34612411,54.26391806],[25.43325893,54.29544522],[25.47889007,54.29470919],[25.48548035,54.3077037],[25.5094596,54.31191742],[25.56521858,54.27397842],[25.58941371,54.23243379],[25.55524769,54.19542582],[25.51615167,54.18623573],[25.51899352,54.15910578],[25.63894298,54.12782764],[25.70447158,54.17060742],[25.78558172,54.15496073],[25.77973452,54.19374895],[25.75015454,54.22197837],[25.78680997,54.23524462],[25.7010047,54.27566534],[25.68887062,54.32051207],[25.61866631,54.30989489],[25.55238141,54.31504549],[25.53185887,54.34165479],[25.59273859,54.37525952],[25.63229322,54.42338059],[25.61463695,54.46191679],[25.6825104,54.53621976],[25.75749221,54.57305476],[25.74510989,54.64171562],[25.73456199,54.80222323],[25.85710482,54.92657079],[26.07851525,54.95445968],[26.28040694,55.07727555],[26.22790562,55.10684306],[26.35620018,55.15043389],[26.39667202,55.13416664],[26.46179384,55.12905411],[26.51658811,55.16104078],[26.53941262,55.14360344],[26.56211354,55.15051578],[26.57435254,55.14886152],[26.59028904,55.15415166],[26.59249608,55.15410253],[26.61800594,55.14673216],[26.67805445,55.17026343],[26.69422025,55.16689098],[26.67484422,55.19746183],[26.72918883,55.21538756],[26.7313672,55.24513691],[26.82618365,55.2771498],[26.81448924,55.31566171],[26.66945562,55.33770763],[26.56397662,55.31931513],[26.43969484,55.34755258],[26.50367015,55.36984137],[26.55407375,55.39012121],[26.55595104,55.46335634],[26.52373855,55.5139824],[26.62313658,55.56527357],[26.63070355,55.68063334],[26.65225795,55.70725632],[26.7785542,55.67559407],[26.87124153,55.7144905],[26.9203122,55.78817687],[26.94691125,55.78804794],[27.01272097,55.82941137],[27.03416073,55.8234866],[27.09830801,55.82883181],[27.11458846,55.84956172],[27.17168471,55.83810369],[27.22981281,55.8126007],[27.24941814,55.79417147],[27.2870237,55.78534039],[27.34870598,55.80190508],[27.36452783,55.81498426],[27.43045221,55.79468709],[27.59023737,55.78199093],[27.61927249,55.78613356],[27.63946114,55.84827447],[27.62512976,55.89265995],[27.65321927,55.92967334],[27.75199118,55.97922617],[27.78568271,55.97427891],[27.84118973,56.03947693],[27.93566223,56.07417456],[27.95033756,56.10257519],[27.99046545,56.12545955],[28.04439859,56.11684383],[28.04962541,56.13210497],[28.09273421,56.13772712],[28.12437791,56.16901725],[28.13972205,56.17260228],[28.15768406,56.14344426],[28.19540426,56.13890894],[28.24791446,56.11405103],[28.24565966,56.08489122],[28.27669188,56.09563688],[28.28769839,56.07158292],[28.3202322,56.05736465],[28.33906208,56.064415],[28.37116438,56.05852608],[28.39248948,56.07806702],[28.37711069,56.11007847],[28.39520347,56.11019929],[28.41748342,56.09900494],[28.41892992,56.08506049],[28.4727749,56.10403697],[28.49346783,56.10675576],[28.49996823,56.10337235],[28.54958795,56.1150922],[28.62316747,56.09947388],[28.63690997,56.10566827],[28.66356161,56.09986778],[28.68775425,56.10365153],[28.65763923,56.08228964],[28.63470901,56.07546498],[28.6548876,56.06044648],[28.66222527,56.04320212],[28.69157595,56.03316782],[28.73376755,55.96991312],[28.79277465,55.97042641],[28.84719569,55.95331299],[28.85942514,55.98838735],[28.90899502,55.99253231],[29.08750437,56.03453435],[29.34154602,55.97523877],[29.35795592,55.97000069],[29.45316491,55.96101496],[29.39401146,55.89484366],[29.41851075,55.87565884],[29.3889603,55.82180131],[29.35716373,55.76267339],[29.51465887,55.6990519],[29.65128199,55.79534235],[29.77906622,55.77582287],[29.8245979,55.79245834],[29.88815736,55.85477811],[29.97667835,55.85542675],[29.97829623,55.86956439],[30.11049781,55.83244854],[30.17426775,55.8790681],[30.18237987,55.86541442],[30.23623207,55.87604782],[30.2821687,55.86763234],[30.280377,55.83103047],[30.33492257,55.83271794],[30.36120152,55.81149476],[30.47752689,55.80986599],[30.51911428,55.79121726],[30.49404391,55.78296576],[30.53438371,55.7525473],[30.56697238,55.75514861],[30.59563192,55.74851492],[30.64874645,55.70879585],[30.63792785,55.67416656],[30.6612715,55.67494854],[30.67091232,55.6374186],[30.69720564,55.64449317],[30.69858145,55.65743116],[30.73251817,55.66269138],[30.75797071,55.60887009],[30.77310466,55.58982619],[30.8088758,55.5904309],[30.81254463,55.60235043],[30.83486338,55.6163383],[30.85244321,55.61875545],[30.8544305,55.63178823],[30.93514486,55.60874057],[30.9531833,55.54211113],[30.91313185,55.52930811],[30.9252166,55.52092373],[30.93180367,55.50986609],[30.95630295,55.50279804],[30.95769291,55.49420819],[30.92475435,55.4843366],[30.90006163,55.47571514],[30.91013567,55.45685756],[30.90548845,55.44087093],[30.93346331,55.3995728],[30.92077526,55.37517275],[30.83921275,55.33799406],[30.8194237,55.316325],[30.81803224,55.27858285],[30.87594668,55.28068706],[30.90481979,55.2519156],[30.93194737,55.20018465],[30.98328683,55.17088239],[30.97393515,55.14710526],[30.99553647,55.14335031],[30.98941165,55.07539625],[31.02384932,55.06083854],[31.01801341,55.02879292],[30.96829176,55.03583614],[30.9179472,55.03022914],[30.92202368,55.01211785],[30.94821357,55.00073198],[30.9542279,54.98879483],[30.96219665,54.985368],[30.96043432,54.97986404],[30.93476496,54.97634078],[30.94158316,54.959458],[30.90067398,54.959458],[30.90633655,54.94970322],[30.86259609,54.95166101],[30.81579321,54.93994608],[30.83458312,54.90705742],[30.81249968,54.89421527],[30.81868483,54.87954015],[30.79491384,54.8774734],[30.75344716,54.8086254],[30.8962826,54.75737766],[30.97047382,54.72622412],[30.97740758,54.71080527],[31.00294693,54.71828181],[30.98897992,54.69120809],[30.98907941,54.67112986],[31.02917965,54.67059525],[31.09447255,54.65953385],[31.10928712,54.66893648],[31.17675316,54.66869063],[31.20911,54.63824883],[31.17960646,54.59930321],[31.14291811,54.57095571],[31.12844797,54.54794976],[31.08245403,54.50737717],[31.13986075,54.48774839],[31.16707127,54.47380479],[31.20100799,54.47975583],[31.23678795,54.46686499],[31.2398365,54.43265682],[31.26964578,54.40045615],[31.25283028,54.3796279],[31.31606393,54.36337212],[31.3213152,54.33990031],[31.28554406,54.31877383],[31.31825784,54.31003482],[31.30970799,54.24321165],[31.38389921,54.23463463],[31.38903578,54.21557089],[31.50529777,54.18340559],[31.49143026,54.15742889],[31.55868772,54.15336856],[31.67956625,54.11931377],[31.76906591,54.11354317],[31.75414511,54.07745813],[31.82440417,54.09041777],[31.89411203,54.08485858],[31.90237104,54.0517986],[31.85558927,54.00695169],[31.89166614,53.99329398],[31.88555142,53.96776362],[31.84916881,53.95031487],[31.8516147,53.91611574],[31.80789442,53.87485953],[31.81492635,53.8591751],[31.74948166,53.83250152],[31.76081104,53.79746203],[31.80841861,53.80917095],[31.88127111,53.77885812],[31.9791512,53.79804319],[32.12769451,53.81786266],[32.33865252,53.75066561],[32.35913684,53.71937869],[32.466756,53.72480584],[32.42701029,53.60706081],[32.52117705,53.53916295],[32.75926811,53.45875244],[32.77117106,53.42061672],[32.74297377,53.32933777],[32.59822258,53.31399698],[32.49012269,53.31636085],[32.45684065,53.20520543]]]]}},{"type":"Feature","properties":{"rw":"МСК","name_supermap":"Московская ЖД","name_eng":"Moscow RW","label_lon":36.087276003447386,"label_lat":53.895487635},"geometry":{"type":"MultiPolygon","coordinates":[[[[34.39511531,51.27627157],[34.30619097,51.23852989],[34.24198636,51.26378976],[34.3412742,51.35810434],[34.22089056,51.40447375],[34.3094012,51.51919303],[34.08468507,51.66990245],[34.44544568,51.72929924],[34.41774293,51.82975214],[34.07228242,52.01252928],[34.1147281,52.14091116],[34.02529863,52.202468],[33.80505477,52.36804296],[33.55793451,52.30191631],[33.19117854,52.37922384],[32.99281637,52.27281837],[32.83346066,52.27863948],[32.37539241,52.33743476],[32.37920017,52.13452027],[32.13538754,52.05309665],[31.94844189,52.04636828],[31.91609506,52.11302213],[31.81546793,52.0960202],[31.78312978,52.1133487],[31.7722475,52.18184117],[31.68896302,52.19307234],[31.71816418,52.26905269],[31.63773257,52.31287683],[31.55961222,52.42097902],[31.60814853,52.56226874],[31.51847192,52.64845143],[31.60629953,52.73278519],[31.52753429,52.84383291],[31.36671703,52.96553852],[31.2542061,53.02552762],[31.31415715,53.0476572],[31.40401685,53.21158714],[31.70180394,53.21195333],[31.90999818,53.08126783],[32.11523745,53.08154549],[32.45684065,53.20520543],[32.49012269,53.31636085],[32.59822258,53.31399698],[32.73013285,53.33262427],[32.75833014,53.42389618],[32.75926811,53.45875244],[32.52117705,53.53916295],[32.42701029,53.60706081],[32.466756,53.72480584],[32.35913684,53.71937869],[32.33865252,53.75066561],[32.12769451,53.81786266],[31.9791512,53.79804319],[31.88127111,53.77885812],[31.80841861,53.80917095],[31.76081104,53.79746203],[31.74948166,53.83250152],[31.81492635,53.8591751],[31.80789442,53.87485953],[31.8516147,53.91611574],[31.84916881,53.95031487],[31.88555142,53.96776362],[31.89166614,53.99329398],[31.85558927,54.00695169],[31.90237104,54.0517986],[31.89411203,54.08485858],[31.82440417,54.09041777],[31.75414511,54.07745813],[31.76906591,54.11354317],[31.72856482,54.11755273],[31.67956625,54.11931377],[31.55868772,54.15336856],[31.49143026,54.15742889],[31.50529777,54.18340559],[31.38903578,54.21557089],[31.38389921,54.23463463],[31.30970799,54.24321165],[31.31825784,54.31003482],[31.28554406,54.31877383],[31.3213152,54.33990031],[31.31606393,54.36337212],[31.25283028,54.3796279],[31.26964578,54.40045615],[31.2398365,54.43265682],[31.23678795,54.46686499],[31.20100799,54.47975583],[31.16707127,54.47380479],[31.13986075,54.48774839],[31.08245403,54.50737717],[31.12844797,54.54794976],[31.14291811,54.57095571],[31.17960646,54.59930321],[31.20911,54.63824883],[31.17675316,54.66869063],[31.10928712,54.66893648],[31.09447255,54.65953385],[31.02917965,54.67059525],[30.98907941,54.67112986],[30.98897992,54.69120809],[31.00294693,54.71828181],[30.97740758,54.71080527],[30.97047382,54.72622412],[30.8962826,54.75737766],[30.75344716,54.8086254],[30.79491384,54.8774734],[30.81868483,54.87954015],[30.81249968,54.89421527],[30.83458312,54.90705742],[30.81579321,54.93994608],[30.86259609,54.95166101],[30.90633655,54.94970322],[30.90067398,54.959458],[30.94158316,54.959458],[30.93476496,54.97634078],[30.96043432,54.97986404],[30.96219665,54.985368],[30.9542279,54.98879483],[30.94821357,55.00073198],[30.92202368,55.01211785],[30.9179472,55.03022914],[30.96829176,55.03583614],[31.01801341,55.02879292],[31.02384932,55.06083854],[30.98941165,55.07539625],[30.99553647,55.14335031],[30.97393515,55.14710526],[30.98328683,55.17088239],[30.93194737,55.20018465],[30.90481979,55.2519156],[30.87594668,55.28068706],[30.81803224,55.27858285],[30.8194237,55.316325],[30.83921275,55.33799406],[30.92077526,55.37517275],[30.93346331,55.3995728],[30.90548845,55.44087093],[30.91013567,55.45685756],[30.90006163,55.47571514],[30.92475435,55.4843366],[30.95751307,55.49417826],[30.95630295,55.50279804],[30.93180367,55.50986609],[30.9252166,55.52092373],[30.91313185,55.52930811],[30.9531833,55.54211113],[30.93514486,55.60874057],[30.9287244,55.64205604],[31.07747782,55.75876705],[32.07210886,55.67867799],[34.30002964,55.99930755],[35.46423685,55.99762577],[35.51793932,56.04558457],[36.4525188,56.10311444],[37.07473069,56.06176353],[37.15404396,55.97314082],[37.34960701,55.93386585],[37.53473196,55.85143566],[37.62952541,55.80016926],[37.6347196,55.7969546],[37.6429218,55.79130252],[37.64621672,55.78821899],[37.6469244,55.78679307],[37.65386789,55.77634708],[37.6562609,55.77661774],[37.64907586,55.78740027],[37.64488812,55.79157142],[37.62291219,55.81041685],[37.58611517,55.83035826],[37.5608108,55.84748134],[37.53876343,55.86148371],[37.44850304,55.90335158],[37.35647891,55.939479],[37.19012148,55.98099103],[37.0860407,56.06623928],[37.03262236,56.26405967],[36.98165571,56.71395362],[37.04057423,56.83957087],[37.37529218,56.84776959],[38.16806049,56.87480741],[38.21956147,56.57931029],[38.83016916,56.41079328],[38.87440287,56.21772893],[39.3547289,56.11913847],[39.36075713,56.00611508],[39.46945588,55.86713714],[39.82252946,55.81288218],[40.05914164,55.58932594],[40.05642975,55.51209555],[40.19913038,55.32086796],[40.17327405,55.04784146],[40.42337423,54.88135008],[41.69252554,55.24751999],[42.45122531,54.97937021],[42.56889733,54.33745949],[42.34445899,54.39221635],[42.30290283,54.2604109],[42.42695762,54.14128081],[42.71478225,53.99171732],[42.39890282,53.82226406],[42.35511104,53.81235892],[40.92513854,54.02796463],[40.43399062,53.96877337],[40.1400427,53.72725052],[40.1593742,53.70981895],[40.16794278,53.68980352],[40.11233848,53.69085504],[39.73752826,53.70398195],[39.25553299,53.76764397],[38.23852023,53.07352621],[38.01511436,53.02908473],[38.32747167,52.65647373],[38.45370962,52.59727617],[38.45863681,52.58881283],[38.32552236,52.55096613],[38.0688368,52.01558181],[38.06068145,51.82759631],[38.0604266,51.79230076],[36.48309983,51.73761541],[36.26034122,51.71484734],[35.64628792,50.92529254],[35.32750286,50.94256451],[35.39812792,51.04993569],[35.18350109,51.0597368],[35.08811138,51.22948463],[34.69124595,51.18938194],[34.39511531,51.27627157]]]]}},{"type":"Feature","properties":{"rw":"ОКТ","name_supermap":"Октябрьская ЖД","name_eng":"October RW Russia","label_lon":34.13692600515797,"label_lat":62.334018075},"geometry":{"type":"MultiPolygon","coordinates":[[[[27.52097934,57.82643222],[27.63548976,57.84077758],[27.65695353,57.83882523],[27.68778553,57.83444646],[27.70496416,57.84099953],[27.74351816,57.82589589],[27.80484643,57.84460321],[27.82129763,57.89549272],[27.70490821,57.89596854],[27.65853462,57.95562763],[27.70049692,58.002437],[27.62092907,58.00510998],[27.60464861,58.11525691],[27.34966459,58.78757695],[27.74926851,58.96507541],[27.89291907,59.24402616],[28.20466088,59.36747968],[28.21242669,59.37090647],[28.20556227,59.37459784],[28.19599368,59.40086735],[28.13844348,59.42457715],[28.08449883,59.46222467],[28.05371294,59.46673392],[28.04830461,59.47814527],[28.08301391,59.5291573],[28.09696116,59.58541492],[28.01031675,59.68954872],[28.10311666,59.78516556],[28.18446267,59.77669479],[28.22342149,59.71136636],[28.20830546,59.70201207],[28.22817446,59.68042434],[28.27773008,59.67464166],[28.32868821,59.67263519],[28.37017935,59.66354555],[28.42791632,59.67629395],[28.44965534,59.77704778],[28.47408252,59.82595983],[28.54572779,59.84451821],[28.57553128,59.82525488],[28.65220224,59.81244565],[28.72092559,59.77340002],[28.75435226,59.77340002],[28.79175272,59.79516301],[28.83466803,59.77848586],[28.88425827,59.80497023],[29.00754129,59.82823125],[29.06405755,59.8678907],[28.99923007,59.90486357],[29.0568545,59.95747193],[29.12888502,59.98589288],[29.22169358,59.99157414],[29.42199385,59.96690207],[29.54804727,59.95872019],[29.60096201,59.94193408],[29.7459927,59.93457881],[29.96707101,59.88193411],[30.1682024,59.88666026],[30.18205442,59.94248913],[29.96374652,60.0099969],[29.919143,60.08911171],[29.84905176,60.16114556],[29.63046682,60.19145745],[29.52602256,60.18264233],[29.43265991,60.15797497],[29.14620005,60.16018063],[29.02374816,60.17878497],[28.91099268,60.26175582],[28.76803979,60.3192853],[28.61428232,60.35109581],[28.50429725,60.4679245],[28.39015657,60.58528664],[27.75767314,60.47625336],[27.83940009,60.57943544],[29.68183032,61.55945455],[31.2017885,62.48796151],[31.58243925,62.89943827],[30.79204562,63.40605293],[30.04403632,63.6960259],[30.55379081,64.07429411],[30.3676196,64.30203862],[30.0459756,64.40049095],[29.99019812,64.54614081],[30.09516734,64.79884495],[29.71874986,64.79641639],[29.6189422,65.05142653],[29.89555201,65.11390077],[29.70449163,65.2240734],[29.73585975,65.63551502],[30.13794205,65.67313311],[29.93262343,66.12608432],[29.12275553,66.78783342],[29.03435445,66.96923844],[30.02387615,67.6706975],[29.65886526,67.80358198],[29.3309258,68.07668561],[28.64367874,68.19456559],[28.43836012,68.54042473],[28.70498916,68.7326029],[28.80062629,68.86926334],[28.41982441,68.91390762],[28.9288435,69.05095636],[29.04335311,69.0110179],[29.24447647,69.11553624],[31.00856327,69.32012234],[33.45516882,69.25000189],[33.3479326,69.22434773],[33.27809327,69.22430161],[33.26174206,69.22227256],[33.29198891,69.21357009],[33.45955996,69.20267941],[33.47342671,69.17419637],[33.28275885,69.0926991],[33.0981577,69.0726487],[33.08013196,69.06763791],[33.25927204,69.04805574],[33.35668598,69.06651853],[33.47559339,69.08075771],[33.44855323,69.11353451],[33.57890071,69.15304866],[33.56850064,69.29360578],[36.13627671,69.09177125],[36.61095302,68.97442211],[37.08439404,68.73105773],[40.9984685,66.95138056],[38.69578397,66.09854992],[34.23588325,66.66746551],[34.05441972,66.48319161],[34.74966415,65.60030758],[34.7110586,65.55781809],[34.74064912,65.52804731],[34.67637724,65.5118743],[34.62843848,65.48143483],[34.67972722,65.44628213],[34.65889807,65.42811527],[34.55181326,65.43523478],[34.49798566,65.43835436],[34.45852936,65.4299219],[34.48613117,65.39456379],[34.43527228,65.41099928],[34.35732316,65.40515736],[34.37891857,65.38179125],[34.30275802,65.37998131],[34.27694521,65.36267406],[34.36447874,65.35958419],[34.44562295,65.3463149],[34.47373591,65.32823871],[34.4489454,65.31586082],[34.47092462,65.30059387],[34.46277401,65.27596992],[34.47028569,65.2710491],[34.45844417,65.2683405],[34.478464,65.25539958],[34.506151,65.25461508],[34.52804503,65.25539958],[34.53716045,65.23941967],[34.52847099,65.2237157],[34.59048988,65.22582201],[34.60659029,65.21984046],[34.60539826,65.20710933],[34.65080495,65.195568],[34.60037201,65.19481747],[34.66665043,65.17808565],[34.82695558,64.70222644],[34.95143911,64.60719372],[34.8236311,64.55487103],[34.78096686,64.53446969],[34.77431789,64.52350858],[34.87220553,64.48900799],[34.99059416,64.48248455],[34.97397173,64.44753381],[34.96639929,64.41860004],[35.02559361,64.40404191],[35.11018331,64.40655523],[35.1233889,64.38093248],[35.13354705,64.36012135],[35.14481337,64.3488504],[35.16679191,64.34393291],[35.20511584,64.3391345],[35.2645872,64.35248799],[35.29635451,64.34169375],[35.33615599,64.34081404],[35.31897948,64.31585036],[35.32766009,64.29462947],[35.4146508,64.28709813],[35.62039953,64.35240804],[35.600822,64.38005401],[35.64884235,64.36791239],[35.7230892,64.3387346],[35.758181,64.31737124],[35.85459109,64.30512184],[35.91960325,64.26449178],[35.88783594,64.23592681],[35.92440529,64.22115132],[35.95266342,64.18996843],[35.99662051,64.18088021],[36.07456123,64.20291198],[36.18408457,64.13152667],[36.16893969,64.08830055],[36.29865261,63.97253857],[36.33399899,63.98650695],[36.49028254,63.95510035],[36.46965526,63.85462244],[37.41056691,62.18007464],[37.63373782,61.40521378],[38.7152584,60.56848959],[37.65484966,59.15256734],[37.68037773,59.05736001],[37.23213226,57.77582684],[37.83330412,57.58561057],[38.54444933,57.60550843],[38.16806049,56.87480741],[37.37529218,56.84776959],[37.04057423,56.83957087],[36.98165571,56.71395362],[37.03262236,56.26405967],[37.0860407,56.06623928],[37.19012148,55.98099103],[37.35647891,55.939479],[37.44850304,55.90335158],[37.53876343,55.86148371],[37.5608108,55.84748134],[37.58611517,55.83035826],[37.62291219,55.81041685],[37.64488812,55.79157142],[37.64907586,55.78740027],[37.6562609,55.77661774],[37.65386789,55.77634708],[37.6469244,55.78679307],[37.64621672,55.78821899],[37.6429218,55.79130252],[37.6347196,55.7969546],[37.62952541,55.80016926],[37.53473196,55.85143566],[37.34960701,55.93386585],[37.15404396,55.97314082],[37.07473069,56.06176353],[36.4525188,56.10311444],[35.51793932,56.04558457],[35.46423685,55.99762577],[34.30002964,55.99930755],[32.07210886,55.67867799],[31.07747782,55.75876705],[30.9287244,55.64205604],[30.93514486,55.60874057],[30.8544305,55.63178823],[30.85244321,55.61875545],[30.83486338,55.6163383],[30.81254463,55.60235043],[30.8088758,55.5904309],[30.77310466,55.58982619],[30.75797071,55.60887009],[30.73251817,55.66269138],[30.69858145,55.65743116],[30.69720564,55.64449317],[30.67091232,55.6374186],[30.6612715,55.67494854],[30.63792785,55.67416656],[30.64874645,55.70879585],[30.59563192,55.74851492],[30.56697238,55.75514861],[30.53438371,55.7525473],[30.49404391,55.78296576],[30.51911428,55.79121726],[30.47752689,55.80986599],[30.36120152,55.81149476],[30.33492257,55.83271794],[30.280377,55.83103047],[30.2821687,55.86763234],[30.23623207,55.87604782],[30.18237987,55.86541442],[30.17426775,55.8790681],[30.11049781,55.83244854],[29.97829623,55.86956439],[29.97667835,55.85542675],[29.88815736,55.85477811],[29.8245979,55.79245834],[29.77906622,55.77582287],[29.65128199,55.79534235],[29.51465887,55.6990519],[29.35716373,55.76267339],[29.41851075,55.87565884],[29.39401146,55.89484366],[29.45316491,55.96101496],[29.35795592,55.97000069],[29.34154602,55.97523877],[29.08750437,56.03453435],[28.90899502,55.99253231],[28.85942514,55.98838735],[28.84719569,55.95331299],[28.79277465,55.97042641],[28.73376755,55.96991312],[28.69157595,56.03316782],[28.66222527,56.04320212],[28.6548876,56.06044648],[28.63470901,56.07546498],[28.65763923,56.08228964],[28.68775425,56.10365153],[28.66356161,56.09986778],[28.63690997,56.10566827],[28.62316747,56.09947388],[28.54958795,56.1150922],[28.49996823,56.10337235],[28.49346783,56.10675576],[28.4727749,56.10403697],[28.41892992,56.08506049],[28.41748342,56.09900494],[28.39520347,56.11019929],[28.39517349,56.11019909],[28.39517349,56.11019909],[28.37711069,56.11007847],[28.39248948,56.07806702],[28.37116438,56.05852608],[28.33906208,56.064415],[28.3202322,56.05736465],[28.28769839,56.07158292],[28.27669188,56.09563688],[28.24565966,56.08489122],[28.24791446,56.11405103],[28.19540426,56.13890894],[28.15768406,56.14344426],[28.13972205,56.17260228],[28.17931489,56.17906938],[28.17427025,56.20365143],[28.24244943,56.2791702],[28.17217149,56.38862819],[28.1933573,56.44495665],[28.12581757,56.49511125],[28.09584961,56.51337774],[28.14281432,56.57132784],[28.05067402,56.58734094],[28.01220769,56.6729573],[27.90021912,56.75269181],[27.9811954,56.8418823],[27.90441249,56.82133988],[27.86639343,56.87979575],[27.65885413,56.83528953],[27.88533228,57.29201362],[27.34805948,57.52407494],[27.52097934,57.82643222]]]]}},{"type":"Feature","properties":{"rw":"ЮВС","name_supermap":"Юго-Восточная ЖД","name_eng":"SouthWest RW Russia","label_lon":40.119493054373045,"label_lat":51.417214115},"geometry":{"type":"MultiPolygon","coordinates":[[[[39.44081346,49.75913433],[39.37739821,49.73890619],[39.27384673,49.76691213],[39.1793928,49.88842916],[39.0664762,49.81596994],[39.03008602,49.82339338],[38.94874326,49.79611097],[38.92145062,49.80431458],[38.89964327,49.86954848],[38.79020514,49.87886042],[38.64705259,49.95639015],[38.34764373,50.00540874],[38.3259999,50.08681737],[38.17877425,50.07994956],[38.21968348,49.98063803],[38.06524471,49.90218072],[37.95100639,49.98672384],[37.64766785,50.1731152],[37.63672701,50.31032133],[37.4987773,50.3555643],[37.48165251,50.45985337],[37.15104888,50.3561713],[36.93318347,50.35131512],[36.77192501,50.30272601],[36.64880392,50.22875806],[36.42895348,50.32975983],[36.34047539,50.28996313],[36.23296975,50.36436497],[36.06439406,50.45025676],[35.83759742,50.43123623],[35.64385387,50.3514526],[35.58056647,50.45317682],[35.40120702,50.55550987],[35.47660432,50.74456079],[35.32750286,50.94256451],[35.64628792,50.92529254],[36.26034122,51.71484734],[36.48309983,51.73761541],[38.0604266,51.79230076],[38.06068145,51.82759631],[38.0688368,52.01558181],[38.32552236,52.55096613],[38.45863681,52.58881283],[38.45370962,52.59727617],[38.32747167,52.65647373],[38.01511436,53.02908473],[38.23852023,53.07352621],[39.25553299,53.76764397],[39.73752826,53.70398195],[40.11233848,53.69085504],[40.16794278,53.68980352],[40.32134593,53.65903748],[40.47111993,53.60354094],[41.93273522,52.8669399],[44.93848074,53.11070708],[45.01105031,53.08842259],[46.60617415,52.90258579],[46.47098408,52.4105619],[44.37631821,52.33457302],[43.93668423,52.19000333],[44.40765177,50.85894852],[44.21868629,50.74073518],[42.63151368,51.10662892],[42.28808108,51.11958089],[41.47123852,50.94903824],[41.42200474,50.85116176],[41.16780861,50.77508133],[41.27269796,50.75070942],[41.34601348,50.71243345],[41.44662163,50.6065887],[41.5172614,50.60896604],[41.53866739,50.57465281],[41.48782816,50.56377607],[41.42039929,50.49812251],[41.49532026,50.421468],[41.52207775,50.36244471],[41.2914282,50.16351254],[41.37758731,50.13642238],[41.38507941,50.0808224],[41.30667997,50.04303252],[41.1924255,50.01191944],[41.0827198,49.9444673],[41.04124569,49.86709086],[41.04017539,49.79960847],[41.0123476,49.79719047],[40.92056942,49.70054468],[40.63560218,49.6693834],[40.43470555,49.58106164],[40.13584466,49.61613903],[39.95221594,49.59711635],[39.91121009,49.56532479],[39.80525044,49.55820897],[39.7503381,49.59955385],[39.65995728,49.61510648],[39.57995239,49.73631223],[39.44081346,49.75913433]]]]}},{"type":"Feature","properties":{"rw":"ГОР","name_supermap":"Горьковская ЖД","name_eng":"Gorky RW Russia","label_lon":49.62228932985957,"label_lat":57.736405585},"geometry":{"type":"MultiPolygon","coordinates":[[[[39.46945588,55.86713714],[39.36075713,56.00611508],[39.3547289,56.11913847],[40.1295492,56.25585807],[41.14663278,56.4036668],[42.42020775,56.62349564],[43.50895135,56.87751264],[44.51070311,57.60399555],[46.68590131,57.99627417],[47.5623013,58.1779164],[47.53574977,58.31153757],[47.79057069,59.61088358],[46.41560559,60.46257393],[47.04314531,60.82661064],[47.39737306,61.0535769],[53.70730881,61.11542733],[53.34966587,57.86881562],[56.72515805,57.18119279],[59.33011811,56.94773133],[59.43810725,56.90343295],[59.45260244,56.81071114],[59.31707244,56.67677173],[59.14023117,56.61939377],[58.96693898,56.41396415],[58.42310791,55.67308182],[56.74880271,55.73466316],[53.16115876,55.86407543],[52.58876317,56.09931504],[52.1399192,56.14280921],[48.76009534,54.68769355],[48.1600767,54.64271451],[46.78589111,54.37141112],[45.59850137,54.30909875],[45.48054859,54.34289918],[45.34313031,54.40741461],[43.57977008,54.85609812],[42.45122531,54.97937021],[41.69252554,55.24751999],[40.42337423,54.88135008],[40.17327405,55.04784146],[40.19913038,55.32086796],[40.05642975,55.51209555],[40.05914164,55.58932594],[39.82252946,55.81288218],[39.46945588,55.86713714]]]]}},{"type":"Feature","properties":{"rw":"КБШ","name_supermap":"Куйбышевская ЖД","name_eng":"Kuybyshev RW Russia","label_lon":50.28566856883501,"label_lat":54.200845855},"geometry":{"type":"MultiPolygon","coordinates":[[[[42.56889733,54.33745949],[42.45122531,54.97937021],[43.57977008,54.85609812],[45.34154738,54.40664292],[45.48054859,54.34289918],[45.59850137,54.30909875],[46.78589111,54.37141112],[48.1600767,54.64271451],[48.76009534,54.68769355],[52.1399192,56.14280921],[52.58876317,56.09931504],[53.16115876,55.86407543],[56.74880271,55.73466316],[58.42310791,55.67308182],[57.99427149,55.02545869],[57.92824691,55.01569474],[57.87837016,54.6130035],[58.39785542,53.96030279],[58.30670136,53.82753454],[57.01420564,53.13362324],[56.08758246,52.26202924],[53.64368862,53.23258003],[51.7937817,53.18199891],[50.71193927,53.21198193],[50.64343606,52.37740951],[50.01705805,52.36190501],[49.29607086,52.61880039],[48.24542425,52.81298813],[46.60617415,52.90258579],[45.01105031,53.08842259],[44.93848074,53.11070708],[41.93273522,52.8669399],[40.47111993,53.60354094],[40.32134593,53.65903748],[40.16794278,53.68980352],[40.1593742,53.70981895],[40.1400427,53.72725052],[40.43399062,53.96877337],[40.92513854,54.02796463],[42.35511104,53.81235892],[42.39890282,53.82226406],[42.71478225,53.99171732],[42.42695762,54.14128081],[42.30290283,54.2604109],[42.34445899,54.39221635],[42.56889733,54.33745949]]]]}},{"type":"Feature","properties":{"rw":"ПРВ","name_supermap":"Приволжская ЖД","name_eng":"Volga RW Russia","label_lon":44.67971210041872,"label_lat":48.811765730000005},"geometry":{"type":"MultiPolygon","coordinates":[[[[41.16780861,50.77508133],[41.42200474,50.85116176],[41.47123852,50.94903824],[42.28808108,51.11958089],[42.63151368,51.10662892],[44.21868629,50.74073518],[44.40765177,50.85894852],[43.93668423,52.19000333],[44.37631821,52.33457302],[46.47098408,52.4105619],[46.60617415,52.90258579],[48.24542425,52.81298813],[49.29607086,52.61880039],[50.01705805,52.36190501],[49.97159039,51.97222302],[50.32757249,51.79719521],[50.59158766,51.64784373],[50.55626778,51.48817617],[49.91073335,51.19271758],[49.40021551,51.12321059],[49.42424271,50.84949746],[48.59218068,50.66093572],[48.89178853,50.02278298],[47.11152751,48.27909485],[47.05055625,47.99617981],[47.32396905,47.69961026],[48.16085998,47.7234343],[48.69196383,47.1048495],[48.99707429,46.74281316],[48.58195664,46.7139021],[48.47920789,46.66778626],[49.19147239,46.37166853],[48.6038183,46.0090564],[47.4527215,45.42272233],[47.37909782,45.37463722],[46.90409307,45.57462325],[45.53109119,45.73812288],[45.34761895,46.81926877],[43.72533809,47.38454779],[43.11022889,47.57930475],[42.47000171,47.73209488],[41.88273338,48.34135998],[41.85868498,48.35594398],[41.54942169,49.26758748],[40.96177983,49.52432297],[40.92056942,49.70054468],[41.0123476,49.79719047],[41.04017539,49.79960847],[41.04124569,49.86709086],[41.0827198,49.9444673],[41.1924255,50.01191944],[41.30667997,50.04303252],[41.38507941,50.0808224],[41.37758731,50.13642238],[41.2914282,50.16351254],[41.52207775,50.36244471],[41.49532026,50.421468],[41.42039929,50.49812251],[41.48782816,50.56377607],[41.53866739,50.57465281],[41.5172614,50.60896604],[41.44662163,50.6065887],[41.34601348,50.71243345],[41.27269796,50.75070942],[41.16780861,50.77508133]]]]}},{"type":"Feature","properties":{"rw":"СКВ","name_supermap":"Северо-Кавказская ЖД","name_eng":"North Caucasus RW RU","label_lon":42.39648172212464,"label_lat":45.452669735},"geometry":{"type":"MultiPolygon","coordinates":[[[[39.97649836,48.79330636],[40.07871196,48.8695742],[40.03750543,48.91689692],[39.99175013,48.86781413],[39.92485641,48.89561603],[39.85689239,48.89069024],[39.7811687,48.91513851],[39.75146789,48.98577772],[39.66423848,49.00034997],[39.69153112,49.05017943],[39.9377,49.05649228],[39.97756866,49.13638562],[40.22882147,49.25965193],[40.18520677,49.2837447],[40.19323401,49.3461914],[40.03108364,49.45206477],[40.03750543,49.52020424],[40.17022257,49.56951136],[40.13584466,49.61613903],[40.43470555,49.58106164],[40.63560218,49.6693834],[40.92056942,49.70054468],[40.96177983,49.52432297],[41.54942169,49.26758748],[41.85868498,48.35594398],[41.88273338,48.34135998],[42.47000171,47.73209488],[43.11022889,47.57930475],[43.72533809,47.38454779],[45.34761895,46.81926877],[45.53109119,45.73812288],[46.90409307,45.57462325],[47.37909782,45.37463722],[47.05028372,44.80020733],[46.71193398,44.52619782],[46.68349275,44.46774441],[46.89993535,44.44641152],[47.17122756,44.20057527],[47.45057573,43.82648673],[47.5329888,43.59439018],[47.44361879,43.31702438],[47.53941059,43.25508487],[47.47893867,43.17201047],[47.45766647,43.0088486],[47.50322694,42.99319342],[47.52732968,42.97485592],[47.67092364,42.87192743],[47.70713612,42.7628738],[47.71388488,42.69665725],[47.76787502,42.62753263],[47.81318817,42.60731245],[47.86332187,42.5959579],[47.88790667,42.57466253],[47.90718886,42.52672136],[47.94912763,42.46629862],[47.99251256,42.39763029],[48.09567229,42.27897387],[48.23595023,42.13543275],[48.28608393,42.10003303],[48.31982777,42.0445695],[48.34200229,41.99299868],[48.38104873,41.93493152],[48.60479961,41.83353267],[48.32562982,41.56755961],[48.070185,41.49010547],[47.89073145,41.21909112],[47.55327494,41.20283666],[47.27125101,41.32713327],[47.11017094,41.59022744],[47.04115149,41.5564146],[46.90795866,41.73130921],[46.75764104,41.86252281],[46.58449036,41.80510559],[46.51694257,41.89085799],[46.41609657,41.88660851],[46.39956639,41.9393823],[46.28127848,41.94669461],[46.23592949,42.01670883],[46.15759942,41.9900795],[46.07324396,42.03979427],[45.95241904,42.02424786],[45.8953364,42.10711813],[45.78656226,42.10264778],[45.71742884,42.16543904],[45.64861254,42.18635563],[45.60516631,42.22206234],[45.65368656,42.29247689],[45.74089615,42.29411895],[45.75516681,42.40825481],[45.77546286,42.48758226],[45.64956392,42.49904016],[45.56552559,42.54438347],[45.39776605,42.54298159],[45.34861156,42.52078101],[45.31436197,42.57311502],[45.25188819,42.62027146],[45.15675046,42.70725367],[45.03116865,42.70026229],[44.96393798,42.74871971],[44.88497367,42.74708955],[44.82662252,42.61630423],[44.76652719,42.64290321],[44.73291185,42.7277572],[44.67487784,42.75454137],[44.58069148,42.74429488],[44.55183303,42.76618306],[44.49966584,42.73462903],[44.52170608,42.69886391],[44.41515182,42.71808877],[44.30923181,42.71937021],[44.2481851,42.68021594],[44.23264594,42.62727185],[44.1866627,42.62960514],[44.16208545,42.60603491],[44.10468568,42.61595416],[44.00225406,42.58374001],[43.96388184,42.54671986],[43.83322602,42.59728132],[43.76869092,42.58887671],[43.71446241,42.63497137],[43.76282409,42.66039634],[43.8072217,42.72204951],[43.8050811,42.7428975],[43.68964732,42.78707439],[43.69297714,42.79743016],[43.67712085,42.80179302],[43.65198863,42.7952777],[43.62860061,42.81313503],[43.60893881,42.81342582],[43.610683,42.8338361],[43.56010144,42.8674315],[43.5218085,42.86557203],[43.47709376,42.89043787],[43.45965185,42.88712688],[43.44339915,42.89363253],[43.40692969,42.89200618],[43.39836729,42.89682701],[43.38496873,42.89854035],[43.36427627,42.89061213],[43.33462501,42.89003127],[43.32717255,42.90826772],[43.31710381,42.91459694],[43.3004547,42.9073386],[43.27341973,42.92237694],[43.23813949,42.92411859],[43.23274835,42.93067838],[43.20515841,42.93062033],[43.16551769,42.96549743],[43.1060566,42.99936905],[43.07164845,43.00771809],[43.03914306,43.02962891],[43.01837132,43.07250049],[43.04342426,43.08744056],[42.98872006,43.11869869],[42.92719766,43.1249484],[42.9313203,43.14866833],[42.88137299,43.15572468],[42.85917418,43.17827641],[42.81144675,43.16717506],[42.78068555,43.18683232],[42.74643597,43.18509811],[42.69839141,43.17203215],[42.67983955,43.17249471],[42.67508267,43.135826],[42.58945871,43.17041316],[42.54299978,43.17665759],[42.48702708,43.20555864],[42.44754492,43.21942629],[42.44009246,43.25142539],[42.41170971,43.25650673],[42.38792527,43.24357157],[42.35700551,43.24634362],[42.04035542,43.18694793],[41.62872615,43.21850187],[41.1518879,43.40447325],[41.10622179,43.40395485],[41.07387496,43.38736374],[41.00454334,43.43220113],[40.98515902,43.43056027],[40.95114728,43.41920257],[40.92825477,43.42986937],[40.92878992,43.44429031],[40.89572955,43.45577279],[40.8916862,43.48735994],[40.82723039,43.48805019],[40.66115558,43.56082675],[40.54990389,43.51858564],[40.48110742,43.54841611],[40.25800943,43.58512352],[40.0996051,43.56772045],[40.04228462,43.45370092],[40.0137433,43.42969664],[40.00414748,43.38749599],[39.92933023,43.41631468],[39.89655315,43.44408499],[39.85332541,43.49786447],[39.73053012,43.57001226],[39.59277138,43.6676786],[39.32390432,43.88787482],[39.09874003,44.04924633],[38.95243075,44.15703815],[38.8780366,44.19515418],[38.78004473,44.29601978],[38.68015011,44.31167931],[38.53030818,44.35761251],[38.22111054,44.41506336],[37.84055961,44.71972688],[37.78537972,44.73324546],[37.78062284,44.66460599],[37.54847933,44.67893549],[37.390075,44.78740952],[37.3036308,44.93962269],[37.27294683,44.99221846],[37.32157584,45.04930322],[37.18633184,45.16817441],[36.97755432,45.201172],[36.91365575,45.19493068],[36.71971075,45.12109374],[36.63640577,45.14173254],[36.61804576,45.17040458],[36.61428624,45.2000848],[36.67561774,45.22256561],[36.7265468,45.21588097],[36.78222081,45.23816005],[36.92556502,45.25963292],[36.96052814,45.27796218],[36.98050706,45.27896635],[36.99335065,45.28913259],[36.99156682,45.31635909],[37.00226982,45.323634],[36.94500879,45.33078258],[36.79695069,45.31134136],[36.78214488,45.34457553],[36.85135759,45.37265259],[36.85902807,45.38455607],[36.78803153,45.39558022],[36.76573362,45.41887417],[36.78696123,45.4412824],[36.91718101,45.43264565],[36.96391742,45.4056003],[37.03045437,45.37753959],[37.09752647,45.3586158],[37.1920696,45.33604937],[37.32228937,45.32702028],[37.45500651,45.34608001],[37.56239323,45.39620652],[37.60663227,45.46405707],[37.60877287,45.64492567],[37.82497337,45.74559931],[37.98052357,46.03415044],[38.25737437,46.15439078],[38.4903429,46.0267196],[38.59915668,46.03860846],[38.57703716,46.11211388],[38.44931475,46.21379546],[38.36369079,46.30555488],[38.21313533,46.33413662],[38.09968358,46.40306552],[37.91915973,46.41142954],[37.77930726,46.62060326],[38.04474154,46.63530346],[38.28203891,46.72145238],[38.30304048,46.68782402],[38.33158181,46.66616088],[38.41981802,46.65625913],[38.49433121,46.6421686],[38.57249976,46.66031189],[38.60629201,46.66665054],[38.60022698,46.71852918],[38.51067859,46.75276134],[38.40400541,46.75936076],[38.44753092,46.84825179],[38.70261897,46.86679292],[38.81357335,46.89678671],[39.09755949,47.02413407],[39.30377053,47.01440502],[39.31090586,47.05987313],[39.26613166,47.07651886],[39.24303103,47.2627897],[39.19415402,47.28348647],[39.13635784,47.28614863],[39.0771346,47.28530159],[39.03913897,47.26393973],[38.98535642,47.272776],[38.95378259,47.26944744],[38.9419201,47.25812878],[38.93581047,47.24371972],[38.93778817,47.22041143],[38.94281202,47.21155763],[38.95400556,47.20555915],[38.94348095,47.19883278],[38.92854136,47.1999842],[38.89366743,47.19910549],[38.88323201,47.1970753],[38.87279659,47.18792333],[38.86592883,47.17555658],[38.84421067,47.17740572],[38.75943403,47.17158528],[38.66649636,47.15126936],[38.63367384,47.14435412],[38.5755209,47.14399013],[38.55982318,47.14010747],[38.55670147,47.11899051],[38.52780338,47.125727],[38.49043209,47.13992546],[38.48427787,47.1447181],[38.49382137,47.14647731],[38.50434598,47.14805449],[38.50425679,47.17140338],[38.51754634,47.18249808],[38.50871637,47.18843855],[38.49952964,47.18710503],[38.48115616,47.17340423],[38.47723173,47.16558228],[38.46429894,47.15891148],[38.47303972,47.15133002],[38.47919395,47.15017754],[38.47500194,47.14447544],[38.45546897,47.15102674],[38.42781957,47.14872174],[38.39562139,47.13664923],[38.3422848,47.1367099],[38.32319779,47.1400468],[38.30767845,47.13889407],[38.22990335,47.11959744],[38.23579,47.14119949],[38.2347197,47.20425637],[38.24363886,47.23333429],[38.33193857,47.26457527],[38.33568462,47.3063222],[38.22116257,47.30535453],[38.24542269,47.36350431],[38.3017918,47.39297785],[38.3017918,47.47503028],[38.28395348,47.52733217],[38.36101504,47.61614985],[38.6649801,47.66903182],[38.66535421,47.69855515],[38.71653286,47.69851429],[38.76707955,47.6796273],[38.78199951,47.7378783],[38.78824293,47.79650907],[38.83961731,47.86572567],[38.90222983,47.87470029],[39.15303668,47.85100392],[39.37458868,47.87182858],[39.73866889,47.82717695],[39.82108195,47.95492413],[39.78005381,48.03681278],[39.88208903,48.04134509],[39.88387286,48.04915642],[39.83606615,48.06710011],[39.94247176,48.19484962],[40.00776003,48.22528159],[39.98599727,48.31599447],[39.91286014,48.27113309],[39.84115007,48.32714436],[39.94247176,48.35394156],[39.84864217,48.47045193],[39.85078277,48.5699369],[39.77015354,48.59165107],[39.69233384,48.58611277],[39.66209788,48.60416346],[39.72283738,48.68460512],[39.70330441,48.71939391],[39.76350876,48.774089],[39.80257469,48.84299051],[39.97649836,48.79330636]]]]}},{"type":"Feature","properties":{"rw":"ЮУР","name_supermap":"Южно-Уральская ЖД","name_eng":"South Urals RW RU","label_lon":59.741735543109876,"label_lat":53.427869290000004},"geometry":{"type":"MultiPolygon","coordinates":[[[[50.64343606,52.37740951],[50.71193927,53.21198193],[51.7937817,53.18199891],[53.64368862,53.23258003],[56.08758246,52.26202924],[57.01420564,53.13362324],[58.30670136,53.82753454],[58.39785542,53.96030279],[57.87837016,54.6130035],[57.92824691,55.01569474],[57.99427149,55.02545869],[58.42310791,55.67308182],[58.96693898,56.41396415],[59.25003221,56.40124216],[60.30365225,56.42059112],[61.13607797,56.3634729],[61.91404058,56.14053101],[62.04819183,56.1750125],[62.04365679,56.30372472],[62.23245053,56.37990356],[62.57819389,56.62668019],[64.31342762,56.27981911],[65.47620751,55.91322625],[68.39994328,55.6886107],[70.94011648,55.31187101],[71.03404719,54.90400373],[71.02945228,54.78146291],[70.42216918,54.717366],[69.12457423,54.80001907],[67.73698091,54.75439829],[69.12457423,54.80001907],[67.44499693,54.8607516],[65.96512948,54.63775191],[65.98154074,54.71654944],[65.84632623,54.69779218],[65.77604323,54.61296718],[65.21199539,54.53914331],[65.2598021,54.35992319],[65.11424137,54.3301849],[64.97367537,54.42369427],[64.73856624,54.35472574],[64.61726563,54.39441758],[64.45600717,54.33268125],[64.28618632,54.32914471],[63.97205341,54.29105566],[64.01825467,54.23677519],[64.00434078,54.21080783],[63.91425724,54.19953981],[63.79866489,54.26960206],[63.45866641,54.19661797],[63.16397728,54.19077366],[63.14934986,54.12287751],[62.59636178,54.07224863],[62.50717015,53.91179604],[62.40691876,54.04502577],[62.0071619,54.03706495],[62.04319531,53.94855543],[61.68822957,54.00335052],[61.66125447,54.02935145],[61.63039417,54.00293924],[61.74132945,53.62315855],[62.20412759,53.12067693],[62.1614461,52.94743109],[61.98004979,52.89274661],[61.62525994,52.94823476],[61.13511307,52.99474904],[60.71172043,52.74753074],[61.06652471,52.34333576],[59.99783066,51.95784238],[60.77540325,51.61588277],[61.26667072,51.44443022],[61.64448645,51.27902705],[61.44861814,50.80682827],[60.80858253,50.65682842],[60.32400443,50.66937957],[60.19717394,50.82852122],[59.81320399,50.5350442],[59.45679425,50.54320696],[59.5659648,50.58671783],[58.5893165,50.87261249],[58.61393339,51.04898154],[58.48871271,51.09447873],[58.46247646,51.08074972],[58.32281193,51.16054],[57.75501804,51.0681538],[57.76023575,50.91961412],[57.47607123,50.87928168],[57.14561625,51.09101558],[56.48829126,50.95963285],[55.17887523,51.19776586],[54.93938992,51.18750815],[54.34498396,51.13077966],[53.65926346,51.23769514],[53.32157195,51.44219223],[52.54488427,51.46084353],[52.3613279,51.77567095],[52.09749907,51.65996218],[51.89521247,51.68418936],[51.7212888,51.48001143],[51.32046163,51.49384064],[51.24125947,51.56192577],[51.38093355,51.56358917],[51.2728333,51.68452115],[50.91107207,51.68136905],[50.85327589,51.76855131],[50.75159744,51.75960879],[50.82705356,51.65647638],[50.77032768,51.58537407],[50.59158766,51.64784373],[49.97159039,51.97222302],[50.01705805,52.36190501],[50.64343606,52.37740951]]]]}},{"type":"Feature","properties":{"rw":"СВР","name_supermap":"Свердловская ЖД","name_eng":"Sverdlovsk RW Russia","label_lon":70.21248108921698,"label_lat":61.728368415000006},"geometry":{"type":"MultiPolygon","coordinates":[[[[53.34966587,57.86881562],[53.70730881,61.11542733],[59.32398297,62.3413095],[62.39058926,64.20274485],[64.59659101,65.64164162],[66.56429965,66.62416171],[67.61612715,66.55244988],[74.97390899,65.62223771],[74.97390899,68.12923445],[81.85509432,66.65597397],[84.27112351,60.86047619],[83.97861914,58.66774882],[83.32325958,56.60160617],[71.47924507,55.68380788],[70.94011648,55.31187101],[65.47620751,55.91322625],[64.31342762,56.27981911],[62.57819389,56.62668019],[62.23245053,56.37990356],[62.04365679,56.30372472],[62.04819183,56.1750125],[61.91404058,56.14053101],[61.13607797,56.3634729],[60.30365225,56.42059112],[59.25003221,56.40124216],[58.96693898,56.41396415],[59.14023117,56.61939377],[59.31707244,56.67677173],[59.45260244,56.81071114],[59.43810725,56.90343295],[59.33011811,56.94773133],[56.72515805,57.18119279],[53.34966587,57.86881562]]]]}},{"type":"Feature","properties":{"rw":"ЗСБ","name_supermap":"Западно-Сибирская ЖД","name_eng":"West Siberian RW RU","label_lon":81.14631926709819,"label_lat":53.956075979999994},"geometry":{"type":"MultiPolygon","coordinates":[[[[71.47924507,55.68380788],[83.32325958,56.60160617],[83.97861914,58.66774882],[87.52610897,58.85246796],[87.85378875,56.66429279],[87.72112423,56.20995989],[88.59503064,55.46116516],[88.39301991,55.27534096],[88.75281408,54.84950912],[88.54317958,54.43269766],[88.37305377,54.36354905],[88.61828016,54.27639001],[88.83936708,54.4181341],[89.23837085,54.26505323],[89.04218974,54.10900583],[89.00744933,54.00885019],[89.16327027,53.8894886],[88.23231009,53.77103582],[88.06902042,53.68012297],[88.05724224,53.68461933],[88.05413181,53.68567915],[88.04970051,53.68753557],[88.04807529,53.68839346],[88.03929182,53.69184648],[88.03333472,53.69393089],[88.16054693,52.63609254],[88.20188019,51.35364034],[89.85667343,50.50719361],[90.70934603,50.30368459],[87.81514022,49.16990276],[87.72161957,49.17894226],[87.67963584,49.15773791],[87.51962,49.14433669],[87.47009428,49.08904917],[87.28187269,49.11541445],[87.32111172,49.22864621],[87.00719948,49.29487264],[86.80694512,49.55537917],[86.69193417,49.83458041],[86.41726096,49.61239985],[85.97362809,49.4893419],[85.62571501,49.61590664],[85.25767997,49.5860909],[84.94774601,50.09505904],[84.27559792,50.26845761],[84.23908881,50.52968189],[83.64685642,50.95232222],[83.147859,51.01371359],[82.51424169,50.74599404],[79.18858328,51.918705],[78.62695729,52.53215035],[77.90434279,53.29214043],[77.04131455,53.54520047],[75.31833948,53.66068291],[74.38234388,53.45928615],[73.88620059,53.63198244],[73.43215576,53.43676402],[73.21902125,53.68794392],[73.47187576,53.88550198],[72.85681031,54.05534114],[72.47055111,53.90330177],[72.32855804,54.10278329],[71.75297475,54.25409505],[71.64832324,54.09873887],[71.31676824,54.18428482],[71.17501302,54.09678625],[70.99853252,54.27687601],[71.22258188,54.3545698],[71.02945228,54.78146291],[71.03404719,54.90400373],[70.94011648,55.31187101],[71.47924507,55.68380788]]]]}},{"type":"Feature","properties":{"rw":"КРС","name_supermap":"Красноярская ЖД","name_eng":null,"label_lon":92.88707965283314,"label_lat":55.969626070000004},"geometry":{"type":"MultiPolygon","coordinates":[[[[88.07617875,53.6857152],[88.23231009,53.77103582],[89.16327027,53.8894886],[89.00744933,54.00885019],[89.04218974,54.10900583],[89.23837085,54.26505323],[88.83936708,54.4181341],[88.61828016,54.27639001],[88.37305377,54.36354905],[88.54317958,54.43269766],[88.75281408,54.84950912],[88.57106327,55.00429437],[88.39301991,55.27534096],[88.59503064,55.46116516],[87.72112423,56.20995989],[87.74760604,56.29644431],[87.85378875,56.66429279],[87.52610897,58.85246796],[89.61368331,61.30464381],[92.25188277,61.3467854],[94.11420261,60.48138771],[94.50452843,61.06316743],[96.51596276,60.65769164],[99.32796646,62.19498484],[98.34589152,59.19186073],[99.21256893,59.19038109],[98.04899642,57.6307278],[100.01457446,58.08045211],[97.99336748,56.42091863],[97.59289029,56.12497535],[97.58151515,56.01514659],[97.75033669,55.97776027],[97.79475391,55.96149187],[97.95400588,55.94228433],[97.98867298,55.93459865],[98.00817322,55.89503372],[97.97231557,55.77659001],[97.60047584,55.30848157],[96.51290396,54.56110485],[95.79743711,54.31197277],[96.6102833,53.69622566],[99.20371499,52.96359069],[98.85349205,52.14604597],[97.8108192,51.00832706],[98.31098538,50.5167539],[98.29900413,50.32617116],[97.28019223,49.75394797],[94.61842683,50.03729281],[94.25330349,50.59977195],[93.11411506,50.57685142],[92.99746653,50.80849528],[91.83949484,50.73656253],[91.3894661,50.46981355],[90.70934603,50.30368459],[89.85667343,50.50719361],[88.20188019,51.35364034],[88.16054693,52.63609254],[88.03333472,53.69393089],[88.03929182,53.69184648],[88.04807529,53.68839346],[88.04970051,53.68753557],[88.05413181,53.68567915],[88.05724224,53.68461933],[88.06902042,53.68012297],[88.07617875,53.6857152]]]]}},{"type":"Feature","properties":{"rw":"ВСБ","name_supermap":"Восточно-Сибирская ЖД","name_eng":"East Siberian RW RU","label_lon":105.0602539214371,"label_lat":53.992445315},"geometry":{"type":"MultiPolygon","coordinates":[[[[103.21614163,58.54636728],[105.78440346,57.29309442],[110.05134309,57.62146163],[114.42625746,56.87820515],[117.18540362,57.16158746],[120.08337474,57.4708192],[119.66259387,57.00055443],[119.523891,56.84219171],[119.55775998,56.82032314],[118.54113135,55.02698303],[114.44702147,54.28866497],[109.40398224,51.55146822],[108.88864421,51.32015472],[108.67883702,51.27255504],[108.67847356,51.2721077],[108.67847356,51.2721077],[108.56293494,51.12968257],[108.26333438,50.82667171],[108.40711156,50.62274323],[108.67698521,50.50129459],[107.73427322,50.14851725],[107.7529254,49.96914637],[107.15314141,50.02226034],[107.01237578,50.19916322],[106.59765634,50.33627176],[106.07252917,50.33360861],[106.07615856,50.38785098],[105.99189886,50.41716994],[105.06925771,50.45697044],[104.12444323,50.14335016],[102.92924283,50.29398038],[102.22300769,50.80939435],[102.19028762,51.34529476],[100.6024464,51.73121128],[98.85349205,52.14604597],[99.20371499,52.96359069],[96.6102833,53.69622566],[95.79743711,54.31197277],[96.51290396,54.56110485],[97.60047584,55.30848157],[97.97231557,55.77659001],[98.00817322,55.89503372],[97.98867298,55.93459865],[97.95400588,55.94228433],[97.79475391,55.96149187],[97.75033669,55.97776027],[97.58151515,56.01514659],[97.59289029,56.12497535],[97.99336748,56.42091863],[100.01457446,58.08045211],[103.21614163,58.54636728]]]]}},{"type":"Feature","properties":{"rw":"ЗАБ","name_supermap":"Забайкальская ЖД","name_eng":"Trans-Baikal RW RU","label_lon":115.5940458813688,"label_lat":52.256370315},"geometry":{"type":"MultiPolygon","coordinates":[[[[109.40398224,51.55146822],[114.44702147,54.28866497],[118.54113135,55.02698303],[123.19346591,54.39768909],[123.57373534,54.13546424],[123.732735,54.12541051],[123.77130926,54.11729128],[126.63929755,54.01195338],[129.89191296,51.75176992],[130.30269562,49.47354124],[129.54957706,49.33478179],[129.30781364,49.48030192],[127.69607156,49.6645539],[127.51683999,49.8379834],[127.60372544,50.23486167],[127.47008962,50.26368779],[127.25958142,50.74962271],[126.83081714,51.30119076],[126.63713172,51.95178817],[126.06026767,52.75335369],[125.19227239,53.19372145],[124.46569221,53.21611834],[123.86663269,53.48716371],[123.29109579,53.55723798],[120.86762776,53.27112282],[120.03206374,52.76556662],[120.04919434,52.58488255],[120.71396375,52.56095246],[119.23471422,50.58979702],[119.14501505,50.38957731],[119.36817473,50.32047664],[119.1518409,50.02471117],[118.65505579,49.94926846],[117.90446437,49.58668481],[117.47113403,49.62649513],[117.27071011,49.62997698],[117.05876758,49.68500697],[116.7140154,49.84556431],[116.62152091,49.93150149],[116.27892196,50.05814094],[115.72857648,49.88364966],[114.54161507,50.28808649],[113.20225148,49.83252094],[112.80531533,49.51265788],[110.708314,49.17951381],[108.52436768,49.31760332],[107.7529254,49.96914637],[107.73427322,50.14851725],[108.67698521,50.50129459],[108.40711156,50.62274323],[108.26333438,50.82667171],[108.56293494,51.12968257],[108.67847356,51.2721077],[108.67883702,51.27255504],[108.88864421,51.32015472],[109.40398224,51.55146822]]]]}},{"type":"Feature","properties":{"rw":"ДВС","name_supermap":"Дальневосточная ЖД","name_eng":"Far Eastern RW RU","label_lon":130.48439182350626,"label_lat":52.41821925},"geometry":{"type":"MultiPolygon","coordinates":[[[[121.09329773,57.33196005],[123.71511318,57.5479822],[127.26686819,61.09003033],[128.75320046,61.98234895],[131.21433505,61.93697789],[129.40950301,59.96957061],[127.65303911,58.00313559],[126.98593642,56.64651676],[129.95872849,56.58787786],[130.35683255,56.28223361],[129.51548389,56.18550913],[129.04954368,55.69542733],[128.89969225,55.51278761],[128.77139479,55.34126387],[128.64104458,55.17866573],[128.61846422,54.98655554],[128.49302269,54.79716907],[128.46482802,54.72233995],[128.50805902,54.74232756],[128.75702548,54.85265149],[128.80526532,54.9332243],[129.00181703,55.1070995],[129.10137585,55.27232867],[129.35129515,55.57139863],[129.83477402,55.74538192],[130.04031428,55.97772607],[130.70296153,56.15680931],[132.24201695,53.74422654],[131.55984201,52.71607845],[132.55423934,52.09397558],[135.50333308,52.00032813],[137.43014195,51.58548498],[140.45511643,50.66172991],[140.49472352,50.25993651],[140.53821967,50.11938443],[140.66737767,50.08748157],[140.48152116,49.99256662],[140.44508673,49.81670356],[140.52582579,49.78674607],[140.49896482,49.4816105],[140.40984961,49.39489297],[140.43307644,49.37961934],[140.41429352,49.34909644],[140.41127166,49.32114231],[140.42673647,49.30588439],[140.38663105,49.08134768],[141.94831822,48.91842696],[142.02996112,49.12385732],[142.03127199,49.14725918],[142.06629073,49.17273136],[142.16466883,49.80530003],[142.13601254,49.95566309],[142.26537522,51.11829099],[143.11961567,52.12036005],[143.89725875,50.07154961],[144.30672652,49.21288851],[144.22239515,49.14277358],[143.9527531,49.27044043],[143.55484005,49.31458339],[143.15801866,49.23124826],[142.98662675,49.11277047],[143.00300177,48.89685788],[142.7393639,48.47778331],[142.66169626,48.3173109],[142.63968095,48.28366346],[142.61129758,48.21460473],[142.57872948,48.13549687],[142.56008015,48.10112219],[142.54861763,48.06994647],[142.55207458,48.0379611],[142.54425096,48.00869473],[142.53733706,47.86095389],[142.54206762,47.78325761],[142.65523722,47.54799718],[142.84445971,47.41174966],[142.99074325,47.26132104],[143.13629901,46.84779605],[143.46016057,46.7880321],[143.55404404,46.3035063],[143.27712421,46.53304379],[143.13484345,46.60784167],[143.11046286,46.59409061],[142.97509601,46.60509174],[142.89431256,46.62383852],[142.7625846,46.60709171],[142.72219287,46.72520846],[142.64068165,46.72820172],[142.4638314,46.65781614],[142.30572146,46.38878624],[142.23858386,46.16935215],[142.07628919,45.89702088],[141.90271395,46.16103539],[141.8561361,46.35476557],[141.79573046,46.58333734],[141.84230831,46.67030254],[141.88179031,46.73680643],[141.90125839,46.78080613],[141.92764037,46.83360813],[141.96839598,46.89294843],[141.99641547,46.95023595],[142.04754193,47.15861155],[141.96239181,47.29773446],[141.94425609,47.45948699],[141.94498387,47.6049349],[142.06142848,47.82577108],[142.18733421,47.98043301],[142.06300533,48.42015915],[141.93855516,48.5654948],[141.83181427,48.71969771],[141.91623652,48.84111219],[140.30412404,49.07741863],[140.31076028,49.05257246],[140.26873076,49.02258523],[140.2033164,49.01790943],[140.20780639,49.0044797],[140.24980958,49.0111216],[140.26178509,49.01670047],[140.26908847,49.01458184],[140.28222927,49.01758128],[140.28255406,49.01221555],[140.27493907,49.00896243],[140.275367,48.97935941],[140.27931714,48.95866616],[140.01251304,48.333689],[139.38354889,47.89275302],[138.58754345,47.06656678],[138.17705633,46.45387684],[137.35175416,45.6014269],[136.79544923,45.19936685],[135.16989691,43.61092623],[133.95599694,42.90795536],[133.89231427,42.8981428],[133.876758,42.90991252],[133.86611423,42.90803851],[133.81514697,42.88742065],[133.80921103,42.87632163],[133.74944219,42.84653942],[133.72252575,42.80728299],[133.71249605,42.8240995],[133.69530227,42.8454889],[133.65989129,42.85861908],[133.59633573,42.85561814],[133.5976662,42.83370689],[133.5708521,42.83813479],[133.50310044,42.83400709],[133.44012893,42.79748587],[133.29595668,42.77492641],[133.14918674,42.68715238],[133.00025204,42.71260691],[133.04311406,42.71491321],[133.01388996,42.72270628],[133.022116,42.7262049],[133.02882672,42.73415556],[133.04874241,42.74703346],[133.07363701,42.73288352],[133.0944186,42.74019737],[133.090955,42.74687449],[133.07796651,42.74401296],[133.06627687,42.76308735],[133.01757003,42.79486495],[132.98791297,42.80947717],[132.99527312,42.81582923],[132.98748002,42.82424471],[133.00436506,42.83948493],[132.98661412,42.83250029],[132.9524111,42.83884999],[132.91647627,42.83440527],[132.90240541,42.82472103],[132.89158167,42.81360609],[132.88595332,42.8055068],[132.88094065,42.80378816],[132.88132781,42.79671009],[132.86280866,42.78590205],[132.86703516,42.78471222],[132.87813374,42.79022904],[132.87994049,42.78935893],[132.88655447,42.79384549],[132.8919747,42.79976394],[132.89500746,42.79919579],[132.90283836,42.80375976],[132.90471871,42.80833876],[132.90651843,42.81011241],[132.91128088,42.80455387],[132.91059064,42.802575],[132.91149401,42.79923722],[132.90910652,42.79750316],[132.90688036,42.79338383],[132.90781599,42.79113465],[132.91063145,42.79057593],[132.90639641,42.78631049],[132.90352497,42.78754764],[132.90168596,42.78671893],[132.90162144,42.78565343],[132.90349271,42.78280608],[132.89868547,42.78131427],[132.89397503,42.77811151],[132.88997438,42.77827728],[132.88752237,42.77695114],[132.88697389,42.77545919],[132.88736105,42.77146865],[132.88961948,42.76829499],[132.89236186,42.76513892],[132.89326524,42.76175175],[132.88884516,42.76267554],[132.88732879,42.76187018],[132.88790953,42.75907504],[132.88539299,42.76009362],[132.87968238,42.76395462],[132.87810148,42.76357563],[132.87635926,42.76240906],[132.87806921,42.75819265],[132.87632699,42.75764781],[132.87468157,42.75686015],[132.87542362,42.75411216],[132.87203597,42.75508345],[132.87103581,42.75379826],[132.87281029,42.75057631],[132.87458478,42.74806496],[132.87097128,42.74666709],[132.86929359,42.74543505],[132.86809985,42.74258585],[132.86855154,42.74113454],[132.87235861,42.73973652],[132.87187466,42.73883608],[132.86687384,42.73845694],[132.8637443,42.73736691],[132.85958233,42.73404931],[132.85819501,42.73525789],[132.85229082,42.73637165],[132.85448473,42.73776975],[132.85445247,42.73904934],[132.85216177,42.74016304],[132.85177461,42.74186909],[132.85296835,42.7426747],[132.85335551,42.74377056],[132.85135519,42.7451448],[132.85190366,42.74758519],[132.85012918,42.74846181],[132.84841923,42.74827227],[132.84593495,42.74532843],[132.84293446,42.7422482],[132.83919192,42.74376464],[132.83870797,42.74016304],[132.83415884,42.73978983],[132.8361269,42.74455246],[132.83651406,42.74670856],[132.83567522,42.74806496],[132.82838371,42.7506],[132.82422174,42.74953388],[132.82105993,42.75128705],[132.82264084,42.75351398],[132.82535095,42.75429576],[132.82599622,42.75558093],[132.82447984,42.75693122],[132.82447446,42.75994842],[132.81982025,42.76209403],[132.81062007,42.75796168],[132.8072835,42.76116549],[132.80390935,42.76789476],[132.80574939,42.76932499],[132.80358464,42.77297987],[132.80542468,42.77814402],[132.81365072,42.78052733],[132.80758943,42.78950362],[132.81289306,42.79109221],[132.81148597,42.79395157],[132.80694,42.79299847],[132.80802238,42.80308475],[132.80704824,42.80681705],[132.80076631,42.80957547],[132.8017446,42.81388398],[132.79405975,42.82055316],[132.78745726,42.82222034],[132.78323601,42.82150584],[132.77241226,42.82547518],[132.77695823,42.83158747],[132.77605261,42.83671774],[132.7733864,42.84000081],[132.76451093,42.84095319],[132.76314728,42.84303424],[132.77013928,42.8442864],[132.77414406,42.84682588],[132.77706647,42.85063489],[132.77436054,42.85880761],[132.77284521,42.86761388],[132.77674176,42.87126297],[132.77479349,42.87602231],[132.78139597,42.88244685],[132.78485957,42.89053605],[132.77879827,42.89727625],[132.77749942,42.90338143],[132.76494388,42.90956529],[132.75863041,42.91021644],[132.75624293,42.90610462],[132.75379092,42.90922396],[132.7424305,42.91091297],[132.7311738,42.90916891],[132.7213242,42.90116143],[132.71666999,42.9019543],[132.72370542,42.89664191],[132.72500427,42.89251854],[132.72749373,42.89132905],[132.73355503,42.893708],[132.7355033,42.88728464],[132.73333855,42.88490544],[132.73041614,42.88815698],[132.71234049,42.88942583],[132.70822747,42.88799838],[132.70790276,42.88506406],[132.71417156,42.87987943],[132.71493819,42.87546707],[132.69720106,42.87321203],[132.68965144,42.87425238],[132.68300815,42.87332539],[132.67867865,42.86801053],[132.68030221,42.86634459],[132.69210345,42.86680403],[132.69371662,42.86477036],[132.70184146,42.86348858],[132.69784632,42.85549974],[132.69285776,42.85365019],[132.66590664,42.85936299],[132.65497466,42.86039442],[132.63919161,42.85942573],[132.62932239,42.86047375],[132.62077163,42.85991838],[132.60843257,42.85579255],[132.60193832,42.85023813],[132.59988181,42.84412768],[132.5940875,42.84465466],[132.58763483,42.83959218],[132.58094026,42.84436576],[132.5732554,42.84063573],[132.56903414,42.85357084],[132.57076594,42.86126714],[132.56676116,42.86237787],[132.56232342,42.86245721],[132.5596948,42.85901186],[132.55344795,42.856586],[132.53775353,42.8530154],[132.53001255,42.8532883],[132.53158399,42.86301256],[132.52519799,42.86808986],[132.52747097,42.87348404],[132.51253421,42.87237351],[132.51610604,42.88419167],[132.5220591,42.90100286],[132.52195086,42.90409499],[132.5104777,42.91012022],[132.48785607,42.91669974],[132.4807124,42.91717534],[132.46664154,42.91685827],[132.46534269,42.92066297],[132.46068848,42.92224819],[132.4532201,42.92201041],[132.45018945,42.92732061],[132.44488582,42.93191714],[132.43839157,42.93619636],[132.43287146,42.92985667],[132.43330441,42.92248596],[132.42551132,42.93017367],[132.415337,42.94071298],[132.41154869,42.94507082],[132.40527092,42.94919067],[132.39693664,42.94618004],[132.39477189,42.93928672],[132.40332265,42.92050444],[132.39488013,42.91883991],[132.37680448,42.9147973],[132.36403246,42.91035805],[132.35688879,42.90417427],[132.35190987,42.90861397],[132.34671447,42.91321189],[132.3421685,42.91368752],[132.34086965,42.91067515],[132.34108613,42.90472925],[132.36349127,42.88926723],[132.37114798,42.88912275],[132.37431502,42.88379512],[132.3650066,42.88006747],[132.36230066,42.87760868],[132.35851235,42.86935912],[132.35927002,42.86689991],[132.3684702,42.86285389],[132.36295009,42.86071177],[132.35710527,42.85174581],[132.34611164,42.84731584],[132.34682271,42.85269801],[132.34346735,42.8597597],[132.32546312,42.85897638],[132.31901046,42.8508166],[132.31642939,42.85715531],[132.31803156,42.86729656],[132.30881525,42.86853024],[132.29941472,42.87570503],[132.29255454,42.87987943],[132.30190418,42.88530198],[132.30796548,42.89109115],[132.30612544,42.89505603],[132.29844058,42.89791058],[132.29973943,42.91099225],[132.29540994,42.92795464],[132.29627583,42.94752692],[132.29203832,42.95237037],[132.29800763,42.96455845],[132.30525954,42.97105296],[132.31056317,42.98000159],[132.31316087,42.99330333],[132.30662134,42.99549835],[132.2990072,42.99464883],[132.30236258,43.00106714],[132.31283616,43.0073937],[132.32355167,43.01522908],[132.31987159,43.02037298],[132.3128159,43.01696844],[132.30980551,43.02084778],[132.30558892,43.02347876],[132.30610513,43.03423344],[132.31673271,43.0427637],[132.31878922,43.05012],[132.30623418,43.05602003],[132.30547602,43.06237854],[132.30855714,43.0720485],[132.33275185,43.09036626],[132.31759191,43.11749595],[132.32610838,43.13527293],[132.32765702,43.15448172],[132.31397738,43.16596644],[132.32002782,43.16992748],[132.36792164,43.17791956],[132.39037691,43.19523331],[132.37953644,43.21273026],[132.35579064,43.21385893],[132.3188814,43.21216593],[132.30541236,43.23041217],[132.31681655,43.24817913],[132.33101241,43.26021012],[132.35166093,43.27618512],[132.34804744,43.29328312],[132.32843134,43.30962506],[132.30158826,43.31262999],[132.2990072,43.28914998],[132.28429513,43.28013124],[132.25487098,43.25189207],[132.23060897,43.22970504],[132.2120253,43.22105367],[132.17047014,43.20581675],[132.13611654,43.1947945],[132.10826647,43.18276602],[132.06696942,43.15057454],[132.03563521,43.11871838],[131.9317216,43.06544905],[131.91365414,43.06582618],[131.90087787,43.05279025],[131.90268461,43.03260621],[131.91649331,43.0308846],[131.91378319,43.01777047],[131.92862432,43.02531851],[131.93572225,43.02512982],[131.93869047,43.01852532],[131.92965674,43.00729603],[131.93454491,42.99368173],[131.89971639,42.96266529],[131.88281041,42.95952505],[131.87403479,42.944034],[131.86758212,42.96226391],[131.8292533,42.957825],[131.8135088,42.96559289],[131.79634472,42.96162643],[131.79415081,42.96464852],[131.80589466,42.974186],[131.79298933,42.97956789],[131.77582525,42.97777398],[131.76369424,42.97553152],[131.74394909,42.98629459],[131.75065986,42.98922106],[131.74936933,42.99679621],[131.7563382,43.00510184],[131.77285702,43.00047725],[131.7720827,43.01095285],[131.77918063,43.02760633],[131.79376365,43.03543615],[131.78989205,43.04300559],[131.78924679,43.05224801],[131.80178776,43.06246119],[131.8273175,43.06886671],[131.84035188,43.08199348],[131.85441869,43.0956593],[131.85842269,43.10515912],[131.88732727,43.139134],[131.90500757,43.15780027],[131.89700627,43.16834313],[131.89700627,43.17337859],[131.9079758,43.18758858],[131.91675142,43.19419839],[131.92165544,43.20351207],[131.93843237,43.21414109],[131.96411397,43.22500336],[131.97508349,43.2689734],[131.98979557,43.27940311],[131.99211853,43.28626131],[131.9850206,43.29631234],[131.9695342,43.30525825],[131.94475598,43.31540004],[131.91055686,43.31924972],[131.87855165,43.32018863],[131.86706591,43.31615122],[131.86835644,43.3095781],[131.84293295,43.30488259],[131.84215863,43.30178335],[131.82783372,43.29689938],[131.81815472,43.30093808],[131.82151011,43.32262973],[131.81260543,43.32772286],[131.80653993,43.33354305],[131.79905484,43.33617134],[131.80266833,43.32715958],[131.80266833,43.32143266],[131.79737714,43.31568173],[131.77667043,43.31622003],[131.77027596,43.31427326],[131.77221176,43.30072676],[131.75698347,43.29159232],[131.75866116,43.27994333],[131.7602098,43.25616873],[131.76304897,43.24648708],[131.75491862,43.22843562],[131.74046465,43.21893766],[131.72910797,43.21933735],[131.72420394,43.21047288],[131.71065335,43.21169564],[131.70097435,43.2101907],[131.69516696,43.20341799],[131.70252299,43.19880837],[131.71542832,43.20040766],[131.73917412,43.19993729],[131.76201655,43.19730311],[131.77027596,43.19125817],[131.77853537,43.17940177],[131.75904832,43.17591969],[131.74988554,43.17300212],[131.74601394,43.16321313],[131.72962418,43.16198939],[131.72755933,43.16688419],[131.71710601,43.17335506],[131.70639459,43.19022318],[131.69361832,43.20123082],[131.67645423,43.19643286],[131.6770995,43.18118979],[131.67426033,43.17422564],[131.66806577,43.16980205],[131.64457807,43.16914319],[131.63335044,43.1676372],[131.64019026,43.15558792],[131.66406512,43.16180113],[131.67374411,43.17036678],[131.68626228,43.17686081],[131.69581222,43.18521263],[131.69748991,43.17664906],[131.69465074,43.16676653],[131.68535891,43.15252816],[131.67103399,43.1381923],[131.6555476,43.12206338],[131.64870778,43.10830924],[131.63812541,43.10366888],[131.62263902,43.09518811],[131.61321813,43.08227625],[131.61334718,43.07907143],[131.60663641,43.07188352],[131.60211955,43.0631155],[131.5923115,43.05932035],[131.58702032,43.05253092],[131.57566363,43.04941885],[131.56314546,43.04201525],[131.55591848,43.03060159],[131.55759617,43.02314855],[131.5707596,43.01201447],[131.57514742,43.00323789],[131.57037621,43.00002869],[131.53720576,42.98997626],[131.54340031,43.00375697],[131.5351409,43.00998559],[131.52236463,43.01168419],[131.51100794,43.00932501],[131.49474723,43.00253004],[131.48455202,42.99025946],[131.48816421,42.9835475],[131.48971415,42.97246275],[131.50016747,42.96235836],[131.50739445,42.95062289],[131.48984321,42.94032596],[131.48429392,42.94429379],[131.47345344,42.94637208],[131.46054811,42.94042043],[131.45461166,42.93352337],[131.45345018,42.9273815],[131.43254355,42.92747599],[131.43422125,42.93238953],[131.426349,42.93371234],[131.41912201,42.94098728],[131.41318556,42.94221543],[131.40389373,42.95307879],[131.39602148,42.95364552],[131.37756686,42.94523847],[131.37446958,42.93645235],[131.37743781,42.93012179],[131.38401953,42.93068873],[131.37808308,42.92123901],[131.37859929,42.91268576],[131.38672964,42.91164606],[131.39111746,42.90155531],[131.39808633,42.91025188],[131.40828154,42.9079597],[131.40777915,42.90140982],[131.39344041,42.88125065],[131.38414858,42.87217166],[131.38376142,42.8681046],[131.38814923,42.86715873],[131.39860254,42.86971254],[131.42118687,42.87538729],[131.42802669,42.86848294],[131.45280492,42.87094211],[131.4282848,42.86157782],[131.38750396,42.84492669],[131.36350006,42.83016398],[131.33896467,42.79403132],[131.31034271,42.79447819],[131.26345142,42.77034277],[131.24335516,42.72696479],[131.14165587,42.63250166],[131.11059801,42.67370703],[130.88349511,42.65329202],[130.74320776,42.58129821],[130.71367359,42.38799896],[130.67260482,42.36807286],[130.6532696,42.40619591],[130.63926041,42.41721637],[130.63586695,42.42661935],[130.59465366,42.44505817],[130.59386677,42.48329778],[130.56050882,42.5199736],[130.62082349,42.58250032],[130.58288802,42.67145755],[130.52093585,42.70114856],[130.39457525,42.72541243],[130.55969007,42.8141653],[130.77529454,42.84038614],[131.03593032,42.86139481],[131.13527212,42.93416955],[131.11616793,43.06371139],[131.16174508,43.06849661],[131.30966612,43.39261814],[131.29547443,43.50020956],[131.19422221,43.52910572],[131.23625143,43.97188759],[131.29629318,44.06059995],[131.10634292,44.70619588],[131.05339701,44.78489354],[130.95460104,44.84723274],[131.09542623,44.89558626],[131.8805068,45.26132285],[132.98346206,45.02721314],[133.45850618,45.76163285],[133.88675175,46.52132788],[134.18947707,47.18028994],[134.78016061,47.67231679],[134.72478403,48.42992111],[134.4935492,48.42100217],[134.03028313,48.34009848],[132.67174394,47.94445421],[132.54302196,47.71278213],[130.99156392,47.68789877],[130.75360733,48.37384982],[130.67065433,48.87624894],[130.22413021,48.86377718],[129.54957706,49.33478179],[130.30269562,49.47354124],[129.89191296,51.75176992],[126.63929755,54.01195338],[123.77130926,54.11729128],[123.732735,54.12541051],[123.57373534,54.13546424],[123.19346591,54.39768909],[118.54113135,55.02698303],[119.66259387,57.00055443],[120.08337474,57.4708192],[121.09329773,57.33196005]]]]}},{"type":"Feature","properties":{"rw":"АЗР","name_supermap":"Азербайджанская ЖД","name_eng":"Azerbaijan","label_lon":47.70893482421583,"label_lat":40.144769365},"geometry":{"type":"MultiPolygon","coordinates":[[[[46.55285707,41.11262299],[46.63087001,41.09828571],[46.72600774,41.28478347],[46.65489229,41.36908742],[46.44130807,41.45132134],[46.30074207,41.54662498],[46.34307836,41.57545561],[46.29313105,41.61423209],[46.20251236,41.61974428],[46.18158206,41.74195816],[46.3014556,41.77495867],[46.41609657,41.88660851],[46.51694257,41.89085799],[46.58449036,41.80510559],[46.75764104,41.86252281],[46.90795866,41.73130921],[47.04115149,41.5564146],[47.11017094,41.59022744],[47.27125101,41.32713327],[47.55327494,41.20283666],[47.89073145,41.21909112],[48.070185,41.49010547],[48.32562982,41.56755961],[48.60479961,41.83353267],[48.93401067,41.40963005],[49.26296327,41.00664422],[49.64748218,40.60919425],[49.80085931,40.56400444],[50.05264727,40.58757975],[50.10651901,40.52659207],[50.19321327,40.50462291],[50.33699017,40.40254834],[50.35482849,40.31256185],[50.127925,40.36966691],[49.99271049,40.34057656],[49.85214449,40.36993872],[49.82074904,40.31065752],[49.66626914,40.24969047],[49.47361523,40.17231395],[49.48503176,40.11722478],[49.41760289,40.07901796],[49.47411527,39.99557994],[49.32078538,39.64623782],[49.27083807,39.52030634],[49.27012454,39.48066489],[49.31222299,39.36767307],[49.2173231,39.34725991],[49.0617729,39.23018307],[48.99398727,39.32352902],[48.86483779,39.19756556],[48.9254881,39.10626667],[48.8530645,38.96659987],[48.80989575,38.91332088],[48.81274988,38.86750226],[48.83058821,38.81136894],[48.84182635,38.78481525],[48.85538348,38.76312008],[48.86769192,38.75087887],[48.86626486,38.74002695],[48.87001091,38.69924795],[48.87197312,38.6847679],[48.87250827,38.66861361],[48.8742921,38.62863002],[48.87255287,38.58698576],[48.87728002,38.5343296],[48.87674487,38.48114612],[48.88191799,38.44203611],[48.83660864,38.4519553],[48.76810947,38.44008006],[48.739033,38.41115217],[48.66072276,38.39269936],[48.60863485,38.41185105],[48.58883431,38.45600641],[48.5239028,38.51507083],[48.46699854,38.56181326],[48.45112244,38.61493713],[48.33767069,38.59904592],[48.29557224,38.64643035],[48.25204673,38.66091816],[48.24656144,38.72513766],[48.03999364,38.81498282],[48.00895495,38.90610294],[48.07674059,38.91498645],[48.08494622,38.94412767],[48.20374946,38.95189665],[48.29008696,38.97713992],[48.33147187,39.01734413],[48.32505007,39.06666704],[48.3023508,39.11218393],[48.2288569,39.1326656],[48.13823821,39.21867883],[48.13003258,39.27255628],[48.36656877,39.37660195],[48.03049473,39.69439825],[47.98360543,39.70800331],[47.91918358,39.66282143],[47.82678106,39.66117355],[47.53334168,39.49856573],[47.39223946,39.46369337],[47.31446436,39.36805231],[47.21632384,39.32078826],[47.15987545,39.31085161],[47.06442059,39.24555366],[47.03350083,39.17822823],[46.95310944,39.13863829],[46.92583662,39.16470622],[46.84370105,39.13888426],[46.79692499,39.09028872],[46.73460978,39.0167782],[46.69687181,39.0193653],[46.63915492,38.94417777],[46.53402772,38.86742896],[46.53751611,38.89791632],[46.50659634,38.94701416],[46.52292832,38.97031757],[46.51785431,38.99459921],[46.54639563,39.00100719],[46.53593048,39.02675648],[46.55368952,39.05803724],[46.5153173,39.0630852],[46.53577191,39.07921163],[46.53022221,39.09558049],[46.50199802,39.10444025],[46.4956555,39.15093569],[46.44063418,39.15474745],[46.43191322,39.18965844],[46.46156448,39.19924364],[46.49882676,39.18240723],[46.51357311,39.2072303],[46.53783323,39.15978848],[46.57287563,39.21533891],[46.63487372,39.23081638],[46.60109983,39.23486944],[46.55353096,39.2539034],[46.51975706,39.29858221],[46.53767467,39.30802984],[46.5029494,39.34396827],[46.4721882,39.33084614],[46.41573981,39.3610111],[46.38624711,39.39655469],[46.39576088,39.45632513],[46.45189215,39.4467751],[46.48011634,39.48031686],[46.54068736,39.47101492],[46.49914389,39.51628893],[46.54385862,39.54490646],[46.58889048,39.52852009],[46.56542317,39.57106773],[46.48677598,39.58719966],[46.43508448,39.56911209],[46.35834004,39.6377709],[46.18582362,39.58939918],[45.98000898,39.7856076],[45.82778861,39.82373506],[45.80638262,39.91956924],[45.69935267,39.96843868],[45.61039889,39.97062604],[45.60802044,40.02638026],[45.85300011,39.99577574],[45.98000898,40.21698424],[45.93065629,40.29621457],[45.75940836,40.34173226],[45.60695014,40.4105851],[45.45187564,40.49709478],[45.45853528,40.57879643],[45.36292186,40.65336148],[45.4050203,40.73072711],[45.54558631,40.77468985],[45.60790152,40.85002547],[45.59244164,40.89049313],[45.5627111,40.879884],[45.45472977,40.9695584],[45.42095587,40.95932119],[45.41500977,41.02466835],[45.31820712,41.00044001],[45.28776305,41.03812469],[45.25945957,41.01156821],[45.1785925,41.04709406],[45.14172663,41.09066777],[45.06609213,41.0537306],[45.0734653,41.0987338],[45.20475537,41.13994474],[45.12745597,41.2006389],[45.07536806,41.19151151],[45.04349691,41.20439686],[45.01352853,41.29666764],[45.09415776,41.33918272],[45.16408399,41.40593609],[45.30916904,41.47315558],[45.42880474,41.43019306],[45.46043803,41.45622354],[45.57745745,41.37685146],[45.71564501,41.36060837],[45.74085651,41.25841612],[45.95206228,41.17826559],[46.26554111,41.19007965],[46.43369705,41.10509631],[46.49363383,41.05543447],[46.55285707,41.11262299]]]]}},{"type":"Feature","properties":{"rw":"ЛИТ","name_supermap":"Литва","name_eng":null,"label_lon":24.103600051427165,"label_lat":55.17751407},"geometry":{"type":"MultiPolygon","coordinates":[[[[25.74510989,54.64171562],[25.75749221,54.57305476],[25.6825104,54.53621976],[25.61463695,54.46191679],[25.63229322,54.42338059],[25.59273859,54.37525952],[25.53185887,54.34165479],[25.55238141,54.31504549],[25.61866631,54.30989489],[25.68887062,54.32051207],[25.7010047,54.27566534],[25.78680997,54.23524462],[25.75015454,54.22197837],[25.77973452,54.19374895],[25.78558172,54.15496073],[25.70447158,54.17060742],[25.63894298,54.12782764],[25.51899352,54.15910578],[25.51615167,54.18623573],[25.55524769,54.19542582],[25.58941371,54.23243379],[25.56521858,54.27397842],[25.5094596,54.31191742],[25.48548035,54.3077037],[25.47889007,54.29470919],[25.43325893,54.29544522],[25.34612411,54.26391806],[25.21564156,54.25946805],[25.19512862,54.21306237],[25.06772137,54.13135336],[24.95757157,54.17160788],[24.81299655,54.14502295],[24.83076747,54.13226149],[24.77229541,54.11553131],[24.80095819,54.0881034],[24.82285654,54.04362898],[24.87415392,54.03034031],[24.82285654,54.01298729],[24.80898376,53.99459143],[24.79373517,54.00005039],[24.68458733,53.96222735],[24.69364477,53.99081692],[24.70533918,54.01002294],[24.69788686,54.0170966],[24.67300757,54.01696188],[24.64572061,54.0059803],[24.62307702,54.01076404],[24.60112134,53.99893844],[24.60307041,53.99354673],[24.56718462,53.98518821],[24.5074514,53.9603724],[24.50659152,53.94799269],[24.48394793,53.9340569],[24.47454654,53.93169444],[24.4701898,53.92487631],[24.45906864,53.91900237],[24.45797946,53.91197957],[24.44823412,53.90458409],[24.38947543,53.90360468],[24.35181255,53.89678196],[24.3227485,53.90755595],[24.30738526,53.92734042],[24.28674806,53.92204072],[24.25046099,53.95288429],[24.22472182,53.94772279],[24.20150498,53.9699161],[24.1142555,53.95818008],[24.10336365,53.9402999],[23.98298,53.92382986],[23.96085234,53.9543348],[23.91338679,53.96978122],[23.71160088,53.93739786],[23.57172655,53.9433367],[23.51508892,53.95534675],[23.5353606,54.05646456],[23.47873491,54.16418043],[23.35739412,54.24731591],[23.16324887,54.31343425],[23.00839491,54.38752238],[22.79044946,54.36341202],[22.70469045,54.4536271],[22.68451185,54.5888436],[22.75300145,54.64109915],[22.87127848,54.85120332],[22.61691046,55.07592315],[22.00108814,55.05516785],[21.49118496,55.18476471],[21.25236264,55.37169933],[21.24231583,55.53131111],[21.07617281,55.74590488],[21.06254292,56.07055057],[21.48079009,56.28599277],[22.11549851,56.42725931],[22.41722195,56.41322385],[22.84341826,56.36549842],[22.96082098,56.41288558],[23.09840228,56.30516386],[23.30997175,56.38310625],[24.06932446,56.3235144],[24.12506455,56.25050938],[24.34274875,56.29498572],[24.50173159,56.27597926],[24.89796575,56.45041494],[25.08935663,56.19101372],[25.70393991,56.15513587],[26.38426078,55.70254973],[26.41524184,55.70791508],[26.46647458,55.70066034],[26.52893887,55.67608279],[26.62341134,55.67461661],[26.63070355,55.68063334],[26.62313658,55.56527357],[26.52373855,55.5139824],[26.55595104,55.46335634],[26.55407375,55.39012121],[26.50367015,55.36984137],[26.43969484,55.34755258],[26.56397662,55.31931513],[26.66945562,55.33770763],[26.81448924,55.31566171],[26.82618365,55.2771498],[26.7313672,55.24513691],[26.72918883,55.21538756],[26.67484422,55.19746183],[26.69422025,55.16689098],[26.67805445,55.17026343],[26.61800594,55.14673216],[26.59249608,55.15410253],[26.59028904,55.15415166],[26.57435254,55.14886152],[26.56211354,55.15051578],[26.53941262,55.14360344],[26.51658811,55.16104078],[26.46179384,55.12905411],[26.39667202,55.13416664],[26.35620018,55.15043389],[26.22790562,55.10684306],[26.28040694,55.07727555],[26.07851525,54.95445968],[25.85710482,54.92657079],[25.73456199,54.80222323],[25.74510989,54.64171562]]]]}},{"type":"Feature","properties":{"rw":"ЭСТ","name_supermap":"Эстония","name_eng":"Estonia","label_lon":25.48946447417473,"label_lat":58.597658554999995},"geometry":{"type":"MultiPolygon","coordinates":[[[[24.79695814,59.44281127],[24.84121346,59.48661576],[24.81071627,59.50605327],[24.96893477,59.49080682],[25.0562989,59.49907102],[25.15054209,59.47648519],[25.2360718,59.50605327],[25.42226517,59.48789642],[25.44404887,59.49301857],[25.55090369,59.52152544],[25.56122228,59.59495038],[25.66624268,59.56267242],[25.73251101,59.58357536],[25.82904722,59.5620916],[25.89095881,59.58113735],[25.96685783,59.58044074],[26.04138104,59.62105196],[26.10191681,59.58380754],[26.26472136,59.58438799],[26.32869666,59.55477238],[26.416978,59.547684],[26.50869887,59.51175437],[26.56671232,59.5209439],[26.61142624,59.54907856],[26.68778387,59.53582797],[26.80862611,59.48219129],[26.89507303,59.44712434],[26.94253858,59.43616574],[27.04664177,59.43255096],[27.21609608,59.4421118],[27.38348667,59.44572557],[27.47406102,59.43255096],[27.60407536,59.41388787],[27.70703203,59.41388787],[27.72881574,59.41808796],[27.7668799,59.39766596],[27.81021801,59.39451404],[27.92349329,59.40315193],[27.99113743,59.43045187],[28.0352781,59.4630313],[28.08449883,59.46222467],[28.13844348,59.42457715],[28.19599368,59.40086735],[28.20556227,59.37459784],[28.21242669,59.37090647],[28.20466088,59.36747968],[27.89291907,59.24402616],[27.74926851,58.96507541],[27.34966459,58.78757695],[27.60464861,58.11525691],[27.62092907,58.00510998],[27.70049692,58.002437],[27.65853462,57.95562763],[27.70490821,57.89596854],[27.82129763,57.89549272],[27.80484643,57.84460321],[27.74351816,57.82589589],[27.70496416,57.84099953],[27.68778553,57.83444646],[27.65695353,57.83882523],[27.63548976,57.84077758],[27.52097934,57.82643222],[27.34805948,57.52407494],[26.91502232,57.6326917],[26.56281418,57.51293063],[26.27893809,57.59388016],[26.19742117,57.72305006],[26.02223431,57.76991809],[26.02796686,57.78776825],[26.05617103,57.84809993],[25.7733474,57.93211239],[25.52721876,57.95265768],[25.2944292,58.08041784],[25.31906896,57.9813969],[25.19032602,58.0823576],[24.81279442,58.00405974],[24.46297952,57.92465123],[24.36300377,57.87396031],[24.48361672,58.12476358],[24.471693,58.21425602],[24.58909572,58.29918591],[24.5877199,58.34879486],[24.4395907,58.38968188],[24.30888846,58.38391246],[24.14333229,58.25264444],[23.91311291,58.33025986],[23.71866466,58.39304693],[23.68931398,58.52666771],[23.61318566,58.53839821],[23.5012862,58.6569189],[23.5746629,58.70673989],[23.80488228,58.74816336],[23.76885295,58.78880236],[23.55998756,58.78098141],[23.48951834,58.86591633],[23.51825456,58.94034854],[23.67001147,58.96576053],[23.61983542,59.00771591],[23.47583366,58.98054843],[23.42951462,59.06292968],[23.54141408,59.08967878],[23.54681774,59.10800011],[23.48959179,59.2015158],[23.57374569,59.21501497],[23.71018048,59.22933],[23.73586232,59.23906548],[23.77713672,59.2724734],[23.96355938,59.27235624],[24.02753469,59.28653009],[24.09426162,59.27001288],[24.12063137,59.30502923],[24.10114069,59.32866537],[24.08185097,59.33633413],[24.06591457,59.34016938],[24.05445469,59.34710824],[24.03708581,59.37375491],[24.04138326,59.38734394],[24.06519833,59.38241969],[24.11891009,59.37247125],[24.16188465,59.35458677],[24.20180434,59.34071114],[24.22492043,59.33962151],[24.25160046,59.35760514],[24.22198293,59.39083643],[24.35259067,59.424162],[24.35818843,59.46652633],[24.44211302,59.46990452],[24.4923302,59.44799854],[24.54323528,59.43610744],[24.59024223,59.44858133],[24.67072729,59.42946059],[24.68635972,59.44920091],[24.66961755,59.45466148],[24.65779955,59.46321461],[24.71402459,59.46544353],[24.70149035,59.45475249],[24.71259211,59.45725495],[24.74437537,59.44556004],[24.79695814,59.44281127]]]]}},{"type":"Feature","properties":{"rw":"КЛГ","name_supermap":"Калининградская ЖД","name_eng":"Kaliningrad RW RU","label_lon":21.405643314527417,"label_lat":54.80808975},"geometry":{"type":"MultiPolygon","coordinates":[[[[20.85475025,54.90099638],[21.06437711,54.87519828],[21.22018086,54.91158239],[21.26456132,54.95389862],[21.22018086,55.07084981],[21.21168247,55.18530382],[21.29572207,55.18530382],[21.32499429,55.25532569],[21.49118496,55.18476471],[21.7569956,55.11569872],[22.00108814,55.05516785],[22.61691046,55.07592315],[22.87127848,54.85120332],[22.75300145,54.64109915],[22.68451185,54.5888436],[22.70469045,54.4536271],[22.79044946,54.36341202],[22.37862275,54.34470361],[21.96404442,54.33320707],[21.44765593,54.32117237],[21.25320768,54.330533],[20.95282183,54.35619692],[20.69783782,54.37116015],[20.34012642,54.39946848],[19.93059274,54.43202559],[19.80699887,54.44269443],[19.87135711,54.47873246],[19.92494416,54.4857268],[19.95374425,54.50272767],[19.97026889,54.53355796],[19.99623618,54.57148152],[20.05784948,54.54670513],[20.10222994,54.5573841],[20.15251206,54.5809227],[20.20161385,54.60308034],[20.24835497,54.61019012],[20.30713548,54.63274177],[20.35482087,54.64592527],[20.3948341,54.6585583],[20.41029645,54.66654581],[20.41962106,54.68237964],[20.3983751,54.69670666],[20.34644051,54.69629739],[20.21495159,54.69957146],[20.17623672,54.6935688],[20.10400044,54.67091438],[20.05725931,54.72139185],[20.0237379,54.72848095],[19.99895094,54.7273904],[19.98130499,54.72633391],[19.97339677,54.72398225],[19.96767216,54.71934669],[19.96365903,54.71324468],[19.95846557,54.70871018],[19.95232785,54.70605062],[19.94701636,54.70192454],[19.94500979,54.6975593],[19.94642619,54.689305],[19.93940322,54.67183581],[19.93739666,54.65500779],[19.89726539,54.63875343],[19.87967845,54.64616431],[19.89213095,54.65722689],[19.90588181,54.67292786],[19.92022283,54.68742879],[19.94500979,54.72507289],[19.96082624,54.75144385],[19.96613773,54.7840601],[19.96241968,54.8321194],[19.93550813,54.89217257],[19.97752793,54.94535759],[20.04598715,54.94047618],[20.10582995,54.94332374],[20.14242023,54.94434068],[20.1786564,54.94942497],[20.20722042,54.95738908],[20.21058437,54.95410196],[20.22527949,54.95386474],[20.24581726,54.95555917],[20.26771241,54.96152302],[20.28093212,54.95291582],[20.294742,54.9440017],[20.30825679,54.94003547],[20.32436832,54.93949305],[20.34585035,54.9364757],[20.36951599,54.93688254],[20.39182426,54.93942524],[20.40846693,54.94356103],[20.42711617,54.94806922],[20.44889328,54.95274637],[20.4720868,54.96030321],[20.48979177,54.96447073],[20.52402138,54.94793365],[20.5757199,54.93057595],[20.68147759,54.92989776],[20.85475025,54.90099638]]]]}},{"type":"Feature","properties":{"rw":"ЛАТ","name_supermap":"Латвия","name_eng":"Latvia","label_lon":24.433557071091176,"label_lat":56.872467475},"geometry":{"type":"MultiPolygon","coordinates":[[[[24.38249845,57.48202136],[24.38164974,57.51645095],[24.38843942,57.6156814],[24.36382683,57.69015369],[24.35406666,57.75428599],[24.36300377,57.87396031],[24.46297952,57.92465123],[24.81279442,58.00405974],[25.19032602,58.0823576],[25.31906896,57.9813969],[25.2944292,58.08041784],[25.52721876,57.95265768],[25.7733474,57.93211239],[26.05617103,57.84809993],[26.02796686,57.78776825],[26.02223431,57.76991809],[26.19742117,57.72305006],[26.27893809,57.59388016],[26.56281418,57.51293063],[26.91502232,57.6326917],[27.34805948,57.52407494],[27.88533228,57.29201362],[27.65885413,56.83528953],[27.86639343,56.87979575],[27.90441249,56.82133988],[27.9811954,56.8418823],[27.90021912,56.75269181],[28.01220769,56.6729573],[28.05067402,56.58734094],[28.14281432,56.57132784],[28.09584961,56.51337774],[28.12581757,56.49511125],[28.1933573,56.44495665],[28.17217149,56.38862819],[28.24244943,56.2791702],[28.18772264,56.21937909],[28.17427025,56.20365143],[28.17931489,56.17906938],[28.13972205,56.17260228],[28.12437791,56.16901725],[28.09273421,56.13772712],[28.04962541,56.13210497],[28.04439859,56.11684383],[27.99046545,56.12545955],[27.95033756,56.10257519],[27.93566223,56.07417456],[27.84118973,56.03947693],[27.78568271,55.97427891],[27.75199118,55.97922617],[27.65321927,55.92967334],[27.62512976,55.89265995],[27.63946114,55.84827447],[27.61927249,55.78613356],[27.59023737,55.78199093],[27.43045221,55.79468709],[27.36452783,55.81498426],[27.34870598,55.80190508],[27.2870237,55.78534039],[27.24941814,55.79417147],[27.22981281,55.8126007],[27.17168471,55.83810369],[27.11458846,55.84956172],[27.09830801,55.82883181],[27.03416073,55.8234866],[27.01272097,55.82941137],[26.94691125,55.78804794],[26.9203122,55.78817687],[26.87124153,55.7144905],[26.7785542,55.67559407],[26.65225795,55.70725632],[26.63070355,55.68063334],[26.62341134,55.67461661],[26.52893887,55.67608279],[26.46647458,55.70066034],[26.41524184,55.70791508],[26.38426078,55.70254973],[25.70393991,56.15513587],[25.08935663,56.19101372],[24.89796575,56.45041494],[24.50173159,56.27597926],[24.34274875,56.29498572],[24.12506455,56.25050938],[24.06932446,56.3235144],[23.30997175,56.38310625],[23.09840228,56.30516386],[22.96082098,56.41288558],[22.84341826,56.36549842],[22.41722195,56.41322385],[22.11549851,56.42725931],[21.48079009,56.28599277],[21.06254292,56.07055057],[20.97228629,56.36039423],[20.99877514,56.43047124],[21.00036447,56.46355899],[20.99604529,56.52097782],[21.06942199,56.83789318],[21.17974586,56.8651392],[21.41908208,57.03916472],[21.41475106,57.26788518],[21.57174972,57.40237538],[21.67065229,57.51009783],[22.36614227,57.70381372],[22.71443579,57.53866206],[22.92401798,57.423777],[23.09828763,57.33403444],[23.26246799,57.07869391],[23.35694048,57.04490579],[23.47709482,57.03529987],[23.53946501,56.98261028],[23.60635316,56.9635202],[23.69292158,56.96236345],[23.77779258,56.97311986],[23.88006213,56.99358316],[23.97681507,57.02570055],[24.03240558,57.06551992],[24.08608648,57.07578523],[24.1641678,57.10230043],[24.23121589,57.13605103],[24.26622518,57.16114244],[24.31184334,57.18023734],[24.34939876,57.20116138],[24.38122538,57.22574921],[24.39904829,57.24458113],[24.41050588,57.26500978],[24.41283983,57.28531243],[24.40498926,57.32221849],[24.40117007,57.39820604],[24.38249845,57.48202136]]]]}},{"type":"Feature","properties":{"rw":"КЗХ","name_supermap":"Казахстанская ЖД","name_eng":"Kazakhstan","label_lon":66.88249338622009,"label_lat":47.71152228},"geometry":{"type":"MultiPolygon","coordinates":[[[[58.58093249,45.58914641],[55.99889439,45.00200239],[55.99889439,41.3216073],[55.4750026,41.26060822],[54.95491632,41.8283434],[54.95269644,41.91618852],[54.22077014,42.37890756],[53.57890756,42.29357832],[52.96241504,42.1178681],[52.44232876,41.75977825],[52.60279441,42.35360217],[52.78197047,42.72698735],[51.82742187,42.93699261],[51.6666391,43.17913097],[51.39454518,43.16294106],[51.27507771,43.60537844],[51.15923786,43.63116462],[50.99411369,43.93828923],[50.92915822,44.00525154],[50.87508718,44.11425087],[50.84243389,44.19687559],[50.74587846,44.25876821],[50.53099875,44.29170074],[50.27152798,44.35926767],[50.24379024,44.5014308],[50.30663904,44.62126034],[51.55976772,44.52397596],[51.50144087,44.56886636],[51.27528163,44.60150657],[51.21849274,44.91349669],[51.31145823,45.23227449],[51.79235938,45.40945671],[53.30251893,45.30192473],[53.25734202,45.88816531],[53.17095405,45.93793262],[53.42668718,46.34846978],[53.15932437,46.80690492],[53.10204385,46.89119148],[52.87031812,47.01027242],[52.58634562,46.99819867],[52.4242244,47.04754177],[52.32285524,47.06811749],[52.21350152,46.99381831],[51.22736775,47.05365541],[50.23215947,46.82101748],[49.89740393,46.55447929],[49.57681438,46.35658722],[49.19147239,46.37166853],[48.47920789,46.66778626],[48.58195664,46.7139021],[48.99707429,46.74281316],[48.69196383,47.1048495],[48.16085998,47.7234343],[47.32396905,47.69961026],[47.05055625,47.99617981],[47.11152751,48.27909485],[48.89178853,50.02278298],[48.59218068,50.66093572],[49.42424271,50.84949746],[49.40021551,51.12321059],[49.91073335,51.19271758],[50.55626778,51.48817617],[50.59158766,51.64784373],[50.77032768,51.58537407],[50.82705356,51.65647638],[50.75159744,51.75960879],[50.85327589,51.76855131],[50.91107207,51.68136905],[51.2728333,51.68452115],[51.38093355,51.56358917],[51.24125947,51.56192577],[51.32046163,51.49384064],[51.7212888,51.48001143],[51.89521247,51.68418936],[52.09749907,51.65996218],[52.3613279,51.77567095],[52.54488427,51.46084353],[53.32157195,51.44219223],[53.65926346,51.23769514],[54.34498396,51.13077966],[54.93938992,51.18750815],[55.17887523,51.19776586],[56.48829126,50.95963285],[57.14561625,51.09101558],[57.47607123,50.87928168],[57.76023575,50.91961412],[57.75501804,51.0681538],[58.32281193,51.16054],[58.46247646,51.08074972],[58.48871271,51.09447873],[58.61393339,51.04898154],[58.5893165,50.87261249],[59.5659648,50.58671783],[59.45679425,50.54320696],[59.81320399,50.5350442],[60.19717394,50.82852122],[60.32400443,50.66937957],[60.80858253,50.65682842],[61.44861814,50.80682827],[61.64448645,51.27902705],[61.26667072,51.44443022],[60.77540325,51.61588277],[59.99783066,51.95784238],[61.06652471,52.34333576],[60.71172043,52.74753074],[61.13511307,52.99474904],[61.62525994,52.94823476],[61.98004979,52.89274661],[62.1614461,52.94743109],[62.20412759,53.12067693],[61.74132945,53.62315855],[61.63039417,54.00293924],[61.66125447,54.02935145],[61.68822957,54.00335052],[62.04319531,53.94855543],[62.0071619,54.03706495],[62.40691876,54.04502577],[62.50717015,53.91179604],[62.59636178,54.07224863],[63.14934986,54.12287751],[63.16397728,54.19077366],[63.45866641,54.19661797],[63.79866489,54.26960206],[63.91425724,54.19953981],[64.00434078,54.21080783],[64.01825467,54.23677519],[63.97205341,54.29105566],[64.28618632,54.32914471],[64.45600717,54.33268125],[64.61726563,54.39441758],[64.73856624,54.35472574],[64.97367537,54.42369427],[65.11424137,54.3301849],[65.2598021,54.35992319],[65.21199539,54.53914331],[65.77604323,54.61296718],[65.84632623,54.69779218],[65.98154074,54.71654944],[65.96512948,54.63775191],[67.44499693,54.8607516],[69.27158452,54.78965764],[70.42216918,54.717366],[71.02945228,54.78146291],[71.22258188,54.3545698],[70.99853252,54.27687601],[71.17501302,54.09678625],[71.31676824,54.18428482],[71.64832324,54.09873887],[71.75297475,54.25409505],[72.32855804,54.10278329],[72.47055111,53.90330177],[72.85681031,54.05534114],[73.47187576,53.88550198],[73.21902125,53.68794392],[73.43215576,53.43676402],[73.88620059,53.63198244],[74.38234388,53.45928615],[75.31833948,53.66068291],[77.04131455,53.54520047],[77.90434279,53.29214043],[78.62695729,52.53215035],[79.18858328,51.918705],[82.51424169,50.74599404],[83.147859,51.01371359],[83.64685642,50.95232222],[84.23908881,50.52968189],[84.27559792,50.26845761],[84.94774601,50.09505904],[85.25767997,49.5860909],[85.62571501,49.61590664],[85.97362809,49.4893419],[86.41726096,49.61239985],[86.69193417,49.83458041],[86.80694512,49.55537917],[87.00719948,49.29487264],[87.32111172,49.22864621],[87.28187269,49.11541445],[86.88407011,49.13400929],[86.59045392,48.55253238],[85.76778736,48.41261931],[85.51882248,48.03129639],[85.70419307,47.24174977],[84.95594536,46.86470646],[83.0873557,47.23256289],[82.44058824,45.96923498],[82.26739528,45.5463135],[82.5461277,45.41919183],[82.58401366,45.21748807],[82.48929876,45.17553504],[82.04955101,45.25131398],[81.77623087,45.38071428],[80.88455775,45.12734629],[80.47051833,45.11111517],[80.05918505,45.02606511],[79.88869823,44.90160726],[80.41639553,44.61529271],[80.4042179,44.15113215],[80.52464113,43.81426764],[80.75466303,43.44504616],[80.78443057,43.14073077],[80.37850957,43.04389851],[80.59635384,42.89340685],[80.25808634,42.82497006],[80.16201837,42.62418291],[80.29461923,42.24069745],[80.17013679,42.21364536],[79.95905787,42.43473077],[79.50442635,42.46168794],[79.17698341,42.79519128],[78.49368306,42.89043291],[77.22991569,42.91422038],[76.84699688,42.97760875],[76.3409487,42.86266927],[75.83354745,42.94295132],[75.71718343,42.79419841],[75.28961331,42.86018977],[75.14754097,42.88151025],[74.85595438,43.00136256],[74.74973839,42.9919611],[74.5663974,43.13579406],[74.20512771,43.26598969],[73.5495653,43.02016114],[73.49713384,42.76192136],[73.50931147,42.42574246],[73.32563222,42.44596433],[72.26922282,42.75596069],[71.34879695,42.7865031],[71.26913496,42.77644812],[71.25137591,42.71440629],[71.20203364,42.67795668],[71.17780273,42.67450279],[71.18211564,42.66219093],[71.18211564,42.61758668],[71.16156589,42.59032316],[71.15496968,42.60489009],[71.0024956,42.58826857],[71.09078342,42.4832079],[70.97763294,42.48507885],[70.86752687,42.31721955],[70.94135375,42.25528323],[70.74549687,42.18689498],[70.63082419,42.01145344],[70.48266302,42.11015198],[70.32536863,42.0378383],[70.04629795,41.77652437],[69.61399208,41.6583568],[69.39783915,41.50882203],[69.46481612,41.47005356],[69.29940331,41.43886993],[69.21821911,41.45940718],[69.14718294,41.42745754],[69.03149545,41.34980009],[68.99597736,41.21711158],[68.67859788,40.94556019],[68.60096549,41.02982283],[68.46599676,40.96012234],[68.58422125,40.92294417],[68.58726566,40.70635979],[68.66236104,40.60011411],[68.48477061,40.57314086],[67.97939896,40.82856346],[68.13161934,41.04321832],[67.99157659,41.02216704],[67.96366952,41.14875582],[67.72417614,41.1957342],[66.71241805,41.14149599],[66.5297536,41.87520915],[65.04712715,43.71282337],[62.00271966,43.49604675],[60.78749367,44.63443251],[58.58093249,45.58914641]]]]}},{"type":"Feature","properties":{"rw":"УЗБ","name_supermap":"Узбекистан","name_eng":"Uzbekistan","label_lon":63.41984358475612,"label_lat":41.37012619},"geometry":{"type":"MultiPolygon","coordinates":[[[[55.99889439,45.00200239],[58.58093249,45.58914641],[60.78749367,44.63443251],[62.00271966,43.49604675],[65.04712715,43.71282337],[66.5297536,41.87520915],[66.71241805,41.14149599],[67.72417614,41.1957342],[67.96366952,41.14875582],[67.99157659,41.02216704],[68.13161934,41.04321832],[67.97939896,40.82856346],[68.48477061,40.57314086],[68.66236104,40.60011411],[68.58726566,40.70635979],[68.58422125,40.92294417],[68.46599676,40.96012234],[68.60096549,41.02982283],[68.67859788,40.94556019],[68.99597736,41.21711158],[69.03149545,41.34980009],[69.14718294,41.42745754],[69.21821911,41.45940718],[69.29940331,41.43886993],[69.46481612,41.47005356],[69.39783915,41.50882203],[69.61399208,41.6583568],[70.04629795,41.77652437],[70.32536863,42.0378383],[70.48266302,42.11015198],[70.63082419,42.01145344],[70.74549687,42.18689498],[70.94135375,42.25528323],[71.06324913,42.29554691],[71.26790983,42.20542598],[71.21836957,42.13910265],[71.00768478,42.05699821],[70.4958745,41.72024124],[70.17723158,41.55781102],[70.2219367,41.49419673],[70.30120111,41.52031464],[70.40519601,41.4690186],[70.50380094,41.39152267],[70.59130884,41.455713],[70.71329677,41.46486089],[70.78067151,41.39045229],[70.76846479,41.26569243],[70.79256117,41.20870928],[70.85446668,41.24936551],[70.96567464,41.16217995],[71.03851863,41.19051906],[71.12697771,41.14278298],[71.19720598,41.18515048],[71.26505631,41.18216775],[71.28059213,41.10026862],[71.45116914,41.15472026],[71.44831562,41.28683984],[71.67849946,41.41726586],[71.60240563,41.47667997],[71.7381063,41.54624404],[71.71876578,41.46646461],[71.79390844,41.41655256],[71.9191462,41.29851265],[71.86223436,41.1981536],[71.88316016,41.1936207],[71.90424449,41.15901715],[72.00554441,41.15651066],[72.04866424,41.13215697],[72.07069975,41.11711047],[72.10779549,41.15352663],[72.16581704,41.16570063],[72.17723111,41.15627194],[72.15091533,41.1372911],[72.20671747,41.06298621],[72.17406054,40.98835794],[72.36207571,41.04433707],[72.44831539,41.03022716],[72.54913972,40.96418131],[72.59067427,40.86858503],[72.71305851,40.84868172],[72.83187586,40.85785477],[72.87737363,40.8393275],[72.89976582,40.82199471],[72.90032067,40.81554624],[72.91597539,40.80654732],[72.93878373,40.80041236],[72.95804498,40.80486739],[72.95838185,40.81551625],[72.96928071,40.82197972],[72.97522554,40.81949038],[72.9801003,40.82938719],[72.99797442,40.83379529],[73.00043162,40.84222085],[73.08445189,40.85121493],[73.13660787,40.83142635],[73.13946139,40.78468987],[72.99171254,40.76512158],[72.95001946,40.73557815],[72.88042531,40.7129914],[72.85299982,40.71239058],[72.86488948,40.70157496],[72.8457075,40.67272473],[72.75962635,40.62629773],[72.74892566,40.59657233],[72.75859591,40.57225265],[72.69256866,40.59747511],[72.664192,40.58471458],[72.66807596,40.55527179],[72.65602777,40.51045056],[72.63335815,40.51057109],[72.50542539,40.56081212],[72.47562198,40.55165829],[72.41189339,40.61811554],[72.34594541,40.60126669],[72.42616099,40.54033471],[72.37717558,40.51370472],[72.41363721,40.50876316],[72.44074564,40.47295604],[72.41363721,40.4012845],[72.32089785,40.44617865],[72.2771439,40.43363062],[72.25320605,40.48031192],[72.18503866,40.49562404],[72.13716296,40.46584057],[72.08786049,40.45112483],[72.0889702,40.40563041],[71.96642742,40.31745029],[72.04267978,40.29097377],[72.05068549,40.27694547],[71.98188398,40.25934552],[71.85046359,40.25517166],[71.72585994,40.15031747],[71.67925247,40.26630137],[71.62186504,40.26726909],[71.6117192,40.20627603],[71.25185879,40.33038254],[70.86314613,40.33787485],[70.88977897,40.21450846],[70.63010877,40.17600115],[70.57652603,40.2750103],[70.32700168,40.44931529],[70.79719814,40.72668853],[70.44510564,41.04477048],[70.39688068,40.92056881],[69.70572725,40.62449293],[69.48806718,40.80857219],[69.2840084,40.72622863],[69.33537173,40.27055581],[68.53546753,40.1155321],[68.97582838,40.15288287],[68.83885948,39.93005462],[68.4450739,39.56145747],[67.45683747,39.57732279],[67.34333084,39.23140415],[67.64358441,39.17563258],[67.68448485,39.02061616],[68.154015,38.97825619],[68.20334966,38.85600094],[68.07422794,38.81006258],[68.08849554,38.43850931],[68.40333376,38.19652917],[68.37931665,38.07832503],[67.86485101,37.63721714],[67.78637925,37.18674992],[67.57040355,37.21672327],[67.49264517,37.27282616],[67.4547766,37.23667522],[67.25556532,37.18397927],[67.21365427,37.25267084],[67.12680029,37.27083926],[67.08732662,37.34932937],[66.94797979,37.3987455],[66.83633587,37.35594527],[66.55223242,37.35509469],[66.66447825,37.94601324],[66.24360654,38.15619857],[65.56116971,38.28965275],[64.32684454,38.99650267],[64.21074199,38.96655725],[62.50404801,39.9563075],[62.26435244,40.4792474],[62.11126563,40.59670774],[61.99275543,40.97648767],[61.81545829,41.15020486],[61.62886492,41.26331478],[61.40883187,41.28774254],[61.40147515,41.20124929],[61.32991425,41.14819046],[61.23935962,41.14496729],[61.03631393,41.2629126],[60.4840243,41.21825526],[60.06161437,41.43221177],[60.17102897,41.62667133],[60.04529581,41.75412357],[60.08809859,41.81097596],[60.33046933,41.75611924],[59.91876009,42.01145056],[60.02148676,41.99614355],[60.04529581,42.08872446],[59.89254339,42.29663707],[59.43669378,42.29228367],[58.63360661,42.79409142],[58.20664888,42.59353724],[57.82998441,42.20158557],[56.95466756,41.79921065],[57.11089771,41.26894503],[55.99889439,41.3216073],[55.99889439,45.00200239]]]]}},{"type":"Feature","properties":{"rw":"СЕВ","name_supermap":"Северная ЖД","name_eng":"Northern RW Russia","label_lon":48.71257393082939,"label_lat":63.06093824},"geometry":{"type":"MultiPolygon","coordinates":[[[[42.32550837,66.37119307],[43.86294257,65.8725125],[50.62640864,68.23707513],[54.11024134,68.13681776],[54.91798823,68.15355777],[57.37290524,68.50312264],[59.69225503,68.28533058],[61.10914313,68.88251458],[60.89810126,69.13267832],[60.65107665,69.243958],[60.23632631,69.56205513],[60.76617414,69.66093384],[60.91222103,69.83333725],[61.41004979,69.77373286],[62.7305029,69.66058652],[64.79130616,69.34073642],[64.70658755,69.13106525],[64.74686098,69.11665668],[65.1831297,69.21299011],[66.56429965,66.62416171],[64.59659101,65.64164162],[62.39058926,64.20274485],[59.32398297,62.3413095],[53.70730881,61.11542733],[47.39737306,61.0535769],[47.04314531,60.82661064],[46.41560559,60.46257393],[47.79057069,59.61088358],[47.53574977,58.31153757],[47.5623013,58.1779164],[46.68590131,57.99627417],[44.51070311,57.60399555],[43.50895135,56.87751264],[42.42020775,56.62349564],[41.14663278,56.4036668],[39.3547289,56.11913847],[38.87440287,56.21772893],[38.83016916,56.41079328],[38.21956147,56.57931029],[38.16806049,56.87480741],[38.54444933,57.60550843],[37.83330412,57.58561057],[37.23213226,57.77582684],[37.68037773,59.05736001],[37.65484966,59.15256734],[38.7152584,60.56848959],[37.63373782,61.40521378],[37.41056691,62.18007464],[36.46965526,63.85462244],[36.49028254,63.95510035],[36.55771984,63.94967618],[36.65843944,63.90811698],[36.88573577,63.88731427],[37.20858028,63.87311191],[37.24527275,63.8276378],[37.24724282,63.81199248],[37.43858545,63.78056698],[37.56540842,63.80014407],[37.62389475,63.81764318],[37.64765867,63.88520064],[37.68681372,63.89647153],[37.81782309,63.88444186],[37.98084602,63.92213927],[38.12145946,63.88563422],[38.09978874,63.90448845],[38.00424055,63.94042809],[38.07220782,63.99587081],[38.06728265,64.07102358],[38.00522558,64.14887348],[37.89736449,64.21365349],[38.01901604,64.28725839],[37.95055626,64.34339979],[37.79541359,64.36855155],[37.80624895,64.43749414],[37.72325994,64.44540932],[37.66588177,64.43340285],[37.62007775,64.38127853],[37.62438726,64.36189284],[37.61404442,64.35603183],[37.5661472,64.36924397],[37.55863632,64.38303535],[37.44837421,64.38119867],[37.33201721,64.34180038],[37.1079838,64.40466694],[37.08914505,64.4275571],[37.02884257,64.46547917],[36.98830231,64.48931291],[36.94000492,64.51761583],[36.89687895,64.54410335],[36.868667,64.57698831],[36.83597622,64.60234885],[36.81949231,64.61252604],[36.81727599,64.61470354],[36.80134616,64.61937469],[36.78444669,64.63093035],[36.78523164,64.63603385],[36.77202604,64.64374663],[36.76703931,64.65758459],[36.76223728,64.66880792],[36.75360285,64.67826905],[36.73679573,64.68948382],[36.71795697,64.69903641],[36.69708659,64.70945358],[36.66107133,64.71679054],[36.63696881,64.72022166],[36.56789338,64.72183847],[36.53935821,64.71450288],[36.55191738,64.73204977],[36.5525638,64.73902594],[36.53400209,64.75651755],[36.51987303,64.76600713],[36.52181231,64.77805133],[36.53003118,64.79209612],[36.51894956,64.79520308],[36.52633731,64.79952863],[36.51848783,64.8105753],[36.56493828,64.80558324],[36.57454235,64.811833],[36.53252454,64.82888472],[36.53021587,64.83650343],[36.50509753,64.84262824],[36.46344912,64.86111203],[36.4551379,64.87503515],[36.45606137,64.88040637],[36.45329096,64.8922036],[36.45680014,64.8985508],[36.44322516,64.91073164],[36.45185959,64.92729028],[36.48455037,64.92752508],[36.50218861,64.93280755],[36.52795337,64.93143812],[36.54605335,64.91343339],[36.53718806,64.90947856],[36.57052526,64.89682702],[36.61383593,64.89674866],[36.65142108,64.90587563],[36.66305678,64.91840547],[36.65843944,64.92775988],[36.67921748,64.92873818],[36.71901896,64.94074887],[36.77479645,64.94700638],[36.80776426,64.95384885],[36.8255872,64.9645587],[36.8314974,64.97081064],[36.83103566,64.97784234],[36.81644487,64.99014335],[36.80951885,64.99404725],[36.81469028,65.00329722],[36.83140505,65.00844771],[36.84327162,65.01591806],[36.84493386,65.03775148],[36.85675426,65.06050159],[36.86802057,65.10380553],[36.83126653,65.11973982],[36.83662265,65.14513718],[36.91290113,65.14653449],[36.97311126,65.16166736],[37.01669896,65.16880397],[37.07875603,65.15864147],[37.16389981,65.14645687],[37.25329154,65.12851902],[37.32292104,65.10963626],[37.37131078,65.10473853],[37.44795865,65.08506081],[37.51648,65.06182549],[37.58223094,65.04406424],[37.6561084,65.03517918],[37.69286244,65.02044216],[37.70874609,65.00335575],[37.69193897,64.97766657],[37.69360121,64.96571151],[37.74900931,64.93756089],[37.86665917,64.89527944],[37.95863661,64.87732883],[38.06206506,64.85041967],[38.01072022,64.82230498],[38.14905577,64.79111283],[38.0842283,64.77828744],[38.03639264,64.7718331],[38.00628757,64.75765962],[37.9939131,64.74536992],[38.00222431,64.72747685],[38.03417631,64.72030053],[38.06100307,64.69633282],[38.77946139,64.74318319],[39.1155767,64.69240574],[40.07415501,64.57240369],[40.68078879,64.6031946],[40.43910403,64.90165747],[39.8901416,65.29197868],[39.74887074,65.53046361],[40.5044365,65.80054591],[40.75261503,65.98543074],[41.00079357,66.00493287],[41.35259195,66.05865908],[42.32550837,66.37119307]]]]}},{"type":"Feature","properties":{"rw":"КРГ","name_supermap":"Кыргызстан","name_eng":"Kyrgyzstan","label_lon":75.0045325124472,"label_lat":41.229037395},"geometry":{"type":"MultiPolygon","coordinates":[[[[80.22981584,42.06012778],[79.86042981,42.03118333],[79.77750471,41.89440313],[79.63537663,41.893642],[77.61140128,41.00048789],[76.86952945,41.01650149],[76.75006729,40.94539961],[76.685794,40.77779241],[76.63868418,40.76249151],[76.66937259,40.68702327],[76.63608293,40.61292323],[76.52954326,40.51215106],[76.50726504,40.42551535],[76.45645283,40.41331716],[76.44649466,40.39324123],[76.38524552,40.3756638],[76.37166474,40.38751631],[76.33473652,40.33887738],[75.7054939,40.28162904],[75.6046355,40.67231474],[75.21430921,40.4421729],[74.80425746,40.49893484],[74.90956361,40.34167912],[74.71418961,40.34719224],[74.34303686,40.09158539],[74.2568764,40.13281652],[74.11512216,40.10497879],[74.10594721,40.08636352],[74.06597064,40.07860565],[74.04522189,40.09975795],[74.01221515,40.07942563],[73.99702523,40.04468352],[73.93361667,40.02334437],[73.97701015,40.00511558],[73.90573918,39.91400728],[73.92150797,39.90546396],[73.90314036,39.86138335],[73.84752949,39.83453014],[73.8328354,39.78088231],[73.83803304,39.75521442],[73.90360932,39.74433761],[73.94872232,39.6043485],[73.91050206,39.58962325],[73.87413516,39.48323723],[73.79348171,39.46559534],[73.67270053,39.46304198],[73.6422136,39.47421359],[73.60014399,39.45960379],[73.47177853,39.46729699],[73.23530551,39.35926641],[72.69652622,39.3950917],[72.34734668,39.32861714],[72.23885349,39.17200498],[72.10350034,39.26595309],[72.04135375,39.36700297],[71.91284725,39.27451538],[71.79224075,39.27084596],[71.76696078,39.45276025],[71.57051437,39.44869349],[71.50520779,39.60833847],[71.10072832,39.50753672],[71.05754171,39.41065776],[70.76892876,39.38908818],[70.74680879,39.49056978],[70.53245574,39.62101713],[70.29545605,39.52521045],[70.20592283,39.57597201],[69.86411662,39.53008518],[69.69769017,39.59991856],[69.35957062,39.51667887],[69.2668774,39.80909767],[69.34798396,40.01915475],[69.42961719,39.98849431],[69.43067052,39.91905404],[69.53547705,39.92995921],[69.53442372,40.11790059],[69.57919033,40.1017886],[69.99472978,40.23500042],[70.42501588,40.05665472],[70.51402243,40.08688161],[70.60197565,39.96871909],[70.6367356,40.10702542],[70.77156209,40.11709508],[70.88977897,40.21450846],[70.86314613,40.33787485],[71.25185879,40.33038254],[71.6117192,40.20627603],[71.62186504,40.26726909],[71.67925247,40.26630137],[71.72585994,40.15031747],[71.85046359,40.25517166],[71.98188398,40.25934552],[72.05068549,40.27694547],[72.04267978,40.29097377],[71.96642742,40.31745029],[72.0889702,40.40563041],[72.08786049,40.45112483],[72.13716296,40.46584057],[72.18503866,40.49562404],[72.25320605,40.48031192],[72.2771439,40.43363062],[72.32089785,40.44617865],[72.41363721,40.4012845],[72.44074564,40.47295604],[72.41363721,40.50876316],[72.37717558,40.51370472],[72.42616099,40.54033471],[72.34594541,40.60126669],[72.41189339,40.61811554],[72.47562198,40.55165829],[72.50542539,40.56081212],[72.63335815,40.51057109],[72.65602777,40.51045056],[72.66807596,40.55527179],[72.664192,40.58471458],[72.69256866,40.59747511],[72.75859591,40.57225265],[72.74892566,40.59657233],[72.75962635,40.62629773],[72.8457075,40.67272473],[72.86488948,40.70157496],[72.85299982,40.71239058],[72.88042531,40.7129914],[72.95001946,40.73557815],[72.99171254,40.76512158],[73.13946139,40.78468987],[73.13660787,40.83142635],[73.08445189,40.85121493],[73.00043162,40.84222085],[72.99797442,40.83379529],[72.9801003,40.82938719],[72.97522554,40.81949038],[72.96928071,40.82197972],[72.95838185,40.81551625],[72.95804498,40.80486739],[72.93878373,40.80041236],[72.91597539,40.80654732],[72.90032067,40.81554624],[72.89976582,40.82199471],[72.83187586,40.85785477],[72.71305851,40.84868172],[72.59067427,40.86858503],[72.54913972,40.96418131],[72.44831539,41.03022716],[72.36207571,41.04433707],[72.17406054,40.98835794],[72.20671747,41.06298621],[72.15091533,41.1372911],[72.17723111,41.15627194],[72.16581704,41.16570063],[72.10779549,41.15352663],[72.07069975,41.11711047],[72.00554441,41.15651066],[71.90424449,41.15901715],[71.88316016,41.1936207],[71.86223436,41.1981536],[71.9191462,41.29851265],[71.71876578,41.46646461],[71.7381063,41.54624404],[71.60240563,41.47667997],[71.67849946,41.41726586],[71.44831562,41.28683984],[71.45116914,41.15472026],[71.28059213,41.10026862],[71.26505631,41.18216775],[71.19720598,41.18515048],[71.12697771,41.14278298],[71.03851863,41.19051906],[70.96567464,41.16217995],[70.85446668,41.24936551],[70.79256117,41.20870928],[70.76846479,41.26569243],[70.78067151,41.39045229],[70.71329677,41.46486089],[70.59130884,41.455713],[70.50380094,41.39152267],[70.40519601,41.4690186],[70.30120111,41.52031464],[70.2219367,41.49419673],[70.17723158,41.55781102],[70.4958745,41.72024124],[71.00768478,42.05699821],[71.21836957,42.13910265],[71.26790983,42.20542598],[71.06324913,42.29554691],[70.94135375,42.25528323],[70.86752687,42.31721955],[70.97763294,42.48507885],[71.09078342,42.4832079],[71.0024956,42.58826857],[71.15496968,42.60489009],[71.16156589,42.59032316],[71.18211564,42.61758668],[71.18211564,42.66219093],[71.17780273,42.67450279],[71.20237486,42.67800531],[71.25137591,42.71440629],[71.26913496,42.77644812],[71.34879695,42.7865031],[72.26922282,42.75596069],[73.32563222,42.44596433],[73.50931147,42.42574246],[73.49713384,42.76192136],[73.5495653,43.02016114],[74.20512771,43.26598969],[74.5663974,43.13579406],[74.74973839,42.9919611],[74.85595438,43.00136256],[75.14754097,42.88151025],[75.28961331,42.86018977],[75.71718343,42.79419841],[75.83354745,42.94295132],[76.34645308,42.86020141],[76.84699688,42.97760875],[77.22991569,42.91422038],[78.49368306,42.89043291],[79.17698341,42.79519128],[79.50442635,42.46168794],[79.95905787,42.43473077],[80.17013679,42.21364536],[80.15767178,42.11127864],[80.22981584,42.06012778]]]]}},{"type":"Feature","properties":{"rw":"ТДЖ","name_supermap":"Туркменистан","name_eng":"Turkmenistan","label_lon":59.20234230015393,"label_lat":38.96029349},"geometry":{"type":"MultiPolygon","coordinates":[[[[52.44232876,41.75977825],[52.60034295,41.67190002],[52.56228651,41.53463648],[52.79957962,41.358446],[52.96075984,40.92687314],[52.73913703,40.46862469],[52.73242119,40.0569361],[52.93613508,39.86132327],[52.90927171,40.01065732],[53.11074699,39.98150272],[53.16223512,40.00765668],[53.29655198,39.95834167],[53.41407922,40.03208658],[53.54895573,39.99994016],[53.63150463,40.01944413],[53.79548312,39.95383722],[53.8777522,39.89933136],[53.9969584,39.87614249],[54.13575249,39.79352215],[53.93987374,39.81029062],[53.75071084,39.90523468],[53.60743953,39.93957118],[53.49271055,39.8768941],[53.44569965,39.79008196],[53.44346104,39.71607625],[53.8464116,39.61763759],[53.54084075,39.48040867],[53.43338727,39.55207775],[53.23526991,39.53913098],[53.22855407,39.59176611],[53.09871444,39.43979219],[53.18378178,39.22811793],[53.20840654,39.38833947],[53.44122242,39.37363172],[53.59904472,39.28878544],[53.77253733,39.07578512],[54.02773935,38.95402973],[53.86543982,38.6281791],[53.84865021,38.44124796],[53.89566111,38.28766373],[53.82514476,37.95789978],[53.86991705,37.65279566],[53.99304083,37.34732261],[54.25495869,37.31706268],[54.79894195,37.5161977],[54.85714592,37.75198211],[55.43246978,38.0809098],[56.32343825,38.08795788],[56.43536896,38.26393886],[57.0397948,38.20415301],[57.23231563,38.28854228],[57.37558694,37.98922299],[58.21059005,37.767468],[58.3919178,37.61689646],[58.55533664,37.6984202],[58.97619611,37.65412492],[59.22020506,37.52108051],[59.351164,37.522856],[59.40824866,37.43936233],[59.39481697,37.31083118],[59.56495166,37.12900078],[59.99364628,37.04149511],[60.35294387,36.62536406],[61.14877123,36.63883743],[61.22936134,36.1423719],[61.11743063,35.95775956],[61.24727025,35.89521922],[61.21816827,35.66820992],[61.27413362,35.60089092],[61.36815542,35.61909083],[61.61216437,35.42231278],[61.78453767,35.40771745],[61.97929711,35.44967191],[62.06660306,35.44055323],[62.15390902,35.33835352],[62.2770328,35.28674829],[62.3083734,35.12944667],[62.48298531,35.27578365],[62.63744969,35.20996464],[63.01129827,35.41273489],[63.10084284,35.42003244],[63.12994482,35.54034643],[63.09860422,35.61863588],[63.24411415,35.68230334],[63.11651314,35.84215716],[63.49707756,35.89521922],[63.53961123,35.94960493],[63.98733407,36.03473398],[64.07240141,35.98946401],[64.05896973,36.11796278],[64.28730838,36.15592924],[64.32088759,36.22277782],[64.45968168,36.25076499],[64.58056685,36.35359935],[64.6365322,36.44549404],[64.61190745,36.63434657],[64.80442827,36.92302333],[64.75965598,37.10847281],[64.97904018,37.21373123],[65.22752636,37.24581478],[65.54317097,37.23512178],[65.64614722,37.32952413],[65.64838584,37.44158412],[65.71106703,37.54282734],[66.30206119,37.31884301],[66.55223242,37.35509469],[66.66447825,37.94601324],[66.24360654,38.15619857],[65.56116971,38.28965275],[64.32684454,38.99650267],[64.21074199,38.96655725],[62.50404801,39.9563075],[62.26435244,40.4792474],[62.11126563,40.59670774],[61.99275543,40.97648767],[61.81545829,41.15020486],[61.62886492,41.26331478],[61.40883187,41.28774254],[61.40147515,41.20124929],[61.32991425,41.14819046],[61.23935962,41.14496729],[61.03631393,41.2629126],[60.4840243,41.21825526],[60.06161437,41.43221177],[60.17102897,41.62667133],[60.04529581,41.75412357],[60.08809859,41.81097596],[60.33046933,41.75611924],[59.91876009,42.01145056],[60.02148676,41.99614355],[60.04529581,42.08872446],[59.89254339,42.29663707],[59.43669378,42.29228367],[58.63360661,42.79409142],[58.20664888,42.59353724],[57.82998441,42.20158557],[56.95466756,41.79921065],[57.11089771,41.26894503],[55.99889439,41.3216073],[55.4750026,41.26060822],[54.95491632,41.8283434],[54.95269644,41.91618852],[54.22077014,42.37890756],[53.57890756,42.29357832],[52.96241504,42.1178681],[52.44232876,41.75977825]]]]}}]}