[Вт 22 сен 2026 11:05:00 MSK] Запуск: /home/atretyakov/railoptim/app/bin/railoptim (env=prod, MIP_WARM_START=on, INCLUDE_PERIOD10=on)
stations_geo: 19494 записей, data/stations/stations_geo.sqlite (baltic=671, china_mongolia=339, cis=6263, ru=11848, south_caucasus=373)
Получено узлов спроса (погрузка): 265 или 3487 вагонов
Бизнес-правила (business_rules.json): потолок подсыла 6000 км; потолок отстоя/путей 3000 км, ДВС/ЗАБ 4100 км; инотерриторий 21 (исключений 3); дефицитных дорог 6 (вывоз ≤ 300 км, надбавка 30000 руб.); проверка ГУ-12 вкл.; загруженность станций (правило 4) закрытие при Q ≥ 5×C, очередь ≤ 1×C без ожидания, штраф ожидания 5000 руб./сут.; конвенции РЖД (правило 5) вкл.; грязный под свой груз (правило 6): промывочный маршрут +10000+40000 руб., потолок ≤ 1.00 × промывочного маршрута, поощрение 0.50 × (тариф до промывки + промывка); ремонт (правило 7): 15 сут. / инотерритория 45 сут.; иномойка (правило 8): 21 дорог образования, капризных 1 (надбавка 30000 руб. при предложении > 1.20 × спроса); поправка периода 1 по расстоянию: 30.0 руб./км × (км − 1200), потолок ±35000 руб., в отчёт не идёт
Конвенции (правило 5, conv-redis): 127.0.0.1:6379/0 HASH `telegrams_db` — 67 записей в Redis, в сервис взято 8 действующих → data/conventions_from_redis.json
  в HASH не взяты (истёкшие/вне горизонта/без дат, в память не кладём): истекло 53, ещё не началось 0, без дат 0; битый JSON 0
  отброшено из действующих по дате: класс Others/ошибка 6, только КЗХ 0, нечем матчить 0
  действующих: 8 (Empty 2, All 5, Grain 1; из них промывка/ремонт/отстой 0)
    · №19412 All | назн.ЕСР 207603,207406,207302,206507,206704 | все получатели | 2026-09-01…2026-12-31 | все грузы
    · №19692 All | назн.ЕСР 434231,434301,434405,436203 | все получатели | 2026-09-01…2026-09-30 | все грузы
    · №20514 Grain | назн.ЕСР 521001,520901 | по ОКПО/имени | 2026-09-13…2026-10-12 | пшеница
    · №27638 Empty | назн.дороги УЗБ | все получатели | 2025-11-11…3000-01-01 | Порожние вагоны
    · №4810 All | назн.ЕСР 436701 | все получатели | 2026-03-05…3000-01-01 | все грузы
    · №4811 Empty | назн.ЕСР 434208,434104 | все получатели | 2026-03-05…3000-01-01 | Порожние вагоны
    · №7659 All | назн.ЕСР 436701 | все получатели | 2026-04-06…2026-09-30 | все грузы
    · №7660 All | назн.ЕСР 434208,434104 | все получатели | 2026-04-06…2026-09-30 | все грузы
  индекс: 8 правил; ЕСР погрузки 12, ЕСР назн.груза 14, dest-дороги 1, dep-дороги 0, dep-ЕСР 0, пары dep→dest 0; все получатели 7, с ОКПО/именем 1; без ключей 0
  ЕСР погрузки (Empty/All): 206507, 206704, 207302, 207406, 207603, 434104, 434208, 434231, 434301, 434405, 436203, 436701
  ЕСР назн.груза (Grain/All): 206507, 206704, 207302, 207406, 207603, 434104, 434208, 434231, 434301, 434405, 436203, 436701, 520901, 521001
  dest-дороги: УЗБ
Дороги-инотерритории для ГУ-12 (ForeignRailways): 21
GU12_STATS={"periods": ["0:4", "5:7", "8:9", "10:14"], "rows": 768, "stations": 263, "rows_without_okpo": 60, "cars_by_period": [8094, 4158, 2299, 1233]}
Спрос с учётом ГУ-12 (правило 3): 182 узлов или 2001 вагонов (было 265 / 3487)
  заявок ГУ-12 согласованных: 768 строк / 263 станций (на станциях без спроса: 384)
  по периодам 1..4, ваг.: было [1293, 996, 360, 838] → стало [1047, 612, 174, 168]
  сопоставлено узлов: по ОКПО 208, по имени грузоотправителя 0, пропорционально по станции 16
  урезано до ГУ-12: 32 узлов / −275 ваг.; без заявки ГУ-12 (исключены): 83 узлов / 1211 ваг.; инотерритория (без проверки): 18 узлов / 150 ваг.
Получено узлов предложения 1 сут.:  208 или 575 вагонов
  [!] дислокация: 227 повторов номеров внутри выгрузки dislocations.py — оставлено первое вхождение
  [!] дислокация: 198 вагонов периода 10 уже есть в предложении АПИ (период 1) — из периода 10 исключены, оставлены в периоде 1: 99416356, 95200721, 99420820, 95147773, 95899944, 95899597, 95884805, 95868899, 95731097, 95513347, …
  узлов дислокации (2-10 сут., период 10): 492 или 3802 вагонов (в выгрузке 4227, дублей 227, пересечений с периодом 1 198)
Получено узлов предложения всего:  700 или 4377 вагонов
  свободных для назначения:  553 или 3997 вагонов
  требуют ремонта (В ремонт):106 или 243 вагонов
  по факту (Assigned):       41 или 137 вагонов
Дороги иномойки (правило 8, ForeignWashedRoads): 21
Коды «уже промыт/ремонт» (WashedEmptyEtsngCodes): 2
Ban-list чужих владельцев отстоя (reserve_owners.json): 4 пар (станция+ОКПО)
Узлов спроса (промывка):     36 или мощность в период 5 суток 2795 вагонов
  предложений с ЕТСНГ из списка промывки: 192 вагонов (освобождены по правилу 8 / иномойка: 160; из них есть узел погрузки с тем же ЕТСНГ на любой станции — альтернатива промывке по спросу: 181 вагонов)
Получено тарифов:            24394
Загружено ремонтных станций: 102
Тарифов до ремонтных ст.:    6241
Тарифов до промывки (с надбавкой 10000+40000=50000 руб.): 1598
Ограничения ДМЗИ:            14 дорог (96 записей Ostatok)
  ВСБ  период 1 ≤    4, период 10 ≤    6 ваг.
  ГОР  период 1 ≤  391, период 10 ≤  551 ваг.
  ЗАБ  период 1 ≤   20, период 10 ≤   30 ваг.
  ЗСБ  период 1 ≤  822, период 10 ≤ 1156 ваг.
  КБШ  период 1 ≤  867, период 10 ≤ 1275 ваг.
  КРС  период 1 ≤    8, период 10 ≤   12 ваг.
  МСК  период 1 ≤  739, период 10 ≤ 1039 ваг.
  ОКТ  период 1 ≤  325, период 10 ≤  455 ваг.
  ПРВ  период 1 ≤ 1075, период 10 ≤ 1505 ваг.
  СВР  период 1 ≤  559, период 10 ≤  793 ваг.
  СЕВ  период 1 ≤   75, период 10 ≤  105 ваг.
  СКВ  период 1 ≤  335, период 10 ≤  469 ваг.
  ЮВС  период 1 ≤ 1389, период 10 ≤ 2011 ваг.
  ЮУР  период 1 ≤  749, период 10 ≤ 1049 ваг.
БД отстоя обновлена:         получено 44 / записано 44 / без etran_id 0
Узлы отстоя (резервы):       81 узлов / ёмкость 2988 ваг. (записей в БД 229, дублей 0, отфильтровано 148, чужих по ban-list 476)
FREE_LOADROADS_STATS={"date_from": "2026-03-22", "date_to": "2026-09-22", "load_station_codes": 493, "cars_on_station_rows": 1902, "cars_total": 78490}
Свободные ёмкости путей:     104 крупных станций -> data/load_stations_free_capacity.json
Загруженность станций (правило 4): мощность известна у 710 станций справочника; станций спроса 103, проверено 90, без мощности 13
  закрыто станций: 2 (7 узлов / 103 ваг. спроса); с очередью (ожидание подсыла): 19; станций с несколькими грузоотправителями: 8; грузоотправителей с разным CarsOnStation по узлам: 16
    · закрыта Руденск (БЕЛ): на станции 93 ваг., мощность 10 ваг./сут. (9.3 сут. работы)
    · закрыта Ольха (ЮВС): на станции 39 ваг., мощность 7 ваг./сут. (5.6 сут. работы)
    · очередь Погромное (ЮУР): на станции 31 ваг., мощность 7 ваг./сут. — подсыл не раньше 4-х суток
    · очередь Саханская (МСК): на станции 14 ваг., мощность 3 ваг./сут. — подсыл не раньше 4-х суток
    · очередь Отрешково (МСК): на станции 65 ваг., мощность 20 ваг./сут. — подсыл не раньше 3-х суток
    · очередь Янаул (ГОР): на станции 23 ваг., мощность 11 ваг./сут. — подсыл не раньше 2-х суток
    · очередь Кротовка (КБШ): на станции 21 ваг., мощность 10 ваг./сут. — подсыл не раньше 2-х суток
    · очередь Лопуховка (ПРВ): на станции 15 ваг., мощность 7 ваг./сут. — подсыл не раньше 2-х суток
    · очередь Удобрительная (МСК): на станции 72 ваг., мощность 50 ваг./сут. — подсыл не раньше 1-х суток
    · очередь Дмитриев-Льговский (МСК): на станции 52 ваг., мощность 51 ваг./сут. — подсыл не раньше 1-х суток
    · очередь Алексиково (ПРВ): на станции 46 ваг., мощность 42 ваг./сут. — подсыл не раньше 1-х суток
    · очередь Плавица (ЮВС): на станции 34 ваг., мощность 20 ваг./сут. — подсыл не раньше 1-х суток
    · ...ещё 9 станций с очередью
Всего пар supply×demand:     120554
  без тарифа:                        18040 (15.0%)
  нарушение срока (жёстко):          0 (0.0%)
  несовм. тип вагона:                2130 (1.8%)
  грязный вагон → чужой ЕТСНГ (правило 6): 14665 (12.2%)
  грязный: погрузка дороже промывочного маршрута → в промывку (правило 6): 71 (0.1%)
  погрузка дальше потолка расстояния (6000 км): 3784 (3.1%)
  инотерритория (правило 1):           5661 (4.7%)
  вывоз с дефицитной дороги (правило 2): 15065 (12.5%)
  станция закрыта очередью (правило 4): 788 (0.7%)
  конвенция РЖД (правило 5):           0 (0.0%)
  допустимых дуг с надбавкой по правилам: 8315 (6.9%)
    · из них иномойка → капризная дорога (правило 8, профицит): 7155 (5.9%)
  допустимых дуг с ожиданием в очереди станции (правило 4): 0 (0.0%)
  допустимых дуг «грязный → свой груз» с поощрением (правило 6): 58 (0.0%), в среднем 11752 руб./дугу
  поправка периода 1 по расстоянию: бонус на 2294 дугах (1.9%, в среднем −11038 руб.), надбавка на 14181 дугах (11.8%, в среднем +26789 руб.)
  допустимых дуг со штрафом за срок:   50205 (41.6%)
  допустимых дуг всего в LP:      60350 (50.1%)
Ограничения партии (MIN_BATCH): массовая выгрузка — 5204 дуг / 369 пар; средние станции — 20404 дуг / 2258 пар (станций образования: 59, погрузки: 54)
  маршрутные отправки (B=10): 926 дуг / 189 пар (станций образования: 52, маршрутных станций погрузки: 4)
--- АНАЛИЗ РЕСУРСОВ ---
Предложение: 3997 ваг.
Спрос (погрузка): 2001 ваг.
Ёмкость промывки (верх): 2795 ваг.
Статус: ПРОФИЦИТ к погрузке (+1996 ваг.)
-----------------------
Правило 8: профицит порожних (предложение > 1.20 × спрос погрузки) — надбавка 30000 руб. на подсыл иномойки на капризные дороги (МСК)
Штраф за остаток предложения: 5000 руб./ваг. для всех узлов (профицит — грязные вагоны в отстой без промывки)
--- ЖАДНОЕ РЕШЕНИЕ ---
Назначений:            671 шт.
Назначено вагонов:     2061 / 2001 спрос (погрузка), 3997 предложение
Суммарная стоимость:   212959451.50 руб.
Неудовлетворён спрос:  103 ваг.
Избыток предложения:   1936 ваг.
Покрытие спроса (погр.): 103.0%
----------------------
MIP warm-start: ON (greedy) (управляется env MIP_WARM_START={on|off}, по умолч. on)
--- MIP РЕШЕНИЕ ---
Статус:                MIP Optimal (gap=0.000%)
Назначено вагонов:     1898 / 2001 спрос (погрузка), 3997 предложение
Суммарная стоимость:   167727912.41 руб.
Неудовлетворён спрос:  103 ваг.
Избыток предложения:   2099 ваг.
Покрытие спроса (погр.): 94.9%
-------------------
MIP время: 10.09 сек (warm-start: ON)
MIP диагностика: status=Optimal, gap=0.0004%, undist=2202 (unmet=103, excess=2099), real_cost=167727912.41
MIP vs greedy:   greedy undist=2039 (unmet=103, excess=1936), real_cost=212959451.50  →  Δundist=+163, Δcost=-45231539.09
  ВНИМАНИЕ: MIP не закрыл 103 ваг. спроса на погрузку (unmet > 0). Возможные причины:
           (а) PENALTY_UNMET ниже стоимости единственно допустимых плеч,
           (б) HiGHS остановился по rel_gap до закрытия всего спроса.
--- ДИАГНОСТИКА EXCESS SUPPLY (2099 ваг. в 194 узлах) ---
  [s_idx   32] Капчагай | тип=БК | ЕТСНГ=011005 | period=1 | mass_unload=false | осталось 15 из 15 ваг.
    ПРИЧИНА: все Load-спросы уже закрыты (Load-дуг 167, Wash-дуг 0; везде rem_demand=0).
  [s_idx   36] Капчагай | тип=Т | ЕТСНГ=011005 | period=1 | mass_unload=false | осталось 13 из 13 ваг.
    ПРИЧИНА: все Load-спросы уже закрыты (Load-дуг 167, Wash-дуг 0; везде rem_demand=0).
  [s_idx   37] Капчагай | тип=БКТ | ЕТСНГ=011005 | period=1 | mass_unload=false | осталось 17 из 21 ваг.
    ПРИЧИНА: все Load-спросы уже закрыты (Load-дуг 175, Wash-дуг 0; везде rem_demand=0).
  [s_idx   44] Капчагай | тип=Прочие | ЕТСНГ=011005 | period=1 | mass_unload=false | осталось 6 из 6 ваг.
    ПРИЧИНА: все Load-спросы уже закрыты (Load-дуг 167, Wash-дуг 0; везде rem_demand=0).
  [s_idx   58] Шопоков | тип=БКТ | ЕТСНГ=011005 | period=1 | mass_unload=false | осталось 5 из 5 ваг.
    ПРИЧИНА: все Load-спросы уже закрыты (Load-дуг 175, Wash-дуг 0; везде rem_demand=0).
  [s_idx   59] Шопоков | тип=Т | ЕТСНГ=011005 | period=1 | mass_unload=false | осталось 3 из 3 ваг.
    ПРИЧИНА: все Load-спросы уже закрыты (Load-дуг 167, Wash-дуг 0; везде rem_demand=0).
  [s_idx   60] Шопоков | тип=БК | ЕТСНГ=011005 | period=1 | mass_unload=false | осталось 3 из 3 ваг.
    ПРИЧИНА: все Load-спросы уже закрыты (Load-дуг 167, Wash-дуг 0; везде rem_demand=0).
  [s_idx   61] Шопоков | тип=Прочие | ЕТСНГ=011005 | period=1 | mass_unload=false | осталось 1 из 1 ваг.
    ПРИЧИНА: все Load-спросы уже закрыты (Load-дуг 167, Wash-дуг 0; везде rem_demand=0).
  [s_idx   62] Бишкек 1 | тип=Т | ЕТСНГ=014003 | period=1 | mass_unload=false | осталось 2 из 2 ваг.
    ПРИЧИНА: все Load-спросы уже закрыты (Load-дуг 167, Wash-дуг 0; везде rem_demand=0).
  [s_idx   64] Бишкек 1 | тип=БКТ | ЕТСНГ=014003 | period=1 | mass_unload=false | осталось 1 из 1 ваг.
    ПРИЧИНА: все Load-спросы уже закрыты (Load-дуг 175, Wash-дуг 0; везде rem_demand=0).
  [s_idx   73] Владивосток (Экспорт) | тип=БКТ | ЕТСНГ=011005 | period=1 | mass_unload=false | осталось 3 из 3 ваг.
    ПРИЧИНА: все Load-спросы уже закрыты (Load-дуг 1, Wash-дуг 0; везде rem_demand=0).
  [s_idx   74] Владивосток (Экспорт) | тип=БК | ЕТСНГ=011005 | period=1 | mass_unload=false | осталось 1 из 1 ваг.
    ПРИЧИНА: все Load-спросы уже закрыты (Load-дуг 1, Wash-дуг 0; везде rem_demand=0).
  [s_idx   75] Владивосток (Экспорт) | тип=Т | ЕТСНГ=011005 | period=1 | mass_unload=false | осталось 1 из 1 ваг.
    ПРИЧИНА: все Load-спросы уже закрыты (Load-дуг 1, Wash-дуг 0; везде rem_demand=0).
  [s_idx   76] Поярково | тип=Прочие | ЕТСНГ=— | period=1 | mass_unload=false | осталось 3 из 3 ваг.
    ПРИЧИНА: все Load-спросы уже закрыты (Load-дуг 8, Wash-дуг 0; везде rem_demand=0).
  [s_idx   77] Поярково | тип=БК | ЕТСНГ=— | period=1 | mass_unload=false | осталось 2 из 2 ваг.
    ПРИЧИНА: все Load-спросы уже закрыты (Load-дуг 8, Wash-дуг 0; везде rem_demand=0).
  [s_idx   78] Поярково | тип=БКТ | ЕТСНГ=— | period=1 | mass_unload=false | осталось 1 из 1 ваг.
    ПРИЧИНА: все Load-спросы уже закрыты (Load-дуг 8, Wash-дуг 0; везде rem_demand=0).
  [s_idx   79] Поярково | тип=Т | ЕТСНГ=— | period=1 | mass_unload=false | осталось 5 из 5 ваг.
    ПРИЧИНА: все Load-спросы уже закрыты (Load-дуг 8, Wash-дуг 0; везде rem_demand=0).
  [s_idx   80] Белогорск 2 | тип=Прочие | ЕТСНГ=421195 | period=1 | mass_unload=false | осталось 1 из 1 ваг.
    ПРИЧИНА: все Load-спросы уже закрыты (Load-дуг 8, Wash-дуг 0; везде rem_demand=0).
  [s_idx   89] Смоленск | тип=БК | ЕТСНГ=542239 | period=1 | mass_unload=false | осталось 4 из 4 ваг.
    ПРИЧИНА: доступны только Wash-дуги (36 шт., мин. стоимость 65210 руб./ваг.) при штрафе за остаток узла 5000 руб./ваг. (профицит).
             Промывка дороже штрафа — MIP оставил вагоны в остатке (Wash не имеет штрафа за незаполнение).
  [s_idx   91] Смоленск | тип=БКТ | ЕТСНГ=542239 | period=1 | mass_unload=false | осталось 2 из 2 ваг.
    ПРИЧИНА: доступны только Wash-дуги (36 шт., мин. стоимость 65210 руб./ваг.) при штрафе за остаток узла 5000 руб./ваг. (профицит).
             Промывка дороже штрафа — MIP оставил вагоны в остатке (Wash не имеет штрафа за незаполнение).
  [s_idx  118] Сорочинская | тип=БК | ЕТСНГ=421034 | period=1 | mass_unload=false | осталось 1 из 1 ваг.
    ПРИЧИНА: доступны только Wash-дуги (36 шт., мин. стоимость 67021 руб./ваг.) при штрафе за остаток узла 5000 руб./ваг. (профицит).
             Промывка дороже штрафа — MIP оставил вагоны в остатке (Wash не имеет штрафа за незаполнение).
  [s_idx  119] Каргала | тип=БКТ | ЕТСНГ=542224 | period=1 | mass_unload=false | осталось 1 из 1 ваг.
    ПРИЧИНА: доступны только Wash-дуги (36 шт., мин. стоимость 70707 руб./ваг.) при штрафе за остаток узла 5000 руб./ваг. (профицит).
             Промывка дороже штрафа — MIP оставил вагоны в остатке (Wash не имеет штрафа за незаполнение).
  [s_idx  120] Охангарон | тип=БКТ | ЕТСНГ=011005 | period=1 | mass_unload=false | осталось 4 из 4 ваг.
    ПРИЧИНА: все Load-спросы уже закрыты (Load-дуг 175, Wash-дуг 0; везде rem_demand=0).
  [s_idx  121] Савай | тип=БКТ | ЕТСНГ=011005 | period=1 | mass_unload=false | осталось 2 из 2 ваг.
    ПРИЧИНА: все Load-спросы уже закрыты (Load-дуг 170, Wash-дуг 0; везде rem_demand=0).
  [s_idx  122] Охангарон | тип=БК | ЕТСНГ=011005 | period=1 | mass_unload=false | осталось 1 из 1 ваг.
    ПРИЧИНА: все Load-спросы уже закрыты (Load-дуг 167, Wash-дуг 0; везде rem_demand=0).
  [s_idx  123] Савай | тип=БК | ЕТСНГ=011005 | period=1 | mass_unload=false | осталось 1 из 1 ваг.
    ПРИЧИНА: все Load-спросы уже закрыты (Load-дуг 163, Wash-дуг 0; везде rem_demand=0).
  [s_idx  124] Савай | тип=Прочие | ЕТСНГ=011005 | period=1 | mass_unload=false | осталось 1 из 1 ваг.
    ПРИЧИНА: все Load-спросы уже закрыты (Load-дуг 163, Wash-дуг 0; везде rem_demand=0).
  [s_idx  125] Охангарон | тип=Т | ЕТСНГ=011005 | period=1 | mass_unload=false | осталось 1 из 1 ваг.
    ПРИЧИНА: все Load-спросы уже закрыты (Load-дуг 167, Wash-дуг 0; везде rem_demand=0).
  [s_idx  134] Высоцк (Экспорт) | тип=БКТ | ЕТСНГ=011005 | period=10 | mass_unload=true | осталось 109 из 134 ваг.
    ПРИЧИНА: все Load-спросы уже закрыты (Load-дуг 175, Wash-дуг 0; везде rem_demand=0).
  [s_idx  138] Капчагай | тип=БКТ | ЕТСНГ=011005 | period=10 | mass_unload=false | осталось 17 из 17 ваг.
    ПРИЧИНА: все Load-спросы уже закрыты (Load-дуг 175, Wash-дуг 0; везде rem_demand=0).
  [s_idx  140] Высоцк (Экспорт) | тип=Т | ЕТСНГ=011005 | period=10 | mass_unload=true | осталось 46 из 76 ваг.
    ПРИЧИНА: все Load-спросы уже закрыты (Load-дуг 167, Wash-дуг 0; везде rem_demand=0).
  [s_idx  141] Лиепая (Экспорт) | тип=БКТ | ЕТСНГ=542072 | period=10 | mass_unload=true | осталось 47 из 47 ваг.
    ПРИЧИНА: все Load-спросы уже закрыты (Load-дуг 163, Wash-дуг 0; везде rem_demand=0).
  [s_idx  142] Лужская (Экспорт) | тип=БКТ | ЕТСНГ=011005 | period=10 | mass_unload=true | осталось 348 из 464 ваг.
    ПРИЧИНА: все Load-спросы уже закрыты (Load-дуг 175, Wash-дуг 0; везде rem_demand=0).
  [s_idx  145] Поти (Порт, Экспорт) | тип=БК | ЕТСНГ=018131 | period=10 | mass_unload=true | осталось 43 из 43 ваг.
    ПРИЧИНА: все Load-спросы уже закрыты (Load-дуг 155, Wash-дуг 0; везде rem_demand=0).
  [s_idx  147] Лиепая (Экспорт) | тип=БК | ЕТСНГ=542072 | period=10 | mass_unload=true | осталось 11 из 11 ваг.
    ПРИЧИНА: все Load-спросы уже закрыты (Load-дуг 155, Wash-дуг 0; везде rem_demand=0).
  [s_idx  148] Смоленск | тип=БКТ | ЕТСНГ=542239 | period=10 | mass_unload=false | осталось 1 из 1 ваг.
    ПРИЧИНА: доступны только Wash-дуги (36 шт., мин. стоимость 97210 руб./ваг.) при штрафе за остаток узла 5000 руб./ваг. (профицит).
             Промывка дороже штрафа — MIP оставил вагоны в остатке (Wash не имеет штрафа за незаполнение).
  [s_idx  149] Поти (Порт, Экспорт) | тип=БКТ | ЕТСНГ=018131 | period=10 | mass_unload=true | осталось 137 из 137 ваг.
    ПРИЧИНА: все Load-спросы уже закрыты (Load-дуг 162, Wash-дуг 0; везде rem_demand=0).
  [s_idx  150] Лужская (Экспорт) | тип=Т | ЕТСНГ=011005 | period=10 | mass_unload=true | осталось 94 из 220 ваг.
    ПРИЧИНА: все Load-спросы уже закрыты (Load-дуг 167, Wash-дуг 0; везде rem_demand=0).
  [s_idx  151] Лужская (Экспорт) | тип=БК | ЕТСНГ=011005 | period=10 | mass_unload=true | осталось 98 из 174 ваг.
    ПРИЧИНА: все Load-спросы уже закрыты (Load-дуг 167, Wash-дуг 0; везде rem_demand=0).
  [s_idx  152] Высоцк (Экспорт) | тип=БК | ЕТСНГ=011005 | period=10 | mass_unload=true | осталось 34 из 49 ваг.
    ПРИЧИНА: все Load-спросы уже закрыты (Load-дуг 167, Wash-дуг 0; везде rem_demand=0).
  [s_idx  153] Лиепая (Экспорт) | тип=БК | ЕТСНГ=011005 | period=10 | mass_unload=true | осталось 81 из 81 ваг.
    ПРИЧИНА: все Load-спросы уже закрыты (Load-дуг 155, Wash-дуг 0; везде rem_demand=0).
  [s_idx  156] Вайвара (Экспорт) | тип=БК | ЕТСНГ=018131 | period=10 | mass_unload=false | осталось 22 из 22 ваг.
    ПРИЧИНА: все Load-спросы уже закрыты (Load-дуг 155, Wash-дуг 0; везде rem_demand=0).
  [s_idx  157] Лиепая (Экспорт) | тип=БК | ЕТСНГ=014003 | period=10 | mass_unload=true | осталось 19 из 19 ваг.
    ПРИЧИНА: все Load-спросы уже закрыты (Load-дуг 155, Wash-дуг 0; везде rem_demand=0).
  [s_idx  159] Поти (Порт, Экспорт) | тип=БК | ЕТСНГ=011005 | period=10 | mass_unload=true | осталось 32 из 32 ваг.
    ПРИЧИНА: все Load-спросы уже закрыты (Load-дуг 155, Wash-дуг 0; везде rem_demand=0).
  [s_idx  162] Астара (Экспорт) | тип=БКТ | ЕТСНГ=011005 | period=10 | mass_unload=false | осталось 10 из 10 ваг.
    ПРИЧИНА: все Load-спросы уже закрыты (Load-дуг 163, Wash-дуг 0; везде rem_demand=0).
  [s_idx  165] Лиепая (Экспорт) | тип=БКТ | ЕТСНГ=011005 | period=10 | mass_unload=true | осталось 181 из 181 ваг.
    ПРИЧИНА: все Load-спросы уже закрыты (Load-дуг 163, Wash-дуг 0; везде rem_demand=0).
  [s_idx  166] Шурчи (РЗД) | тип=БКТ | ЕТСНГ=011005 | period=10 | mass_unload=false | осталось 7 из 7 ваг.
    ПРИЧИНА: все Load-спросы уже закрыты (Load-дуг 169, Wash-дуг 0; везде rem_demand=0).
  [s_idx  168] Шурчи (РЗД) | тип=Т | ЕТСНГ=011005 | period=10 | mass_unload=false | осталось 2 из 2 ваг.
    ПРИЧИНА: все Load-спросы уже закрыты (Load-дуг 162, Wash-дуг 0; везде rem_demand=0).
  [s_idx  171] Поти (Порт, Экспорт) | тип=Т | ЕТСНГ=018131 | period=10 | mass_unload=true | осталось 47 из 47 ваг.
    ПРИЧИНА: все Load-спросы уже закрыты (Load-дуг 155, Wash-дуг 0; везде rem_demand=0).
  [s_idx  177] Поти (Порт, Экспорт) | тип=БКТ | ЕТСНГ=011005 | period=10 | mass_unload=true | осталось 23 из 23 ваг.
    ПРИЧИНА: все Load-спросы уже закрыты (Load-дуг 162, Wash-дуг 0; везде rem_demand=0).
  [s_idx  185] Бишкек 1 | тип=БКТ | ЕТСНГ=014003 | period=10 | mass_unload=false | осталось 3 из 3 ваг.
    ПРИЧИНА: все Load-спросы уже закрыты (Load-дуг 175, Wash-дуг 0; везде rem_demand=0).
  [s_idx  186] Вайвара (Экспорт) | тип=БКТ | ЕТСНГ=018131 | period=10 | mass_unload=false | осталось 13 из 23 ваг.
    ПРИЧИНА: все Load-спросы уже закрыты (Load-дуг 162, Wash-дуг 0; везде rem_demand=0).
  [s_idx  188] Байсерке | тип=Т | ЕТСНГ=011005 | period=10 | mass_unload=false | осталось 10 из 10 ваг.
    ПРИЧИНА: все Load-спросы уже закрыты (Load-дуг 167, Wash-дуг 0; везде rem_demand=0).
  [s_idx  191] Лиепая (Экспорт) | тип=БКТ | ЕТСНГ=014003 | period=10 | mass_unload=true | осталось 51 из 51 ваг.
    ПРИЧИНА: все Load-спросы уже закрыты (Load-дуг 163, Wash-дуг 0; везде rem_demand=0).
  [s_idx  196] Лиепая (Экспорт) | тип=Т | ЕТСНГ=542072 | period=10 | mass_unload=true | осталось 9 из 9 ваг.
    ПРИЧИНА: все Load-спросы уже закрыты (Load-дуг 155, Wash-дуг 0; везде rem_demand=0).
  [s_idx  200] Денов | тип=БКТ | ЕТСНГ=011005 | period=10 | mass_unload=false | осталось 9 из 9 ваг.
    ПРИЧИНА: все Load-спросы уже закрыты (Load-дуг 172, Wash-дуг 0; везде rem_demand=0).
  [s_idx  201] Лиепая (Экспорт) | тип=Т | ЕТСНГ=014003 | period=10 | mass_unload=true | осталось 20 из 20 ваг.
    ПРИЧИНА: все Load-спросы уже закрыты (Load-дуг 155, Wash-дуг 0; везде rem_demand=0).
  [s_idx  202] Беловодская | тип=БКТ | ЕТСНГ=011005 | period=10 | mass_unload=false | осталось 3 из 3 ваг.
    ПРИЧИНА: все Load-спросы уже закрыты (Load-дуг 175, Wash-дуг 0; везде rem_demand=0).
  [s_idx  203] Лиепая (Экспорт) | тип=Т | ЕТСНГ=011005 | period=10 | mass_unload=true | осталось 77 из 77 ваг.
    ПРИЧИНА: все Load-спросы уже закрыты (Load-дуг 155, Wash-дуг 0; везде rem_demand=0).
  [s_idx  204] Аламедин | тип=БК | ЕТСНГ=011005 | period=10 | mass_unload=false | осталось 9 из 9 ваг.
    ПРИЧИНА: все Load-спросы уже закрыты (Load-дуг 167, Wash-дуг 0; везде rem_demand=0).
  [s_idx  206] Беловодская | тип=БКТ | ЕТСНГ=014003 | period=10 | mass_unload=false | осталось 6 из 6 ваг.
    ПРИЧИНА: все Load-спросы уже закрыты (Load-дуг 175, Wash-дуг 0; везде rem_demand=0).
  [s_idx  207] Аламедин | тип=БКТ | ЕТСНГ=011005 | period=10 | mass_unload=false | осталось 5 из 5 ваг.
    ПРИЧИНА: все Load-спросы уже закрыты (Load-дуг 175, Wash-дуг 0; везде rem_demand=0).
  [s_idx  213] Сумгаит | тип=БКТ | ЕТСНГ=011005 | period=10 | mass_unload=false | осталось 4 из 14 ваг.
    ПРИЧИНА: все Load-спросы уже закрыты (Load-дуг 163, Wash-дуг 0; везде rem_demand=0).
  [s_idx  215] Астара (Экспорт) | тип=БК | ЕТСНГ=011005 | period=10 | mass_unload=false | осталось 5 из 5 ваг.
    ПРИЧИНА: все Load-спросы уже закрыты (Load-дуг 155, Wash-дуг 0; везде rem_demand=0).
  [s_idx  216] Говсан | тип=БК | ЕТСНГ=011005 | period=10 | mass_unload=false | осталось 8 из 8 ваг.
    ПРИЧИНА: все Load-спросы уже закрыты (Load-дуг 30, Wash-дуг 0; везде rem_demand=0).
  [s_idx  219] Говсан | тип=БКТ | ЕТСНГ=011005 | period=10 | mass_unload=false | осталось 6 из 6 ваг.
    ПРИЧИНА: все Load-спросы уже закрыты (Load-дуг 33, Wash-дуг 0; везде rem_demand=0).
  [s_idx  221] Денов | тип=БК | ЕТСНГ=011005 | period=10 | mass_unload=false | осталось 12 из 12 ваг.
    ПРИЧИНА: все Load-спросы уже закрыты (Load-дуг 165, Wash-дуг 0; везде rem_demand=0).
  [s_idx  225] Забайкальск (Экспорт на КЖД [Китай]) | тип=БК | ЕТСНГ=018038 | period=10 | mass_unload=false | осталось 16 из 16 ваг.
    ПРИЧИНА: все Load-спросы уже закрыты (Load-дуг 68, Wash-дуг 0; везде rem_demand=0).
  [s_idx  226] Забайкальск (Экспорт на КЖД [Китай]) | тип=БКТ | ЕТСНГ=018038 | period=10 | mass_unload=false | осталось 14 из 14 ваг.
    ПРИЧИНА: все Load-спросы уже закрыты (Load-дуг 70, Wash-дуг 0; везде rem_demand=0).
  [s_idx  229] Забайкальск (Экспорт на КЖД [Китай]) | тип=Т | ЕТСНГ=018038 | period=10 | mass_unload=false | осталось 7 из 7 ваг.
    ПРИЧИНА: все Load-спросы уже закрыты (Load-дуг 68, Wash-дуг 0; везде rem_demand=0).
  [s_idx  235] Великий Новгород | тип=БКТ | ЕТСНГ=542224 | period=10 | mass_unload=false | осталось 3 из 3 ваг.
    ПРИЧИНА: доступны только Wash-дуги (36 шт., мин. стоимость 89596 руб./ваг.) при штрафе за остаток узла 5000 руб./ваг. (профицит).
             Промывка дороже штрафа — MIP оставил вагоны в остатке (Wash не имеет штрафа за незаполнение).
  [s_idx  236] Алатырь | тип=Т | ЕТСНГ=542224 | period=10 | mass_unload=false | осталось 2 из 2 ваг.
    ПРИЧИНА: доступны только Wash-дуги (36 шт., мин. стоимость 97698 руб./ваг.) при штрафе за остаток узла 5000 руб./ваг. (профицит).
             Промывка дороже штрафа — MIP оставил вагоны в остатке (Wash не имеет штрафа за незаполнение).
  [s_idx  237] Нижний Ломов | тип=БКТ | ЕТСНГ=542224 | period=10 | mass_unload=false | осталось 5 из 5 ваг.
    ПРИЧИНА: доступны только Wash-дуги (36 шт., мин. стоимость 118817 руб./ваг.) при штрафе за остаток узла 5000 руб./ваг. (профицит).
             Промывка дороже штрафа — MIP оставил вагоны в остатке (Wash не имеет штрафа за незаполнение).
  [s_idx  238] Великий Новгород | тип=БК | ЕТСНГ=542224 | period=10 | mass_unload=false | осталось 1 из 1 ваг.
    ПРИЧИНА: доступны только Wash-дуги (36 шт., мин. стоимость 89596 руб./ваг.) при штрафе за остаток узла 5000 руб./ваг. (профицит).
             Промывка дороже штрафа — MIP оставил вагоны в остатке (Wash не имеет штрафа за незаполнение).
  [s_idx  240] Даларик | тип=Т | ЕТСНГ=011005 | period=10 | mass_unload=false | осталось 6 из 6 ваг.
    ПРИЧИНА: все Load-спросы уже закрыты (Load-дуг 155, Wash-дуг 0; везде rem_demand=0).
  [s_idx  241] Невдубстрой | тип=БКТ | ЕТСНГ=542224 | period=10 | mass_unload=false | осталось 3 из 3 ваг.
    ПРИЧИНА: доступны только Wash-дуги (36 шт., мин. стоимость 67759 руб./ваг.) при штрафе за остаток узла 5000 руб./ваг. (профицит).
             Промывка дороже штрафа — MIP оставил вагоны в остатке (Wash не имеет штрафа за незаполнение).
  [s_idx  243] Беловодская | тип=БК | ЕТСНГ=011005 | period=10 | mass_unload=false | осталось 2 из 2 ваг.
    ПРИЧИНА: все Load-спросы уже закрыты (Load-дуг 167, Wash-дуг 0; везде rem_demand=0).
  [s_idx  245] Богоявленск | тип=БК | ЕТСНГ=542239 | period=10 | mass_unload=false | осталось 3 из 3 ваг.
    ПРИЧИНА: доступны только Wash-дуги (36 шт., мин. стоимость 89101 руб./ваг.) при штрафе за остаток узла 5000 руб./ваг. (профицит).
             Промывка дороже штрафа — MIP оставил вагоны в остатке (Wash не имеет штрафа за незаполнение).
  [s_idx  246] Новый Порт (Экспорт) | тип=БКТ | ЕТСНГ=542296 | period=10 | mass_unload=false | осталось 3 из 3 ваг.
    ПРИЧИНА: доступны только Wash-дуги (36 шт., мин. стоимость 83205 руб./ваг.) при штрафе за остаток узла 5000 руб./ваг. (профицит).
             Промывка дороже штрафа — MIP оставил вагоны в остатке (Wash не имеет штрафа за незаполнение).
  [s_idx  251] Селикса | тип=БК | ЕТСНГ=542224 | period=10 | mass_unload=false | осталось 9 из 9 ваг.
    ПРИЧИНА: доступны только Wash-дуги (36 шт., мин. стоимость 95187 руб./ваг.) при штрафе за остаток узла 5000 руб./ваг. (профицит).
             Промывка дороже штрафа — MIP оставил вагоны в остатке (Wash не имеет штрафа за незаполнение).
  [s_idx  252] Баженово | тип=БКТ | ЕТСНГ=542239 | period=10 | mass_unload=false | осталось 2 из 2 ваг.
    ПРИЧИНА: доступны только Wash-дуги (36 шт., мин. стоимость 70344 руб./ваг.) при штрафе за остаток узла 5000 руб./ваг. (профицит).
             Промывка дороже штрафа — MIP оставил вагоны в остатке (Wash не имеет штрафа за незаполнение).
  [s_idx  265] Забайкальск (Экспорт на КЖД [Китай]) | тип=БК | ЕТСНГ=014003 | period=10 | mass_unload=false | осталось 2 из 2 ваг.
    ПРИЧИНА: все Load-спросы уже закрыты (Load-дуг 68, Wash-дуг 0; везде rem_demand=0).
  [s_idx  269] Лиепая (Экспорт) | тип=БК | ЕТСНГ=542239 | period=10 | mass_unload=true | осталось 6 из 6 ваг.
    ПРИЧИНА: все Load-спросы уже закрыты (Load-дуг 155, Wash-дуг 0; везде rem_demand=0).
  [s_idx  270] Шурчи (РЗД) | тип=БК | ЕТСНГ=011005 | period=10 | mass_unload=false | осталось 4 из 4 ваг.
    ПРИЧИНА: все Load-спросы уже закрыты (Load-дуг 162, Wash-дуг 0; везде rem_demand=0).
  [s_idx  271] Лиепая (Экспорт) | тип=БКТ | ЕТСНГ=505028 | period=10 | mass_unload=true | осталось 2 из 2 ваг.
    ПРИЧИНА: все Load-спросы уже закрыты (Load-дуг 163, Wash-дуг 0; везде rem_demand=0).
  [s_idx  277] Владивосток (Экспорт) | тип=Т | ЕТСНГ=011005 | period=10 | mass_unload=false | осталось 2 из 2 ваг.
    ПРИЧИНА: все Load-спросы уже закрыты (Load-дуг 1, Wash-дуг 0; везде rem_demand=0).
  [s_idx  281] Астара (Экспорт) | тип=Т | ЕТСНГ=011005 | period=10 | mass_unload=false | осталось 7 из 7 ваг.
    ПРИЧИНА: все Load-спросы уже закрыты (Load-дуг 155, Wash-дуг 0; везде rem_demand=0).
  [s_idx  284] Забайкальск (Экспорт на КЖД [Китай]) | тип=Т | ЕТСНГ=014003 | period=10 | mass_unload=false | осталось 1 из 1 ваг.
    ПРИЧИНА: все Load-спросы уже закрыты (Load-дуг 68, Wash-дуг 0; везде rem_demand=0).
  [s_idx  290] Колышлей | тип=БКТ | ЕТСНГ=542224 | period=10 | mass_unload=false | осталось 3 из 3 ваг.
    ПРИЧИНА: доступны только Wash-дуги (36 шт., мин. стоимость 106886 руб./ваг.) при штрафе за остаток узла 5000 руб./ваг. (профицит).
             Промывка дороже штрафа — MIP оставил вагоны в остатке (Wash не имеет штрафа за незаполнение).
  [s_idx  291] Кара-Балта | тип=Т | ЕТСНГ=011005 | period=10 | mass_unload=false | осталось 1 из 1 ваг.
    ПРИЧИНА: все Load-спросы уже закрыты (Load-дуг 167, Wash-дуг 0; везде rem_demand=0).
  [s_idx  293] Денов | тип=Т | ЕТСНГ=011005 | period=10 | mass_unload=false | осталось 3 из 3 ваг.
    ПРИЧИНА: все Load-спросы уже закрыты (Load-дуг 165, Wash-дуг 0; везде rem_demand=0).
  [s_idx  295] Кара-Балта | тип=БКТ | ЕТСНГ=011005 | period=10 | mass_unload=false | осталось 3 из 3 ваг.
    ПРИЧИНА: все Load-спросы уже закрыты (Load-дуг 175, Wash-дуг 0; везде rem_demand=0).
  [s_idx  298] Бишкек 1 | тип=Т | ЕТСНГ=014003 | period=10 | mass_unload=false | осталось 2 из 2 ваг.
    ПРИЧИНА: все Load-спросы уже закрыты (Load-дуг 167, Wash-дуг 0; везде rem_demand=0).
  [s_idx  299] Гродеково (Экспорт на КЖД [Китай]) | тип=БК | ЕТСНГ=015006 | period=10 | mass_unload=false | осталось 3 из 3 ваг.
    ПРИЧИНА: все Load-спросы уже закрыты (Load-дуг 1, Wash-дуг 0; везде rem_demand=0).
  [s_idx  309] Восстание | тип=Т | ЕТСНГ=542224 | period=10 | mass_unload=false | осталось 2 из 2 ваг.
    ПРИЧИНА: доступны только Wash-дуги (36 шт., мин. стоимость 115344 руб./ваг.) при штрафе за остаток узла 5000 руб./ваг. (профицит).
             Промывка дороже штрафа — MIP оставил вагоны в остатке (Wash не имеет штрафа за незаполнение).
  [s_idx  310] Нижний Ломов | тип=Т | ЕТСНГ=542224 | period=10 | mass_unload=false | осталось 3 из 3 ваг.
    ПРИЧИНА: доступны только Wash-дуги (36 шт., мин. стоимость 118817 руб./ваг.) при штрафе за остаток узла 5000 руб./ваг. (профицит).
             Промывка дороже штрафа — MIP оставил вагоны в остатке (Wash не имеет штрафа за незаполнение).
  [s_idx  311] Конаково ГРЭС | тип=Т | ЕТСНГ=542224 | period=10 | mass_unload=false | осталось 4 из 4 ваг.
    ПРИЧИНА: доступны только Wash-дуги (36 шт., мин. стоимость 114638 руб./ваг.) при штрафе за остаток узла 5000 руб./ваг. (профицит).
             Промывка дороже штрафа — MIP оставил вагоны в остатке (Wash не имеет штрафа за незаполнение).
  [s_idx  312] Великий Новгород | тип=Т | ЕТСНГ=542224 | period=10 | mass_unload=false | осталось 1 из 1 ваг.
    ПРИЧИНА: доступны только Wash-дуги (36 шт., мин. стоимость 89596 руб./ваг.) при штрафе за остаток узла 5000 руб./ваг. (профицит).
             Промывка дороже штрафа — MIP оставил вагоны в остатке (Wash не имеет штрафа за незаполнение).
  [s_idx  314] Байсерке | тип=БКТ | ЕТСНГ=011005 | period=10 | mass_unload=false | осталось 15 из 15 ваг.
    ПРИЧИНА: все Load-спросы уже закрыты (Load-дуг 175, Wash-дуг 0; везде rem_demand=0).
  [s_idx  315] Стрижи | тип=БК | ЕТСНГ=542239 | period=10 | mass_unload=false | осталось 1 из 1 ваг.
    ПРИЧИНА: доступны только Wash-дуги (36 шт., мин. стоимость 136983 руб./ваг.) при штрафе за остаток узла 5000 руб./ваг. (профицит).
             Промывка дороже штрафа — MIP оставил вагоны в остатке (Wash не имеет штрафа за незаполнение).
  [s_idx  317] Забайкальск (Экспорт на КЖД [Китай]) | тип=БКТ | ЕТСНГ=434034 | period=10 | mass_unload=false | осталось 2 из 2 ваг.
    ПРИЧИНА: все Load-спросы уже закрыты (Load-дуг 70, Wash-дуг 0; везде rem_demand=0).
  [s_idx  318] Селикса | тип=БКТ | ЕТСНГ=542224 | period=10 | mass_unload=false | осталось 13 из 13 ваг.
    ПРИЧИНА: доступны только Wash-дуги (36 шт., мин. стоимость 95187 руб./ваг.) при штрафе за остаток узла 5000 руб./ваг. (профицит).
             Промывка дороже штрафа — MIP оставил вагоны в остатке (Wash не имеет штрафа за незаполнение).
  [s_idx  322] Ожерелье | тип=БК | ЕТСНГ=542224 | period=10 | mass_unload=false | осталось 2 из 2 ваг.
    ПРИЧИНА: доступны только Wash-дуги (36 шт., мин. стоимость 73022 руб./ваг.) при штрафе за остаток узла 5000 руб./ваг. (профицит).
             Промывка дороже штрафа — MIP оставил вагоны в остатке (Wash не имеет штрафа за незаполнение).
  [s_idx  323] Металлист | тип=БКТ | ЕТСНГ=— | period=10 | mass_unload=false | осталось 2 из 5 ваг.
    ПРИЧИНА: доступны только Wash-дуги (36 шт., мин. стоимость 91116 руб./ваг.) при штрафе за остаток узла 5000 руб./ваг. (профицит).
             Промывка дороже штрафа — MIP оставил вагоны в остатке (Wash не имеет штрафа за незаполнение).
  [s_idx  324] Лиепая (Экспорт) | тип=БКТ | ЕТСНГ=542239 | period=10 | mass_unload=true | осталось 6 из 6 ваг.
    ПРИЧИНА: все Load-спросы уже закрыты (Load-дуг 163, Wash-дуг 0; везде rem_demand=0).
  [s_idx  325] Алексеевка | тип=БКТ | ЕТСНГ=542239 | period=10 | mass_unload=false | осталось 3 из 3 ваг.
    ПРИЧИНА: доступны только Wash-дуги (36 шт., мин. стоимость 91154 руб./ваг.) при штрафе за остаток узла 5000 руб./ваг. (профицит).
             Промывка дороже штрафа — MIP оставил вагоны в остатке (Wash не имеет штрафа за незаполнение).
  [s_idx  332] Невдубстрой | тип=Т | ЕТСНГ=542224 | period=10 | mass_unload=false | осталось 3 из 3 ваг.
    ПРИЧИНА: доступны только Wash-дуги (36 шт., мин. стоимость 67759 руб./ваг.) при штрафе за остаток узла 5000 руб./ваг. (профицит).
             Промывка дороже штрафа — MIP оставил вагоны в остатке (Wash не имеет штрафа за незаполнение).
  [s_idx  334] Забайкальск (Экспорт на КЖД [Китай]) | тип=БКТ | ЕТСНГ=014003 | period=10 | mass_unload=false | осталось 4 из 4 ваг.
    ПРИЧИНА: все Load-спросы уже закрыты (Load-дуг 70, Wash-дуг 0; везде rem_demand=0).
  [s_idx  335] Галич | тип=БКТ | ЕТСНГ=542239 | period=10 | mass_unload=false | осталось 2 из 2 ваг.
    ПРИЧИНА: доступны только Wash-дуги (36 шт., мин. стоимость 96208 руб./ваг.) при штрафе за остаток узла 5000 руб./ваг. (профицит).
             Промывка дороже штрафа — MIP оставил вагоны в остатке (Wash не имеет штрафа за незаполнение).
  [s_idx  338] Беловодская | тип=БК | ЕТСНГ=014003 | period=10 | mass_unload=false | осталось 5 из 5 ваг.
    ПРИЧИНА: все Load-спросы уже закрыты (Load-дуг 167, Wash-дуг 0; везде rem_demand=0).
  [s_idx  341] Владивосток (Экспорт) | тип=БКТ | ЕТСНГ=011005 | period=10 | mass_unload=false | осталось 8 из 8 ваг.
    ПРИЧИНА: все Load-спросы уже закрыты (Load-дуг 1, Wash-дуг 0; везде rem_demand=0).
  [s_idx  346] Почеп | тип=БК | ЕТСНГ=542224 | period=10 | mass_unload=false | осталось 6 из 6 ваг.
    ПРИЧИНА: доступны только Wash-дуги (36 шт., мин. стоимость 70949 руб./ваг.) при штрафе за остаток узла 5000 руб./ваг. (профицит).
             Промывка дороже штрафа — MIP оставил вагоны в остатке (Wash не имеет штрафа за незаполнение).
  [s_idx  347] Новосибирск-Западный | тип=БКТ | ЕТСНГ=014003 | period=10 | mass_unload=false | осталось 1 из 3 ваг.
    ПРИЧИНА: все Load-спросы уже закрыты (Load-дуг 8, Wash-дуг 0; везде rem_demand=0).
  [s_idx  352] Гродеково (Экспорт на КЖД [Китай]) | тип=БКТ | ЕТСНГ=015006 | period=10 | mass_unload=false | осталось 3 из 3 ваг.
    ПРИЧИНА: все Load-спросы уже закрыты (Load-дуг 1, Wash-дуг 0; везде rem_demand=0).
  [s_idx  353] Новый Порт (Экспорт) | тип=БК | ЕТСНГ=542296 | period=10 | mass_unload=false | осталось 4 из 4 ваг.
    ПРИЧИНА: доступны только Wash-дуги (36 шт., мин. стоимость 83205 руб./ваг.) при штрафе за остаток узла 5000 руб./ваг. (профицит).
             Промывка дороже штрафа — MIP оставил вагоны в остатке (Wash не имеет штрафа за незаполнение).
  [s_idx  355] Жердевка | тип=Т | ЕТСНГ=542239 | period=10 | mass_unload=false | осталось 2 из 4 ваг.
    ПРИЧИНА: доступны только Wash-дуги (36 шт., мин. стоимость 92165 руб./ваг.) при штрафе за остаток узла 5000 руб./ваг. (профицит).
             Промывка дороже штрафа — MIP оставил вагоны в остатке (Wash не имеет штрафа за незаполнение).
  [s_idx  360] Шиповка | тип=Т | ЕТСНГ=021083 | period=10 | mass_unload=false | осталось 5 из 5 ваг.
    ПРИЧИНА: все Load-спросы уже закрыты (Load-дуг 151, Wash-дуг 0; везде rem_demand=0).
  [s_idx  364] Стрижи | тип=Т | ЕТСНГ=542224 | period=10 | mass_unload=false | осталось 2 из 2 ваг.
    ПРИЧИНА: доступны только Wash-дуги (36 шт., мин. стоимость 136983 руб./ваг.) при штрафе за остаток узла 5000 руб./ваг. (профицит).
             Промывка дороже штрафа — MIP оставил вагоны в остатке (Wash не имеет штрафа за незаполнение).
  [s_idx  365] Тюмень | тип=БКТ | ЕТСНГ=542224 | period=10 | mass_unload=false | осталось 3 из 3 ваг.
    ПРИЧИНА: доступны только Wash-дуги (36 шт., мин. стоимость 110695 руб./ваг.) при штрафе за остаток узла 5000 руб./ваг. (профицит).
             Промывка дороже штрафа — MIP оставил вагоны в остатке (Wash не имеет штрафа за незаполнение).
  [s_idx  366] Почеп | тип=БКТ | ЕТСНГ=542224 | period=10 | mass_unload=false | осталось 2 из 9 ваг.
    ПРИЧИНА: доступны только Wash-дуги (36 шт., мин. стоимость 70949 руб./ваг.) при штрафе за остаток узла 5000 руб./ваг. (профицит).
             Промывка дороже штрафа — MIP оставил вагоны в остатке (Wash не имеет штрафа за незаполнение).
  [s_idx  369] Куланга | тип=БКТ | ЕТСНГ=542224 | period=10 | mass_unload=false | осталось 1 из 1 ваг.
    ПРИЧИНА: доступны только Wash-дуги (36 шт., мин. стоимость 98763 руб./ваг.) при штрафе за остаток узла 5000 руб./ваг. (профицит).
             Промывка дороже штрафа — MIP оставил вагоны в остатке (Wash не имеет штрафа за незаполнение).
  [s_idx  371] Невель 1 | тип=БК | ЕТСНГ=542224 | period=10 | mass_unload=false | осталось 1 из 1 ваг.
    ПРИЧИНА: доступны только Wash-дуги (36 шт., мин. стоимость 139462 руб./ваг.) при штрафе за остаток узла 5000 руб./ваг. (профицит).
             Промывка дороже штрафа — MIP оставил вагоны в остатке (Wash не имеет штрафа за незаполнение).
  [s_idx  372] Селикса | тип=Т | ЕТСНГ=542224 | period=10 | mass_unload=false | осталось 2 из 2 ваг.
    ПРИЧИНА: доступны только Wash-дуги (36 шт., мин. стоимость 95187 руб./ваг.) при штрафе за остаток узла 5000 руб./ваг. (профицит).
             Промывка дороже штрафа — MIP оставил вагоны в остатке (Wash не имеет штрафа за незаполнение).
  [s_idx  373] Капчагай | тип=Т | ЕТСНГ=011005 | period=10 | mass_unload=false | осталось 4 из 4 ваг.
    ПРИЧИНА: все Load-спросы уже закрыты (Load-дуг 167, Wash-дуг 0; везде rem_demand=0).
  [s_idx  376] Базаиха | тип=БКТ | ЕТСНГ=— | period=10 | mass_unload=false | осталось 3 из 3 ваг.
    ПРИЧИНА: доступны только Wash-дуги (36 шт., мин. стоимость 69008 руб./ваг.) при штрафе за остаток узла 5000 руб./ваг. (профицит).
             Промывка дороже штрафа — MIP оставил вагоны в остатке (Wash не имеет штрафа за незаполнение).
  [s_idx  377] Порт Оля (Экспорт) | тип=БКТ | ЕТСНГ=542239 | period=10 | mass_unload=false | осталось 6 из 6 ваг.
    ПРИЧИНА: доступны только Wash-дуги (36 шт., мин. стоимость 94679 руб./ваг.) при штрафе за остаток узла 5000 руб./ваг. (профицит).
             Промывка дороже штрафа — MIP оставил вагоны в остатке (Wash не имеет штрафа за незаполнение).
  [s_idx  378] Новополоцк | тип=БК | ЕТСНГ=421195 | period=10 | mass_unload=false | осталось 1 из 1 ваг.
    ПРИЧИНА: нет ни одной допустимой дуги (нет тарифа, несовм. тип вагона или грязный груз).
  [s_idx  380] Янгийул | тип=БКТ | ЕТСНГ=542050 | period=10 | mass_unload=false | осталось 3 из 3 ваг.
    ПРИЧИНА: все Load-спросы уже закрыты (Load-дуг 174, Wash-дуг 0; везде rem_demand=0).
  [s_idx  391] Почеп | тип=Т | ЕТСНГ=542224 | period=10 | mass_unload=false | осталось 1 из 1 ваг.
    ПРИЧИНА: доступны только Wash-дуги (36 шт., мин. стоимость 70949 руб./ваг.) при штрафе за остаток узла 5000 руб./ваг. (профицит).
             Промывка дороже штрафа — MIP оставил вагоны в остатке (Wash не имеет штрафа за незаполнение).
  [s_idx  394] Байсерке | тип=БК | ЕТСНГ=011005 | period=10 | mass_unload=false | осталось 4 из 4 ваг.
    ПРИЧИНА: все Load-спросы уже закрыты (Load-дуг 167, Wash-дуг 0; везде rem_demand=0).
  [s_idx  395] Смоленск | тип=БК | ЕТСНГ=542239 | period=10 | mass_unload=false | осталось 2 из 2 ваг.
    ПРИЧИНА: доступны только Wash-дуги (36 шт., мин. стоимость 97210 руб./ваг.) при штрафе за остаток узла 5000 руб./ваг. (профицит).
             Промывка дороже штрафа — MIP оставил вагоны в остатке (Wash не имеет штрафа за незаполнение).
  [s_idx  398] Астара (Экспорт) | тип=Т | ЕТСНГ=014003 | period=10 | mass_unload=false | осталось 2 из 2 ваг.
    ПРИЧИНА: все Load-спросы уже закрыты (Load-дуг 155, Wash-дуг 0; везде rem_demand=0).
  [s_idx  405] Савай | тип=БКТ | ЕТСНГ=011005 | period=10 | mass_unload=false | осталось 1 из 1 ваг.
    ПРИЧИНА: все Load-спросы уже закрыты (Load-дуг 170, Wash-дуг 0; везде rem_demand=0).
  [s_idx  409] Новосибирск-Западный | тип=Т | ЕТСНГ=018112 | period=10 | mass_unload=false | осталось 1 из 1 ваг.
    ПРИЧИНА: все Load-спросы уже закрыты (Load-дуг 8, Wash-дуг 0; везде rem_demand=0).
  [s_idx  411] Хабаровск 1 | тип=БК | ЕТСНГ=018112 | period=10 | mass_unload=false | осталось 1 из 1 ваг.
    ПРИЧИНА: все Load-спросы уже закрыты (Load-дуг 8, Wash-дуг 0; везде rem_demand=0).
  [s_idx  413] Входная | тип=БК | ЕТСНГ=542224 | period=10 | mass_unload=false | осталось 1 из 1 ваг.
    ПРИЧИНА: доступны только Wash-дуги (36 шт., мин. стоимость 93172 руб./ваг.) при штрафе за остаток узла 5000 руб./ваг. (профицит).
             Промывка дороже штрафа — MIP оставил вагоны в остатке (Wash не имеет штрафа за незаполнение).
  [s_idx  419] Селикса | тип=БК | ЕТСНГ=— | period=10 | mass_unload=false | осталось 2 из 2 ваг.
    ПРИЧИНА: доступны только Wash-дуги (36 шт., мин. стоимость 95187 руб./ваг.) при штрафе за остаток узла 5000 руб./ваг. (профицит).
             Промывка дороже штрафа — MIP оставил вагоны в остатке (Wash не имеет штрафа за незаполнение).
  [s_idx  421] Ожерелье | тип=БКТ | ЕТСНГ=542224 | period=10 | mass_unload=false | осталось 5 из 5 ваг.
    ПРИЧИНА: доступны только Wash-дуги (36 шт., мин. стоимость 73022 руб./ваг.) при штрафе за остаток узла 5000 руб./ваг. (профицит).
             Промывка дороже штрафа — MIP оставил вагоны в остатке (Wash не имеет штрафа за незаполнение).
  [s_idx  427] Владивосток (Экспорт) | тип=БК | ЕТСНГ=011005 | period=10 | mass_unload=false | осталось 2 из 2 ваг.
    ПРИЧИНА: все Load-спросы уже закрыты (Load-дуг 1, Wash-дуг 0; везде rem_demand=0).
  [s_idx  428] Сангачалы | тип=Т | ЕТСНГ=011005 | period=10 | mass_unload=false | осталось 2 из 2 ваг.
    ПРИЧИНА: все Load-спросы уже закрыты (Load-дуг 155, Wash-дуг 0; везде rem_demand=0).
  [s_idx  429] Базаиха | тип=БКТ | ЕТСНГ=542239 | period=10 | mass_unload=false | осталось 1 из 1 ваг.
    ПРИЧИНА: доступны только Wash-дуги (36 шт., мин. стоимость 69008 руб./ваг.) при штрафе за остаток узла 5000 руб./ваг. (профицит).
             Промывка дороже штрафа — MIP оставил вагоны в остатке (Wash не имеет штрафа за незаполнение).
  [s_idx  431] Беловодская | тип=Т | ЕТСНГ=014003 | period=10 | mass_unload=false | осталось 2 из 2 ваг.
    ПРИЧИНА: все Load-спросы уже закрыты (Load-дуг 167, Wash-дуг 0; везде rem_demand=0).
  [s_idx  445] Богданович | тип=Т | ЕТСНГ=542224 | period=10 | mass_unload=false | осталось 2 из 2 ваг.
    ПРИЧИНА: доступны только Wash-дуги (36 шт., мин. стоимость 73689 руб./ваг.) при штрафе за остаток узла 5000 руб./ваг. (профицит).
             Промывка дороже штрафа — MIP оставил вагоны в остатке (Wash не имеет штрафа за незаполнение).
  [s_idx  446] Даларик | тип=БКТ | ЕТСНГ=011005 | period=10 | mass_unload=false | осталось 2 из 2 ваг.
    ПРИЧИНА: все Load-спросы уже закрыты (Load-дуг 162, Wash-дуг 0; везде rem_demand=0).
  [s_idx  447] Новосибирск-Западный | тип=БКТ | ЕТСНГ=— | period=10 | mass_unload=false | осталось 1 из 1 ваг.
    ПРИЧИНА: доступны только Wash-дуги (36 шт., мин. стоимость 68473 руб./ваг.) при штрафе за остаток узла 5000 руб./ваг. (профицит).
             Промывка дороже штрафа — MIP оставил вагоны в остатке (Wash не имеет штрафа за незаполнение).
  [s_idx  449] Кант | тип=БКТ | ЕТСНГ=011005 | period=10 | mass_unload=false | осталось 3 из 3 ваг.
    ПРИЧИНА: все Load-спросы уже закрыты (Load-дуг 174, Wash-дуг 0; везде rem_demand=0).
  [s_idx  452] Базаиха | тип=Т | ЕТСНГ=542239 | period=10 | mass_unload=false | осталось 1 из 1 ваг.
    ПРИЧИНА: доступны только Wash-дуги (36 шт., мин. стоимость 69008 руб./ваг.) при штрафе за остаток узла 5000 руб./ваг. (профицит).
             Промывка дороже штрафа — MIP оставил вагоны в остатке (Wash не имеет штрафа за незаполнение).
  [s_idx  453] Менделеево | тип=БК | ЕТСНГ=542239 | period=10 | mass_unload=false | осталось 1 из 1 ваг.
    ПРИЧИНА: доступны только Wash-дуги (36 шт., мин. стоимость 125560 руб./ваг.) при штрафе за остаток узла 5000 руб./ваг. (профицит).
             Промывка дороже штрафа — MIP оставил вагоны в остатке (Wash не имеет штрафа за незаполнение).
  [s_idx  454] Ружино | тип=БКТ | ЕТСНГ=421208 | period=10 | mass_unload=false | осталось 1 из 1 ваг.
    ПРИЧИНА: все Load-спросы уже закрыты (Load-дуг 3, Wash-дуг 0; везде rem_demand=0).
  [s_idx  455] Алексеевская | тип=БК | ЕТСНГ=— | period=10 | mass_unload=false | осталось 1 из 1 ваг.
    ПРИЧИНА: доступны только Wash-дуги (36 шт., мин. стоимость 91774 руб./ваг.) при штрафе за остаток узла 5000 руб./ваг. (профицит).
             Промывка дороже штрафа — MIP оставил вагоны в остатке (Wash не имеет штрафа за незаполнение).
  [s_idx  458] Уссурийск | тип=БКТ | ЕТСНГ=011005 | period=10 | mass_unload=false | осталось 2 из 2 ваг.
    ПРИЧИНА: все Load-спросы уже закрыты (Load-дуг 1, Wash-дуг 0; везде rem_demand=0).
  [s_idx  460] Астара (Экспорт) | тип=БКТ | ЕТСНГ=014003 | period=10 | mass_unload=false | осталось 5 из 5 ваг.
    ПРИЧИНА: все Load-спросы уже закрыты (Load-дуг 163, Wash-дуг 0; везде rem_demand=0).
  [s_idx  462] Новосибирск-Западный | тип=БК | ЕТСНГ=014003 | period=10 | mass_unload=false | осталось 1 из 1 ваг.
    ПРИЧИНА: все Load-спросы уже закрыты (Load-дуг 8, Wash-дуг 0; везде rem_demand=0).
  [s_idx  466] Шопоков | тип=БКТ | ЕТСНГ=011005 | period=10 | mass_unload=false | осталось 1 из 1 ваг.
    ПРИЧИНА: все Load-спросы уже закрыты (Load-дуг 175, Wash-дуг 0; везде rem_demand=0).
  [s_idx  469] Новосибирск-Западный | тип=БКТ | ЕТСНГ=011005 | period=10 | mass_unload=false | осталось 1 из 3 ваг.
    ПРИЧИНА: все Load-спросы уже закрыты (Load-дуг 8, Wash-дуг 0; везде rem_demand=0).
  [s_idx  470] Богоявленск | тип=БКТ | ЕТСНГ=542239 | period=10 | mass_unload=false | осталось 1 из 1 ваг.
    ПРИЧИНА: доступны только Wash-дуги (36 шт., мин. стоимость 89101 руб./ваг.) при штрафе за остаток узла 5000 руб./ваг. (профицит).
             Промывка дороже штрафа — MIP оставил вагоны в остатке (Wash не имеет штрафа за незаполнение).
  [s_idx  471] Шагол | тип=Т | ЕТСНГ=542224 | period=10 | mass_unload=false | осталось 2 из 2 ваг.
    ПРИЧИНА: доступны только Wash-дуги (36 шт., мин. стоимость 68094 руб./ваг.) при штрафе за остаток узла 5000 руб./ваг. (профицит).
             Промывка дороже штрафа — MIP оставил вагоны в остатке (Wash не имеет штрафа за незаполнение).
  [s_idx  472] Тюмень | тип=Т | ЕТСНГ=542224 | period=10 | mass_unload=false | осталось 2 из 2 ваг.
    ПРИЧИНА: доступны только Wash-дуги (36 шт., мин. стоимость 110695 руб./ваг.) при штрафе за остаток узла 5000 руб./ваг. (профицит).
             Промывка дороже штрафа — MIP оставил вагоны в остатке (Wash не имеет штрафа за незаполнение).
  [s_idx  475] Жердевка | тип=БКТ | ЕТСНГ=542239 | period=10 | mass_unload=false | осталось 1 из 1 ваг.
    ПРИЧИНА: доступны только Wash-дуги (36 шт., мин. стоимость 92165 руб./ваг.) при штрафе за остаток узла 5000 руб./ваг. (профицит).
             Промывка дороже штрафа — MIP оставил вагоны в остатке (Wash не имеет штрафа за незаполнение).
  [s_idx  476] Абакан | тип=БКТ | ЕТСНГ=421208 | period=10 | mass_unload=false | осталось 1 из 1 ваг.
    ПРИЧИНА: все Load-спросы уже закрыты (Load-дуг 162, Wash-дуг 0; везде rem_demand=0).
  [s_idx  481] Гори | тип=БКТ | ЕТСНГ=018112 | period=10 | mass_unload=false | осталось 1 из 1 ваг.
    ПРИЧИНА: все Load-спросы уже закрыты (Load-дуг 163, Wash-дуг 0; везде rem_demand=0).
  [s_idx  483] Гори | тип=Т | ЕТСНГ=018112 | period=10 | mass_unload=false | осталось 2 из 2 ваг.
    ПРИЧИНА: все Load-спросы уже закрыты (Load-дуг 155, Wash-дуг 0; везде rem_demand=0).
  [s_idx  484] Невдубстрой | тип=БКТ | ЕТСНГ=542239 | period=10 | mass_unload=false | осталось 2 из 2 ваг.
    ПРИЧИНА: доступны только Wash-дуги (36 шт., мин. стоимость 67759 руб./ваг.) при штрафе за остаток узла 5000 руб./ваг. (профицит).
             Промывка дороже штрафа — MIP оставил вагоны в остатке (Wash не имеет штрафа за незаполнение).
  [s_idx  490] Лев Толстой | тип=БКТ | ЕТСНГ=542224 | period=10 | mass_unload=false | осталось 1 из 1 ваг.
    ПРИЧИНА: доступны только Wash-дуги (36 шт., мин. стоимость 91672 руб./ваг.) при штрафе за остаток узла 5000 руб./ваг. (профицит).
             Промывка дороже штрафа — MIP оставил вагоны в остатке (Wash не имеет штрафа за незаполнение).
  [s_idx  492] Шиповка | тип=БКТ | ЕТСНГ=021083 | period=10 | mass_unload=false | осталось 3 из 3 ваг.
    ПРИЧИНА: все Load-спросы уже закрыты (Load-дуг 158, Wash-дуг 0; везде rem_demand=0).
  [s_idx  493] Мурманские Ворота | тип=БК | ЕТСНГ=542239 | period=10 | mass_unload=false | осталось 1 из 1 ваг.
    ПРИЧИНА: доступны только Wash-дуги (36 шт., мин. стоимость 71342 руб./ваг.) при штрафе за остаток узла 5000 руб./ваг. (профицит).
             Промывка дороже штрафа — MIP оставил вагоны в остатке (Wash не имеет штрафа за незаполнение).
  [s_idx  494] Шадринск | тип=БКТ | ЕТСНГ=542239 | period=10 | mass_unload=false | осталось 1 из 1 ваг.
    ПРИЧИНА: доступны только Wash-дуги (36 шт., мин. стоимость 92610 руб./ваг.) при штрафе за остаток узла 5000 руб./ваг. (профицит).
             Промывка дороже штрафа — MIP оставил вагоны в остатке (Wash не имеет штрафа за незаполнение).
  [s_idx  495] Баженово | тип=БК | ЕТСНГ=542239 | period=10 | mass_unload=false | осталось 2 из 2 ваг.
    ПРИЧИНА: доступны только Wash-дуги (36 шт., мин. стоимость 70344 руб./ваг.) при штрафе за остаток узла 5000 руб./ваг. (профицит).
             Промывка дороже штрафа — MIP оставил вагоны в остатке (Wash не имеет штрафа за незаполнение).
  [s_idx  496] Нижний Ломов | тип=БК | ЕТСНГ=542224 | period=10 | mass_unload=false | осталось 2 из 2 ваг.
    ПРИЧИНА: доступны только Wash-дуги (36 шт., мин. стоимость 118817 руб./ваг.) при штрафе за остаток узла 5000 руб./ваг. (профицит).
             Промывка дороже штрафа — MIP оставил вагоны в остатке (Wash не имеет штрафа за незаполнение).
  [s_idx  502] Кара-Балта | тип=БКТ | ЕТСНГ=014003 | period=10 | mass_unload=false | осталось 1 из 1 ваг.
    ПРИЧИНА: все Load-спросы уже закрыты (Load-дуг 175, Wash-дуг 0; везде rem_demand=0).
  [s_idx  503] Капчагай | тип=БК | ЕТСНГ=011005 | period=10 | mass_unload=false | осталось 2 из 2 ваг.
    ПРИЧИНА: все Load-спросы уже закрыты (Load-дуг 167, Wash-дуг 0; везде rem_demand=0).
  [s_idx  507] Данилов | тип=БКТ | ЕТСНГ=542239 | period=10 | mass_unload=false | осталось 1 из 1 ваг.
    ПРИЧИНА: доступны только Wash-дуги (36 шт., мин. стоимость 94247 руб./ваг.) при штрафе за остаток узла 5000 руб./ваг. (профицит).
             Промывка дороже штрафа — MIP оставил вагоны в остатке (Wash не имеет штрафа за незаполнение).
  [s_idx  509] Кара-Балта | тип=БК | ЕТСНГ=011005 | period=10 | mass_unload=false | осталось 1 из 1 ваг.
    ПРИЧИНА: все Load-спросы уже закрыты (Load-дуг 167, Wash-дуг 0; везде rem_demand=0).
  [s_idx  510] Можга | тип=БК | ЕТСНГ=542224 | period=10 | mass_unload=false | осталось 1 из 1 ваг.
    ПРИЧИНА: доступны только Wash-дуги (36 шт., мин. стоимость 114638 руб./ваг.) при штрафе за остаток узла 5000 руб./ваг. (профицит).
             Промывка дороже штрафа — MIP оставил вагоны в остатке (Wash не имеет штрафа за незаполнение).
  [s_idx  511] Красноселка | тип=Т | ЕТСНГ=542224 | period=10 | mass_unload=false | осталось 1 из 1 ваг.
    ПРИЧИНА: доступны только Wash-дуги (36 шт., мин. стоимость 70344 руб./ваг.) при штрафе за остаток узла 5000 руб./ваг. (профицит).
             Промывка дороже штрафа — MIP оставил вагоны в остатке (Wash не имеет штрафа за незаполнение).
  [s_idx  515] Новая Заимка | тип=БКТ | ЕТСНГ=542239 | period=10 | mass_unload=false | осталось 1 из 1 ваг.
    ПРИЧИНА: доступны только Wash-дуги (36 шт., мин. стоимость 120433 руб./ваг.) при штрафе за остаток узла 5000 руб./ваг. (профицит).
             Промывка дороже штрафа — MIP оставил вагоны в остатке (Wash не имеет штрафа за незаполнение).
  [s_idx  516] Порт Оля (Экспорт) | тип=БК | ЕТСНГ=542239 | period=10 | mass_unload=false | осталось 1 из 1 ваг.
    ПРИЧИНА: доступны только Wash-дуги (36 шт., мин. стоимость 94679 руб./ваг.) при штрафе за остаток узла 5000 руб./ваг. (профицит).
             Промывка дороже штрафа — MIP оставил вагоны в остатке (Wash не имеет штрафа за незаполнение).
  [s_idx  522] Стрижи | тип=БКТ | ЕТСНГ=542239 | period=10 | mass_unload=false | осталось 1 из 1 ваг.
    ПРИЧИНА: доступны только Wash-дуги (36 шт., мин. стоимость 136983 руб./ваг.) при штрафе за остаток узла 5000 руб./ваг. (профицит).
             Промывка дороже штрафа — MIP оставил вагоны в остатке (Wash не имеет штрафа за незаполнение).
  [s_idx  523] Худжанд | тип=БКТ | ЕТСНГ=542050 | period=10 | mass_unload=false | осталось 2 из 2 ваг.
    ПРИЧИНА: все Load-спросы уже закрыты (Load-дуг 175, Wash-дуг 0; везде rem_demand=0).
  [s_idx  525] Богданович | тип=БКТ | ЕТСНГ=542224 | period=10 | mass_unload=false | осталось 1 из 1 ваг.
    ПРИЧИНА: доступны только Wash-дуги (36 шт., мин. стоимость 73689 руб./ваг.) при штрафе за остаток узла 5000 руб./ваг. (профицит).
             Промывка дороже штрафа — MIP оставил вагоны в остатке (Wash не имеет штрафа за незаполнение).
  [s_idx  526] Тюмень | тип=БК | ЕТСНГ=542224 | period=10 | mass_unload=false | осталось 1 из 1 ваг.
    ПРИЧИНА: доступны только Wash-дуги (36 шт., мин. стоимость 110695 руб./ваг.) при штрафе за остаток узла 5000 руб./ваг. (профицит).
             Промывка дороже штрафа — MIP оставил вагоны в остатке (Wash не имеет штрафа за незаполнение).
  [s_idx  528] Гродеково (Экспорт на КЖД [Китай]) | тип=Т | ЕТСНГ=015006 | period=10 | mass_unload=false | осталось 1 из 1 ваг.
    ПРИЧИНА: все Load-спросы уже закрыты (Load-дуг 1, Wash-дуг 0; везде rem_demand=0).
  [s_idx  529] Кара-Балта | тип=БК | ЕТСНГ=014003 | period=10 | mass_unload=false | осталось 1 из 1 ваг.
    ПРИЧИНА: все Load-спросы уже закрыты (Load-дуг 167, Wash-дуг 0; везде rem_demand=0).
  [s_idx  537] Базаиха | тип=БК | ЕТСНГ=— | period=10 | mass_unload=false | осталось 1 из 1 ваг.
    ПРИЧИНА: все Load-спросы уже закрыты (Load-дуг 155, Wash-дуг 0; везде rem_demand=0).
  [s_idx  538] Кант | тип=Т | ЕТСНГ=011005 | period=10 | mass_unload=false | осталось 1 из 1 ваг.
    ПРИЧИНА: все Load-спросы уже закрыты (Load-дуг 166, Wash-дуг 0; везде rem_demand=0).
  [s_idx  541] Беловодская | тип=Т | ЕТСНГ=011005 | period=10 | mass_unload=false | осталось 1 из 1 ваг.
    ПРИЧИНА: все Load-спросы уже закрыты (Load-дуг 167, Wash-дуг 0; везде rem_demand=0).
  [s_idx  543] Новосибирск-Западный | тип=БКТ | ЕТСНГ=018112 | period=10 | mass_unload=false | осталось 2 из 2 ваг.
    ПРИЧИНА: все Load-спросы уже закрыты (Load-дуг 8, Wash-дуг 0; везде rem_demand=0).
  [s_idx  544] Саранск | тип=БК | ЕТСНГ=542224 | period=10 | mass_unload=false | осталось 1 из 1 ваг.
    ПРИЧИНА: доступны только Wash-дуги (36 шт., мин. стоимость 92610 руб./ваг.) при штрафе за остаток узла 5000 руб./ваг. (профицит).
             Промывка дороже штрафа — MIP оставил вагоны в остатке (Wash не имеет штрафа за незаполнение).
  [s_idx  546] Алатырь | тип=БКТ | ЕТСНГ=542224 | period=10 | mass_unload=false | осталось 1 из 1 ваг.
    ПРИЧИНА: доступны только Wash-дуги (36 шт., мин. стоимость 97698 руб./ваг.) при штрафе за остаток узла 5000 руб./ваг. (профицит).
             Промывка дороже штрафа — MIP оставил вагоны в остатке (Wash не имеет штрафа за незаполнение).
  [s_idx  547] Даларик | тип=БК | ЕТСНГ=011005 | period=10 | mass_unload=false | осталось 1 из 1 ваг.
    ПРИЧИНА: все Load-спросы уже закрыты (Load-дуг 155, Wash-дуг 0; везде rem_demand=0).
  [s_idx  549] Новая Заимка | тип=БК | ЕТСНГ=542239 | period=10 | mass_unload=false | осталось 1 из 1 ваг.
    ПРИЧИНА: доступны только Wash-дуги (36 шт., мин. стоимость 120433 руб./ваг.) при штрафе за остаток узла 5000 руб./ваг. (профицит).
             Промывка дороже штрафа — MIP оставил вагоны в остатке (Wash не имеет штрафа за незаполнение).
  [s_idx  550] Мариановка | тип=БКТ | ЕТСНГ=— | period=10 | mass_unload=false | осталось 1 из 1 ваг.
    ПРИЧИНА: доступны только Wash-дуги (36 шт., мин. стоимость 92610 руб./ваг.) при штрафе за остаток узла 5000 руб./ваг. (профицит).
             Промывка дороже штрафа — MIP оставил вагоны в остатке (Wash не имеет штрафа за незаполнение).
  [s_idx  551] Гродеково (Экспорт на КЖД [Китай]) | тип=БК | ЕТСНГ=011005 | period=10 | mass_unload=false | осталось 1 из 1 ваг.
    ПРИЧИНА: все Load-спросы уже закрыты (Load-дуг 1, Wash-дуг 0; везде rem_demand=0).
  [s_idx  552] Алексеевка | тип=БК | ЕТСНГ=542239 | period=10 | mass_unload=false | осталось 1 из 1 ваг.
    ПРИЧИНА: доступны только Wash-дуги (36 шт., мин. стоимость 91154 руб./ваг.) при штрафе за остаток узла 5000 руб./ваг. (профицит).
             Промывка дороже штрафа — MIP оставил вагоны в остатке (Wash не имеет штрафа за незаполнение).

  СВОДКА ПО ПРИЧИНАМ:
    нет допустимых дуг                  узлов:   1, вагонов:    1
    доступны только Wash-дуги           узлов:  71, вагонов:  157
    все Load-адресаты закрыты           узлов: 122, вагонов: 1941
---------------------------------
MIP нашёл глобальный оптимум (gap=0.0004%) — фаза ALNS пропущена.
--- ДИАГНОСТИКА UNMET DEMAND (103 ваг. в 7 узлах) ---
  [d_idx   56] Ольха (ЮВС) | тип=Прочие | ЕТСНГ=542072 | период=1 | отправка=Повагонная | не закрыто 8 из 8 ваг.
    ПРИЧИНА: нет ни одной допустимой дуги — закрыть невозможно текущими данными. Отбраковка пар со всеми 553 узлами предложения:
             нет тарифа 3, несовм. тип 0, грязный ЕТСНГ 85, дальше потолка расстояния 25, бизнес-правила дорог (инотерритория/дефицит) 72, станция закрыта очередью (правило 4) 368, конвенция РЖД 0, нарушение срока 0.
             на станции 39 ваг. при мощности 7 ваг./сут. (5.6 суток работы) — подсыл закрыт во все периоды.
  [d_idx   73] Руденск (БЕЛ) | тип=Прочие | ЕТСНГ=014003 | период=1 | отправка=Повагонная | не закрыто 20 из 20 ваг.
    ПРИЧИНА: нет ни одной допустимой дуги — закрыть невозможно текущими данными. Отбраковка пар со всеми 553 узлами предложения:
             нет тарифа 2, несовм. тип 0, грязный ЕТСНГ 83, дальше потолка расстояния 25, бизнес-правила дорог (инотерритория/дефицит) 373, станция закрыта очередью (правило 4) 70, конвенция РЖД 0, нарушение срока 0.
             на станции 93 ваг. при мощности 10 ваг./сут. (9.3 суток работы) — подсыл закрыт во все периоды.
  [d_idx   74] Руденск (БЕЛ) | тип=Прочие | ЕТСНГ=014003 | период=1 | отправка=Повагонная | не закрыто 30 из 30 ваг.
    ПРИЧИНА: нет ни одной допустимой дуги — закрыть невозможно текущими данными. Отбраковка пар со всеми 553 узлами предложения:
             нет тарифа 2, несовм. тип 0, грязный ЕТСНГ 81, дальше потолка расстояния 25, бизнес-правила дорог (инотерритория/дефицит) 375, станция закрыта очередью (правило 4) 70, конвенция РЖД 0, нарушение срока 0.
             на станции 93 ваг. при мощности 10 ваг./сут. (9.3 суток работы) — подсыл закрыт во все периоды.
  [d_idx  139] Руденск (БЕЛ) | тип=Прочие | ЕТСНГ=014003 | период=2 | отправка=Повагонная | не закрыто 10 из 10 ваг.
    ПРИЧИНА: нет ни одной допустимой дуги — закрыть невозможно текущими данными. Отбраковка пар со всеми 553 узлами предложения:
             нет тарифа 2, несовм. тип 0, грязный ЕТСНГ 82, дальше потолка расстояния 25, бизнес-правила дорог (инотерритория/дефицит) 374, станция закрыта очередью (правило 4) 70, конвенция РЖД 0, нарушение срока 0.
             на станции 93 ваг. при мощности 10 ваг./сут. (9.3 суток работы) — подсыл закрыт во все периоды.
  [d_idx  140] Руденск (БЕЛ) | тип=Прочие | ЕТСНГ=014003 | период=2 | отправка=Повагонная | не закрыто 5 из 5 ваг.
    ПРИЧИНА: нет ни одной допустимой дуги — закрыть невозможно текущими данными. Отбраковка пар со всеми 553 узлами предложения:
             нет тарифа 2, несовм. тип 0, грязный ЕТСНГ 81, дальше потолка расстояния 25, бизнес-правила дорог (инотерритория/дефицит) 375, станция закрыта очередью (правило 4) 70, конвенция РЖД 0, нарушение срока 0.
             на станции 93 ваг. при мощности 10 ваг./сут. (9.3 суток работы) — подсыл закрыт во все периоды.
  [d_idx  168] Руденск (БЕЛ) | тип=Прочие | ЕТСНГ=014003 | период=3 | отправка=Повагонная | не закрыто 10 из 10 ваг.
    ПРИЧИНА: нет ни одной допустимой дуги — закрыть невозможно текущими данными. Отбраковка пар со всеми 553 узлами предложения:
             нет тарифа 2, несовм. тип 0, грязный ЕТСНГ 83, дальше потолка расстояния 25, бизнес-правила дорог (инотерритория/дефицит) 373, станция закрыта очередью (правило 4) 70, конвенция РЖД 0, нарушение срока 0.
             на станции 93 ваг. при мощности 10 ваг./сут. (9.3 суток работы) — подсыл закрыт во все периоды.
  [d_idx  169] Руденск (БЕЛ) | тип=Прочие | ЕТСНГ=014003 | период=4 | отправка=Повагонная | не закрыто 20 из 20 ваг.
    ПРИЧИНА: нет ни одной допустимой дуги — закрыть невозможно текущими данными. Отбраковка пар со всеми 553 узлами предложения:
             нет тарифа 2, несовм. тип 0, грязный ЕТСНГ 81, дальше потолка расстояния 25, бизнес-правила дорог (инотерритория/дефицит) 375, станция закрыта очередью (правило 4) 70, конвенция РЖД 0, нарушение срока 0.
             на станции 93 ваг. при мощности 10 ваг./сут. (9.3 суток работы) — подсыл закрыт во все периоды.

  СВОДКА ПО ПРИЧИНАМ:
    нет допустимых дуг (структурно)        узлов:   7, вагонов:  103

  ЗАКРЫВАЕМОСТЬ (по реальному связывающему ограничению):
    структурно недостижимо (нет дуг):           103 ваг.  — нужны новые тарифы / смягчение жёстких фильтров
    упёрто в квоту ДМЗИ (инфраструктура):          0 ваг.  — поможет только повышение квоты на дороге
    держит MIN_BATCH (квота ДМЗИ ещё есть):        0 ваг.  — поможет смягчение партии (middle 0 / масс. 0 / маршр. 0)
    прочее (конкуренция / экономика штрафа):       0 ваг.
--------------------------------
--- УТИЛИЗАЦИЯ КВОТ ДМЗИ ---
  ВСБ  период  1:    0 из    4 ваг.
  ВСБ  период 10:    0 из    6 ваг.
  ГОР  период  1:    9 из  391 ваг.
  ГОР  период 10:   28 из  551 ваг.
  ЗАБ  период  1:    0 из   20 ваг.
  ЗАБ  период 10:    0 из   30 ваг.
  ЗСБ  период  1:   14 из  822 ваг.
  ЗСБ  период 10:   20 из 1156 ваг.
  КБШ  период  1:   28 из  867 ваг.
  КБШ  период 10:  484 из 1275 ваг.
  КРС  период  1:    0 из    8 ваг.
  КРС  период 10:    0 из   12 ваг.
  МСК  период  1:   15 из  739 ваг.
  МСК  период 10:  319 из 1039 ваг.
  ОКТ  период  1:    0 из  325 ваг.
  ОКТ  период 10:    0 из  455 ваг.
  ПРВ  период  1:   52 из 1075 ваг.
  ПРВ  период 10:  195 из 1505 ваг.
  СВР  период  1:    0 из  559 ваг.
  СВР  период 10:    0 из  793 ваг.
  СЕВ  период  1:    0 из   75 ваг.
  СЕВ  период 10:    0 из  105 ваг.
  СКВ  период  1:   87 из  335 ваг.
  СКВ  период 10:   66 из  469 ваг.
  ЮВС  период  1:   25 из 1389 ваг.
  ЮВС  период 10:  372 из 2011 ваг.
  ЮУР  период  1:   24 из  749 ваг.
  ЮУР  период 10:  105 из 1049 ваг.
----------------------------
Тарифов до отстоя:           3971 (станций излишка 77, станций отстоя 53)
  отстой: 6744 пар станция→резерв дальше потолка дальности
В отстой: 2058 из 2099 ваг. излишка → 50 станций отстоя, тариф 112332901 руб.; не размещено 41 ваг. (нет тарифа / ёмкость исчерпана / дальше потолка дальности)
Тарифов до путей погрузки:   728 (станций излишка 7, станций погрузки 104)
  пути погрузки: 1770 пар станция→пути дальше потолка дальности
На пути погрузки: 41 из 41 ваг. остатка → 3 станций (≥5 ваг./станция), тариф 538584 руб.; не размещено 0 ваг. (нет тарифа / ёмкость / min-batch / дальше потолка дальности)
Баланс отчёта оптимизации:   OK (3997 ваг. в записях = 3997 ваг. предложения)
Записей в отчёте (Excel):    908 (760 оптим. + 42 по факту + 106 в ремонт) / 4377 вагонов
  → в POST АПИ (период 1):   222 записей / 575 вагонов
  → исключено (предл. 10, дислокация): 686 записей / 3802 вагонов
Чекпоинт сохранён:           tmp/checkpoint_2026-09-22_11-13-26.xlsx

======= РЕЗУЛЬТАТЫ ОПТИМИЗАЦИИ =======
Статус решателя:      MIP Optimal (gap=0.000%)
Назначено вагонов:    1898
Избыток предложения:  2099 ваг. (dummy-спрос)
  остаток по периодам предложения: p1=101 p10=1998 прочие=0
  из них в отстой (этап 2): 2058 ваг.
  из них на пути погрузки (этап 3): 41 ваг.
Неудовл. спрос:       103 ваг. (dummy-предложение)
Суммарная стоимость:  167727912 руб.
======================================

Результат сохранён:          tmp/result_20260922_111326.json
[SUCCESS] railoptim завершил работу успешно.
[Вт 22 сен 2026 12:30:00 MSK] Запуск: /home/atretyakov/railoptim/app/bin/railoptim (env=prod, MIP_WARM_START=on, INCLUDE_PERIOD10=off)
stations_geo: 19494 записей, data/stations/stations_geo.sqlite (baltic=671, china_mongolia=339, cis=6263, ru=11848, south_caucasus=373)
Получено узлов спроса (погрузка): 265 или 3487 вагонов
Бизнес-правила (business_rules.json): потолок подсыла 6000 км; потолок отстоя/путей 3000 км, ДВС/ЗАБ 4100 км; инотерриторий 21 (исключений 3); дефицитных дорог 6 (вывоз ≤ 300 км, надбавка 30000 руб.); проверка ГУ-12 вкл.; загруженность станций (правило 4) закрытие при Q ≥ 5×C, очередь ≤ 1×C без ожидания, штраф ожидания 5000 руб./сут.; конвенции РЖД (правило 5) вкл.; грязный под свой груз (правило 6): промывочный маршрут +10000+40000 руб., потолок ≤ 1.00 × промывочного маршрута, поощрение 0.50 × (тариф до промывки + промывка); ремонт (правило 7): 15 сут. / инотерритория 45 сут.; иномойка (правило 8): 21 дорог образования, капризных 1 (надбавка 30000 руб. при предложении > 1.20 × спроса); поправка периода 1 по расстоянию: выкл. (режим --day1: без периода 10 не применяется)
Конвенции (правило 5, conv-redis): 127.0.0.1:6379/0 HASH `telegrams_db` — 67 записей в Redis, в сервис взято 8 действующих → data/conventions_from_redis.json
  в HASH не взяты (истёкшие/вне горизонта/без дат, в память не кладём): истекло 53, ещё не началось 0, без дат 0; битый JSON 0
  отброшено из действующих по дате: класс Others/ошибка 6, только КЗХ 0, нечем матчить 0
  действующих: 8 (Empty 2, All 5, Grain 1; из них промывка/ремонт/отстой 0)
    · №19412 All | назн.ЕСР 207603,207406,207302,206507,206704 | все получатели | 2026-09-01…2026-12-31 | все грузы
    · №19692 All | назн.ЕСР 434231,434301,434405,436203 | все получатели | 2026-09-01…2026-09-30 | все грузы
    · №20514 Grain | назн.ЕСР 521001,520901 | по ОКПО/имени | 2026-09-13…2026-10-12 | пшеница
    · №27638 Empty | назн.дороги УЗБ | все получатели | 2025-11-11…3000-01-01 | Порожние вагоны
    · №4810 All | назн.ЕСР 436701 | все получатели | 2026-03-05…3000-01-01 | все грузы
    · №4811 Empty | назн.ЕСР 434208,434104 | все получатели | 2026-03-05…3000-01-01 | Порожние вагоны
    · №7659 All | назн.ЕСР 436701 | все получатели | 2026-04-06…2026-09-30 | все грузы
    · №7660 All | назн.ЕСР 434208,434104 | все получатели | 2026-04-06…2026-09-30 | все грузы
  индекс: 8 правил; ЕСР погрузки 12, ЕСР назн.груза 14, dest-дороги 1, dep-дороги 0, dep-ЕСР 0, пары dep→dest 0; все получатели 7, с ОКПО/именем 1; без ключей 0
  ЕСР погрузки (Empty/All): 206507, 206704, 207302, 207406, 207603, 434104, 434208, 434231, 434301, 434405, 436203, 436701
  ЕСР назн.груза (Grain/All): 206507, 206704, 207302, 207406, 207603, 434104, 434208, 434231, 434301, 434405, 436203, 436701, 520901, 521001
  dest-дороги: УЗБ
Дороги-инотерритории для ГУ-12 (ForeignRailways): 21
GU12_STATS={"periods": ["0:4", "5:7", "8:9", "10:14"], "rows": 771, "stations": 262, "rows_without_okpo": 60, "cars_by_period": [8065, 4149, 2288, 1236]}
Спрос с учётом ГУ-12 (правило 3): 179 узлов или 1989 вагонов (было 265 / 3487)
  заявок ГУ-12 согласованных: 771 строк / 262 станций (на станциях без спроса: 382)
  по периодам 1..4, ваг.: было [1293, 996, 360, 838] → стало [1046, 606, 169, 168]
  сопоставлено узлов: по ОКПО 205, по имени грузоотправителя 0, пропорционально по станции 16
  урезано до ГУ-12: 32 узлов / −274 ваг.; без заявки ГУ-12 (исключены): 86 узлов / 1224 ваг.; инотерритория (без проверки): 18 узлов / 150 ваг.
Получено узлов предложения 1 сут.:  208 или 575 вагонов
Дислокация 2-10 сут. (период 10): пропущена (INCLUDE_PERIOD10=off) — оптимизация только по вагонам 1-х суток
Получено узлов предложения всего:  208 или 575 вагонов
  свободных для назначения:  127 или 362 вагонов
  требуют ремонта (В ремонт):40 или 76 вагонов
  по факту (Assigned):       41 или 137 вагонов
Дороги иномойки (правило 8, ForeignWashedRoads): 21
Коды «уже промыт/ремонт» (WashedEmptyEtsngCodes): 2
Ban-list чужих владельцев отстоя (reserve_owners.json): 4 пар (станция+ОКПО)
Узлов спроса (промывка):     36 или мощность в период 5 суток 2795 вагонов
  предложений с ЕТСНГ из списка промывки: 13 вагонов (освобождены по правилу 8 / иномойка: 12; из них есть узел погрузки с тем же ЕТСНГ на любой станции — альтернатива промывке по спросу: 13 вагонов)
Получено тарифов:            8676
Загружено ремонтных станций: 102
  тарифы: попытка 1/3 не удалась (HTTP 502: <!DOCTYPE html PUBLIC "-//W3C//DTD XHTML 1.0 Strict//EN" "http://www.w3.org/TR/xhtml1/DTD/xhtml1-strict.dtd"> <html xmlns="http://www.w3.org/1999/xhtml"> <head> <meta http-equiv="Content-Type" content…) — повтор через 15 с (новое соединение)
  тарифы: успешно с попытки 2/3
Тарифов до ремонтных ст.:    2594
Тарифов до промывки (с надбавкой 10000+40000=50000 руб.): 170
Ограничения ДМЗИ:            14 дорог (96 записей Ostatok)
  ВСБ  период 1 ≤    4, период 10 ≤    6 ваг.
  ГОР  период 1 ≤  391, период 10 ≤  551 ваг.
  ЗАБ  период 1 ≤   20, период 10 ≤   30 ваг.
  ЗСБ  период 1 ≤  822, период 10 ≤ 1156 ваг.
  КБШ  период 1 ≤  867, период 10 ≤ 1275 ваг.
  КРС  период 1 ≤    8, период 10 ≤   12 ваг.
  МСК  период 1 ≤  739, период 10 ≤ 1039 ваг.
  ОКТ  период 1 ≤  325, период 10 ≤  455 ваг.
  ПРВ  период 1 ≤ 1075, период 10 ≤ 1505 ваг.
  СВР  период 1 ≤  559, период 10 ≤  793 ваг.
  СЕВ  период 1 ≤   75, период 10 ≤  105 ваг.
  СКВ  период 1 ≤  335, период 10 ≤  469 ваг.
  ЮВС  период 1 ≤ 1389, период 10 ≤ 2011 ваг.
  ЮУР  период 1 ≤  749, период 10 ≤ 1049 ваг.
БД отстоя обновлена:         получено 44 / записано 44 / без etran_id 0
Узлы отстоя (резервы):       81 узлов / ёмкость 2988 ваг. (записей в БД 229, дублей 0, отфильтровано 148, чужих по ban-list 476)
FREE_LOADROADS_STATS={"date_from": "2026-03-22", "date_to": "2026-09-22", "load_station_codes": 493, "cars_on_station_rows": 1903, "cars_total": 78472}
Свободные ёмкости путей:     103 крупных станций -> data/load_stations_free_capacity.json
Загруженность станций (правило 4): мощность известна у 710 станций справочника; станций спроса 102, проверено 89, без мощности 13
  закрыто станций: 2 (7 узлов / 103 ваг. спроса); с очередью (ожидание подсыла): 19; станций с несколькими грузоотправителями: 8; грузоотправителей с разным CarsOnStation по узлам: 16
    · закрыта Руденск (БЕЛ): на станции 93 ваг., мощность 10 ваг./сут. (9.3 сут. работы)
    · закрыта Ольха (ЮВС): на станции 39 ваг., мощность 7 ваг./сут. (5.6 сут. работы)
    · очередь Погромное (ЮУР): на станции 31 ваг., мощность 7 ваг./сут. — подсыл не раньше 4-х суток
    · очередь Саханская (МСК): на станции 14 ваг., мощность 3 ваг./сут. — подсыл не раньше 4-х суток
    · очередь Отрешково (МСК): на станции 65 ваг., мощность 20 ваг./сут. — подсыл не раньше 3-х суток
    · очередь Янаул (ГОР): на станции 23 ваг., мощность 11 ваг./сут. — подсыл не раньше 2-х суток
    · очередь Кротовка (КБШ): на станции 21 ваг., мощность 10 ваг./сут. — подсыл не раньше 2-х суток
    · очередь Лопуховка (ПРВ): на станции 15 ваг., мощность 7 ваг./сут. — подсыл не раньше 2-х суток
    · очередь Удобрительная (МСК): на станции 72 ваг., мощность 50 ваг./сут. — подсыл не раньше 1-х суток
    · очередь Дмитриев-Льговский (МСК): на станции 52 ваг., мощность 51 ваг./сут. — подсыл не раньше 1-х суток
    · очередь Алексиково (ПРВ): на станции 46 ваг., мощность 42 ваг./сут. — подсыл не раньше 1-х суток
    · очередь Плавица (ЮВС): на станции 34 ваг., мощность 20 ваг./сут. — подсыл не раньше 1-х суток
    · ...ещё 9 станций с очередью
Всего пар supply×demand:     27305
  без тарифа:                        4503 (16.5%)
  нарушение срока (жёстко):          0 (0.0%)
  несовм. тип вагона:                631 (2.3%)
  грязный вагон → чужой ЕТСНГ (правило 6): 1056 (3.9%)
  грязный: погрузка дороже промывочного маршрута → в промывку (правило 6): 0 (0.0%)
  погрузка дальше потолка расстояния (6000 км): 1335 (4.9%)
  инотерритория (правило 1):           1330 (4.9%)
  вывоз с дефицитной дороги (правило 2): 1900 (7.0%)
  станция закрыта очередью (правило 4): 153 (0.6%)
  конвенция РЖД (правило 5):           0 (0.0%)
  допустимых дуг с надбавкой по правилам: 169 (0.6%)
  допустимых дуг с ожиданием в очереди станции (правило 4): 0 (0.0%)
  допустимых дуг «грязный → свой груз» с поощрением (правило 6): 6 (0.0%), в среднем 11844 руб./дугу
  допустимых дуг со штрафом за срок:   10893 (39.9%)
  допустимых дуг всего в LP:      16397 (60.1%)
Ограничения партии (MIN_BATCH): массовая выгрузка — 0 дуг / 0 пар; средние станции — 3773 дуг / 467 пар (станций образования: 11, погрузки: 53)
  маршрутные отправки (B=10): 144 дуг / 35 пар (станций образования: 9, маршрутных станций погрузки: 4)
--- АНАЛИЗ РЕСУРСОВ ---
Предложение: 362 ваг.
Спрос (погрузка): 1989 ваг.
Ёмкость промывки (верх): 2795 ваг.
Статус: ДЕФИЦИТ  (1627 ваг. — штрафные дуги)
-----------------------
Штраф за остаток грязных вагонов (дефицит): 150000 руб./ваг. вместо 5000 — узлов 6, вагонов 13 (промывка выгоднее отстоя)
--- ЖАДНОЕ РЕШЕНИЕ ---
Назначений:            167 шт.
Назначено вагонов:     357 / 1989 спрос (погрузка), 362 предложение
Суммарная стоимость:   18930461.05 руб.
Неудовлетворён спрос:  1640 ваг.
Избыток предложения:   5 ваг.
Покрытие спроса (погр.): 17.9%
----------------------
MIP warm-start: ON (greedy) (управляется env MIP_WARM_START={on|off}, по умолч. on)
--- MIP РЕШЕНИЕ ---
Статус:                MIP Optimal (gap=0.000%)
Назначено вагонов:     362 / 1989 спрос (погрузка), 362 предложение
Суммарная стоимость:   18721680.83 руб.
Неудовлетворён спрос:  1635 ваг.
Избыток предложения:   -0 ваг.
Покрытие спроса (погр.): 18.2%
-------------------
MIP время: 1.31 сек (warm-start: ON)
MIP диагностика: status=Optimal, gap=0.0000%, undist=1635 (unmet=1635, excess=0), real_cost=18721680.83
MIP vs greedy:   greedy undist=1645 (unmet=1640, excess=5), real_cost=18930461.05  →  Δundist=-10, Δcost=-208780.22
  ВНИМАНИЕ: MIP не закрыл 1635 ваг. спроса на погрузку (unmet > 0). Возможные причины:
           (а) PENALTY_UNMET ниже стоимости единственно допустимых плеч,
           (б) HiGHS остановился по rel_gap до закрытия всего спроса.
MIP нашёл глобальный оптимум (gap=0.0000%) — фаза ALNS пропущена.
--- ДИАГНОСТИКА UNMET DEMAND (1635 ваг. в 129 узлах) ---
  [d_idx    2] Нурлат (КБШ) | тип=Прочие | ЕТСНГ=011005 | период=1 | отправка=Повагонная | не закрыто 1 из 1 ваг.
    ПРИЧИНА: дуги есть (99 шт.), но все совместимые узлы предложения исчерпаны — вагоны ушли на другие заявки (конкуренция за предложение).
  [d_idx    3] Жердевка (ЮВС) | тип=Прочие | ЕТСНГ=014003 | период=1 | отправка=Повагонная | не закрыто 18 из 18 ваг.
    ПРИЧИНА: дуги есть (99 шт.), но все совместимые узлы предложения исчерпаны — вагоны ушли на другие заявки (конкуренция за предложение).
  [d_idx    4] Кшень (МСК) | тип=Прочие | ЕТСНГ=542072 | период=1 | отправка=Повагонная | не закрыто 12 из 13 ваг.
    ПРИЧИНА: дуги есть (102 шт.), но все совместимые узлы предложения исчерпаны — вагоны ушли на другие заявки (конкуренция за предложение).
  [d_idx    5] Улусарка (ЮВС) | тип=БКТ | ЕТСНГ=011005 | период=1 | отправка=Маршрутная | не закрыто 5 из 5 ваг.
    ПРИЧИНА: дуги есть (32 шт.), но все совместимые узлы предложения исчерпаны — вагоны ушли на другие заявки (конкуренция за предложение).
  [d_idx    6] Елань-Камышинская (ЮВС) | тип=Прочие | ЕТСНГ=011005 | период=1 | отправка=Повагонная | не закрыто 17 из 17 ваг.
    ПРИЧИНА: дуги есть (99 шт.), но все совместимые узлы предложения исчерпаны — вагоны ушли на другие заявки (конкуренция за предложение).
  [d_idx    7] Бударино (ПРВ) | тип=Прочие | ЕТСНГ=011005 | период=1 | отправка=Повагонная | не закрыто 3 из 3 ваг.
    ПРИЧИНА: дуги есть (106 шт.), но все совместимые узлы предложения исчерпаны — вагоны ушли на другие заявки (конкуренция за предложение).
  [d_idx    8] Янаул (ГОР) | тип=Прочие | ЕТСНГ=011005 | период=1 | отправка=Повагонная | не закрыто 17 из 18 ваг.
    ПРИЧИНА: дуги есть (99 шт.), но все совместимые узлы предложения исчерпаны — вагоны ушли на другие заявки (конкуренция за предложение).
  [d_idx   11] Глубокая (СКВ) | тип=БКТ | ЕТСНГ=011005 | период=1 | отправка=Повагонная | не закрыто 2 из 2 ваг.
    ПРИЧИНА: дуги есть (19 шт.), но все совместимые узлы предложения исчерпаны — вагоны ушли на другие заявки (конкуренция за предложение).
  [d_idx   12] Вернадовка (КБШ) | тип=Прочие | ЕТСНГ=011005 | период=1 | отправка=Повагонная | не закрыто 24 из 24 ваг.
    ПРИЧИНА: дуги есть (99 шт.), но все совместимые узлы предложения исчерпаны — вагоны ушли на другие заявки (конкуренция за предложение).
  [d_idx   13] Асекеево (КБШ) | тип=Прочие | ЕТСНГ=011005 | период=1 | отправка=Повагонная | не закрыто 26 из 26 ваг.
    ПРИЧИНА: дуги есть (99 шт.), но все совместимые узлы предложения исчерпаны — вагоны ушли на другие заявки (конкуренция за предложение).
  [d_idx   14] Димитровград (КБШ) | тип=Прочие | ЕТСНГ=011005 | период=1 | отправка=Повагонная | не закрыто 10 из 10 ваг.
    ПРИЧИНА: дуги есть (99 шт.), но все совместимые узлы предложения исчерпаны — вагоны ушли на другие заявки (конкуренция за предложение).
  [d_idx   15] Белинская (КБШ) | тип=Прочие | ЕТСНГ=011005 | период=1 | отправка=Повагонная | не закрыто 8 из 8 ваг.
    ПРИЧИНА: дуги есть (99 шт.), но все совместимые узлы предложения исчерпаны — вагоны ушли на другие заявки (конкуренция за предложение).
  [d_idx   16] Верховье (МСК) | тип=Прочие | ЕТСНГ=011005 | период=1 | отправка=Повагонная | не закрыто 18 из 18 ваг.
    ПРИЧИНА: дуги есть (102 шт.), но все совместимые узлы предложения исчерпаны — вагоны ушли на другие заявки (конкуренция за предложение).
  [d_idx   17] Безенчук (КБШ) | тип=Прочие | ЕТСНГ=011005 | период=1 | отправка=Повагонная | не закрыто 1 из 1 ваг.
    ПРИЧИНА: дуги есть (99 шт.), но все совместимые узлы предложения исчерпаны — вагоны ушли на другие заявки (конкуренция за предложение).
  [d_idx   18] Ольховатка (ЮВС) | тип=Прочие | ЕТСНГ=542072 | период=1 | отправка=Повагонная | не закрыто 15 из 15 ваг.
    ПРИЧИНА: дуги есть (99 шт.), но все совместимые узлы предложения исчерпаны — вагоны ушли на другие заявки (конкуренция за предложение).
  [d_idx   19] Добринка (ЮВС) | тип=Прочие | ЕТСНГ=011005 | период=1 | отправка=Повагонная | не закрыто 15 из 15 ваг.
    ПРИЧИНА: дуги есть (100 шт.), но все совместимые узлы предложения исчерпаны — вагоны ушли на другие заявки (конкуренция за предложение).
  [d_idx   21] Чуфарово (КБШ) | тип=Прочие | ЕТСНГ=011005 | период=1 | отправка=Повагонная | не закрыто 11 из 11 ваг.
    ПРИЧИНА: дуги есть (99 шт.), но все совместимые узлы предложения исчерпаны — вагоны ушли на другие заявки (конкуренция за предложение).
  [d_idx   22] Заглядино (КБШ) | тип=Прочие | ЕТСНГ=011005 | период=1 | отправка=Повагонная | не закрыто 5 из 5 ваг.
    ПРИЧИНА: дуги есть (99 шт.), но все совместимые узлы предложения исчерпаны — вагоны ушли на другие заявки (конкуренция за предложение).
  [d_idx   24] Новосергиевская (ЮУР) | тип=Прочие | ЕТСНГ=011005 | период=1 | отправка=Повагонная | не закрыто 3 из 3 ваг.
    ПРИЧИНА: дуги есть (99 шт.), но все совместимые узлы предложения исчерпаны — вагоны ушли на другие заявки (конкуренция за предложение).
  [d_idx   25] Новоперелюбская (ПРВ) | тип=Прочие | ЕТСНГ=011005 | период=1 | отправка=Повагонная | не закрыто 13 из 13 ваг.
    ПРИЧИНА: дуги есть (106 шт.), но все совместимые узлы предложения исчерпаны — вагоны ушли на другие заявки (конкуренция за предложение).
  [d_idx   26] Новоперелюбская (ПРВ) | тип=Прочие | ЕТСНГ=011005 | период=1 | отправка=Повагонная | не закрыто 12 из 12 ваг.
    ПРИЧИНА: дуги есть (106 шт.), но все совместимые узлы предложения исчерпаны — вагоны ушли на другие заявки (конкуренция за предложение).
  [d_idx   28] Эртиль (ЮВС) | тип=Прочие | ЕТСНГ=542072 | период=1 | отправка=Повагонная | не закрыто 2 из 2 ваг.
    ПРИЧИНА: дуги есть (99 шт.), но все совместимые узлы предложения исчерпаны — вагоны ушли на другие заявки (конкуренция за предложение).
  [d_idx   29] ЗИРГАН (КБШ) | тип=Прочие | ЕТСНГ=011005 | период=1 | отправка=Повагонная | не закрыто 1 из 1 ваг.
    ПРИЧИНА: дуги есть (92 шт.), но все совместимые узлы предложения исчерпаны — вагоны ушли на другие заявки (конкуренция за предложение).
  [d_idx   30] Красногвардеец (ЮУР) | тип=Прочие | ЕТСНГ=011005 | период=1 | отправка=Повагонная | не закрыто 6 из 6 ваг.
    ПРИЧИНА: дуги есть (99 шт.), но все совместимые узлы предложения исчерпаны — вагоны ушли на другие заявки (конкуренция за предложение).
  [d_idx   31] Красногвардеец (ЮУР) | тип=Прочие | ЕТСНГ=011005 | период=1 | отправка=Повагонная | не закрыто 10 из 10 ваг.
    ПРИЧИНА: дуги есть (99 шт.), но все совместимые узлы предложения исчерпаны — вагоны ушли на другие заявки (конкуренция за предложение).
  [d_idx   32] Кривецкая (ЮВС) | тип=Прочие | ЕТСНГ=542072 | период=1 | отправка=Повагонная | не закрыто 7 из 7 ваг.
    ПРИЧИНА: дуги есть (100 шт.), но все совместимые узлы предложения исчерпаны — вагоны ушли на другие заявки (конкуренция за предложение).
  [d_idx   34] Земетчино (КБШ) | тип=Прочие | ЕТСНГ=542072 | период=1 | отправка=Повагонная | не закрыто 20 из 20 ваг.
    ПРИЧИНА: дуги есть (100 шт.), но все совместимые узлы предложения исчерпаны — вагоны ушли на другие заявки (конкуренция за предложение).
  [d_idx   35] Змиевка (МСК) | тип=БКТ | ЕТСНГ=011005 | период=1 | отправка=Повагонная | не закрыто 3 из 3 ваг.
    ПРИЧИНА: дуги есть (33 шт.), но все совместимые узлы предложения исчерпаны — вагоны ушли на другие заявки (конкуренция за предложение).
  [d_idx   36] Тополек (ПРВ) | тип=Прочие | ЕТСНГ=011005 | период=1 | отправка=Повагонная | не закрыто 40 из 40 ваг.
    ПРИЧИНА: дуги есть (106 шт.), но все совместимые узлы предложения исчерпаны — вагоны ушли на другие заявки (конкуренция за предложение).
  [d_idx   37] Ключики (КБШ) | тип=Прочие | ЕТСНГ=011005 | период=1 | отправка=Повагонная | не закрыто 4 из 4 ваг.
    ПРИЧИНА: дуги есть (99 шт.), но все совместимые узлы предложения исчерпаны — вагоны ушли на другие заявки (конкуренция за предложение).
  [d_idx   38] Обшаровка (КБШ) | тип=БКТ | ЕТСНГ=011005 | период=1 | отправка=Повагонная | не закрыто 1 из 1 ваг.
    ПРИЧИНА: дуги есть (31 шт.), но все совместимые узлы предложения исчерпаны — вагоны ушли на другие заявки (конкуренция за предложение).
  [d_idx   39] Обшаровка (КБШ) | тип=Прочие | ЕТСНГ=011005 | период=1 | отправка=Повагонная | не закрыто 8 из 8 ваг.
    ПРИЧИНА: дуги есть (99 шт.), но все совместимые узлы предложения исчерпаны — вагоны ушли на другие заявки (конкуренция за предложение).
  [d_idx   40] Обшаровка (КБШ) | тип=Прочие | ЕТСНГ=011005 | период=1 | отправка=Повагонная | не закрыто 3 из 3 ваг.
    ПРИЧИНА: дуги есть (99 шт.), но все совместимые узлы предложения исчерпаны — вагоны ушли на другие заявки (конкуренция за предложение).
  [d_idx   41] Новоспасское (КБШ) | тип=Прочие | ЕТСНГ=011005 | период=1 | отправка=Повагонная | не закрыто 18 из 18 ваг.
    ПРИЧИНА: дуги есть (99 шт.), но все совместимые узлы предложения исчерпаны — вагоны ушли на другие заявки (конкуренция за предложение).
  [d_idx   43] Раевка (КБШ) | тип=Прочие | ЕТСНГ=011005 | период=1 | отправка=Повагонная | не закрыто 8 из 8 ваг.
    ПРИЧИНА: дуги есть (99 шт.), но все совместимые узлы предложения исчерпаны — вагоны ушли на другие заявки (конкуренция за предложение).
  [d_idx   45] Кимовск (МСК) | тип=Прочие | ЕТСНГ=011005 | период=1 | отправка=Повагонная | не закрыто 8 из 9 ваг.
    ПРИЧИНА: дуги есть (102 шт.), но все совместимые узлы предложения исчерпаны — вагоны ушли на другие заявки (конкуренция за предложение).
  [d_idx   48] Кротовка (КБШ) | тип=Прочие | ЕТСНГ=011005 | период=1 | отправка=Повагонная | не закрыто 8 из 8 ваг.
    ПРИЧИНА: дуги есть (99 шт.), но все совместимые узлы предложения исчерпаны — вагоны ушли на другие заявки (конкуренция за предложение).
  [d_idx   49] Пачелма (КБШ) | тип=Прочие | ЕТСНГ=011005 | период=1 | отправка=Повагонная | не закрыто 23 из 23 ваг.
    ПРИЧИНА: дуги есть (99 шт.), но все совместимые узлы предложения исчерпаны — вагоны ушли на другие заявки (конкуренция за предложение).
  [d_idx   50] Товарково (МСК) | тип=Прочие | ЕТСНГ=014003 | период=1 | отправка=Повагонная | не закрыто 1 из 1 ваг.
    ПРИЧИНА: дуги есть (102 шт.), но все совместимые узлы предложения исчерпаны — вагоны ушли на другие заявки (конкуренция за предложение).
  [d_idx   51] Тюльган (КБШ) | тип=Прочие | ЕТСНГ=011005 | период=1 | отправка=Повагонная | не закрыто 7 из 7 ваг.
    ПРИЧИНА: дуги есть (99 шт.), но все совместимые узлы предложения исчерпаны — вагоны ушли на другие заявки (конкуренция за предложение).
  [d_idx   52] Карламан (КБШ) | тип=Прочие | ЕТСНГ=011005 | период=1 | отправка=Повагонная | не закрыто 9 из 9 ваг.
    ПРИЧИНА: дуги есть (99 шт.), но все совместимые узлы предложения исчерпаны — вагоны ушли на другие заявки (конкуренция за предложение).
  [d_idx   53] Заречная (СКВ) | тип=Прочие | ЕТСНГ=011005 | период=1 | отправка=Повагонная | не закрыто 76 из 92 ваг.
    ПРИЧИНА: дуги есть (99 шт.), но все совместимые узлы предложения исчерпаны — вагоны ушли на другие заявки (конкуренция за предложение).
  [d_idx   55] Ольха (ЮВС) | тип=Прочие | ЕТСНГ=542072 | период=1 | отправка=Повагонная | не закрыто 8 из 8 ваг.
    ПРИЧИНА: нет ни одной допустимой дуги — закрыть невозможно текущими данными. Отбраковка пар со всеми 127 узлами предложения:
             нет тарифа 0, несовм. тип 0, грязный ЕТСНГ 6, дальше потолка расстояния 8, бизнес-правила дорог (инотерритория/дефицит) 14, станция закрыта очередью (правило 4) 99, конвенция РЖД 0, нарушение срока 0.
             на станции 39 ваг. при мощности 7 ваг./сут. (5.6 суток работы) — подсыл закрыт во все периоды.
  [d_idx   56] Верда (КБШ) | тип=Прочие | ЕТСНГ=011005 | период=1 | отправка=Повагонная | не закрыто 26 из 27 ваг.
    ПРИЧИНА: дуги есть (99 шт.), но все совместимые узлы предложения исчерпаны — вагоны ушли на другие заявки (конкуренция за предложение).
  [d_idx   57] Алексиково (ПРВ) | тип=Прочие | ЕТСНГ=011005 | период=1 | отправка=Групповая | не закрыто 23 из 23 ваг.
    ПРИЧИНА: дуги есть (106 шт.), но все совместимые узлы предложения исчерпаны — вагоны ушли на другие заявки (конкуренция за предложение).
  [d_idx   58] Алексиково (ПРВ) | тип=Прочие | ЕТСНГ=011005 | период=1 | отправка=Повагонная | не закрыто 3 из 3 ваг.
    ПРИЧИНА: дуги есть (106 шт.), но все совместимые узлы предложения исчерпаны — вагоны ушли на другие заявки (конкуренция за предложение).
  [d_idx   59] Удобрительная (МСК) | тип=Прочие | ЕТСНГ=011005 | период=1 | отправка=Повагонная | не закрыто 20 из 20 ваг.
    ПРИЧИНА: дуги есть (102 шт.), но все совместимые узлы предложения исчерпаны — вагоны ушли на другие заявки (конкуренция за предложение).
  [d_idx   60] Елец (ЮВС) | тип=Прочие | ЕТСНГ=011005 | период=1 | отправка=Повагонная | не закрыто 7 из 7 ваг.
    ПРИЧИНА: дуги есть (100 шт.), но все совместимые узлы предложения исчерпаны — вагоны ушли на другие заявки (конкуренция за предложение).
  [d_idx   62] Чернышков (ПРВ) | тип=Прочие | ЕТСНГ=011005 | период=1 | отправка=Повагонная | не закрыто 57 из 60 ваг.
    ПРИЧИНА: дуги есть (106 шт.), но все совместимые узлы предложения исчерпаны — вагоны ушли на другие заявки (конкуренция за предложение).
  [d_idx   63] Сабурово (ЮВС) | тип=Прочие | ЕТСНГ=505028 | период=1 | отправка=Повагонная | не закрыто 10 из 10 ваг.
    ПРИЧИНА: дуги есть (99 шт.), но все совместимые узлы предложения исчерпаны — вагоны ушли на другие заявки (конкуренция за предложение).
  [d_idx   64] Охотничья (КБШ) | тип=Прочие | ЕТСНГ=011005 | период=1 | отправка=Повагонная | не закрыто 15 из 15 ваг.
    ПРИЧИНА: дуги есть (99 шт.), но все совместимые узлы предложения исчерпаны — вагоны ушли на другие заявки (конкуренция за предложение).
  [d_idx   65] Охотничья (КБШ) | тип=Прочие | ЕТСНГ=011005 | период=1 | отправка=Повагонная | не закрыто 17 из 17 ваг.
    ПРИЧИНА: дуги есть (99 шт.), но все совместимые узлы предложения исчерпаны — вагоны ушли на другие заявки (конкуренция за предложение).
  [d_idx   66] Избердей (ЮВС) | тип=Прочие | ЕТСНГ=011005 | период=1 | отправка=Маршрутная | не закрыто 155 из 155 ваг.
    ПРИЧИНА: дуги есть (100 шт.), но все совместимые узлы предложения исчерпаны — вагоны ушли на другие заявки (конкуренция за предложение).
  [d_idx   67] Плавск (МСК) | тип=Прочие | ЕТСНГ=011005 | период=1 | отправка=Повагонная | не закрыто 20 из 20 ваг.
    ПРИЧИНА: дуги есть (102 шт.), но все совместимые узлы предложения исчерпаны — вагоны ушли на другие заявки (конкуренция за предложение).
  [d_idx   68] Петровск-Саратовский (ПРВ) | тип=Прочие | ЕТСНГ=011005 | период=1 | отправка=Повагонная | не закрыто 11 из 11 ваг.
    ПРИЧИНА: дуги есть (106 шт.), но все совместимые узлы предложения исчерпаны — вагоны ушли на другие заявки (конкуренция за предложение).
  [d_idx   69] Бугуруслан (КБШ) | тип=Прочие | ЕТСНГ=011005 | период=1 | отправка=Повагонная | не закрыто 4 из 4 ваг.
    ПРИЧИНА: дуги есть (99 шт.), но все совместимые узлы предложения исчерпаны — вагоны ушли на другие заявки (конкуренция за предложение).
  [d_idx   70] Бугуруслан (КБШ) | тип=Прочие | ЕТСНГ=011005 | период=1 | отправка=Повагонная | не закрыто 8 из 8 ваг.
    ПРИЧИНА: дуги есть (99 шт.), но все совместимые узлы предложения исчерпаны — вагоны ушли на другие заявки (конкуренция за предложение).
  [d_idx   71] Хохольская (ЮВС) | тип=БКТ | ЕТСНГ=011005 | период=1 | отправка=Повагонная | не закрыто 2 из 2 ваг.
    ПРИЧИНА: дуги есть (32 шт.), но все совместимые узлы предложения исчерпаны — вагоны ушли на другие заявки (конкуренция за предложение).
  [d_idx   72] Руденск (БЕЛ) | тип=Прочие | ЕТСНГ=014003 | период=1 | отправка=Повагонная | не закрыто 20 из 20 ваг.
    ПРИЧИНА: нет ни одной допустимой дуги — закрыть невозможно текущими данными. Отбраковка пар со всеми 127 узлами предложения:
             нет тарифа 0, несовм. тип 0, грязный ЕТСНГ 6, дальше потолка расстояния 8, бизнес-правила дорог (инотерритория/дефицит) 104, станция закрыта очередью (правило 4) 9, конвенция РЖД 0, нарушение срока 0.
             на станции 93 ваг. при мощности 10 ваг./сут. (9.3 суток работы) — подсыл закрыт во все периоды.
  [d_idx   73] Руденск (БЕЛ) | тип=Прочие | ЕТСНГ=014003 | период=1 | отправка=Повагонная | не закрыто 30 из 30 ваг.
    ПРИЧИНА: нет ни одной допустимой дуги — закрыть невозможно текущими данными. Отбраковка пар со всеми 127 узлами предложения:
             нет тарифа 0, несовм. тип 0, грязный ЕТСНГ 6, дальше потолка расстояния 8, бизнес-правила дорог (инотерритория/дефицит) 104, станция закрыта очередью (правило 4) 9, конвенция РЖД 0, нарушение срока 0.
             на станции 93 ваг. при мощности 10 ваг./сут. (9.3 суток работы) — подсыл закрыт во все периоды.
  [d_idx   75] Кромская (МСК) | тип=Прочие | ЕТСНГ=542224 | период=2 | отправка=Повагонная | не закрыто 9 из 9 ваг.
    ПРИЧИНА: дуги есть (101 шт.), но все совместимые узлы предложения исчерпаны — вагоны ушли на другие заявки (конкуренция за предложение).
  [d_idx   76] Саханская (МСК) | тип=Прочие | ЕТСНГ=011005 | период=2 | отправка=Повагонная | не закрыто 2 из 10 ваг.
    ПРИЧИНА: дуги есть (102 шт.), но все совместимые узлы предложения исчерпаны — вагоны ушли на другие заявки (конкуренция за предложение).
  [d_idx   77] Лужки-Орловские (МСК) | тип=Прочие | ЕТСНГ=011005 | период=2 | отправка=Маршрутная | не закрыто 15 из 15 ваг.
    ПРИЧИНА: дуги есть (98 шт.), но все совместимые узлы предложения исчерпаны — вагоны ушли на другие заявки (конкуренция за предложение).
  [d_idx   78] Орел (МСК) | тип=Прочие | ЕТСНГ=011005 | период=2 | отправка=Повагонная | не закрыто 14 из 14 ваг.
    ПРИЧИНА: дуги есть (102 шт.), но все совместимые узлы предложения исчерпаны — вагоны ушли на другие заявки (конкуренция за предложение).
  [d_idx   79] Елань-Камышинская (ЮВС) | тип=Прочие | ЕТСНГ=011005 | период=2 | отправка=Повагонная | не закрыто 9 из 9 ваг.
    ПРИЧИНА: дуги есть (99 шт.), но все совместимые узлы предложения исчерпаны — вагоны ушли на другие заявки (конкуренция за предложение).
  [d_idx   83] Асекеево (КБШ) | тип=Прочие | ЕТСНГ=011005 | период=2 | отправка=Повагонная | не закрыто 6 из 6 ваг.
    ПРИЧИНА: дуги есть (99 шт.), но все совместимые узлы предложения исчерпаны — вагоны ушли на другие заявки (конкуренция за предложение).
  [d_idx   84] Белинская (КБШ) | тип=Прочие | ЕТСНГ=011005 | период=2 | отправка=Повагонная | не закрыто 16 из 16 ваг.
    ПРИЧИНА: дуги есть (99 шт.), но все совместимые узлы предложения исчерпаны — вагоны ушли на другие заявки (конкуренция за предложение).
  [d_idx   85] Верховье (МСК) | тип=Прочие | ЕТСНГ=011005 | период=2 | отправка=Повагонная | не закрыто 4 из 4 ваг.
    ПРИЧИНА: дуги есть (102 шт.), но все совместимые узлы предложения исчерпаны — вагоны ушли на другие заявки (конкуренция за предложение).
  [d_idx   87] Безенчук (КБШ) | тип=Прочие | ЕТСНГ=011005 | период=2 | отправка=Повагонная | не закрыто 20 из 20 ваг.
    ПРИЧИНА: дуги есть (99 шт.), но все совместимые узлы предложения исчерпаны — вагоны ушли на другие заявки (конкуренция за предложение).
  [d_idx   88] Безенчук (КБШ) | тип=Прочие | ЕТСНГ=011005 | период=2 | отправка=Повагонная | не закрыто 15 из 15 ваг.
    ПРИЧИНА: дуги есть (99 шт.), но все совместимые узлы предложения исчерпаны — вагоны ушли на другие заявки (конкуренция за предложение).
  [d_idx   89] Приютово (КБШ) | тип=Прочие | ЕТСНГ=011005 | период=2 | отправка=Повагонная | не закрыто 1 из 1 ваг.
    ПРИЧИНА: дуги есть (99 шт.), но все совместимые узлы предложения исчерпаны — вагоны ушли на другие заявки (конкуренция за предложение).
  [d_idx   90] Сорочинская (ЮУР) | тип=Прочие | ЕТСНГ=542239 | период=2 | отправка=Повагонная | не закрыто 8 из 8 ваг.
    ПРИЧИНА: дуги есть (100 шт.), но все совместимые узлы предложения исчерпаны — вагоны ушли на другие заявки (конкуренция за предложение).
  [d_idx   91] Добринка (ЮВС) | тип=Прочие | ЕТСНГ=011005 | период=2 | отправка=Повагонная | не закрыто 18 из 18 ваг.
    ПРИЧИНА: дуги есть (100 шт.), но все совместимые узлы предложения исчерпаны — вагоны ушли на другие заявки (конкуренция за предложение).
  [d_idx   93] Чуфарово (КБШ) | тип=Прочие | ЕТСНГ=011005 | период=2 | отправка=Повагонная | не закрыто 2 из 2 ваг.
    ПРИЧИНА: дуги есть (99 шт.), но все совместимые узлы предложения исчерпаны — вагоны ушли на другие заявки (конкуренция за предложение).
  [d_idx   94] Бузулук (ЮУР) | тип=Прочие | ЕТСНГ=011005 | период=2 | отправка=Повагонная | не закрыто 6 из 6 ваг.
    ПРИЧИНА: дуги есть (99 шт.), но все совместимые узлы предложения исчерпаны — вагоны ушли на другие заявки (конкуренция за предложение).
  [d_idx   95] Заглядино (КБШ) | тип=Прочие | ЕТСНГ=011005 | период=2 | отправка=Повагонная | не закрыто 14 из 14 ваг.
    ПРИЧИНА: дуги есть (99 шт.), но все совместимые узлы предложения исчерпаны — вагоны ушли на другие заявки (конкуренция за предложение).
  [d_idx   96] Раненбург (ЮВС) | тип=Прочие | ЕТСНГ=014003 | период=2 | отправка=Повагонная | не закрыто 4 из 4 ваг.
    ПРИЧИНА: дуги есть (99 шт.), но все совместимые узлы предложения исчерпаны — вагоны ушли на другие заявки (конкуренция за предложение).
  [d_idx   97] Раненбург (ЮВС) | тип=Прочие | ЕТСНГ=014003 | период=2 | отправка=Повагонная | не закрыто 4 из 4 ваг.
    ПРИЧИНА: дуги есть (99 шт.), но все совместимые узлы предложения исчерпаны — вагоны ушли на другие заявки (конкуренция за предложение).
  [d_idx   98] Плавица (ЮВС) | тип=Прочие | ЕТСНГ=011005 | период=2 | отправка=Повагонная | не закрыто 2 из 2 ваг.
    ПРИЧИНА: дуги есть (100 шт.), но все совместимые узлы предложения исчерпаны — вагоны ушли на другие заявки (конкуренция за предложение).
  [d_idx  100] Новосергиевская (ЮУР) | тип=Прочие | ЕТСНГ=014003 | период=2 | отправка=Повагонная | не закрыто 32 из 33 ваг.
    ПРИЧИНА: дуги есть (99 шт.), но все совместимые узлы предложения исчерпаны — вагоны ушли на другие заявки (конкуренция за предложение).
  [d_idx  104] Красногвардеец (ЮУР) | тип=Прочие | ЕТСНГ=011005 | период=2 | отправка=Повагонная | не закрыто 10 из 10 ваг.
    ПРИЧИНА: дуги есть (99 шт.), но все совместимые узлы предложения исчерпаны — вагоны ушли на другие заявки (конкуренция за предложение).
  [d_idx  105] Золотухино (МСК) | тип=Прочие | ЕТСНГ=011005 | период=2 | отправка=Повагонная | не закрыто 1 из 1 ваг.
    ПРИЧИНА: дуги есть (102 шт.), но все совместимые узлы предложения исчерпаны — вагоны ушли на другие заявки (конкуренция за предложение).
  [d_idx  107] Змиевка (МСК) | тип=БКТ | ЕТСНГ=011005 | период=2 | отправка=Повагонная | не закрыто 14 из 14 ваг.
    ПРИЧИНА: дуги есть (33 шт.), но все совместимые узлы предложения исчерпаны — вагоны ушли на другие заявки (конкуренция за предложение).
  [d_idx  108] Змиевка (МСК) | тип=Прочие | ЕТСНГ=011005 | период=2 | отправка=Повагонная | не закрыто 5 из 5 ваг.
    ПРИЧИНА: дуги есть (102 шт.), но все совместимые узлы предложения исчерпаны — вагоны ушли на другие заявки (конкуренция за предложение).
  [d_idx  110] Тополек (ПРВ) | тип=Прочие | ЕТСНГ=011005 | период=2 | отправка=Повагонная | не закрыто 10 из 10 ваг.
    ПРИЧИНА: дуги есть (106 шт.), но все совместимые узлы предложения исчерпаны — вагоны ушли на другие заявки (конкуренция за предложение).
  [d_idx  112] Погромное (ЮУР) | тип=Прочие | ЕТСНГ=011005 | период=2 | отправка=Повагонная | не закрыто 1 из 1 ваг.
    ПРИЧИНА: дуги есть (99 шт.), но все совместимые узлы предложения исчерпаны — вагоны ушли на другие заявки (конкуренция за предложение).
  [d_idx  113] Ключики (КБШ) | тип=Прочие | ЕТСНГ=011005 | период=2 | отправка=Повагонная | не закрыто 10 из 10 ваг.
    ПРИЧИНА: дуги есть (99 шт.), но все совместимые узлы предложения исчерпаны — вагоны ушли на другие заявки (конкуренция за предложение).
  [d_idx  114] Обшаровка (КБШ) | тип=БКТ | ЕТСНГ=011005 | период=2 | отправка=Повагонная | не закрыто 6 из 6 ваг.
    ПРИЧИНА: дуги есть (31 шт.), но все совместимые узлы предложения исчерпаны — вагоны ушли на другие заявки (конкуренция за предложение).
  [d_idx  115] Обшаровка (КБШ) | тип=Прочие | ЕТСНГ=011005 | период=2 | отправка=Повагонная | не закрыто 8 из 8 ваг.
    ПРИЧИНА: дуги есть (99 шт.), но все совместимые узлы предложения исчерпаны — вагоны ушли на другие заявки (конкуренция за предложение).
  [d_idx  116] Обшаровка (КБШ) | тип=Прочие | ЕТСНГ=011005 | период=2 | отправка=Повагонная | не закрыто 6 из 6 ваг.
    ПРИЧИНА: дуги есть (99 шт.), но все совместимые узлы предложения исчерпаны — вагоны ушли на другие заявки (конкуренция за предложение).
  [d_idx  118] Раевка (КБШ) | тип=Прочие | ЕТСНГ=011005 | период=2 | отправка=Повагонная | не закрыто 5 из 5 ваг.
    ПРИЧИНА: дуги есть (99 шт.), но все совместимые узлы предложения исчерпаны — вагоны ушли на другие заявки (конкуренция за предложение).
  [d_idx  120] Ефремов (МСК) | тип=Прочие | ЕТСНГ=014003 | период=2 | отправка=Повагонная | не закрыто 7 из 7 ваг.
    ПРИЧИНА: дуги есть (102 шт.), но все совместимые узлы предложения исчерпаны — вагоны ушли на другие заявки (конкуренция за предложение).
  [d_idx  123] Пачелма (КБШ) | тип=Прочие | ЕТСНГ=011005 | период=2 | отправка=Повагонная | не закрыто 20 из 20 ваг.
    ПРИЧИНА: дуги есть (99 шт.), но все совместимые узлы предложения исчерпаны — вагоны ушли на другие заявки (конкуренция за предложение).
  [d_idx  124] Товарково (МСК) | тип=Прочие | ЕТСНГ=014003 | период=2 | отправка=Повагонная | не закрыто 2 из 3 ваг.
    ПРИЧИНА: дуги есть (102 шт.), но все совместимые узлы предложения исчерпаны — вагоны ушли на другие заявки (конкуренция за предложение).
  [d_idx  126] Верда (КБШ) | тип=Прочие | ЕТСНГ=011005 | период=2 | отправка=Повагонная | не закрыто 9 из 12 ваг.
    ПРИЧИНА: дуги есть (99 шт.), но все совместимые узлы предложения исчерпаны — вагоны ушли на другие заявки (конкуренция за предложение).
  [d_idx  127] Отрешково (МСК) | тип=Прочие | ЕТСНГ=011005 | период=2 | отправка=Маршрутная | не закрыто 84 из 84 ваг.
    ПРИЧИНА: дуги есть (102 шт.), но все совместимые узлы предложения исчерпаны — вагоны ушли на другие заявки (конкуренция за предложение).
  [d_idx  129] Елец (ЮВС) | тип=Прочие | ЕТСНГ=011005 | период=2 | отправка=Повагонная | не закрыто 4 из 5 ваг.
    ПРИЧИНА: дуги есть (100 шт.), но все совместимые узлы предложения исчерпаны — вагоны ушли на другие заявки (конкуренция за предложение).
  [d_idx  130] Летяжевка (ЮВС) | тип=Прочие | ЕТСНГ=011005 | период=2 | отправка=Повагонная | не закрыто 2 из 2 ваг.
    ПРИЧИНА: дуги есть (99 шт.), но все совместимые узлы предложения исчерпаны — вагоны ушли на другие заявки (конкуренция за предложение).
  [d_idx  131] Охотничья (КБШ) | тип=Прочие | ЕТСНГ=011005 | период=2 | отправка=Повагонная | не закрыто 10 из 11 ваг.
    ПРИЧИНА: дуги есть (99 шт.), но все совместимые узлы предложения исчерпаны — вагоны ушли на другие заявки (конкуренция за предложение).
  [d_idx  132] Избердей (ЮВС) | тип=Прочие | ЕТСНГ=011005 | период=2 | отправка=Маршрутная | не закрыто 55 из 55 ваг.
    ПРИЧИНА: дуги есть (100 шт.), но все совместимые узлы предложения исчерпаны — вагоны ушли на другие заявки (конкуренция за предложение).
  [d_idx  133] Аллагуват (КБШ) | тип=Прочие | ЕТСНГ=014003 | период=2 | отправка=Повагонная | не закрыто 2 из 2 ваг.
    ПРИЧИНА: дуги есть (99 шт.), но все совместимые узлы предложения исчерпаны — вагоны ушли на другие заявки (конкуренция за предложение).
  [d_idx  134] Плавск (МСК) | тип=Прочие | ЕТСНГ=011005 | период=2 | отправка=Повагонная | не закрыто 9 из 10 ваг.
    ПРИЧИНА: дуги есть (102 шт.), но все совместимые узлы предложения исчерпаны — вагоны ушли на другие заявки (конкуренция за предложение).
  [d_idx  135] Бугуруслан (КБШ) | тип=Прочие | ЕТСНГ=011005 | период=2 | отправка=Повагонная | не закрыто 10 из 10 ваг.
    ПРИЧИНА: дуги есть (99 шт.), но все совместимые узлы предложения исчерпаны — вагоны ушли на другие заявки (конкуренция за предложение).
  [d_idx  136] Бугуруслан (КБШ) | тип=Прочие | ЕТСНГ=011005 | период=2 | отправка=Повагонная | не закрыто 9 из 9 ваг.
    ПРИЧИНА: дуги есть (99 шт.), но все совместимые узлы предложения исчерпаны — вагоны ушли на другие заявки (конкуренция за предложение).
  [d_idx  137] Руденск (БЕЛ) | тип=Прочие | ЕТСНГ=014003 | период=2 | отправка=Повагонная | не закрыто 10 из 10 ваг.
    ПРИЧИНА: нет ни одной допустимой дуги — закрыть невозможно текущими данными. Отбраковка пар со всеми 127 узлами предложения:
             нет тарифа 0, несовм. тип 0, грязный ЕТСНГ 6, дальше потолка расстояния 8, бизнес-правила дорог (инотерритория/дефицит) 104, станция закрыта очередью (правило 4) 9, конвенция РЖД 0, нарушение срока 0.
             на станции 93 ваг. при мощности 10 ваг./сут. (9.3 суток работы) — подсыл закрыт во все периоды.
  [d_idx  138] Руденск (БЕЛ) | тип=Прочие | ЕТСНГ=014003 | период=2 | отправка=Повагонная | не закрыто 5 из 5 ваг.
    ПРИЧИНА: нет ни одной допустимой дуги — закрыть невозможно текущими данными. Отбраковка пар со всеми 127 узлами предложения:
             нет тарифа 0, несовм. тип 0, грязный ЕТСНГ 6, дальше потолка расстояния 8, бизнес-правила дорог (инотерритория/дефицит) 104, станция закрыта очередью (правило 4) 9, конвенция РЖД 0, нарушение срока 0.
             на станции 93 ваг. при мощности 10 ваг./сут. (9.3 суток работы) — подсыл закрыт во все периоды.
  [d_idx  139] Орел (МСК) | тип=Прочие | ЕТСНГ=011005 | период=3 | отправка=Повагонная | не закрыто 6 из 7 ваг.
    ПРИЧИНА: дуги есть (102 шт.), но все совместимые узлы предложения исчерпаны — вагоны ушли на другие заявки (конкуренция за предложение).
  [d_idx  141] Ртищево 1 (ЮВС) | тип=Прочие | ЕТСНГ=011005 | период=3 | отправка=Повагонная | не закрыто 8 из 8 ваг.
    ПРИЧИНА: дуги есть (99 шт.), но все совместимые узлы предложения исчерпаны — вагоны ушли на другие заявки (конкуренция за предложение).
  [d_idx  144] Белинская (КБШ) | тип=Прочие | ЕТСНГ=011005 | период=3 | отправка=Повагонная | не закрыто 5 из 5 ваг.
    ПРИЧИНА: дуги есть (99 шт.), но все совместимые узлы предложения исчерпаны — вагоны ушли на другие заявки (конкуренция за предложение).
  [d_idx  146] Добринка (ЮВС) | тип=Прочие | ЕТСНГ=011005 | период=3 | отправка=Повагонная | не закрыто 6 из 6 ваг.
    ПРИЧИНА: дуги есть (100 шт.), но все совместимые узлы предложения исчерпаны — вагоны ушли на другие заявки (конкуренция за предложение).
  [d_idx  147] Бузулук (ЮУР) | тип=Прочие | ЕТСНГ=011005 | период=3 | отправка=Повагонная | не закрыто 3 из 3 ваг.
    ПРИЧИНА: дуги есть (99 шт.), но все совместимые узлы предложения исчерпаны — вагоны ушли на другие заявки (конкуренция за предложение).
  [d_idx  148] Плавица (ЮВС) | тип=Прочие | ЕТСНГ=542072 | период=3 | отправка=Повагонная | не закрыто 1 из 1 ваг.
    ПРИЧИНА: дуги есть (100 шт.), но все совместимые узлы предложения исчерпаны — вагоны ушли на другие заявки (конкуренция за предложение).
  [d_idx  150] Новосергиевская (ЮУР) | тип=Прочие | ЕТСНГ=014003 | период=3 | отправка=Повагонная | не закрыто 8 из 8 ваг.
    ПРИЧИНА: дуги есть (99 шт.), но все совместимые узлы предложения исчерпаны — вагоны ушли на другие заявки (конкуренция за предложение).
  [d_idx  151] Красногвардеец (ЮУР) | тип=Прочие | ЕТСНГ=011005 | период=3 | отправка=Повагонная | не закрыто 5 из 5 ваг.
    ПРИЧИНА: дуги есть (99 шт.), но все совместимые узлы предложения исчерпаны — вагоны ушли на другие заявки (конкуренция за предложение).
  [d_idx  152] Змиевка (МСК) | тип=БКТ | ЕТСНГ=011005 | период=3 | отправка=Повагонная | не закрыто 7 из 7 ваг.
    ПРИЧИНА: дуги есть (33 шт.), но все совместимые узлы предложения исчерпаны — вагоны ушли на другие заявки (конкуренция за предложение).
  [d_idx  155] Новоспасское (КБШ) | тип=Прочие | ЕТСНГ=011005 | период=3 | отправка=Повагонная | не закрыто 6 из 6 ваг.
    ПРИЧИНА: дуги есть (99 шт.), но все совместимые узлы предложения исчерпаны — вагоны ушли на другие заявки (конкуренция за предложение).
  [d_idx  156] Пачелма (КБШ) | тип=Прочие | ЕТСНГ=011005 | период=3 | отправка=Повагонная | не закрыто 5 из 5 ваг.
    ПРИЧИНА: дуги есть (99 шт.), но все совместимые узлы предложения исчерпаны — вагоны ушли на другие заявки (конкуренция за предложение).
  [d_idx  159] Верда (КБШ) | тип=Прочие | ЕТСНГ=011005 | период=3 | отправка=Повагонная | не закрыто 3 из 3 ваг.
    ПРИЧИНА: дуги есть (99 шт.), но все совместимые узлы предложения исчерпаны — вагоны ушли на другие заявки (конкуренция за предложение).
  [d_idx  161] Елец (ЮВС) | тип=Прочие | ЕТСНГ=011005 | период=3 | отправка=Повагонная | не закрыто 7 из 7 ваг.
    ПРИЧИНА: дуги есть (100 шт.), но все совместимые узлы предложения исчерпаны — вагоны ушли на другие заявки (конкуренция за предложение).
  [d_idx  163] Охотничья (КБШ) | тип=Прочие | ЕТСНГ=011005 | период=3 | отправка=Повагонная | не закрыто 11 из 11 ваг.
    ПРИЧИНА: дуги есть (99 шт.), но все совместимые узлы предложения исчерпаны — вагоны ушли на другие заявки (конкуренция за предложение).
  [d_idx  165] Руденск (БЕЛ) | тип=Прочие | ЕТСНГ=014003 | период=3 | отправка=Повагонная | не закрыто 10 из 10 ваг.
    ПРИЧИНА: нет ни одной допустимой дуги — закрыть невозможно текущими данными. Отбраковка пар со всеми 127 узлами предложения:
             нет тарифа 0, несовм. тип 0, грязный ЕТСНГ 6, дальше потолка расстояния 8, бизнес-правила дорог (инотерритория/дефицит) 104, станция закрыта очередью (правило 4) 9, конвенция РЖД 0, нарушение срока 0.
             на станции 93 ваг. при мощности 10 ваг./сут. (9.3 суток работы) — подсыл закрыт во все периоды.
  [d_idx  166] Руденск (БЕЛ) | тип=Прочие | ЕТСНГ=014003 | период=4 | отправка=Повагонная | не закрыто 20 из 20 ваг.
    ПРИЧИНА: нет ни одной допустимой дуги — закрыть невозможно текущими данными. Отбраковка пар со всеми 127 узлами предложения:
             нет тарифа 0, несовм. тип 0, грязный ЕТСНГ 6, дальше потолка расстояния 8, бизнес-правила дорог (инотерритория/дефицит) 104, станция закрыта очередью (правило 4) 9, конвенция РЖД 0, нарушение срока 0.
             на станции 93 ваг. при мощности 10 ваг./сут. (9.3 суток работы) — подсыл закрыт во все периоды.
  [d_idx  168] Приютово (КБШ) | тип=Прочие | ЕТСНГ=011005 | период=4 | отправка=Повагонная | не закрыто 2 из 12 ваг.
    ПРИЧИНА: дуги есть (99 шт.), но все совместимые узлы предложения исчерпаны — вагоны ушли на другие заявки (конкуренция за предложение).
  [d_idx  171] Змиевка (МСК) | тип=Прочие | ЕТСНГ=011005 | период=4 | отправка=Повагонная | не закрыто 14 из 14 ваг.
    ПРИЧИНА: дуги есть (102 шт.), но все совместимые узлы предложения исчерпаны — вагоны ушли на другие заявки (конкуренция за предложение).
  [d_idx  172] Измалково (МСК) | тип=Прочие | ЕТСНГ=011005 | период=4 | отправка=Групповая | не закрыто 10 из 10 ваг.
    ПРИЧИНА: дуги есть (102 шт.), но все совместимые узлы предложения исчерпаны — вагоны ушли на другие заявки (конкуренция за предложение).
  [d_idx  173] Становая (ЮВС) | тип=Прочие | ЕТСНГ=011005 | период=4 | отправка=Повагонная | не закрыто 23 из 23 ваг.
    ПРИЧИНА: дуги есть (100 шт.), но все совместимые узлы предложения исчерпаны — вагоны ушли на другие заявки (конкуренция за предложение).
  [d_idx  176] Конышевка (МСК) | тип=Прочие | ЕТСНГ=014003 | период=4 | отправка=Повагонная | не закрыто 7 из 7 ваг.
    ПРИЧИНА: дуги есть (92 шт.), но все совместимые узлы предложения исчерпаны — вагоны ушли на другие заявки (конкуренция за предложение).
  [d_idx  177] Охотничья (КБШ) | тип=Прочие | ЕТСНГ=011005 | период=4 | отправка=Повагонная | не закрыто 10 из 10 ваг.
    ПРИЧИНА: дуги есть (99 шт.), но все совместимые узлы предложения исчерпаны — вагоны ушли на другие заявки (конкуренция за предложение).
  [d_idx  178] Плавск (МСК) | тип=Прочие | ЕТСНГ=011005 | период=4 | отправка=Повагонная | не закрыто 8 из 11 ваг.
    ПРИЧИНА: дуги есть (102 шт.), но все совместимые узлы предложения исчерпаны — вагоны ушли на другие заявки (конкуренция за предложение).

  СВОДКА ПО ПРИЧИНАМ:
    нет допустимых дуг (структурно)        узлов:   7, вагонов:  103
    источники предложения исчерпаны        узлов: 122, вагонов: 1532

  ЗАКРЫВАЕМОСТЬ (по реальному связывающему ограничению):
    структурно недостижимо (нет дуг):           103 ваг.  — нужны новые тарифы / смягчение жёстких фильтров
    упёрто в квоту ДМЗИ (инфраструктура):          0 ваг.  — поможет только повышение квоты на дороге
    держит MIN_BATCH (квота ДМЗИ ещё есть):        0 ваг.  — поможет смягчение партии (middle 0 / масс. 0 / маршр. 0)
    прочее (конкуренция / экономика штрафа):    1532 ваг.
--------------------------------
--- УТИЛИЗАЦИЯ КВОТ ДМЗИ ---
  ВСБ  период  1:    0 из    4 ваг.
  ВСБ  период 10:    0 из    6 ваг.
  ГОР  период  1:    7 из  391 ваг.
  ГОР  период 10:    0 из  551 ваг.
  ЗАБ  период  1:    0 из   20 ваг.
  ЗАБ  период 10:    0 из   30 ваг.
  ЗСБ  период  1:   34 из  822 ваг.
  ЗСБ  период 10:    0 из 1156 ваг.
  КБШ  период  1:   35 из  867 ваг.
  КБШ  период 10:    0 из 1275 ваг.
  КРС  период  1:    0 из    8 ваг.
  КРС  период 10:    0 из   12 ваг.
  МСК  период  1:   34 из  739 ваг.
  МСК  период 10:    0 из 1039 ваг.
  ОКТ  период  1:    0 из  325 ваг.
  ОКТ  период 10:    0 из  455 ваг.
  ПРВ  период  1:   76 из 1075 ваг.
  ПРВ  период 10:    0 из 1505 ваг.
  СВР  период  1:    0 из  559 ваг.
  СВР  период 10:    0 из  793 ваг.
  СЕВ  период  1:    0 из   75 ваг.
  СЕВ  период 10:    0 из  105 ваг.
  СКВ  период  1:   75 из  335 ваг.
  СКВ  период 10:    0 из  469 ваг.
  ЮВС  период  1:    1 из 1389 ваг.
  ЮВС  период 10:    0 из 2011 ваг.
  ЮУР  период  1:   37 из  749 ваг.
  ЮУР  период 10:    0 из 1049 ваг.
----------------------------
Баланс отчёта оптимизации:   OK (362 ваг. в записях = 362 ваг. предложения)
Записей в отчёте (Excel):    248 (166 оптим. + 42 по факту + 40 в ремонт) / 575 вагонов
  → в POST АПИ (период 1):   248 записей / 575 вагонов
Чекпоинт сохранён:           tmp/checkpoint_day1_2026-09-22_12-39-56.xlsx

======= РЕЗУЛЬТАТЫ ОПТИМИЗАЦИИ =======
Статус решателя:      MIP Optimal (gap=0.000%)
Назначено вагонов:    362
Неудовл. спрос:       1635 ваг. (dummy-предложение)
Суммарная стоимость:  18721681 руб.
======================================

Результат сохранён:          tmp/result_day1_20260922_123956.json
[SUCCESS] railoptim завершил работу успешно.
