[Пт 21 авг 2026 11:05:00 MSK] Запуск: /home/atretyakov/railoptim/app/bin/railoptim (env=prod, MIP_WARM_START=on)
stations_geo: 19494 записей, data/stations/stations_geo.sqlite (baltic=671, china_mongolia=339, cis=6263, ru=11848, south_caucasus=373)
Получено узлов спроса (погрузка): 244 или 3372 вагонов
Получено узлов предложения 1 сут.:  156 или 956 вагонов
Получено узлов предложения всего:  156 или 956 вагонов
  свободных для назначения:  103 или 815 вагонов
  требуют ремонта (В ремонт):18 или 22 вагонов
  по факту (Assigned):       35 или 119 вагонов
Дороги без промывки (NoCleaningRoads): 8
Коды «уже промыт/ремонт» (WashedEmptyEtsngCodes): 2
Ban-list чужих владельцев отстоя (reserve_owners.json): 4 пар (станция+ОКПО)
Узлов спроса (промывка):     36 или мощность в период 5 суток 2795 вагонов
  предложений с ЕТСНГ из списка промывки: 20 вагонов (освобождены по NoCleaningRoads: 2; из них есть узел погрузки с тем же ЕТСНГ на любой станции — альтернатива промывке по спросу: 20 вагонов)
Получено тарифов:            7669
Загружено ремонтных станций: 102
Тарифов до ремонтных ст.:    1293
Тарифов до промывки (с надбавкой 10000+40000=50000 руб.): 238
Ограничения ДМЗИ:            13 дорог (78 записей Ostatok)
  ВСБ  период 1 ≤    5, период 10 ≤    1 ваг.
  ГОР  период 1 ≤  397, период 10 ≤   80 ваг.
  ЗАБ  период 1 ≤   20, период 10 ≤    4 ваг.
  ЗСБ  период 1 ≤  100, период 10 ≤   20 ваг.
  КБШ  период 1 ≤  653, период 10 ≤  140 ваг.
  КРС  период 1 ≤    5, период 10 ≤    1 ваг.
  МСК  период 1 ≤  693, период 10 ≤  150 ваг.
  ОКТ  период 1 ≤  316, период 10 ≤   65 ваг.
  ПРВ  период 1 ≤  527, период 10 ≤  108 ваг.
  СВР  период 1 ≤  562, период 10 ≤  117 ваг.
  СЕВ  период 1 ≤   75, период 10 ≤   15 ваг.
  ЮВС  период 1 ≤ 1248, период 10 ≤  260 ваг.
  ЮУР  период 1 ≤  520, период 10 ≤  110 ваг.
БД отстоя обновлена:         получено 24 / записано 24 / без etran_id 0
Узлы отстоя (резервы):       101 узлов / ёмкость 2033 ваг. (записей в БД 175, дублей 0, отфильтровано 74, чужих по ban-list 333)
FREE_LOADROADS_STATS={"date_from": "2026-02-21", "date_to": "2026-08-21", "load_station_codes": 483, "cars_on_station_rows": 1895, "cars_total": 84384}
Свободные ёмкости путей:     79 крупных станций -> data/load_stations_free_capacity.json
Всего пар supply×demand:     28840
  без тарифа:                        4129 (14.3%)
  нарушение срока (жёстко):          0 (0.0%)
  несовм. тип вагона:                0 (0.0%)
  грязный вагон → чужой ЕТСНГ:       2352 (8.2%)
  грязный: дальняя погрузка дороже промывки → в промывку: 52 (0.2%)
  допустимых дуг со штрафом за срок:   11436 (39.7%)
  допустимых дуг всего в LP:      22307 (77.3%)
Ограничения партии (MIN_BATCH): массовая выгрузка — 2160 дуг / 210 пар; средние станции — 7347 дуг / 874 пар (станций образования: 12, погрузки: 75)
  маршрутные отправки (B=10): 184 дуг / 28 пар (станций образования: 14, маршрутных станций погрузки: 2)
--- АНАЛИЗ РЕСУРСОВ ---
Предложение: 815 ваг.
Спрос (погрузка): 3372 ваг.
Ёмкость промывки (верх): 2795 ваг.
Статус: ДЕФИЦИТ  (2557 ваг. — штрафные дуги)
-----------------------
--- ЖАДНОЕ РЕШЕНИЕ ---
Назначений:            185 шт.
Назначено вагонов:     814 / 3372 спрос (погрузка), 815 предложение
Суммарная стоимость:   34399723.44 руб.
Неудовлетворён спрос:  2566 ваг.
Избыток предложения:   1 ваг.
Покрытие спроса (погр.): 24.1%
----------------------
MIP warm-start: ON (greedy) (управляется env MIP_WARM_START={on|off}, по умолч. on)
--- MIP РЕШЕНИЕ ---
Статус:                MIP Optimal (gap=0.000%)
Назначено вагонов:     808 / 3372 спрос (погрузка), 815 предложение
Суммарная стоимость:   33625847.78 руб.
Неудовлетворён спрос:  2564 ваг.
Избыток предложения:   7 ваг.
Покрытие спроса (погр.): 24.0%
-------------------
MIP время: 2.29 сек (warm-start: ON)
MIP диагностика: status=Optimal, gap=0.0000%, undist=2571 (unmet=2564, excess=7), real_cost=33625847.78
MIP vs greedy:   greedy undist=2567 (unmet=2566, excess=1), real_cost=34399723.44  →  Δundist=+4, Δcost=-773875.66
  ВНИМАНИЕ: MIP не закрыл 2564 ваг. спроса на погрузку (unmet > 0). Возможные причины:
           (а) PENALTY_UNMET ниже стоимости единственно допустимых плеч,
           (б) HiGHS остановился по rel_gap до закрытия всего спроса.
--- ДИАГНОСТИКА EXCESS SUPPLY (7 ваг. в 5 узлах) ---
  [s_idx   51] Приаргунск | тип=БК | ЕТСНГ=421034 | period=1 | mass_unload=false | осталось 1 из 1 ваг.
    ПРИЧИНА: нет ни одной допустимой дуги (нет тарифа, несовм. тип вагона или грязный груз).
  [s_idx   52] Новосибирск-Западный | тип=БК | ЕТСНГ=— | period=1 | mass_unload=false | осталось 1 из 1 ваг.
    ПРИЧИНА: доступны только Wash-дуги (36 шт., мин. стоимость 51473 руб./ваг.). В модели Wash не имеет штрафа за незаполнение,
             а excess_supply бесплатный — отправка только увеличила бы obj, MIP корректно оставил вагоны в остатке.
  [s_idx   53] Новосибирск-Западный | тип=Т | ЕТСНГ=— | period=1 | mass_unload=false | осталось 1 из 1 ваг.
    ПРИЧИНА: доступны только Wash-дуги (36 шт., мин. стоимость 51473 руб./ваг.). В модели Wash не имеет штрафа за незаполнение,
             а excess_supply бесплатный — отправка только увеличила бы obj, MIP корректно оставил вагоны в остатке.
  [s_idx   78] Новый Порт | тип=БКТ | ЕТСНГ=505028 | period=1 | mass_unload=false | осталось 1 из 1 ваг.
    ПРИЧИНА: доступны только Wash-дуги (36 шт., мин. стоимость 51205 руб./ваг.). В модели Wash не имеет штрафа за незаполнение,
             а excess_supply бесплатный — отправка только увеличила бы obj, MIP корректно оставил вагоны в остатке.
  [s_idx   93] Буранная | тип=БКТ | ЕТСНГ=542224 | period=1 | mass_unload=false | осталось 3 из 3 ваг.
    ПРИЧИНА: доступны только Wash-дуги (36 шт., мин. стоимость 67638 руб./ваг.). В модели Wash не имеет штрафа за незаполнение,
             а excess_supply бесплатный — отправка только увеличила бы obj, MIP корректно оставил вагоны в остатке.

  СВОДКА ПО ПРИЧИНАМ:
    нет допустимых дуг                  узлов:   1, вагонов:    1
    доступны только Wash-дуги           узлов:   4, вагонов:    6
---------------------------------
MIP нашёл глобальный оптимум (gap=0.0000%) — фаза ALNS пропущена.
--- ДИАГНОСТИКА UNMET DEMAND (2564 ваг. в 186 узлах) ---
  [d_idx    0] Хомутово (МСК) | тип=Прочие | ЕТСНГ=011005 | период=1 | отправка=Повагонная | не закрыто 10 из 10 ваг.
    ПРИЧИНА: дуги есть (92 шт.), но все совместимые узлы предложения исчерпаны — вагоны ушли на другие заявки (конкуренция за предложение).
  [d_idx    1] Трубецкая (СКВ) | тип=Прочие | ЕТСНГ=011005 | период=1 | отправка=Повагонная | не закрыто 28 из 28 ваг.
    ПРИЧИНА: дуги есть (85 шт.), но все совместимые узлы предложения исчерпаны — вагоны ушли на другие заявки (конкуренция за предложение).
  [d_idx    2] Миллерово (СКВ) | тип=Прочие | ЕТСНГ=011005 | период=1 | отправка=Повагонная | не закрыто 4 из 4 ваг.
    ПРИЧИНА: дуги есть (88 шт.), но все совместимые узлы предложения исчерпаны — вагоны ушли на другие заявки (конкуренция за предложение).
  [d_idx    3] Гмелинская (ПРВ) | тип=Прочие | ЕТСНГ=011005 | период=1 | отправка=Повагонная | не закрыто 27 из 27 ваг.
    ПРИЧИНА: дуги есть (92 шт.), но все совместимые узлы предложения исчерпаны — вагоны ушли на другие заявки (конкуренция за предложение).
  [d_idx    4] Гмелинская (ПРВ) | тип=Прочие | ЕТСНГ=021083 | период=1 | отправка=Повагонная | не закрыто 6 из 6 ваг.
    ПРИЧИНА: дуги есть (92 шт.), но все совместимые узлы предложения исчерпаны — вагоны ушли на другие заявки (конкуренция за предложение).
  [d_idx    5] Красный Кут (ПРВ) | тип=Прочие | ЕТСНГ=011005 | период=1 | отправка=Повагонная | не закрыто 1 из 1 ваг.
    ПРИЧИНА: дуги есть (92 шт.), но все совместимые узлы предложения исчерпаны — вагоны ушли на другие заявки (конкуренция за предложение).
  [d_idx    6] Красный Кут (ПРВ) | тип=Прочие | ЕТСНГ=011005 | период=1 | отправка=Повагонная | не закрыто 4 из 4 ваг.
    ПРИЧИНА: дуги есть (92 шт.), но все совместимые узлы предложения исчерпаны — вагоны ушли на другие заявки (конкуренция за предложение).
  [d_idx    9] Алексеевка (ЮВС) | тип=Прочие | ЕТСНГ=542239 | период=1 | отправка=Повагонная | не закрыто 6 из 6 ваг.
    ПРИЧИНА: дуги есть (97 шт.), но все совместимые узлы предложения исчерпаны — вагоны ушли на другие заявки (конкуренция за предложение).
  [d_idx   11] Ремонтная (СКВ) | тип=Прочие | ЕТСНГ=011005 | период=1 | отправка=Повагонная | не закрыто 46 из 46 ваг.
    ПРИЧИНА: дуги есть (92 шт.), но все совместимые узлы предложения исчерпаны — вагоны ушли на другие заявки (конкуренция за предложение).
  [d_idx   12] Чаплыжное (ЮВС) | тип=Прочие | ЕТСНГ=011005 | период=1 | отправка=Повагонная | не закрыто 1 из 2 ваг.
    ПРИЧИНА: дуги есть (92 шт.), но все совместимые узлы предложения исчерпаны — вагоны ушли на другие заявки (конкуренция за предложение).
  [d_idx   13] Безенчук (КБШ) | тип=Прочие | ЕТСНГ=011005 | период=1 | отправка=Повагонная | не закрыто 2 из 2 ваг.
    ПРИЧИНА: дуги есть (92 шт.), но все совместимые узлы предложения исчерпаны — вагоны ушли на другие заявки (конкуренция за предложение).
  [d_idx   14] Безенчук (КБШ) | тип=Прочие | ЕТСНГ=011005 | период=1 | отправка=Повагонная | не закрыто 13 из 13 ваг.
    ПРИЧИНА: дуги есть (92 шт.), но все совместимые узлы предложения исчерпаны — вагоны ушли на другие заявки (конкуренция за предложение).
  [d_idx   15] Матвеев Курган (СКВ) | тип=Прочие | ЕТСНГ=011005 | период=1 | отправка=Повагонная | не закрыто 5 из 5 ваг.
    ПРИЧИНА: дуги есть (88 шт.), но все совместимые узлы предложения исчерпаны — вагоны ушли на другие заявки (конкуренция за предложение).
  [d_idx   17] Плавица (ЮВС) | тип=Прочие | ЕТСНГ=011005 | период=1 | отправка=Повагонная | не закрыто 1 из 4 ваг.
    ПРИЧИНА: дуги есть (92 шт.), но все совместимые узлы предложения исчерпаны — вагоны ушли на другие заявки (конкуренция за предложение).
  [d_idx   18] Даут (КЗХ) | тип=Прочие | ЕТСНГ=018131 | период=1 | отправка=Повагонная | не закрыто 3 из 3 ваг.
    ПРИЧИНА: дуги есть (79 шт.), но все совместимые узлы предложения исчерпаны — вагоны ушли на другие заявки (конкуренция за предложение).
  [d_idx   19] Тамала (ЮВС) | тип=Прочие | ЕТСНГ=011005 | период=1 | отправка=Повагонная | не закрыто 38 из 38 ваг.
    ПРИЧИНА: дуги есть (92 шт.), но все совместимые узлы предложения исчерпаны — вагоны ушли на другие заявки (конкуренция за предложение).
  [d_idx   20] Тамала (ЮВС) | тип=Прочие | ЕТСНГ=011005 | период=1 | отправка=Повагонная | не закрыто 2 из 2 ваг.
    ПРИЧИНА: дуги есть (92 шт.), но все совместимые узлы предложения исчерпаны — вагоны ушли на другие заявки (конкуренция за предложение).
  [d_idx   22] Ялга (КБШ) | тип=Прочие | ЕТСНГ=018112 | период=1 | отправка=Повагонная | не закрыто 4 из 4 ваг.
    ПРИЧИНА: дуги есть (92 шт.), но все совместимые узлы предложения исчерпаны — вагоны ушли на другие заявки (конкуренция за предложение).
  [d_idx   24] Таловая (ЮВС) | тип=Прочие | ЕТСНГ=011005 | период=1 | отправка=Повагонная | не закрыто 6 из 6 ваг.
    ПРИЧИНА: дуги есть (88 шт.), но все совместимые узлы предложения исчерпаны — вагоны ушли на другие заявки (конкуренция за предложение).
  [d_idx   25] Острогожск (ЮВС) | тип=Прочие | ЕТСНГ=011005 | период=1 | отправка=Повагонная | не закрыто 7 из 7 ваг.
    ПРИЧИНА: дуги есть (92 шт.), но все совместимые узлы предложения исчерпаны — вагоны ушли на другие заявки (конкуренция за предложение).
  [d_idx   27] Благодарное (СКВ) | тип=Прочие | ЕТСНГ=011005 | период=1 | отправка=Повагонная | не закрыто 17 из 32 ваг.
    ПРИЧИНА: дуги есть (92 шт.), но все совместимые узлы предложения исчерпаны — вагоны ушли на другие заявки (конкуренция за предложение).
  [d_idx   28] Новоспасское (КБШ) | тип=Прочие | ЕТСНГ=021100 | период=1 | отправка=Повагонная | не закрыто 10 из 10 ваг.
    ПРИЧИНА: дуги есть (92 шт.), но все совместимые узлы предложения исчерпаны — вагоны ушли на другие заявки (конкуренция за предложение).
  [d_idx   29] Новоузенск (ПРВ) | тип=Прочие | ЕТСНГ=011005 | период=1 | отправка=Повагонная | не закрыто 1 из 1 ваг.
    ПРИЧИНА: дуги есть (87 шт.), но все совместимые узлы предложения исчерпаны — вагоны ушли на другие заявки (конкуренция за предложение).
  [d_idx   30] Новоузенск (ПРВ) | тип=Прочие | ЕТСНГ=011005 | период=1 | отправка=Повагонная | не закрыто 8 из 8 ваг.
    ПРИЧИНА: дуги есть (87 шт.), но все совместимые узлы предложения исчерпаны — вагоны ушли на другие заявки (конкуренция за предложение).
  [d_idx   31] Придача (ЮВС) | тип=Прочие | ЕТСНГ=014003 | период=1 | отправка=Повагонная | не закрыто 1 из 4 ваг.
    ПРИЧИНА: дуги есть (88 шт.), но все совместимые узлы предложения исчерпаны — вагоны ушли на другие заявки (конкуренция за предложение).
  [d_idx   32] Кротовка (КБШ) | тип=Прочие | ЕТСНГ=011005 | период=1 | отправка=Повагонная | не закрыто 10 из 10 ваг.
    ПРИЧИНА: дуги есть (87 шт.), но все совместимые узлы предложения исчерпаны — вагоны ушли на другие заявки (конкуренция за предложение).
  [d_idx   33] Ильмень (ПРВ) | тип=Прочие | ЕТСНГ=011005 | период=1 | отправка=Повагонная | не закрыто 1 из 1 ваг.
    ПРИЧИНА: дуги есть (92 шт.), но все совместимые узлы предложения исчерпаны — вагоны ушли на другие заявки (конкуренция за предложение).
  [d_idx   35] Волгодонская (СКВ) | тип=Прочие | ЕТСНГ=011005 | период=1 | отправка=Повагонная | не закрыто 5 из 5 ваг.
    ПРИЧИНА: дуги есть (92 шт.), но все совместимые узлы предложения исчерпаны — вагоны ушли на другие заявки (конкуренция за предложение).
  [d_idx   37] Чердаклы (КБШ) | тип=Прочие | ЕТСНГ=011005 | период=1 | отправка=Повагонная | не закрыто 28 из 28 ваг.
    ПРИЧИНА: дуги есть (92 шт.), но все совместимые узлы предложения исчерпаны — вагоны ушли на другие заявки (конкуренция за предложение).
  [d_idx   38] Ярыженская (ПРВ) | тип=Прочие | ЕТСНГ=011005 | период=1 | отправка=Повагонная | не закрыто 17 из 17 ваг.
    ПРИЧИНА: дуги есть (92 шт.), но все совместимые узлы предложения исчерпаны — вагоны ушли на другие заявки (конкуренция за предложение).
  [d_idx   39] Никифоровка (ЮВС) | тип=Прочие | ЕТСНГ=011005 | период=1 | отправка=Повагонная | не закрыто 18 из 18 ваг.
    ПРИЧИНА: дуги есть (92 шт.), но все совместимые узлы предложения исчерпаны — вагоны ушли на другие заявки (конкуренция за предложение).
  [d_idx   40] Пугачевск (ПРВ) | тип=Прочие | ЕТСНГ=011005 | период=1 | отправка=Повагонная | не закрыто 2 из 2 ваг.
    ПРИЧИНА: дуги есть (92 шт.), но все совместимые узлы предложения исчерпаны — вагоны ушли на другие заявки (конкуренция за предложение).
  [d_idx   42] Тоцкая (ЮУР) | тип=Прочие | ЕТСНГ=014003 | период=1 | отправка=Повагонная | не закрыто 9 из 9 ваг.
    ПРИЧИНА: дуги есть (92 шт.), но все совместимые узлы предложения исчерпаны — вагоны ушли на другие заявки (конкуренция за предложение).
  [d_idx   43] Избердей (ЮВС) | тип=Прочие | ЕТСНГ=011005 | период=1 | отправка=Групповая | не закрыто 22 из 24 ваг.
    ПРИЧИНА: дуги есть (92 шт.), но все совместимые узлы предложения исчерпаны — вагоны ушли на другие заявки (конкуренция за предложение).
  [d_idx   44] Кантемировка (ЮВС) | тип=Прочие | ЕТСНГ=011005 | период=1 | отправка=Повагонная | не закрыто 8 из 8 ваг.
    ПРИЧИНА: дуги есть (92 шт.), но все совместимые узлы предложения исчерпаны — вагоны ушли на другие заявки (конкуренция за предложение).
  [d_idx   46] Чаглинка (КЗХ) | тип=Прочие | ЕТСНГ=018131 | период=2 | отправка=Повагонная | не закрыто 2 из 2 ваг.
    ПРИЧИНА: дуги есть (85 шт.), но все совместимые узлы предложения исчерпаны — вагоны ушли на другие заявки (конкуренция за предложение).
  [d_idx   47] Барабинск (ЗСБ) | тип=Прочие | ЕТСНГ=014003 | период=2 | отправка=Повагонная | не закрыто 12 из 12 ваг.
    ПРИЧИНА: дуги есть (92 шт.), но все совместимые узлы предложения исчерпаны — вагоны ушли на другие заявки (конкуренция за предложение).
  [d_idx   48] Барабинск (ЗСБ) | тип=Прочие | ЕТСНГ=018023 | период=2 | отправка=Повагонная | не закрыто 1 из 1 ваг.
    ПРИЧИНА: дуги есть (92 шт.), но все совместимые узлы предложения исчерпаны — вагоны ушли на другие заявки (конкуренция за предложение).
  [d_idx   49] Бударино (ПРВ) | тип=Прочие | ЕТСНГ=011005 | период=2 | отправка=Повагонная | не закрыто 4 из 4 ваг.
    ПРИЧИНА: дуги есть (92 шт.), но все совместимые узлы предложения исчерпаны — вагоны ушли на другие заявки (конкуренция за предложение).
  [d_idx   50] Бударино (ПРВ) | тип=Прочие | ЕТСНГ=011005 | период=2 | отправка=Повагонная | не закрыто 3 из 3 ваг.
    ПРИЧИНА: дуги есть (92 шт.), но все совместимые узлы предложения исчерпаны — вагоны ушли на другие заявки (конкуренция за предложение).
  [d_idx   51] Кокшетау 2 (КЗХ) | тип=Прочие | ЕТСНГ=018131 | период=2 | отправка=Повагонная | не закрыто 26 из 26 ваг.
    ПРИЧИНА: дуги есть (92 шт.), но все совместимые узлы предложения исчерпаны — вагоны ушли на другие заявки (конкуренция за предложение).
  [d_idx   53] Гогино (ЮУР) | тип=Прочие | ЕТСНГ=011005 | период=2 | отправка=Повагонная | не закрыто 7 из 38 ваг.
    ПРИЧИНА: дуги есть (92 шт.), но все совместимые узлы предложения исчерпаны — вагоны ушли на другие заявки (конкуренция за предложение).
  [d_idx   54] Урюпино (ПРВ) | тип=Прочие | ЕТСНГ=542239 | период=2 | отправка=Повагонная | не закрыто 6 из 10 ваг.
    ПРИЧИНА: дуги есть (97 шт.), но все совместимые узлы предложения исчерпаны — вагоны ушли на другие заявки (конкуренция за предложение).
  [d_idx   55] Белинская (КБШ) | тип=Прочие | ЕТСНГ=011005 | период=2 | отправка=Повагонная | не закрыто 16 из 16 ваг.
    ПРИЧИНА: дуги есть (92 шт.), но все совместимые узлы предложения исчерпаны — вагоны ушли на другие заявки (конкуренция за предложение).
  [d_idx   56] Трубецкая (СКВ) | тип=Прочие | ЕТСНГ=011005 | период=2 | отправка=Повагонная | не закрыто 24 из 24 ваг.
    ПРИЧИНА: дуги есть (85 шт.), но все совместимые узлы предложения исчерпаны — вагоны ушли на другие заявки (конкуренция за предложение).
  [d_idx   57] Казань (ГОР) | тип=Прочие | ЕТСНГ=011005 | период=2 | отправка=Повагонная | не закрыто 1 из 1 ваг.
    ПРИЧИНА: дуги есть (80 шт.), но все совместимые узлы предложения исчерпаны — вагоны ушли на другие заявки (конкуренция за предложение).
  [d_idx   58] Красный Кут (ПРВ) | тип=Прочие | ЕТСНГ=011005 | период=2 | отправка=Повагонная | не закрыто 8 из 8 ваг.
    ПРИЧИНА: дуги есть (92 шт.), но все совместимые узлы предложения исчерпаны — вагоны ушли на другие заявки (конкуренция за предложение).
  [d_idx   59] Красный Кут (ПРВ) | тип=Прочие | ЕТСНГ=011005 | период=2 | отправка=Повагонная | не закрыто 4 из 4 ваг.
    ПРИЧИНА: дуги есть (92 шт.), но все совместимые узлы предложения исчерпаны — вагоны ушли на другие заявки (конкуренция за предложение).
  [d_idx   65] Абрамовка (ЮВС) | тип=Прочие | ЕТСНГ=011005 | период=2 | отправка=Повагонная | не закрыто 15 из 15 ваг.
    ПРИЧИНА: дуги есть (88 шт.), но все совместимые узлы предложения исчерпаны — вагоны ушли на другие заявки (конкуренция за предложение).
  [d_idx   66] Рябина (КБШ) | тип=Прочие | ЕТСНГ=011005 | период=2 | отправка=Повагонная | не закрыто 6 из 6 ваг.
    ПРИЧИНА: дуги есть (92 шт.), но все совместимые узлы предложения исчерпаны — вагоны ушли на другие заявки (конкуренция за предложение).
  [d_idx   67] Алексеевка (ЮВС) | тип=Прочие | ЕТСНГ=542239 | период=2 | отправка=Повагонная | не закрыто 3 из 10 ваг.
    ПРИЧИНА: дуги есть (97 шт.), но все совместимые узлы предложения исчерпаны — вагоны ушли на другие заявки (конкуренция за предложение).
  [d_idx   69] Ремонтная (СКВ) | тип=Прочие | ЕТСНГ=011005 | период=2 | отправка=Повагонная | не закрыто 19 из 19 ваг.
    ПРИЧИНА: дуги есть (92 шт.), но все совместимые узлы предложения исчерпаны — вагоны ушли на другие заявки (конкуренция за предложение).
  [d_idx   70] Зимовники (СКВ) | тип=Прочие | ЕТСНГ=011005 | период=2 | отправка=Повагонная | не закрыто 59 из 59 ваг.
    ПРИЧИНА: дуги есть (92 шт.), но все совместимые узлы предложения исчерпаны — вагоны ушли на другие заявки (конкуренция за предложение).
  [d_idx   72] Сорочинская (ЮУР) | тип=Прочие | ЕТСНГ=542239 | период=2 | отправка=Повагонная | не закрыто 15 из 15 ваг.
    ПРИЧИНА: дуги есть (94 шт.), но все совместимые узлы предложения исчерпаны — вагоны ушли на другие заявки (конкуренция за предложение).
  [d_idx   73] Матвеев Курган (СКВ) | тип=Прочие | ЕТСНГ=011005 | период=2 | отправка=Повагонная | не закрыто 9 из 9 ваг.
    ПРИЧИНА: дуги есть (88 шт.), но все совместимые узлы предложения исчерпаны — вагоны ушли на другие заявки (конкуренция за предложение).
  [d_idx   74] Чуфарово (КБШ) | тип=Прочие | ЕТСНГ=011005 | период=2 | отправка=Повагонная | не закрыто 17 из 17 ваг.
    ПРИЧИНА: дуги есть (92 шт.), но все совместимые узлы предложения исчерпаны — вагоны ушли на другие заявки (конкуренция за предложение).
  [d_idx   75] Бузулук (ЮУР) | тип=Прочие | ЕТСНГ=011005 | период=2 | отправка=Повагонная | не закрыто 4 из 6 ваг.
    ПРИЧИНА: дуги есть (92 шт.), но все совместимые узлы предложения исчерпаны — вагоны ушли на другие заявки (конкуренция за предложение).
  [d_idx   77] Ершов (ПРВ) | тип=Прочие | ЕТСНГ=011005 | период=2 | отправка=Повагонная | не закрыто 10 из 10 ваг.
    ПРИЧИНА: дуги есть (92 шт.), но все совместимые узлы предложения исчерпаны — вагоны ушли на другие заявки (конкуренция за предложение).
  [d_idx   78] Чкалово (КЗХ) | тип=Прочие | ЕТСНГ=018131 | период=2 | отправка=Повагонная | не закрыто 4 из 4 ваг.
    ПРИЧИНА: дуги есть (92 шт.), но все совместимые узлы предложения исчерпаны — вагоны ушли на другие заявки (конкуренция за предложение).
  [d_idx   80] Болотная (ЗСБ) | тип=Прочие | ЕТСНГ=011005 | период=2 | отправка=Повагонная | не закрыто 9 из 16 ваг.
    ПРИЧИНА: дуги есть (92 шт.), но все совместимые узлы предложения исчерпаны — вагоны ушли на другие заявки (конкуренция за предложение).
  [d_idx   83] Новосергиевская (ЮУР) | тип=Прочие | ЕТСНГ=011005 | период=2 | отправка=Повагонная | не закрыто 6 из 6 ваг.
    ПРИЧИНА: дуги есть (92 шт.), но все совместимые узлы предложения исчерпаны — вагоны ушли на другие заявки (конкуренция за предложение).
  [d_idx   84] Азат (КЗХ) | тип=Прочие | ЕТСНГ=018131 | период=2 | отправка=Повагонная | не закрыто 12 из 20 ваг.
    ПРИЧИНА: дуги есть (88 шт.), но все совместимые узлы предложения исчерпаны — вагоны ушли на другие заявки (конкуренция за предложение).
  [d_idx   86] Таловая (ЮВС) | тип=Прочие | ЕТСНГ=011005 | период=2 | отправка=Повагонная | не закрыто 24 из 24 ваг.
    ПРИЧИНА: дуги есть (88 шт.), но все совместимые узлы предложения исчерпаны — вагоны ушли на другие заявки (конкуренция за предложение).
  [d_idx   87] Сулы (КЗХ) | тип=Прочие | ЕТСНГ=018131 | период=2 | отправка=Повагонная | не закрыто 6 из 26 ваг.
    ПРИЧИНА: дуги есть (92 шт.), но все совместимые узлы предложения исчерпаны — вагоны ушли на другие заявки (конкуренция за предложение).
  [d_idx   88] Смирново (КЗХ) | тип=Прочие | ЕТСНГ=018131 | период=2 | отправка=Повагонная | не закрыто 9 из 9 ваг.
    ПРИЧИНА: дуги есть (90 шт.), но все совместимые узлы предложения исчерпаны — вагоны ушли на другие заявки (конкуренция за предложение).
  [d_idx   89] Смирново (КЗХ) | тип=Прочие | ЕТСНГ=018131 | период=2 | отправка=Повагонная | не закрыто 12 из 12 ваг.
    ПРИЧИНА: дуги есть (90 шт.), но все совместимые узлы предложения исчерпаны — вагоны ушли на другие заявки (конкуренция за предложение).
  [d_idx   90] Смирново (КЗХ) | тип=Прочие | ЕТСНГ=018131 | период=2 | отправка=Повагонная | не закрыто 16 из 16 ваг.
    ПРИЧИНА: дуги есть (90 шт.), но все совместимые узлы предложения исчерпаны — вагоны ушли на другие заявки (конкуренция за предложение).
  [d_idx   92] Острогожск (ЮВС) | тип=Прочие | ЕТСНГ=011005 | период=2 | отправка=Повагонная | не закрыто 10 из 10 ваг.
    ПРИЧИНА: дуги есть (92 шт.), но все совместимые узлы предложения исчерпаны — вагоны ушли на другие заявки (конкуренция за предложение).
  [d_idx   93] Тополек (ПРВ) | тип=Прочие | ЕТСНГ=011005 | период=2 | отправка=Повагонная | не закрыто 14 из 14 ваг.
    ПРИЧИНА: дуги есть (92 шт.), но все совместимые узлы предложения исчерпаны — вагоны ушли на другие заявки (конкуренция за предложение).
  [d_idx   94] Тополек (ПРВ) | тип=Прочие | ЕТСНГ=011005 | период=2 | отправка=Повагонная | не закрыто 7 из 7 ваг.
    ПРИЧИНА: дуги есть (92 шт.), но все совместимые узлы предложения исчерпаны — вагоны ушли на другие заявки (конкуренция за предложение).
  [d_idx   96] Новоспасское (КБШ) | тип=Прочие | ЕТСНГ=021100 | период=2 | отправка=Повагонная | не закрыто 9 из 9 ваг.
    ПРИЧИНА: дуги есть (92 шт.), но все совместимые узлы предложения исчерпаны — вагоны ушли на другие заявки (конкуренция за предложение).
  [d_idx   97] Меновой Двор (ЮУР) | тип=Прочие | ЕТСНГ=011005 | период=2 | отправка=Повагонная | не закрыто 11 из 11 ваг.
    ПРИЧИНА: дуги есть (92 шт.), но все совместимые узлы предложения исчерпаны — вагоны ушли на другие заявки (конкуренция за предложение).
  [d_idx   99] Кайранкуль (КЗХ) | тип=Прочие | ЕТСНГ=018131 | период=2 | отправка=Повагонная | не закрыто 2 из 2 ваг.
    ПРИЧИНА: дуги есть (92 шт.), но все совместимые узлы предложения исчерпаны — вагоны ушли на другие заявки (конкуренция за предложение).
  [d_idx  100] Кротовка (КБШ) | тип=Прочие | ЕТСНГ=011005 | период=2 | отправка=Повагонная | не закрыто 21 из 21 ваг.
    ПРИЧИНА: дуги есть (87 шт.), но все совместимые узлы предложения исчерпаны — вагоны ушли на другие заявки (конкуренция за предложение).
  [d_idx  101] Пресногорьковская (КЗХ) | тип=Прочие | ЕТСНГ=018131 | период=2 | отправка=Повагонная | не закрыто 10 из 10 ваг.
    ПРИЧИНА: дуги есть (92 шт.), но все совместимые узлы предложения исчерпаны — вагоны ушли на другие заявки (конкуренция за предложение).
  [d_idx  102] Тихорецкая (ГОР) | тип=Прочие | ЕТСНГ=018112 | период=2 | отправка=Повагонная | не закрыто 4 из 4 ваг.
    ПРИЧИНА: дуги есть (88 шт.), но все совместимые узлы предложения исчерпаны — вагоны ушли на другие заявки (конкуренция за предложение).
  [d_idx  103] Зензеватка (ПРВ) | тип=Прочие | ЕТСНГ=011005 | период=2 | отправка=Повагонная | не закрыто 13 из 13 ваг.
    ПРИЧИНА: дуги есть (88 шт.), но все совместимые узлы предложения исчерпаны — вагоны ушли на другие заявки (конкуренция за предложение).
  [d_idx  104] Волгодонская (СКВ) | тип=Прочие | ЕТСНГ=011005 | период=2 | отправка=Повагонная | не закрыто 60 из 60 ваг.
    ПРИЧИНА: дуги есть (92 шт.), но все совместимые узлы предложения исчерпаны — вагоны ушли на другие заявки (конкуренция за предложение).
  [d_idx  107] Отрешково (МСК) | тип=Прочие | ЕТСНГ=011005 | период=2 | отправка=Маршрутная | не закрыто 100 из 100 ваг.
    ПРИЧИНА: дуги есть (92 шт.), но все совместимые узлы предложения исчерпаны — вагоны ушли на другие заявки (конкуренция за предложение).
  [d_idx  108] Ярыженская (ПРВ) | тип=Прочие | ЕТСНГ=011005 | период=2 | отправка=Повагонная | не закрыто 24 из 24 ваг.
    ПРИЧИНА: дуги есть (92 шт.), но все совместимые узлы предложения исчерпаны — вагоны ушли на другие заявки (конкуренция за предложение).
  [d_idx  109] Ярыженская (ПРВ) | тип=Прочие | ЕТСНГ=011005 | период=2 | отправка=Повагонная | не закрыто 15 из 15 ваг.
    ПРИЧИНА: дуги есть (92 шт.), но все совместимые узлы предложения исчерпаны — вагоны ушли на другие заявки (конкуренция за предложение).
  [d_idx  110] Кинель (КБШ) | тип=Прочие | ЕТСНГ=011005 | период=2 | отправка=Повагонная | не закрыто 13 из 13 ваг.
    ПРИЧИНА: дуги есть (92 шт.), но все совместимые узлы предложения исчерпаны — вагоны ушли на другие заявки (конкуренция за предложение).
  [d_idx  113] Подгорное (ЮВС) | тип=Прочие | ЕТСНГ=011005 | период=2 | отправка=Повагонная | не закрыто 1 из 10 ваг.
    ПРИЧИНА: дуги есть (88 шт.), но все совместимые узлы предложения исчерпаны — вагоны ушли на другие заявки (конкуренция за предложение).
  [d_idx  114] Тоцкая (ЮУР) | тип=Прочие | ЕТСНГ=014003 | период=2 | отправка=Повагонная | не закрыто 14 из 14 ваг.
    ПРИЧИНА: дуги есть (92 шт.), но все совместимые узлы предложения исчерпаны — вагоны ушли на другие заявки (конкуренция за предложение).
  [d_idx  116] Избердей (ЮВС) | тип=Прочие | ЕТСНГ=011005 | период=2 | отправка=Групповая | не закрыто 50 из 50 ваг.
    ПРИЧИНА: дуги есть (92 шт.), но все совместимые узлы предложения исчерпаны — вагоны ушли на другие заявки (конкуренция за предложение).
  [d_idx  118] Кантемировка (ЮВС) | тип=Прочие | ЕТСНГ=011005 | период=2 | отправка=Повагонная | не закрыто 21 из 24 ваг.
    ПРИЧИНА: дуги есть (92 шт.), но все совместимые узлы предложения исчерпаны — вагоны ушли на другие заявки (конкуренция за предложение).
  [d_idx  121] Бударино (ПРВ) | тип=Прочие | ЕТСНГ=011005 | период=3 | отправка=Повагонная | не закрыто 11 из 11 ваг.
    ПРИЧИНА: дуги есть (92 шт.), но все совместимые узлы предложения исчерпаны — вагоны ушли на другие заявки (конкуренция за предложение).
  [d_idx  122] Бударино (ПРВ) | тип=Прочие | ЕТСНГ=011005 | период=3 | отправка=Повагонная | не закрыто 5 из 5 ваг.
    ПРИЧИНА: дуги есть (92 шт.), но все совместимые узлы предложения исчерпаны — вагоны ушли на другие заявки (конкуренция за предложение).
  [d_idx  123] Кокшетау 2 (КЗХ) | тип=Прочие | ЕТСНГ=018131 | период=3 | отправка=Повагонная | не закрыто 27 из 27 ваг.
    ПРИЧИНА: дуги есть (92 шт.), но все совместимые узлы предложения исчерпаны — вагоны ушли на другие заявки (конкуренция за предложение).
  [d_idx  124] Трубецкая (СКВ) | тип=Прочие | ЕТСНГ=011005 | период=3 | отправка=Повагонная | не закрыто 13 из 13 ваг.
    ПРИЧИНА: дуги есть (85 шт.), но все совместимые узлы предложения исчерпаны — вагоны ушли на другие заявки (конкуренция за предложение).
  [d_idx  125] Гмелинская (ПРВ) | тип=Прочие | ЕТСНГ=011005 | период=3 | отправка=Повагонная | не закрыто 13 из 13 ваг.
    ПРИЧИНА: дуги есть (92 шт.), но все совместимые узлы предложения исчерпаны — вагоны ушли на другие заявки (конкуренция за предложение).
  [d_idx  126] Красный Кут (ПРВ) | тип=Прочие | ЕТСНГ=011005 | период=3 | отправка=Повагонная | не закрыто 4 из 4 ваг.
    ПРИЧИНА: дуги есть (92 шт.), но все совместимые узлы предложения исчерпаны — вагоны ушли на другие заявки (конкуренция за предложение).
  [d_idx  129] Гнилоаксайская (ПРВ) | тип=Прочие | ЕТСНГ=011005 | период=3 | отправка=Повагонная | не закрыто 8 из 8 ваг.
    ПРИЧИНА: дуги есть (92 шт.), но все совместимые узлы предложения исчерпаны — вагоны ушли на другие заявки (конкуренция за предложение).
  [d_idx  130] Курорт-Боровое (КЗХ) | тип=Прочие | ЕТСНГ=018131 | период=3 | отправка=Повагонная | не закрыто 8 из 8 ваг.
    ПРИЧИНА: дуги есть (92 шт.), но все совместимые узлы предложения исчерпаны — вагоны ушли на другие заявки (конкуренция за предложение).
  [d_idx  131] Сарыколь (КЗХ) | тип=Прочие | ЕТСНГ=018131 | период=3 | отправка=Повагонная | не закрыто 30 из 30 ваг.
    ПРИЧИНА: дуги есть (90 шт.), но все совместимые узлы предложения исчерпаны — вагоны ушли на другие заявки (конкуренция за предложение).
  [d_idx  132] Березовский-Восточный (ЗАБ) | тип=Прочие | ЕТСНГ=018023 | период=3 | отправка=Повагонная | не закрыто 3 из 5 ваг.
    ПРИЧИНА: дуги есть (92 шт.), но все совместимые узлы предложения исчерпаны — вагоны ушли на другие заявки (конкуренция за предложение).
  [d_idx  133] Нурлат (КБШ) | тип=Прочие | ЕТСНГ=011005 | период=3 | отправка=Повагонная | не закрыто 40 из 40 ваг.
    ПРИЧИНА: дуги есть (92 шт.), но все совместимые узлы предложения исчерпаны — вагоны ушли на другие заявки (конкуренция за предложение).
  [d_idx  134] Ремонтная (СКВ) | тип=Прочие | ЕТСНГ=011005 | период=3 | отправка=Повагонная | не закрыто 10 из 10 ваг.
    ПРИЧИНА: дуги есть (92 шт.), но все совместимые узлы предложения исчерпаны — вагоны ушли на другие заявки (конкуренция за предложение).
  [d_idx  135] Зимовники (СКВ) | тип=Прочие | ЕТСНГ=011005 | период=3 | отправка=Повагонная | не закрыто 64 из 64 ваг.
    ПРИЧИНА: дуги есть (92 шт.), но все совместимые узлы предложения исчерпаны — вагоны ушли на другие заявки (конкуренция за предложение).
  [d_idx  136] Безенчук (КБШ) | тип=Прочие | ЕТСНГ=011005 | период=3 | отправка=Повагонная | не закрыто 1 из 1 ваг.
    ПРИЧИНА: дуги есть (92 шт.), но все совместимые узлы предложения исчерпаны — вагоны ушли на другие заявки (конкуренция за предложение).
  [d_idx  137] Безенчук (КБШ) | тип=Прочие | ЕТСНГ=011005 | период=3 | отправка=Повагонная | не закрыто 12 из 12 ваг.
    ПРИЧИНА: дуги есть (92 шт.), но все совместимые узлы предложения исчерпаны — вагоны ушли на другие заявки (конкуренция за предложение).
  [d_idx  138] Сорочинская (ЮУР) | тип=Прочие | ЕТСНГ=542239 | период=3 | отправка=Повагонная | не закрыто 12 из 12 ваг.
    ПРИЧИНА: дуги есть (94 шт.), но все совместимые узлы предложения исчерпаны — вагоны ушли на другие заявки (конкуренция за предложение).
  [d_idx  139] Лысые Горы (ПРВ) | тип=Прочие | ЕТСНГ=011005 | период=3 | отправка=Повагонная | не закрыто 7 из 7 ваг.
    ПРИЧИНА: дуги есть (88 шт.), но все совместимые узлы предложения исчерпаны — вагоны ушли на другие заявки (конкуренция за предложение).
  [d_idx  140] Матвеев Курган (СКВ) | тип=Прочие | ЕТСНГ=011005 | период=3 | отправка=Повагонная | не закрыто 7 из 7 ваг.
    ПРИЧИНА: дуги есть (88 шт.), но все совместимые узлы предложения исчерпаны — вагоны ушли на другие заявки (конкуренция за предложение).
  [d_idx  141] Чкалово (КЗХ) | тип=Прочие | ЕТСНГ=018131 | период=3 | отправка=Повагонная | не закрыто 11 из 11 ваг.
    ПРИЧИНА: дуги есть (92 шт.), но все совместимые узлы предложения исчерпаны — вагоны ушли на другие заявки (конкуренция за предложение).
  [d_idx  144] Новосергиевская (ЮУР) | тип=Прочие | ЕТСНГ=011005 | период=3 | отправка=Повагонная | не закрыто 20 из 20 ваг.
    ПРИЧИНА: дуги есть (92 шт.), но все совместимые узлы предложения исчерпаны — вагоны ушли на другие заявки (конкуренция за предложение).
  [d_idx  145] Пешковский Тупик (КЗХ) | тип=Прочие | ЕТСНГ=018131 | период=3 | отправка=Повагонная | не закрыто 4 из 4 ваг.
    ПРИЧИНА: дуги есть (92 шт.), но все совместимые узлы предложения исчерпаны — вагоны ушли на другие заявки (конкуренция за предложение).
  [d_idx  146] Азат (КЗХ) | тип=Прочие | ЕТСНГ=018131 | период=3 | отправка=Повагонная | не закрыто 9 из 9 ваг.
    ПРИЧИНА: дуги есть (88 шт.), но все совместимые узлы предложения исчерпаны — вагоны ушли на другие заявки (конкуренция за предложение).
  [d_idx  148] Сулы (КЗХ) | тип=Прочие | ЕТСНГ=018131 | период=3 | отправка=Повагонная | не закрыто 20 из 20 ваг.
    ПРИЧИНА: дуги есть (92 шт.), но все совместимые узлы предложения исчерпаны — вагоны ушли на другие заявки (конкуренция за предложение).
  [d_idx  149] Смирново (КЗХ) | тип=Прочие | ЕТСНГ=018131 | период=3 | отправка=Повагонная | не закрыто 9 из 9 ваг.
    ПРИЧИНА: дуги есть (90 шт.), но все совместимые узлы предложения исчерпаны — вагоны ушли на другие заявки (конкуренция за предложение).
  [d_idx  150] Смирново (КЗХ) | тип=Прочие | ЕТСНГ=018131 | период=3 | отправка=Повагонная | не закрыто 10 из 10 ваг.
    ПРИЧИНА: дуги есть (90 шт.), но все совместимые узлы предложения исчерпаны — вагоны ушли на другие заявки (конкуренция за предложение).
  [d_idx  151] Киялы (КЗХ) | тип=Прочие | ЕТСНГ=018131 | период=3 | отправка=Повагонная | не закрыто 8 из 8 ваг.
    ПРИЧИНА: дуги есть (92 шт.), но все совместимые узлы предложения исчерпаны — вагоны ушли на другие заявки (конкуренция за предложение).
  [d_idx  152] Кайранкуль (КЗХ) | тип=Прочие | ЕТСНГ=018131 | период=3 | отправка=Повагонная | не закрыто 17 из 17 ваг.
    ПРИЧИНА: дуги есть (92 шт.), но все совместимые узлы предложения исчерпаны — вагоны ушли на другие заявки (конкуренция за предложение).
  [d_idx  153] Кротовка (КБШ) | тип=Прочие | ЕТСНГ=011005 | период=3 | отправка=Повагонная | не закрыто 10 из 10 ваг.
    ПРИЧИНА: дуги есть (87 шт.), но все совместимые узлы предложения исчерпаны — вагоны ушли на другие заявки (конкуренция за предложение).
  [d_idx  154] Кротовка (КБШ) | тип=Прочие | ЕТСНГ=014003 | период=3 | отправка=Повагонная | не закрыто 7 из 7 ваг.
    ПРИЧИНА: дуги есть (87 шт.), но все совместимые узлы предложения исчерпаны — вагоны ушли на другие заявки (конкуренция за предложение).
  [d_idx  155] Пресногорьковская (КЗХ) | тип=Прочие | ЕТСНГ=018131 | период=3 | отправка=Повагонная | не закрыто 10 из 10 ваг.
    ПРИЧИНА: дуги есть (92 шт.), но все совместимые узлы предложения исчерпаны — вагоны ушли на другие заявки (конкуренция за предложение).
  [d_idx  156] Тихорецкая (ГОР) | тип=Прочие | ЕТСНГ=018112 | период=3 | отправка=Повагонная | не закрыто 3 из 3 ваг.
    ПРИЧИНА: дуги есть (88 шт.), но все совместимые узлы предложения исчерпаны — вагоны ушли на другие заявки (конкуренция за предложение).
  [d_idx  157] Волгодонская (СКВ) | тип=Прочие | ЕТСНГ=011005 | период=3 | отправка=Повагонная | не закрыто 40 из 40 ваг.
    ПРИЧИНА: дуги есть (92 шт.), но все совместимые узлы предложения исчерпаны — вагоны ушли на другие заявки (конкуренция за предложение).
  [d_idx  159] Отрешково (МСК) | тип=Прочие | ЕТСНГ=011005 | период=3 | отправка=Маршрутная | не закрыто 147 из 147 ваг.
    ПРИЧИНА: дуги есть (92 шт.), но все совместимые узлы предложения исчерпаны — вагоны ушли на другие заявки (конкуренция за предложение).
  [d_idx  160] Ярыженская (ПРВ) | тип=Прочие | ЕТСНГ=011005 | период=3 | отправка=Повагонная | не закрыто 13 из 13 ваг.
    ПРИЧИНА: дуги есть (92 шт.), но все совместимые узлы предложения исчерпаны — вагоны ушли на другие заявки (конкуренция за предложение).
  [d_idx  161] Ярыженская (ПРВ) | тип=Прочие | ЕТСНГ=011005 | период=3 | отправка=Повагонная | не закрыто 22 из 22 ваг.
    ПРИЧИНА: дуги есть (92 шт.), но все совместимые узлы предложения исчерпаны — вагоны ушли на другие заявки (конкуренция за предложение).
  [d_idx  162] Удобрительная (МСК) | тип=Прочие | ЕТСНГ=011005 | период=3 | отправка=Повагонная | не закрыто 20 из 20 ваг.
    ПРИЧИНА: дуги есть (92 шт.), но все совместимые узлы предложения исчерпаны — вагоны ушли на другие заявки (конкуренция за предложение).
  [d_idx  163] Кинель (КБШ) | тип=Прочие | ЕТСНГ=011005 | период=3 | отправка=Повагонная | не закрыто 23 из 23 ваг.
    ПРИЧИНА: дуги есть (92 шт.), но все совместимые узлы предложения исчерпаны — вагоны ушли на другие заявки (конкуренция за предложение).
  [d_idx  166] Избердей (ЮВС) | тип=Прочие | ЕТСНГ=011005 | период=3 | отправка=Групповая | не закрыто 7 из 21 ваг.
    ПРИЧИНА: дуги есть (92 шт.), но все совместимые узлы предложения исчерпаны — вагоны ушли на другие заявки (конкуренция за предложение).
  [d_idx  170] Чаглинка (КЗХ) | тип=Прочие | ЕТСНГ=018131 | период=4 | отправка=Повагонная | не закрыто 7 из 7 ваг.
    ПРИЧИНА: дуги есть (85 шт.), но все совместимые узлы предложения исчерпаны — вагоны ушли на другие заявки (конкуренция за предложение).
  [d_idx  171] Бударино (ПРВ) | тип=Прочие | ЕТСНГ=011005 | период=4 | отправка=Повагонная | не закрыто 15 из 15 ваг.
    ПРИЧИНА: дуги есть (92 шт.), но все совместимые узлы предложения исчерпаны — вагоны ушли на другие заявки (конкуренция за предложение).
  [d_idx  173] Кокшетау 2 (КЗХ) | тип=Прочие | ЕТСНГ=018131 | период=4 | отправка=Повагонная | не закрыто 13 из 15 ваг.
    ПРИЧИНА: дуги есть (92 шт.), но все совместимые узлы предложения исчерпаны — вагоны ушли на другие заявки (конкуренция за предложение).
  [d_idx  174] Дмитриев-Льговский (МСК) | тип=Прочие | ЕТСНГ=011005 | период=4 | отправка=Повагонная | не закрыто 2 из 2 ваг.
    ПРИЧИНА: дуги есть (92 шт.), но все совместимые узлы предложения исчерпаны — вагоны ушли на другие заявки (конкуренция за предложение).
  [d_idx  175] Рыбинск-Товарный (СЕВ) | тип=Прочие | ЕТСНГ=018112 | период=4 | отправка=Повагонная | не закрыто 1 из 2 ваг.
    ПРИЧИНА: дуги есть (92 шт.), но все совместимые узлы предложения исчерпаны — вагоны ушли на другие заявки (конкуренция за предложение).
  [d_idx  176] Белинская (КБШ) | тип=Прочие | ЕТСНГ=011005 | период=4 | отправка=Повагонная | не закрыто 12 из 12 ваг.
    ПРИЧИНА: дуги есть (92 шт.), но все совместимые узлы предложения исчерпаны — вагоны ушли на другие заявки (конкуренция за предложение).
  [d_idx  178] Гнилоаксайская (ПРВ) | тип=Прочие | ЕТСНГ=011005 | период=4 | отправка=Повагонная | не закрыто 7 из 7 ваг.
    ПРИЧИНА: дуги есть (92 шт.), но все совместимые узлы предложения исчерпаны — вагоны ушли на другие заявки (конкуренция за предложение).
  [d_idx  179] Курорт-Боровое (КЗХ) | тип=Прочие | ЕТСНГ=018131 | период=4 | отправка=Повагонная | не закрыто 8 из 12 ваг.
    ПРИЧИНА: дуги есть (92 шт.), но все совместимые узлы предложения исчерпаны — вагоны ушли на другие заявки (конкуренция за предложение).
  [d_idx  180] Лебедево (ПРВ) | тип=Прочие | ЕТСНГ=011005 | период=4 | отправка=Повагонная | не закрыто 55 из 55 ваг.
    ПРИЧИНА: дуги есть (92 шт.), но все совместимые узлы предложения исчерпаны — вагоны ушли на другие заявки (конкуренция за предложение).
  [d_idx  181] Сарыколь (КЗХ) | тип=Прочие | ЕТСНГ=018131 | период=4 | отправка=Повагонная | не закрыто 15 из 15 ваг.
    ПРИЧИНА: дуги есть (90 шт.), но все совместимые узлы предложения исчерпаны — вагоны ушли на другие заявки (конкуренция за предложение).
  [d_idx  182] Сарыколь (КЗХ) | тип=Прочие | ЕТСНГ=018131 | период=4 | отправка=Повагонная | не закрыто 20 из 20 ваг.
    ПРИЧИНА: дуги есть (90 шт.), но все совместимые узлы предложения исчерпаны — вагоны ушли на другие заявки (конкуренция за предложение).
  [d_idx  183] Абрамовка (ЮВС) | тип=Прочие | ЕТСНГ=011005 | период=4 | отправка=Повагонная | не закрыто 40 из 40 ваг.
    ПРИЧИНА: дуги есть (88 шт.), но все совместимые узлы предложения исчерпаны — вагоны ушли на другие заявки (конкуренция за предложение).
  [d_idx  184] Нурлат (КБШ) | тип=Прочие | ЕТСНГ=011005 | период=4 | отправка=Повагонная | не закрыто 7 из 7 ваг.
    ПРИЧИНА: дуги есть (92 шт.), но все совместимые узлы предложения исчерпаны — вагоны ушли на другие заявки (конкуренция за предложение).
  [d_idx  186] Анисовка (ПРВ) | тип=Прочие | ЕТСНГ=011005 | период=4 | отправка=Повагонная | не закрыто 51 из 51 ваг.
    ПРИЧИНА: дуги есть (92 шт.), но все совместимые узлы предложения исчерпаны — вагоны ушли на другие заявки (конкуренция за предложение).
  [d_idx  187] Ремонтная (СКВ) | тип=Прочие | ЕТСНГ=011005 | период=4 | отправка=Повагонная | не закрыто 3 из 3 ваг.
    ПРИЧИНА: дуги есть (92 шт.), но все совместимые узлы предложения исчерпаны — вагоны ушли на другие заявки (конкуренция за предложение).
  [d_idx  188] Зимовники (СКВ) | тип=Прочие | ЕТСНГ=011005 | период=4 | отправка=Повагонная | не закрыто 32 из 32 ваг.
    ПРИЧИНА: дуги есть (92 шт.), но все совместимые узлы предложения исчерпаны — вагоны ушли на другие заявки (конкуренция за предложение).
  [d_idx  189] Сорочинская (ЮУР) | тип=Прочие | ЕТСНГ=542239 | период=4 | отправка=Повагонная | не закрыто 3 из 3 ваг.
    ПРИЧИНА: дуги есть (93 шт.), но все совместимые узлы предложения исчерпаны — вагоны ушли на другие заявки (конкуренция за предложение).
  [d_idx  190] Сорочинская (ЮУР) | тип=Прочие | ЕТСНГ=542239 | период=4 | отправка=Повагонная | не закрыто 4 из 4 ваг.
    ПРИЧИНА: дуги есть (93 шт.), но все совместимые узлы предложения исчерпаны — вагоны ушли на другие заявки (конкуренция за предложение).
  [d_idx  191] Сорочинская (ЮУР) | тип=Прочие | ЕТСНГ=542239 | период=4 | отправка=Повагонная | не закрыто 1 из 1 ваг.
    ПРИЧИНА: дуги есть (93 шт.), но все совместимые узлы предложения исчерпаны — вагоны ушли на другие заявки (конкуренция за предложение).
  [d_idx  192] Сорочинская (ЮУР) | тип=Прочие | ЕТСНГ=542239 | период=4 | отправка=Повагонная | не закрыто 1 из 1 ваг.
    ПРИЧИНА: дуги есть (93 шт.), но все совместимые узлы предложения исчерпаны — вагоны ушли на другие заявки (конкуренция за предложение).
  [d_idx  193] Сорочинская (ЮУР) | тип=Прочие | ЕТСНГ=542239 | период=4 | отправка=Повагонная | не закрыто 4 из 4 ваг.
    ПРИЧИНА: дуги есть (93 шт.), но все совместимые узлы предложения исчерпаны — вагоны ушли на другие заявки (конкуренция за предложение).
  [d_idx  194] Матвеев Курган (СКВ) | тип=Прочие | ЕТСНГ=011005 | период=4 | отправка=Повагонная | не закрыто 4 из 4 ваг.
    ПРИЧИНА: дуги есть (88 шт.), но все совместимые узлы предложения исчерпаны — вагоны ушли на другие заявки (конкуренция за предложение).
  [d_idx  196] Чуфарово (КБШ) | тип=Прочие | ЕТСНГ=011005 | период=4 | отправка=Повагонная | не закрыто 10 из 10 ваг.
    ПРИЧИНА: дуги есть (92 шт.), но все совместимые узлы предложения исчерпаны — вагоны ушли на другие заявки (конкуренция за предложение).
  [d_idx  197] Бузулук (ЮУР) | тип=Прочие | ЕТСНГ=011005 | период=4 | отправка=Повагонная | не закрыто 20 из 20 ваг.
    ПРИЧИНА: дуги есть (92 шт.), но все совместимые узлы предложения исчерпаны — вагоны ушли на другие заявки (конкуренция за предложение).
  [d_idx  198] Ершов (ПРВ) | тип=Прочие | ЕТСНГ=011005 | период=4 | отправка=Повагонная | не закрыто 6 из 6 ваг.
    ПРИЧИНА: дуги есть (92 шт.), но все совместимые узлы предложения исчерпаны — вагоны ушли на другие заявки (конкуренция за предложение).
  [d_idx  199] Чкалово (КЗХ) | тип=Прочие | ЕТСНГ=018131 | период=4 | отправка=Повагонная | не закрыто 10 из 10 ваг.
    ПРИЧИНА: дуги есть (92 шт.), но все совместимые узлы предложения исчерпаны — вагоны ушли на другие заявки (конкуренция за предложение).
  [d_idx  200] Даут (КЗХ) | тип=Прочие | ЕТСНГ=018131 | период=4 | отправка=Повагонная | не закрыто 4 из 4 ваг.
    ПРИЧИНА: дуги есть (79 шт.), но все совместимые узлы предложения исчерпаны — вагоны ушли на другие заявки (конкуренция за предложение).
  [d_idx  201] Спицевка (СКВ) | тип=Прочие | ЕТСНГ=011005 | период=4 | отправка=Повагонная | не закрыто 10 из 10 ваг.
    ПРИЧИНА: дуги есть (92 шт.), но все совместимые узлы предложения исчерпаны — вагоны ушли на другие заявки (конкуренция за предложение).
  [d_idx  202] Болотная (ЗСБ) | тип=Прочие | ЕТСНГ=011005 | период=4 | отправка=Повагонная | не закрыто 3 из 3 ваг.
    ПРИЧИНА: дуги есть (92 шт.), но все совместимые узлы предложения исчерпаны — вагоны ушли на другие заявки (конкуренция за предложение).
  [d_idx  203] Светлоград (СКВ) | тип=Прочие | ЕТСНГ=011005 | период=4 | отправка=Повагонная | не закрыто 20 из 20 ваг.
    ПРИЧИНА: дуги есть (92 шт.), но все совместимые узлы предложения исчерпаны — вагоны ушли на другие заявки (конкуренция за предложение).
  [d_idx  204] Новосергиевская (ЮУР) | тип=Прочие | ЕТСНГ=011005 | период=4 | отправка=Повагонная | не закрыто 4 из 4 ваг.
    ПРИЧИНА: дуги есть (92 шт.), но все совместимые узлы предложения исчерпаны — вагоны ушли на другие заявки (конкуренция за предложение).
  [d_idx  205] Аткарск (ПРВ) | тип=Прочие | ЕТСНГ=542239 | период=4 | отправка=Повагонная | не закрыто 2 из 2 ваг.
    ПРИЧИНА: дуги есть (94 шт.), но все совместимые узлы предложения исчерпаны — вагоны ушли на другие заявки (конкуренция за предложение).
  [d_idx  206] Аткарск (ПРВ) | тип=Прочие | ЕТСНГ=542239 | период=4 | отправка=Повагонная | не закрыто 4 из 4 ваг.
    ПРИЧИНА: дуги есть (94 шт.), но все совместимые узлы предложения исчерпаны — вагоны ушли на другие заявки (конкуренция за предложение).
  [d_idx  207] Аткарск (ПРВ) | тип=Прочие | ЕТСНГ=542239 | период=4 | отправка=Повагонная | не закрыто 1 из 1 ваг.
    ПРИЧИНА: дуги есть (94 шт.), но все совместимые узлы предложения исчерпаны — вагоны ушли на другие заявки (конкуренция за предложение).
  [d_idx  208] Аткарск (ПРВ) | тип=Прочие | ЕТСНГ=542239 | период=4 | отправка=Повагонная | не закрыто 3 из 3 ваг.
    ПРИЧИНА: дуги есть (94 шт.), но все совместимые узлы предложения исчерпаны — вагоны ушли на другие заявки (конкуренция за предложение).
  [d_idx  209] Аткарск (ПРВ) | тип=Прочие | ЕТСНГ=542239 | период=4 | отправка=Повагонная | не закрыто 3 из 4 ваг.
    ПРИЧИНА: дуги есть (94 шт.), но все совместимые узлы предложения исчерпаны — вагоны ушли на другие заявки (конкуренция за предложение).
  [d_idx  211] Таловая (ЮВС) | тип=Прочие | ЕТСНГ=011005 | период=4 | отправка=Повагонная | не закрыто 16 из 16 ваг.
    ПРИЧИНА: дуги есть (88 шт.), но все совместимые узлы предложения исчерпаны — вагоны ушли на другие заявки (конкуренция за предложение).
  [d_idx  212] Таловая (ЮВС) | тип=Прочие | ЕТСНГ=011005 | период=4 | отправка=Повагонная | не закрыто 32 из 32 ваг.
    ПРИЧИНА: дуги есть (88 шт.), но все совместимые узлы предложения исчерпаны — вагоны ушли на другие заявки (конкуренция за предложение).
  [d_idx  213] Сулы (КЗХ) | тип=Прочие | ЕТСНГ=018131 | период=4 | отправка=Повагонная | не закрыто 11 из 11 ваг.
    ПРИЧИНА: дуги есть (92 шт.), но все совместимые узлы предложения исчерпаны — вагоны ушли на другие заявки (конкуренция за предложение).
  [d_idx  214] Воробьевка (ЮВС) | тип=Прочие | ЕТСНГ=011005 | период=4 | отправка=Повагонная | не закрыто 5 из 5 ваг.
    ПРИЧИНА: дуги есть (86 шт.), но все совместимые узлы предложения исчерпаны — вагоны ушли на другие заявки (конкуренция за предложение).
  [d_idx  215] Шемордан (ГОР) | тип=Прочие | ЕТСНГ=014003 | период=4 | отправка=Повагонная | не закрыто 3 из 3 ваг.
    ПРИЧИНА: дуги есть (92 шт.), но все совместимые узлы предложения исчерпаны — вагоны ушли на другие заявки (конкуренция за предложение).
  [d_idx  216] Красногвардеец (ЮУР) | тип=Прочие | ЕТСНГ=011005 | период=4 | отправка=Повагонная | не закрыто 2 из 2 ваг.
    ПРИЧИНА: дуги есть (92 шт.), но все совместимые узлы предложения исчерпаны — вагоны ушли на другие заявки (конкуренция за предложение).
  [d_idx  218] Смирново (КЗХ) | тип=Прочие | ЕТСНГ=018131 | период=4 | отправка=Повагонная | не закрыто 9 из 9 ваг.
    ПРИЧИНА: дуги есть (90 шт.), но все совместимые узлы предложения исчерпаны — вагоны ушли на другие заявки (конкуренция за предложение).
  [d_idx  219] Смирново (КЗХ) | тип=Прочие | ЕТСНГ=018131 | период=4 | отправка=Повагонная | не закрыто 10 из 10 ваг.
    ПРИЧИНА: дуги есть (90 шт.), но все совместимые узлы предложения исчерпаны — вагоны ушли на другие заявки (конкуренция за предложение).
  [d_idx  220] Тополек (ПРВ) | тип=Прочие | ЕТСНГ=011005 | период=4 | отправка=Повагонная | не закрыто 2 из 2 ваг.
    ПРИЧИНА: дуги есть (92 шт.), но все совместимые узлы предложения исчерпаны — вагоны ушли на другие заявки (конкуренция за предложение).
  [d_idx  221] Новоспасское (КБШ) | тип=Прочие | ЕТСНГ=011005 | период=4 | отправка=Повагонная | не закрыто 6 из 6 ваг.
    ПРИЧИНА: дуги есть (92 шт.), но все совместимые узлы предложения исчерпаны — вагоны ушли на другие заявки (конкуренция за предложение).
  [d_idx  223] Кайранкуль (КЗХ) | тип=Прочие | ЕТСНГ=018131 | период=4 | отправка=Повагонная | не закрыто 15 из 15 ваг.
    ПРИЧИНА: дуги есть (92 шт.), но все совместимые узлы предложения исчерпаны — вагоны ушли на другие заявки (конкуренция за предложение).
  [d_idx  224] Кротовка (КБШ) | тип=Прочие | ЕТСНГ=014003 | период=4 | отправка=Повагонная | не закрыто 7 из 7 ваг.
    ПРИЧИНА: дуги есть (87 шт.), но все совместимые узлы предложения исчерпаны — вагоны ушли на другие заявки (конкуренция за предложение).
  [d_idx  225] Пресногорьковская (КЗХ) | тип=Прочие | ЕТСНГ=018131 | период=4 | отправка=Повагонная | не закрыто 10 из 10 ваг.
    ПРИЧИНА: дуги есть (92 шт.), но все совместимые узлы предложения исчерпаны — вагоны ушли на другие заявки (конкуренция за предложение).
  [d_idx  226] Ильмень (ПРВ) | тип=Прочие | ЕТСНГ=011005 | период=4 | отправка=Повагонная | не закрыто 30 из 30 ваг.
    ПРИЧИНА: дуги есть (92 шт.), но все совместимые узлы предложения исчерпаны — вагоны ушли на другие заявки (конкуренция за предложение).
  [d_idx  227] Зензеватка (ПРВ) | тип=Прочие | ЕТСНГ=011005 | период=4 | отправка=Повагонная | не закрыто 10 из 10 ваг.
    ПРИЧИНА: дуги есть (88 шт.), но все совместимые узлы предложения исчерпаны — вагоны ушли на другие заявки (конкуренция за предложение).
  [d_idx  228] Волгодонская (СКВ) | тип=Прочие | ЕТСНГ=011005 | период=4 | отправка=Повагонная | не закрыто 20 из 20 ваг.
    ПРИЧИНА: дуги есть (92 шт.), но все совместимые узлы предложения исчерпаны — вагоны ушли на другие заявки (конкуренция за предложение).
  [d_idx  229] Оренбург (ЮУР) | тип=Прочие | ЕТСНГ=011005 | период=4 | отправка=Повагонная | не закрыто 7 из 7 ваг.
    ПРИЧИНА: дуги есть (88 шт.), но все совместимые узлы предложения исчерпаны — вагоны ушли на другие заявки (конкуренция за предложение).
  [d_idx  231] Отрешково (МСК) | тип=Прочие | ЕТСНГ=011005 | период=4 | отправка=Маршрутная | не закрыто 51 из 51 ваг.
    ПРИЧИНА: дуги есть (92 шт.), но все совместимые узлы предложения исчерпаны — вагоны ушли на другие заявки (конкуренция за предложение).
  [d_idx  232] Ярыженская (ПРВ) | тип=Прочие | ЕТСНГ=011005 | период=4 | отправка=Повагонная | не закрыто 12 из 12 ваг.
    ПРИЧИНА: дуги есть (92 шт.), но все совместимые узлы предложения исчерпаны — вагоны ушли на другие заявки (конкуренция за предложение).
  [d_idx  235] Никифоровка (ЮВС) | тип=Прочие | ЕТСНГ=014003 | период=4 | отправка=Повагонная | не закрыто 1 из 7 ваг.
    ПРИЧИНА: дуги есть (92 шт.), но все совместимые узлы предложения исчерпаны — вагоны ушли на другие заявки (конкуренция за предложение).
  [d_idx  236] Поздеевка (ЗАБ) | тип=Прочие | ЕТСНГ=018023 | период=4 | отправка=Повагонная | не закрыто 7 из 7 ваг.
    ПРИЧИНА: дуги есть (92 шт.), но все совместимые узлы предложения исчерпаны — вагоны ушли на другие заявки (конкуренция за предложение).
  [d_idx  238] Избердей (ЮВС) | тип=Прочие | ЕТСНГ=011005 | период=4 | отправка=Групповая | не закрыто 16 из 20 ваг.
    ПРИЧИНА: дуги есть (92 шт.), но все совместимые узлы предложения исчерпаны — вагоны ушли на другие заявки (конкуренция за предложение).
  [d_idx  239] Сальск (СКВ) | тип=Прочие | ЕТСНГ=011005 | период=4 | отправка=Повагонная | не закрыто 5 из 16 ваг.
    ПРИЧИНА: дуги есть (92 шт.), но все совместимые узлы предложения исчерпаны — вагоны ушли на другие заявки (конкуренция за предложение).
  [d_idx  240] Кантемировка (ЮВС) | тип=Прочие | ЕТСНГ=011005 | период=4 | отправка=Повагонная | не закрыто 1 из 1 ваг.
    ПРИЧИНА: дуги есть (92 шт.), но все совместимые узлы предложения исчерпаны — вагоны ушли на другие заявки (конкуренция за предложение).
  [d_idx  241] Кантемировка (ЮВС) | тип=Прочие | ЕТСНГ=011005 | период=4 | отправка=Повагонная | не закрыто 38 из 38 ваг.
    ПРИЧИНА: дуги есть (92 шт.), но все совместимые узлы предложения исчерпаны — вагоны ушли на другие заявки (конкуренция за предложение).
  [d_idx  243] Озинки (ПРВ) | тип=Прочие | ЕТСНГ=011005 | период=4 | отправка=Повагонная | не закрыто 9 из 9 ваг.
    ПРИЧИНА: дуги есть (92 шт.), но все совместимые узлы предложения исчерпаны — вагоны ушли на другие заявки (конкуренция за предложение).

  СВОДКА ПО ПРИЧИНАМ:
    источники предложения исчерпаны        узлов: 186, вагонов: 2564

  ЗАКРЫВАЕМОСТЬ (по реальному связывающему ограничению):
    структурно недостижимо (нет дуг):             0 ваг.  — нужны новые тарифы / смягчение жёстких фильтров
    упёрто в квоту ДМЗИ (инфраструктура):          0 ваг.  — поможет только повышение квоты на дороге
    держит MIN_BATCH (квота ДМЗИ ещё есть):        0 ваг.  — поможет смягчение партии (middle 0 / масс. 0 / маршр. 0)
    прочее (конкуренция / экономика штрафа):    2564 ваг.
--------------------------------
--- УТИЛИЗАЦИЯ КВОТ ДМЗИ ---
  ВСБ  период  1:    0 из    5 ваг.
  ВСБ  период 10:    0 из    1 ваг.
  ГОР  период  1:    0 из  397 ваг.
  ГОР  период 10:    0 из   80 ваг.
  ЗАБ  период  1:    2 из   20 ваг.
  ЗАБ  период 10:    0 из    4 ваг.
  ЗСБ  период  1:   22 из  100 ваг.
  ЗСБ  период 10:    0 из   20 ваг.
  КБШ  период  1:    3 из  653 ваг.
  КБШ  период 10:    0 из  140 ваг.
  КРС  период  1:    0 из    5 ваг.
  КРС  период 10:    0 из    1 ваг.
  МСК  период  1:  106 из  693 ваг.
  МСК  период 10:    0 из  150 ваг.
  ОКТ  период  1:    0 из  316 ваг.
  ОКТ  период 10:    0 из   65 ваг.
  ПРВ  период  1:    5 из  527 ваг.
  ПРВ  период 10:    0 из  108 ваг.
  СВР  период  1:    0 из  562 ваг.
  СВР  период 10:    0 из  117 ваг.
  СЕВ  период  1:   61 из   75 ваг.
  СЕВ  период 10:    0 из   15 ваг.
  ЮВС  период  1:  233 из 1248 ваг.
  ЮВС  период 10:    0 из  260 ваг.
  ЮУР  период  1:   33 из  520 ваг.
  ЮУР  период 10:    0 из  110 ваг.
----------------------------
Тарифов до отстоя:           180 (станций излишка 4, станций отстоя 60)
В отстой: 6 из 7 ваг. излишка → 3 станций отстоя, тариф 90939 руб.; не размещено 1 ваг. (нет тарифа / ёмкость исчерпана)
Тарифов до путей погрузки:   0 (станций излишка 1, станций погрузки 79)
На пути погрузки: 0 из 1 ваг. остатка → 0 станций (≥5 ваг./станция), тариф -0 руб.; не размещено 1 ваг.
Баланс отчёта оптимизации:   OK (815 ваг. в записях = 815 ваг. предложения)
Записей в отчёте (Excel):    218 (163 оптим. + 37 по факту + 18 в ремонт) / 956 вагонов
  → в POST АПИ (период 1):   218 записей / 956 вагонов
Чекпоинт сохранён:           tmp/checkpoint_2026-08-21_11-10-13.xlsx

======= РЕЗУЛЬТАТЫ ОПТИМИЗАЦИИ =======
Статус решателя:      MIP Optimal (gap=0.000%)
Назначено вагонов:    808
Избыток предложения:  7 ваг. (dummy-спрос)
  остаток по периодам предложения: p1=7 p10=0 прочие=0
  из них в отстой (этап 2): 6 ваг.
Неудовл. спрос:       2564 ваг. (dummy-предложение)
Суммарная стоимость:  33625848 руб.
======================================

Результат сохранён:          tmp/result_20260821_111013.json
[SUCCESS] railoptim завершил работу успешно.
[Пт 21 авг 2026 13:09:24 MSK] Запуск: /home/atretyakov/railoptim/target/release/railoptim (env=dev, MIP_WARM_START=on)
stations_geo: 19494 записей, data/stations/stations_geo.sqlite (baltic=671, china_mongolia=339, cis=6263, ru=11848, south_caucasus=373)
Получено узлов спроса (погрузка): 242 или 3357 вагонов
Получено узлов предложения 1 сут.:  156 или 956 вагонов
  узлов дислокации (2-10 сут., период 10): 413 или 5087 вагонов
Получено узлов предложения всего:  569 или 6043 вагонов
  свободных для назначения:  491 или 5804 вагонов
  требуют ремонта (В ремонт):43 или 120 вагонов
  по факту (Assigned):       35 или 119 вагонов
Дороги без промывки (NoCleaningRoads): 8
Коды «уже промыт/ремонт» (WashedEmptyEtsngCodes): 2
Ban-list чужих владельцев отстоя (reserve_owners.json): 4 пар (станция+ОКПО)
Узлов спроса (промывка):     36 или мощность в период 5 суток 2795 вагонов
  предложений с ЕТСНГ из списка промывки: 195 вагонов (освобождены по NoCleaningRoads: 80; из них есть узел погрузки с тем же ЕТСНГ на любой станции — альтернатива промывке по спросу: 198 вагонов)
Получено тарифов:            20632
Загружено ремонтных станций: 102
Тарифов до ремонтных ст.:    3193
Тарифов до промывки (с надбавкой 10000+40000=50000 руб.): 1156
Ограничения ДМЗИ:            13 дорог (78 записей Ostatok)
  ВСБ  период 1 ≤    5, период 10 ≤    1 ваг.
  ГОР  период 1 ≤  397, период 10 ≤   80 ваг.
  ЗАБ  период 1 ≤   20, период 10 ≤    4 ваг.
  ЗСБ  период 1 ≤  100, период 10 ≤   20 ваг.
  КБШ  период 1 ≤  653, период 10 ≤  140 ваг.
  КРС  период 1 ≤    5, период 10 ≤    1 ваг.
  МСК  период 1 ≤  693, период 10 ≤  150 ваг.
  ОКТ  период 1 ≤  316, период 10 ≤   65 ваг.
  ПРВ  период 1 ≤  527, период 10 ≤  108 ваг.
  СВР  период 1 ≤  562, период 10 ≤  117 ваг.
  СЕВ  период 1 ≤   75, период 10 ≤   15 ваг.
  ЮВС  период 1 ≤ 1248, период 10 ≤  260 ваг.
  ЮУР  период 1 ≤  520, период 10 ≤  110 ваг.
БД отстоя обновлена:         получено 24 / записано 24 / без etran_id 0
Узлы отстоя (резервы):       101 узлов / ёмкость 2033 ваг. (записей в БД 175, дублей 0, отфильтровано 74, чужих по ban-list 333)
FREE_LOADROADS_STATS={"date_from": "2026-02-21", "date_to": "2026-08-21", "load_station_codes": 483, "cars_on_station_rows": 1894, "cars_total": 84220}
Свободные ёмкости путей:     79 крупных станций -> data/load_stations_free_capacity.json
Всего пар supply×demand:     136498
  без тарифа:                        21431 (15.7%)
  нарушение срока (жёстко):          0 (0.0%)
  несовм. тип вагона:                0 (0.0%)
  грязный вагон → чужой ЕТСНГ:       16356 (12.0%)
  грязный: дальняя погрузка дороже промывки → в промывку: 687 (0.5%)
  допустимых дуг со штрафом за срок:   69111 (50.6%)
  допустимых дуг всего в LP:      98024 (71.8%)
Ограничения партии (MIN_BATCH): массовая выгрузка — 11643 дуг / 718 пар; средние станции — 45296 дуг / 4355 пар (станций образования: 63, погрузки: 74)
  маршрутные отправки (B=10): 1084 дуг / 132 пар (станций образования: 67, маршрутных станций погрузки: 2)
--- АНАЛИЗ РЕСУРСОВ ---
Предложение: 5804 ваг.
Спрос (погрузка): 3357 ваг.
Ёмкость промывки (верх): 2795 ваг.
Статус: ПРОФИЦИТ к погрузке (+2447 ваг.)
-----------------------
--- ЖАДНОЕ РЕШЕНИЕ ---
Назначений:            608 шт.
Назначено вагонов:     2690 / 3357 спрос (погрузка), 5804 предложение
Суммарная стоимость:   383460706.54 руб.
Неудовлетворён спрос:  845 ваг.
Избыток предложения:   3114 ваг.
Покрытие спроса (погр.): 80.1%
----------------------
MIP warm-start: ON (greedy) (управляется env MIP_WARM_START={on|off}, по умолч. on)
--- MIP РЕШЕНИЕ ---
Статус:                MIP Optimal (gap=0.003%)
Назначено вагонов:     2855 / 3357 спрос (погрузка), 5804 предложение
Суммарная стоимость:   385966578.20 руб.
Неудовлетворён спрос:  502 ваг.
Избыток предложения:   2949 ваг.
Покрытие спроса (погр.): 85.0%
-------------------
MIP время: 34.36 сек (warm-start: ON)
MIP диагностика: status=Optimal, gap=0.0029%, undist=3451 (unmet=502, excess=2949), real_cost=385966578.20
MIP vs greedy:   greedy undist=3959 (unmet=845, excess=3114), real_cost=383460706.54  →  Δundist=-508, Δcost=+2505871.66
  ВНИМАНИЕ: MIP не закрыл 502 ваг. спроса на погрузку (unmet > 0). Возможные причины:
           (а) PENALTY_UNMET ниже стоимости единственно допустимых плеч,
           (б) HiGHS остановился по rel_gap до закрытия всего спроса.
--- ДИАГНОСТИКА EXCESS SUPPLY (2949 ваг. в 196 узлах) ---
  [s_idx   51] Приаргунск | тип=БК | ЕТСНГ=421034 | period=1 | mass_unload=false | осталось 1 из 1 ваг.
    ПРИЧИНА: нет ни одной допустимой дуги (нет тарифа, несовм. тип вагона или грязный груз).
  [s_idx   52] Новосибирск-Западный | тип=Т | ЕТСНГ=— | period=1 | mass_unload=false | осталось 1 из 1 ваг.
    ПРИЧИНА: доступны только Wash-дуги (36 шт., мин. стоимость 51473 руб./ваг.). В модели Wash не имеет штрафа за незаполнение,
             а excess_supply бесплатный — отправка только увеличила бы obj, MIP корректно оставил вагоны в остатке.
  [s_idx   53] Новосибирск-Западный | тип=БК | ЕТСНГ=— | period=1 | mass_unload=false | осталось 1 из 1 ваг.
    ПРИЧИНА: доступны только Wash-дуги (36 шт., мин. стоимость 51473 руб./ваг.). В модели Wash не имеет штрафа за незаполнение,
             а excess_supply бесплатный — отправка только увеличила бы obj, MIP корректно оставил вагоны в остатке.
  [s_idx   79] Новый Порт | тип=БКТ | ЕТСНГ=505028 | period=1 | mass_unload=false | осталось 1 из 1 ваг.
    ПРИЧИНА: доступны только Wash-дуги (36 шт., мин. стоимость 51205 руб./ваг.). В модели Wash не имеет штрафа за незаполнение,
             а excess_supply бесплатный — отправка только увеличила бы obj, MIP корректно оставил вагоны в остатке.
  [s_idx   92] Буранная | тип=БКТ | ЕТСНГ=542224 | period=1 | mass_unload=false | осталось 3 из 3 ваг.
    ПРИЧИНА: доступны только Wash-дуги (36 шт., мин. стоимость 67638 руб./ваг.). В модели Wash не имеет штрафа за незаполнение,
             а excess_supply бесплатный — отправка только увеличила бы obj, MIP корректно оставил вагоны в остатке.
  [s_idx  106] Лиепая (Экспорт) | тип=БКТ | ЕТСНГ=011005 | period=10 | mass_unload=true | осталось 241 из 241 ваг.
    ПРИЧИНА: квота ДМЗИ исчерпана — все Load-дуги с доступным спросом идут на дороги с выбранным лимитом:
      · дорога ЗАБ, период 10: использовано 4 из 4 ваг.
      · дорога КБШ, период 10: использовано 140 из 140 ваг.
      · дорога МСК, период 10: использовано 150 из 150 ваг.
      · дорога ПРВ, период 10: использовано 108 из 108 ваг.
      · дорога ЮВС, период 10: использовано 260 из 260 ваг.
  [s_idx  108] Невдубстрой | тип=БКТ | ЕТСНГ=011005 | period=10 | mass_unload=true | осталось 76 из 87 ваг.
    ПРИЧИНА: квота ДМЗИ исчерпана — все Load-дуги с доступным спросом идут на дороги с выбранным лимитом:
      · дорога ЗАБ, период 10: использовано 4 из 4 ваг.
      · дорога КБШ, период 10: использовано 140 из 140 ваг.
      · дорога МСК, период 10: использовано 150 из 150 ваг.
      · дорога ПРВ, период 10: использовано 108 из 108 ваг.
      · дорога ЮВС, период 10: использовано 260 из 260 ваг.
  [s_idx  111] Гродеково (Экспорт на КЖД [Китай]) | тип=БК | ЕТСНГ=011005 | period=10 | mass_unload=false | осталось 6 из 6 ваг.
    ПРИЧИНА: квота ДМЗИ исчерпана — все Load-дуги с доступным спросом идут на дороги с выбранным лимитом:
      · дорога ЗАБ, период 10: использовано 4 из 4 ваг.
      · дорога КБШ, период 10: использовано 140 из 140 ваг.
      · дорога МСК, период 10: использовано 150 из 150 ваг.
      · дорога ПРВ, период 10: использовано 108 из 108 ваг.
      · дорога ЮВС, период 10: использовано 260 из 260 ваг.
  [s_idx  112] Невдубстрой | тип=БК | ЕТСНГ=021100 | period=10 | mass_unload=true | осталось 5 из 7 ваг.
    ПРИЧИНА: квота ДМЗИ исчерпана — все Load-дуги с доступным спросом идут на дороги с выбранным лимитом:
      · дорога ЗАБ, период 10: использовано 4 из 4 ваг.
      · дорога КБШ, период 10: использовано 140 из 140 ваг.
      · дорога МСК, период 10: использовано 150 из 150 ваг.
      · дорога ПРВ, период 10: использовано 108 из 108 ваг.
      · дорога ЮВС, период 10: использовано 260 из 260 ваг.
  [s_idx  114] Новороссийск (Экспорт) | тип=Т | ЕТСНГ=011005 | period=10 | mass_unload=true | осталось 4 из 301 ваг.
    ПРИЧИНА: квота ДМЗИ исчерпана — все Load-дуги с доступным спросом идут на дороги с выбранным лимитом:
      · дорога ЗАБ, период 10: использовано 4 из 4 ваг.
      · дорога КБШ, период 10: использовано 140 из 140 ваг.
      · дорога МСК, период 10: использовано 150 из 150 ваг.
      · дорога ПРВ, период 10: использовано 108 из 108 ваг.
      · дорога ЮВС, период 10: использовано 260 из 260 ваг.
  [s_idx  115] Гродеково (Экспорт на КЖД [Китай]) | тип=БКТ | ЕТСНГ=011005 | period=10 | mass_unload=false | осталось 19 из 19 ваг.
    ПРИЧИНА: квота ДМЗИ исчерпана — все Load-дуги с доступным спросом идут на дороги с выбранным лимитом:
      · дорога ЗАБ, период 10: использовано 4 из 4 ваг.
      · дорога КБШ, период 10: использовано 140 из 140 ваг.
      · дорога МСК, период 10: использовано 150 из 150 ваг.
      · дорога ПРВ, период 10: использовано 108 из 108 ваг.
      · дорога ЮВС, период 10: использовано 260 из 260 ваг.
  [s_idx  116] Лиепая (Экспорт) | тип=БК | ЕТСНГ=011005 | period=10 | mass_unload=true | осталось 90 из 90 ваг.
    ПРИЧИНА: квота ДМЗИ исчерпана — все Load-дуги с доступным спросом идут на дороги с выбранным лимитом:
      · дорога ЗАБ, период 10: использовано 4 из 4 ваг.
      · дорога КБШ, период 10: использовано 140 из 140 ваг.
      · дорога МСК, период 10: использовано 150 из 150 ваг.
      · дорога ПРВ, период 10: использовано 108 из 108 ваг.
      · дорога ЮВС, период 10: использовано 260 из 260 ваг.
  [s_idx  118] Лужская (Экспорт) | тип=БК | ЕТСНГ=011005 | period=10 | mass_unload=true | осталось 139 из 139 ваг.
    ПРИЧИНА: квота ДМЗИ исчерпана — все Load-дуги с доступным спросом идут на дороги с выбранным лимитом:
      · дорога ЗАБ, период 10: использовано 4 из 4 ваг.
      · дорога КБШ, период 10: использовано 140 из 140 ваг.
      · дорога МСК, период 10: использовано 150 из 150 ваг.
      · дорога ПРВ, период 10: использовано 108 из 108 ваг.
      · дорога ЮВС, период 10: использовано 260 из 260 ваг.
  [s_idx  119] Новороссийск (Экспорт) | тип=БКТ | ЕТСНГ=011005 | period=10 | mass_unload=true | осталось 185 из 637 ваг.
    ПРИЧИНА: квота ДМЗИ исчерпана — все Load-дуги с доступным спросом идут на дороги с выбранным лимитом:
      · дорога ЗАБ, период 10: использовано 4 из 4 ваг.
      · дорога КБШ, период 10: использовано 140 из 140 ваг.
      · дорога МСК, период 10: использовано 150 из 150 ваг.
      · дорога ПРВ, период 10: использовано 108 из 108 ваг.
      · дорога ЮВС, период 10: использовано 260 из 260 ваг.
  [s_idx  120] Высоцк (Экспорт) | тип=Т | ЕТСНГ=011005 | period=10 | mass_unload=true | осталось 125 из 125 ваг.
    ПРИЧИНА: квота ДМЗИ исчерпана — все Load-дуги с доступным спросом идут на дороги с выбранным лимитом:
      · дорога ЗАБ, период 10: использовано 4 из 4 ваг.
      · дорога КБШ, период 10: использовано 140 из 140 ваг.
      · дорога МСК, период 10: использовано 150 из 150 ваг.
      · дорога ПРВ, период 10: использовано 108 из 108 ваг.
      · дорога ЮВС, период 10: использовано 260 из 260 ваг.
  [s_idx  122] Блюхер (Экспорт) | тип=БКТ | ЕТСНГ=011005 | period=10 | mass_unload=false | осталось 31 из 31 ваг.
    ПРИЧИНА: квота ДМЗИ исчерпана — все Load-дуги с доступным спросом идут на дороги с выбранным лимитом:
      · дорога ЗАБ, период 10: использовано 4 из 4 ваг.
      · дорога КБШ, период 10: использовано 140 из 140 ваг.
      · дорога МСК, период 10: использовано 150 из 150 ваг.
      · дорога ПРВ, период 10: использовано 108 из 108 ваг.
      · дорога ЮВС, период 10: использовано 260 из 260 ваг.
  [s_idx  123] Лужская (Экспорт) | тип=БКТ | ЕТСНГ=011005 | period=10 | mass_unload=true | осталось 445 из 445 ваг.
    ПРИЧИНА: квота ДМЗИ исчерпана — все Load-дуги с доступным спросом идут на дороги с выбранным лимитом:
      · дорога ЗАБ, период 10: использовано 4 из 4 ваг.
      · дорога КБШ, период 10: использовано 140 из 140 ваг.
      · дорога МСК, период 10: использовано 150 из 150 ваг.
      · дорога ПРВ, период 10: использовано 108 из 108 ваг.
      · дорога ЮВС, период 10: использовано 260 из 260 ваг.
  [s_idx  125] Вайвара (Экспорт) | тип=БКТ | ЕТСНГ=018131 | period=10 | mass_unload=false | осталось 22 из 22 ваг.
    ПРИЧИНА: квота ДМЗИ исчерпана — все Load-дуги с доступным спросом идут на дороги с выбранным лимитом:
      · дорога ЗАБ, период 10: использовано 4 из 4 ваг.
      · дорога КБШ, период 10: использовано 140 из 140 ваг.
      · дорога МСК, период 10: использовано 150 из 150 ваг.
      · дорога ПРВ, период 10: использовано 108 из 108 ваг.
      · дорога ЮВС, период 10: использовано 260 из 260 ваг.
  [s_idx  127] Высоцк (Экспорт) | тип=БК | ЕТСНГ=011005 | period=10 | mass_unload=true | осталось 53 из 53 ваг.
    ПРИЧИНА: квота ДМЗИ исчерпана — все Load-дуги с доступным спросом идут на дороги с выбранным лимитом:
      · дорога ЗАБ, период 10: использовано 4 из 4 ваг.
      · дорога КБШ, период 10: использовано 140 из 140 ваг.
      · дорога МСК, период 10: использовано 150 из 150 ваг.
      · дорога ПРВ, период 10: использовано 108 из 108 ваг.
      · дорога ЮВС, период 10: использовано 260 из 260 ваг.
  [s_idx  132] Лиепая (Экспорт) | тип=БКТ | ЕТСНГ=542239 | period=10 | mass_unload=true | осталось 13 из 27 ваг.
    ПРИЧИНА: квота ДМЗИ исчерпана — все Load-дуги с доступным спросом идут на дороги с выбранным лимитом:
      · дорога ЗАБ, период 10: использовано 4 из 4 ваг.
      · дорога КБШ, период 10: использовано 140 из 140 ваг.
      · дорога МСК, период 10: использовано 150 из 150 ваг.
      · дорога ПРВ, период 10: использовано 108 из 108 ваг.
      · дорога ЮВС, период 10: использовано 260 из 260 ваг.
  [s_idx  134] Егвард | тип=БК | ЕТСНГ=014003 | period=10 | mass_unload=false | осталось 4 из 4 ваг.
    ПРИЧИНА: нет ни одной допустимой дуги (нет тарифа, несовм. тип вагона или грязный груз).
  [s_idx  136] Стрижи | тип=БК | ЕТСНГ=542239 | period=10 | mass_unload=false | осталось 7 из 7 ваг.
    ПРИЧИНА: доступны только Wash-дуги (36 шт., мин. стоимость 314983 руб./ваг.). В модели Wash не имеет штрафа за незаполнение,
             а excess_supply бесплатный — отправка только увеличила бы obj, MIP корректно оставил вагоны в остатке.
  [s_idx  137] Новый Порт (Экспорт) | тип=БКТ | ЕТСНГ=018131 | period=10 | mass_unload=true | осталось 49 из 49 ваг.
    ПРИЧИНА: квота ДМЗИ исчерпана — все Load-дуги с доступным спросом идут на дороги с выбранным лимитом:
      · дорога ЗАБ, период 10: использовано 4 из 4 ваг.
      · дорога КБШ, период 10: использовано 140 из 140 ваг.
      · дорога МСК, период 10: использовано 150 из 150 ваг.
      · дорога ПРВ, период 10: использовано 108 из 108 ваг.
      · дорога ЮВС, период 10: использовано 260 из 260 ваг.
  [s_idx  139] Высоцк (Экспорт) | тип=БКТ | ЕТСНГ=011005 | period=10 | mass_unload=true | осталось 219 из 219 ваг.
    ПРИЧИНА: квота ДМЗИ исчерпана — все Load-дуги с доступным спросом идут на дороги с выбранным лимитом:
      · дорога ЗАБ, период 10: использовано 4 из 4 ваг.
      · дорога КБШ, период 10: использовано 140 из 140 ваг.
      · дорога МСК, период 10: использовано 150 из 150 ваг.
      · дорога ПРВ, период 10: использовано 108 из 108 ваг.
      · дорога ЮВС, период 10: использовано 260 из 260 ваг.
  [s_idx  141] Даларик | тип=БКТ | ЕТСНГ=011005 | period=10 | mass_unload=true | осталось 49 из 49 ваг.
    ПРИЧИНА: квота ДМЗИ исчерпана — все Load-дуги с доступным спросом идут на дороги с выбранным лимитом:
      · дорога ЗАБ, период 10: использовано 4 из 4 ваг.
      · дорога КБШ, период 10: использовано 140 из 140 ваг.
      · дорога МСК, период 10: использовано 150 из 150 ваг.
      · дорога ПРВ, период 10: использовано 108 из 108 ваг.
      · дорога ЮВС, период 10: использовано 260 из 260 ваг.
  [s_idx  144] Невдубстрой | тип=Т | ЕТСНГ=011005 | period=10 | mass_unload=true | осталось 23 из 27 ваг.
    ПРИЧИНА: квота ДМЗИ исчерпана — все Load-дуги с доступным спросом идут на дороги с выбранным лимитом:
      · дорога ЗАБ, период 10: использовано 4 из 4 ваг.
      · дорога КБШ, период 10: использовано 140 из 140 ваг.
      · дорога МСК, период 10: использовано 150 из 150 ваг.
      · дорога ПРВ, период 10: использовано 108 из 108 ваг.
      · дорога ЮВС, период 10: использовано 260 из 260 ваг.
  [s_idx  146] Блюхер (Экспорт) | тип=БКТ | ЕТСНГ=018038 | period=10 | mass_unload=false | осталось 17 из 17 ваг.
    ПРИЧИНА: квота ДМЗИ исчерпана — все Load-дуги с доступным спросом идут на дороги с выбранным лимитом:
      · дорога ЗАБ, период 10: использовано 4 из 4 ваг.
      · дорога КБШ, период 10: использовано 140 из 140 ваг.
      · дорога МСК, период 10: использовано 150 из 150 ваг.
      · дорога ПРВ, период 10: использовано 108 из 108 ваг.
      · дорога ЮВС, период 10: использовано 260 из 260 ваг.
  [s_idx  147] Сангачалы | тип=Т | ЕТСНГ=011005 | period=10 | mass_unload=false | осталось 4 из 4 ваг.
    ПРИЧИНА: квота ДМЗИ исчерпана — все Load-дуги с доступным спросом идут на дороги с выбранным лимитом:
      · дорога ЗАБ, период 10: использовано 4 из 4 ваг.
      · дорога КБШ, период 10: использовано 140 из 140 ваг.
      · дорога МСК, период 10: использовано 150 из 150 ваг.
      · дорога ПРВ, период 10: использовано 108 из 108 ваг.
      · дорога ЮВС, период 10: использовано 260 из 260 ваг.
  [s_idx  150] Новый Порт (Экспорт) | тип=БКТ | ЕТСНГ=021079 | period=10 | mass_unload=true | осталось 20 из 20 ваг.
    ПРИЧИНА: квота ДМЗИ исчерпана — все Load-дуги с доступным спросом идут на дороги с выбранным лимитом:
      · дорога ЗАБ, период 10: использовано 4 из 4 ваг.
      · дорога КБШ, период 10: использовано 140 из 140 ваг.
      · дорога МСК, период 10: использовано 150 из 150 ваг.
      · дорога ПРВ, период 10: использовано 108 из 108 ваг.
      · дорога ЮВС, период 10: использовано 260 из 260 ваг.
  [s_idx  154] Лужская (Экспорт) | тип=Т | ЕТСНГ=011005 | period=10 | mass_unload=true | осталось 188 из 188 ваг.
    ПРИЧИНА: квота ДМЗИ исчерпана — все Load-дуги с доступным спросом идут на дороги с выбранным лимитом:
      · дорога ЗАБ, период 10: использовано 4 из 4 ваг.
      · дорога КБШ, период 10: использовано 140 из 140 ваг.
      · дорога МСК, период 10: использовано 150 из 150 ваг.
      · дорога ПРВ, период 10: использовано 108 из 108 ваг.
      · дорога ЮВС, период 10: использовано 260 из 260 ваг.
  [s_idx  155] Парнас | тип=БК | ЕТСНГ=018112 | period=10 | mass_unload=false | осталось 2 из 7 ваг.
    ПРИЧИНА: квота ДМЗИ исчерпана — все Load-дуги с доступным спросом идут на дороги с выбранным лимитом:
      · дорога ЗАБ, период 10: использовано 4 из 4 ваг.
      · дорога КБШ, период 10: использовано 140 из 140 ваг.
      · дорога МСК, период 10: использовано 150 из 150 ваг.
      · дорога ПРВ, период 10: использовано 108 из 108 ваг.
      · дорога ЮВС, период 10: использовано 260 из 260 ваг.
  [s_idx  156] Марнеули | тип=БК | ЕТСНГ=— | period=10 | mass_unload=false | осталось 2 из 2 ваг.
    ПРИЧИНА: квота ДМЗИ исчерпана — все Load-дуги с доступным спросом идут на дороги с выбранным лимитом:
      · дорога ЗАБ, период 10: использовано 4 из 4 ваг.
      · дорога КБШ, период 10: использовано 140 из 140 ваг.
      · дорога МСК, период 10: использовано 150 из 150 ваг.
      · дорога ПРВ, период 10: использовано 108 из 108 ваг.
      · дорога ЮВС, период 10: использовано 260 из 260 ваг.
  [s_idx  159] Блюхер (Экспорт) | тип=Т | ЕТСНГ=018038 | period=10 | mass_unload=false | осталось 12 из 12 ваг.
    ПРИЧИНА: квота ДМЗИ исчерпана — все Load-дуги с доступным спросом идут на дороги с выбранным лимитом:
      · дорога ЗАБ, период 10: использовано 4 из 4 ваг.
      · дорога КБШ, период 10: использовано 140 из 140 ваг.
      · дорога МСК, период 10: использовано 150 из 150 ваг.
      · дорога ПРВ, период 10: использовано 108 из 108 ваг.
      · дорога ЮВС, период 10: использовано 260 из 260 ваг.
  [s_idx  160] Даларик | тип=БК | ЕТСНГ=011005 | period=10 | mass_unload=true | осталось 50 из 50 ваг.
    ПРИЧИНА: квота ДМЗИ исчерпана — все Load-дуги с доступным спросом идут на дороги с выбранным лимитом:
      · дорога ЗАБ, период 10: использовано 4 из 4 ваг.
      · дорога КБШ, период 10: использовано 140 из 140 ваг.
      · дорога МСК, период 10: использовано 150 из 150 ваг.
      · дорога ПРВ, период 10: использовано 108 из 108 ваг.
      · дорога ЮВС, период 10: использовано 260 из 260 ваг.
  [s_idx  163] Гори | тип=БКТ | ЕТСНГ=011005 | period=10 | mass_unload=false | осталось 5 из 5 ваг.
    ПРИЧИНА: квота ДМЗИ исчерпана — все Load-дуги с доступным спросом идут на дороги с выбранным лимитом:
      · дорога ЗАБ, период 10: использовано 4 из 4 ваг.
      · дорога КБШ, период 10: использовано 140 из 140 ваг.
      · дорога МСК, период 10: использовано 150 из 150 ваг.
      · дорога ПРВ, период 10: использовано 108 из 108 ваг.
      · дорога ЮВС, период 10: использовано 260 из 260 ваг.
  [s_idx  166] Владивосток (Экспорт) | тип=БКТ | ЕТСНГ=011005 | period=10 | mass_unload=false | осталось 25 из 25 ваг.
    ПРИЧИНА: квота ДМЗИ исчерпана — все Load-дуги с доступным спросом идут на дороги с выбранным лимитом:
      · дорога ЗАБ, период 10: использовано 4 из 4 ваг.
      · дорога КБШ, период 10: использовано 140 из 140 ваг.
      · дорога МСК, период 10: использовано 150 из 150 ваг.
      · дорога ПРВ, период 10: использовано 108 из 108 ваг.
      · дорога ЮВС, период 10: использовано 260 из 260 ваг.
  [s_idx  168] Хырдалан | тип=БКТ | ЕТСНГ=011005 | period=10 | mass_unload=false | осталось 18 из 18 ваг.
    ПРИЧИНА: квота ДМЗИ исчерпана — все Load-дуги с доступным спросом идут на дороги с выбранным лимитом:
      · дорога ЗАБ, период 10: использовано 4 из 4 ваг.
      · дорога КБШ, период 10: использовано 140 из 140 ваг.
      · дорога МСК, период 10: использовано 150 из 150 ваг.
      · дорога ПРВ, период 10: использовано 108 из 108 ваг.
      · дорога ЮВС, период 10: использовано 260 из 260 ваг.
  [s_idx  170] Лиепая (Экспорт) | тип=Т | ЕТСНГ=011005 | period=10 | mass_unload=true | осталось 91 из 95 ваг.
    ПРИЧИНА: квота ДМЗИ исчерпана — все Load-дуги с доступным спросом идут на дороги с выбранным лимитом:
      · дорога ЗАБ, период 10: использовано 4 из 4 ваг.
      · дорога КБШ, период 10: использовано 140 из 140 ваг.
      · дорога МСК, период 10: использовано 150 из 150 ваг.
      · дорога ПРВ, период 10: использовано 108 из 108 ваг.
      · дорога ЮВС, период 10: использовано 260 из 260 ваг.
  [s_idx  171] Лужская | тип=Т | ЕТСНГ=018023 | period=10 | mass_unload=false | осталось 16 из 16 ваг.
    ПРИЧИНА: квота ДМЗИ исчерпана — все Load-дуги с доступным спросом идут на дороги с выбранным лимитом:
      · дорога ЗАБ, период 10: использовано 4 из 4 ваг.
      · дорога КБШ, период 10: использовано 140 из 140 ваг.
      · дорога МСК, период 10: использовано 150 из 150 ваг.
      · дорога ПРВ, период 10: использовано 108 из 108 ваг.
      · дорога ЮВС, период 10: использовано 260 из 260 ваг.
  [s_idx  173] Новый Порт | тип=БКТ | ЕТСНГ=505028 | period=10 | mass_unload=false | осталось 14 из 14 ваг.
    ПРИЧИНА: доступны только Wash-дуги (36 шт., мин. стоимость 231205 руб./ваг.). В модели Wash не имеет штрафа за незаполнение,
             а excess_supply бесплатный — отправка только увеличила бы obj, MIP корректно оставил вагоны в остатке.
  [s_idx  175] Жердевка | тип=БКТ | ЕТСНГ=542239 | period=10 | mass_unload=false | осталось 6 из 6 ваг.
    ПРИЧИНА: доступны только Wash-дуги (36 шт., мин. стоимость 240165 руб./ваг.). В модели Wash не имеет штрафа за незаполнение,
             а excess_supply бесплатный — отправка только увеличила бы obj, MIP корректно оставил вагоны в остатке.
  [s_idx  176] Новый Порт (Экспорт) | тип=Т | ЕТСНГ=018131 | period=10 | mass_unload=true | осталось 26 из 26 ваг.
    ПРИЧИНА: квота ДМЗИ исчерпана — все Load-дуги с доступным спросом идут на дороги с выбранным лимитом:
      · дорога ЗАБ, период 10: использовано 4 из 4 ваг.
      · дорога КБШ, период 10: использовано 140 из 140 ваг.
      · дорога МСК, период 10: использовано 150 из 150 ваг.
      · дорога ПРВ, период 10: использовано 108 из 108 ваг.
      · дорога ЮВС, период 10: использовано 260 из 260 ваг.
  [s_idx  179] Ереван | тип=БКТ | ЕТСНГ=011005 | period=10 | mass_unload=false | осталось 18 из 18 ваг.
    ПРИЧИНА: квота ДМЗИ исчерпана — все Load-дуги с доступным спросом идут на дороги с выбранным лимитом:
      · дорога ЗАБ, период 10: использовано 4 из 4 ваг.
      · дорога КБШ, период 10: использовано 140 из 140 ваг.
      · дорога МСК, период 10: использовано 150 из 150 ваг.
      · дорога ПРВ, период 10: использовано 108 из 108 ваг.
      · дорога ЮВС, период 10: использовано 260 из 260 ваг.
  [s_idx  180] Баладжары | тип=БКТ | ЕТСНГ=011005 | period=10 | mass_unload=false | осталось 5 из 5 ваг.
    ПРИЧИНА: квота ДМЗИ исчерпана — все Load-дуги с доступным спросом идут на дороги с выбранным лимитом:
      · дорога ЗАБ, период 10: использовано 4 из 4 ваг.
      · дорога КБШ, период 10: использовано 140 из 140 ваг.
      · дорога МСК, период 10: использовано 150 из 150 ваг.
      · дорога ПРВ, период 10: использовано 108 из 108 ваг.
      · дорога ЮВС, период 10: использовано 260 из 260 ваг.
  [s_idx  181] Гянджа | тип=БКТ | ЕТСНГ=011005 | period=10 | mass_unload=false | осталось 8 из 8 ваг.
    ПРИЧИНА: квота ДМЗИ исчерпана — все Load-дуги с доступным спросом идут на дороги с выбранным лимитом:
      · дорога ЗАБ, период 10: использовано 4 из 4 ваг.
      · дорога КБШ, период 10: использовано 140 из 140 ваг.
      · дорога МСК, период 10: использовано 150 из 150 ваг.
      · дорога ПРВ, период 10: использовано 108 из 108 ваг.
      · дорога ЮВС, период 10: использовано 260 из 260 ваг.
  [s_idx  182] Гянджа | тип=Т | ЕТСНГ=011005 | period=10 | mass_unload=false | осталось 8 из 8 ваг.
    ПРИЧИНА: квота ДМЗИ исчерпана — все Load-дуги с доступным спросом идут на дороги с выбранным лимитом:
      · дорога ЗАБ, период 10: использовано 4 из 4 ваг.
      · дорога КБШ, период 10: использовано 140 из 140 ваг.
      · дорога МСК, период 10: использовано 150 из 150 ваг.
      · дорога ПРВ, период 10: использовано 108 из 108 ваг.
      · дорога ЮВС, период 10: использовано 260 из 260 ваг.
  [s_idx  183] Сангачалы | тип=БКТ | ЕТСНГ=011005 | period=10 | mass_unload=false | осталось 12 из 12 ваг.
    ПРИЧИНА: квота ДМЗИ исчерпана — все Load-дуги с доступным спросом идут на дороги с выбранным лимитом:
      · дорога ЗАБ, период 10: использовано 4 из 4 ваг.
      · дорога КБШ, период 10: использовано 140 из 140 ваг.
      · дорога МСК, период 10: использовано 150 из 150 ваг.
      · дорога ПРВ, период 10: использовано 108 из 108 ваг.
      · дорога ЮВС, период 10: использовано 260 из 260 ваг.
  [s_idx  184] Богданович | тип=БК | ЕТСНГ=542224 | period=10 | mass_unload=false | осталось 4 из 4 ваг.
    ПРИЧИНА: доступны только Wash-дуги (36 шт., мин. стоимость 206689 руб./ваг.). В модели Wash не имеет штрафа за незаполнение,
             а excess_supply бесплатный — отправка только увеличила бы obj, MIP корректно оставил вагоны в остатке.
  [s_idx  185] Новый Порт | тип=БК | ЕТСНГ=505028 | period=10 | mass_unload=false | осталось 2 из 2 ваг.
    ПРИЧИНА: доступны только Wash-дуги (36 шт., мин. стоимость 231205 руб./ваг.). В модели Wash не имеет штрафа за незаполнение,
             а excess_supply бесплатный — отправка только увеличила бы obj, MIP корректно оставил вагоны в остатке.
  [s_idx  186] Лужская | тип=БКТ | ЕТСНГ=018023 | period=10 | mass_unload=false | осталось 20 из 20 ваг.
    ПРИЧИНА: квота ДМЗИ исчерпана — все Load-дуги с доступным спросом идут на дороги с выбранным лимитом:
      · дорога ЗАБ, период 10: использовано 4 из 4 ваг.
      · дорога КБШ, период 10: использовано 140 из 140 ваг.
      · дорога МСК, период 10: использовано 150 из 150 ваг.
      · дорога ПРВ, период 10: использовано 108 из 108 ваг.
      · дорога ЮВС, период 10: использовано 260 из 260 ваг.
  [s_idx  187] Блюхер (Экспорт) | тип=БК | ЕТСНГ=018038 | period=10 | mass_unload=false | осталось 4 из 4 ваг.
    ПРИЧИНА: квота ДМЗИ исчерпана — все Load-дуги с доступным спросом идут на дороги с выбранным лимитом:
      · дорога ЗАБ, период 10: использовано 4 из 4 ваг.
      · дорога КБШ, период 10: использовано 140 из 140 ваг.
      · дорога МСК, период 10: использовано 150 из 150 ваг.
      · дорога ПРВ, период 10: использовано 108 из 108 ваг.
      · дорога ЮВС, период 10: использовано 260 из 260 ваг.
  [s_idx  188] Зорат | тип=Т | ЕТСНГ=011005 | period=10 | mass_unload=false | осталось 4 из 6 ваг.
    ПРИЧИНА: квота ДМЗИ исчерпана — все Load-дуги с доступным спросом идут на дороги с выбранным лимитом:
      · дорога ЗАБ, период 10: использовано 4 из 4 ваг.
      · дорога КБШ, период 10: использовано 140 из 140 ваг.
      · дорога МСК, период 10: использовано 150 из 150 ваг.
      · дорога ПРВ, период 10: использовано 108 из 108 ваг.
      · дорога ЮВС, период 10: использовано 260 из 260 ваг.
  [s_idx  190] Новый Порт (Экспорт) | тип=БК | ЕТСНГ=021079 | period=10 | mass_unload=true | осталось 12 из 12 ваг.
    ПРИЧИНА: квота ДМЗИ исчерпана — все Load-дуги с доступным спросом идут на дороги с выбранным лимитом:
      · дорога ЗАБ, период 10: использовано 4 из 4 ваг.
      · дорога КБШ, период 10: использовано 140 из 140 ваг.
      · дорога МСК, период 10: использовано 150 из 150 ваг.
      · дорога ПРВ, период 10: использовано 108 из 108 ваг.
      · дорога ЮВС, период 10: использовано 260 из 260 ваг.
  [s_idx  197] Невдубстрой | тип=БК | ЕТСНГ=011005 | period=10 | mass_unload=true | осталось 22 из 22 ваг.
    ПРИЧИНА: квота ДМЗИ исчерпана — все Load-дуги с доступным спросом идут на дороги с выбранным лимитом:
      · дорога ЗАБ, период 10: использовано 4 из 4 ваг.
      · дорога КБШ, период 10: использовано 140 из 140 ваг.
      · дорога МСК, период 10: использовано 150 из 150 ваг.
      · дорога ПРВ, период 10: использовано 108 из 108 ваг.
      · дорога ЮВС, период 10: использовано 260 из 260 ваг.
  [s_idx  198] Бардино | тип=БК | ЕТСНГ=542224 | period=10 | mass_unload=false | осталось 1 из 1 ваг.
    ПРИЧИНА: доступны только Wash-дуги (36 шт., мин. стоимость 278876 руб./ваг.). В модели Wash не имеет штрафа за незаполнение,
             а excess_supply бесплатный — отправка только увеличила бы obj, MIP корректно оставил вагоны в остатке.
  [s_idx  201] Селикса | тип=БК | ЕТСНГ=542224 | period=10 | mass_unload=false | осталось 5 из 5 ваг.
    ПРИЧИНА: доступны только Wash-дуги (36 шт., мин. стоимость 243187 руб./ваг.). В модели Wash не имеет штрафа за незаполнение,
             а excess_supply бесплатный — отправка только увеличила бы obj, MIP корректно оставил вагоны в остатке.
  [s_idx  202] Белогорск 2 | тип=БКТ | ЕТСНГ=018023 | period=10 | mass_unload=false | осталось 1 из 5 ваг.
    ПРИЧИНА: квота ДМЗИ исчерпана — все Load-дуги с доступным спросом идут на дороги с выбранным лимитом:
      · дорога ЗАБ, период 10: использовано 4 из 4 ваг.
      · дорога КБШ, период 10: использовано 140 из 140 ваг.
      · дорога МСК, период 10: использовано 150 из 150 ваг.
      · дорога ПРВ, период 10: использовано 108 из 108 ваг.
      · дорога ЮВС, период 10: использовано 260 из 260 ваг.
  [s_idx  204] Блюхер (Экспорт) | тип=Т | ЕТСНГ=011005 | period=10 | mass_unload=false | осталось 12 из 12 ваг.
    ПРИЧИНА: квота ДМЗИ исчерпана — все Load-дуги с доступным спросом идут на дороги с выбранным лимитом:
      · дорога ЗАБ, период 10: использовано 4 из 4 ваг.
      · дорога КБШ, период 10: использовано 140 из 140 ваг.
      · дорога МСК, период 10: использовано 150 из 150 ваг.
      · дорога ПРВ, период 10: использовано 108 из 108 ваг.
      · дорога ЮВС, период 10: использовано 260 из 260 ваг.
  [s_idx  206] Санкт-Петербург-Товарный-Московский | тип=Т | ЕТСНГ=012008 | period=10 | mass_unload=false | осталось 5 из 5 ваг.
    ПРИЧИНА: квота ДМЗИ исчерпана — все Load-дуги с доступным спросом идут на дороги с выбранным лимитом:
      · дорога ЗАБ, период 10: использовано 4 из 4 ваг.
      · дорога КБШ, период 10: использовано 140 из 140 ваг.
      · дорога МСК, период 10: использовано 150 из 150 ваг.
      · дорога ПРВ, период 10: использовано 108 из 108 ваг.
      · дорога ЮВС, период 10: использовано 260 из 260 ваг.
  [s_idx  208] Сумгаит | тип=БК | ЕТСНГ=011005 | period=10 | mass_unload=false | осталось 11 из 11 ваг.
    ПРИЧИНА: квота ДМЗИ исчерпана — все Load-дуги с доступным спросом идут на дороги с выбранным лимитом:
      · дорога ЗАБ, период 10: использовано 4 из 4 ваг.
      · дорога КБШ, период 10: использовано 140 из 140 ваг.
      · дорога МСК, период 10: использовано 150 из 150 ваг.
      · дорога ПРВ, период 10: использовано 108 из 108 ваг.
      · дорога ЮВС, период 10: использовано 260 из 260 ваг.
  [s_idx  209] Сумгаит | тип=БКТ | ЕТСНГ=011005 | period=10 | mass_unload=false | осталось 18 из 18 ваг.
    ПРИЧИНА: квота ДМЗИ исчерпана — все Load-дуги с доступным спросом идут на дороги с выбранным лимитом:
      · дорога ЗАБ, период 10: использовано 4 из 4 ваг.
      · дорога КБШ, период 10: использовано 140 из 140 ваг.
      · дорога МСК, период 10: использовано 150 из 150 ваг.
      · дорога ПРВ, период 10: использовано 108 из 108 ваг.
      · дорога ЮВС, период 10: использовано 260 из 260 ваг.
  [s_idx  212] Селикса | тип=БКТ | ЕТСНГ=542224 | period=10 | mass_unload=false | осталось 6 из 6 ваг.
    ПРИЧИНА: доступны только Wash-дуги (36 шт., мин. стоимость 243187 руб./ваг.). В модели Wash не имеет штрафа за незаполнение,
             а excess_supply бесплатный — отправка только увеличила бы obj, MIP корректно оставил вагоны в остатке.
  [s_idx  213] Нижний Ломов | тип=БК | ЕТСНГ=— | period=10 | mass_unload=false | осталось 4 из 4 ваг.
    ПРИЧИНА: доступны только Wash-дуги (36 шт., мин. стоимость 281817 руб./ваг.). В модели Wash не имеет штрафа за незаполнение,
             а excess_supply бесплатный — отправка только увеличила бы obj, MIP корректно оставил вагоны в остатке.
  [s_idx  220] Помары | тип=БКТ | ЕТСНГ=542239 | period=10 | mass_unload=false | осталось 2 из 2 ваг.
    ПРИЧИНА: доступны только Wash-дуги (36 шт., мин. стоимость 277638 руб./ваг.). В модели Wash не имеет штрафа за незаполнение,
             а excess_supply бесплатный — отправка только увеличила бы obj, MIP корректно оставил вагоны в остатке.
  [s_idx  223] Кавказ | тип=БК | ЕТСНГ=505028 | period=10 | mass_unload=false | осталось 4 из 4 ваг.
    ПРИЧИНА: доступны только Wash-дуги (36 шт., мин. стоимость 243153 руб./ваг.). В модели Wash не имеет штрафа за незаполнение,
             а excess_supply бесплатный — отправка только увеличила бы obj, MIP корректно оставил вагоны в остатке.
  [s_idx  224] Подберезье | тип=БКТ | ЕТСНГ=542239 | period=10 | mass_unload=false | осталось 9 из 9 ваг.
    ПРИЧИНА: доступны только Wash-дуги (36 шт., мин. стоимость 236689 руб./ваг.). В модели Wash не имеет штрафа за незаполнение,
             а excess_supply бесплатный — отправка только увеличила бы obj, MIP корректно оставил вагоны в остатке.
  [s_idx  225] Кюрдамир | тип=БК | ЕТСНГ=011005 | period=10 | mass_unload=false | осталось 1 из 1 ваг.
    ПРИЧИНА: квота ДМЗИ исчерпана — все Load-дуги с доступным спросом идут на дороги с выбранным лимитом:
      · дорога ЗАБ, период 10: использовано 4 из 4 ваг.
      · дорога КБШ, период 10: использовано 140 из 140 ваг.
      · дорога МСК, период 10: использовано 150 из 150 ваг.
      · дорога ПРВ, период 10: использовано 108 из 108 ваг.
      · дорога ЮВС, период 10: использовано 260 из 260 ваг.
  [s_idx  235] Гродеково (Экспорт на КЖД [Китай]) | тип=Т | ЕТСНГ=011005 | period=10 | mass_unload=false | осталось 11 из 11 ваг.
    ПРИЧИНА: квота ДМЗИ исчерпана — все Load-дуги с доступным спросом идут на дороги с выбранным лимитом:
      · дорога ЗАБ, период 10: использовано 4 из 4 ваг.
      · дорога КБШ, период 10: использовано 140 из 140 ваг.
      · дорога МСК, период 10: использовано 150 из 150 ваг.
      · дорога ПРВ, период 10: использовано 108 из 108 ваг.
      · дорога ЮВС, период 10: использовано 260 из 260 ваг.
  [s_idx  239] Металлист | тип=БК | ЕТСНГ=542239 | period=10 | mass_unload=false | осталось 3 из 3 ваг.
    ПРИЧИНА: доступны только Wash-дуги (36 шт., мин. стоимость 239116 руб./ваг.). В модели Wash не имеет штрафа за незаполнение,
             а excess_supply бесплатный — отправка только увеличила бы obj, MIP корректно оставил вагоны в остатке.
  [s_idx  240] Кюрдамир | тип=БКТ | ЕТСНГ=011005 | period=10 | mass_unload=false | осталось 10 из 10 ваг.
    ПРИЧИНА: квота ДМЗИ исчерпана — все Load-дуги с доступным спросом идут на дороги с выбранным лимитом:
      · дорога ЗАБ, период 10: использовано 4 из 4 ваг.
      · дорога КБШ, период 10: использовано 140 из 140 ваг.
      · дорога МСК, период 10: использовано 150 из 150 ваг.
      · дорога ПРВ, период 10: использовано 108 из 108 ваг.
      · дорога ЮВС, период 10: использовано 260 из 260 ваг.
  [s_idx  242] Новый Порт (Экспорт) | тип=БК | ЕТСНГ=018131 | period=10 | mass_unload=true | осталось 12 из 12 ваг.
    ПРИЧИНА: квота ДМЗИ исчерпана — все Load-дуги с доступным спросом идут на дороги с выбранным лимитом:
      · дорога ЗАБ, период 10: использовано 4 из 4 ваг.
      · дорога КБШ, период 10: использовано 140 из 140 ваг.
      · дорога МСК, период 10: использовано 150 из 150 ваг.
      · дорога ПРВ, период 10: использовано 108 из 108 ваг.
      · дорога ЮВС, период 10: использовано 260 из 260 ваг.
  [s_idx  244] Санкт-Петербург-Товарный-Московский | тип=БК | ЕТСНГ=012008 | period=10 | mass_unload=false | осталось 6 из 7 ваг.
    ПРИЧИНА: квота ДМЗИ исчерпана — все Load-дуги с доступным спросом идут на дороги с выбранным лимитом:
      · дорога ЗАБ, период 10: использовано 4 из 4 ваг.
      · дорога КБШ, период 10: использовано 140 из 140 ваг.
      · дорога МСК, период 10: использовано 150 из 150 ваг.
      · дорога ПРВ, период 10: использовано 108 из 108 ваг.
      · дорога ЮВС, период 10: использовано 260 из 260 ваг.
  [s_idx  246] Стрижи | тип=БКТ | ЕТСНГ=542239 | period=10 | mass_unload=false | осталось 7 из 7 ваг.
    ПРИЧИНА: доступны только Wash-дуги (36 шт., мин. стоимость 314983 руб./ваг.). В модели Wash не имеет штрафа за незаполнение,
             а excess_supply бесплатный — отправка только увеличила бы obj, MIP корректно оставил вагоны в остатке.
  [s_idx  247] Поти (Порт, Экспорт) | тип=БКТ | ЕТСНГ=018131 | period=10 | mass_unload=false | осталось 17 из 17 ваг.
    ПРИЧИНА: квота ДМЗИ исчерпана — все Load-дуги с доступным спросом идут на дороги с выбранным лимитом:
      · дорога ЗАБ, период 10: использовано 4 из 4 ваг.
      · дорога КБШ, период 10: использовано 140 из 140 ваг.
      · дорога МСК, период 10: использовано 150 из 150 ваг.
      · дорога ПРВ, период 10: использовано 108 из 108 ваг.
      · дорога ЮВС, период 10: использовано 260 из 260 ваг.
  [s_idx  248] Блюхер (Экспорт) | тип=БК | ЕТСНГ=011005 | period=10 | mass_unload=false | осталось 10 из 10 ваг.
    ПРИЧИНА: квота ДМЗИ исчерпана — все Load-дуги с доступным спросом идут на дороги с выбранным лимитом:
      · дорога ЗАБ, период 10: использовано 4 из 4 ваг.
      · дорога КБШ, период 10: использовано 140 из 140 ваг.
      · дорога МСК, период 10: использовано 150 из 150 ваг.
      · дорога ПРВ, период 10: использовано 108 из 108 ваг.
      · дорога ЮВС, период 10: использовано 260 из 260 ваг.
  [s_idx  250] Гродеково (Экспорт на КЖД [Китай]) | тип=БК | ЕТСНГ=015006 | period=10 | mass_unload=false | осталось 5 из 5 ваг.
    ПРИЧИНА: квота ДМЗИ исчерпана — все Load-дуги с доступным спросом идут на дороги с выбранным лимитом:
      · дорога ЗАБ, период 10: использовано 4 из 4 ваг.
      · дорога КБШ, период 10: использовано 140 из 140 ваг.
      · дорога МСК, период 10: использовано 150 из 150 ваг.
      · дорога ПРВ, период 10: использовано 108 из 108 ваг.
      · дорога ЮВС, период 10: использовано 260 из 260 ваг.
  [s_idx  253] Кишлы | тип=БКТ | ЕТСНГ=011005 | period=10 | mass_unload=false | осталось 4 из 4 ваг.
    ПРИЧИНА: квота ДМЗИ исчерпана — все Load-дуги с доступным спросом идут на дороги с выбранным лимитом:
      · дорога ЗАБ, период 10: использовано 4 из 4 ваг.
      · дорога КБШ, период 10: использовано 140 из 140 ваг.
      · дорога МСК, период 10: использовано 150 из 150 ваг.
      · дорога ПРВ, период 10: использовано 108 из 108 ваг.
      · дорога ЮВС, период 10: использовано 260 из 260 ваг.
  [s_idx  256] Кишлы | тип=Т | ЕТСНГ=011005 | period=10 | mass_unload=false | осталось 3 из 3 ваг.
    ПРИЧИНА: квота ДМЗИ исчерпана — все Load-дуги с доступным спросом идут на дороги с выбранным лимитом:
      · дорога ЗАБ, период 10: использовано 4 из 4 ваг.
      · дорога КБШ, период 10: использовано 140 из 140 ваг.
      · дорога МСК, период 10: использовано 150 из 150 ваг.
      · дорога ПРВ, период 10: использовано 108 из 108 ваг.
      · дорога ЮВС, период 10: использовано 260 из 260 ваг.
  [s_idx  258] Поти (Порт, Экспорт) | тип=Т | ЕТСНГ=018131 | period=10 | mass_unload=false | осталось 7 из 7 ваг.
    ПРИЧИНА: квота ДМЗИ исчерпана — все Load-дуги с доступным спросом идут на дороги с выбранным лимитом:
      · дорога ЗАБ, период 10: использовано 4 из 4 ваг.
      · дорога КБШ, период 10: использовано 140 из 140 ваг.
      · дорога МСК, период 10: использовано 150 из 150 ваг.
      · дорога ПРВ, период 10: использовано 108 из 108 ваг.
      · дорога ЮВС, период 10: использовано 260 из 260 ваг.
  [s_idx  260] Даларик | тип=Т | ЕТСНГ=011005 | period=10 | mass_unload=true | осталось 6 из 6 ваг.
    ПРИЧИНА: квота ДМЗИ исчерпана — все Load-дуги с доступным спросом идут на дороги с выбранным лимитом:
      · дорога ЗАБ, период 10: использовано 4 из 4 ваг.
      · дорога КБШ, период 10: использовано 140 из 140 ваг.
      · дорога МСК, период 10: использовано 150 из 150 ваг.
      · дорога ПРВ, период 10: использовано 108 из 108 ваг.
      · дорога ЮВС, период 10: использовано 260 из 260 ваг.
  [s_idx  261] Марнеули | тип=БКТ | ЕТСНГ=— | period=10 | mass_unload=false | осталось 3 из 3 ваг.
    ПРИЧИНА: квота ДМЗИ исчерпана — все Load-дуги с доступным спросом идут на дороги с выбранным лимитом:
      · дорога ЗАБ, период 10: использовано 4 из 4 ваг.
      · дорога КБШ, период 10: использовано 140 из 140 ваг.
      · дорога МСК, период 10: использовано 150 из 150 ваг.
      · дорога ПРВ, период 10: использовано 108 из 108 ваг.
      · дорога ЮВС, период 10: использовано 260 из 260 ваг.
  [s_idx  263] Сумгаит | тип=БКТ | ЕТСНГ=— | period=10 | mass_unload=false | осталось 2 из 2 ваг.
    ПРИЧИНА: квота ДМЗИ исчерпана — все Load-дуги с доступным спросом идут на дороги с выбранным лимитом:
      · дорога ЗАБ, период 10: использовано 4 из 4 ваг.
      · дорога КБШ, период 10: использовано 140 из 140 ваг.
      · дорога МСК, период 10: использовано 150 из 150 ваг.
      · дорога ПРВ, период 10: использовано 108 из 108 ваг.
      · дорога ЮВС, период 10: использовано 260 из 260 ваг.
  [s_idx  267] Гродеково (Экспорт на КЖД [Китай]) | тип=Т | ЕТСНГ=015006 | period=10 | mass_unload=false | осталось 6 из 6 ваг.
    ПРИЧИНА: квота ДМЗИ исчерпана — все Load-дуги с доступным спросом идут на дороги с выбранным лимитом:
      · дорога ЗАБ, период 10: использовано 4 из 4 ваг.
      · дорога КБШ, период 10: использовано 140 из 140 ваг.
      · дорога МСК, период 10: использовано 150 из 150 ваг.
      · дорога ПРВ, период 10: использовано 108 из 108 ваг.
      · дорога ЮВС, период 10: использовано 260 из 260 ваг.
  [s_idx  269] Санкт-Петербург-Товарный-Московский | тип=БКТ | ЕТСНГ=012008 | period=10 | mass_unload=false | осталось 9 из 16 ваг.
    ПРИЧИНА: квота ДМЗИ исчерпана — все Load-дуги с доступным спросом идут на дороги с выбранным лимитом:
      · дорога ЗАБ, период 10: использовано 4 из 4 ваг.
      · дорога КБШ, период 10: использовано 140 из 140 ваг.
      · дорога МСК, период 10: использовано 150 из 150 ваг.
      · дорога ПРВ, период 10: использовано 108 из 108 ваг.
      · дорога ЮВС, период 10: использовано 260 из 260 ваг.
  [s_idx  272] Поти (Порт, Экспорт) | тип=БК | ЕТСНГ=018131 | period=10 | mass_unload=false | осталось 17 из 17 ваг.
    ПРИЧИНА: квота ДМЗИ исчерпана — все Load-дуги с доступным спросом идут на дороги с выбранным лимитом:
      · дорога ЗАБ, период 10: использовано 4 из 4 ваг.
      · дорога КБШ, период 10: использовано 140 из 140 ваг.
      · дорога МСК, период 10: использовано 150 из 150 ваг.
      · дорога ПРВ, период 10: использовано 108 из 108 ваг.
      · дорога ЮВС, период 10: использовано 260 из 260 ваг.
  [s_idx  273] Копылово | тип=БКТ | ЕТСНГ=542224 | period=10 | mass_unload=false | осталось 2 из 2 ваг.
    ПРИЧИНА: доступны только Wash-дуги (36 шт., мин. стоимость 245094 руб./ваг.). В модели Wash не имеет штрафа за незаполнение,
             а excess_supply бесплатный — отправка только увеличила бы obj, MIP корректно оставил вагоны в остатке.
  [s_idx  274] Красноселка | тип=БКТ | ЕТСНГ=505028 | period=10 | mass_unload=false | осталось 5 из 5 ваг.
    ПРИЧИНА: доступны только Wash-дуги (36 шт., мин. стоимость 203344 руб./ваг.). В модели Wash не имеет штрафа за незаполнение,
             а excess_supply бесплатный — отправка только увеличила бы obj, MIP корректно оставил вагоны в остатке.
  [s_idx  275] Вайвара (Экспорт) | тип=БК | ЕТСНГ=018131 | period=10 | mass_unload=false | осталось 13 из 13 ваг.
    ПРИЧИНА: квота ДМЗИ исчерпана — все Load-дуги с доступным спросом идут на дороги с выбранным лимитом:
      · дорога ЗАБ, период 10: использовано 4 из 4 ваг.
      · дорога КБШ, период 10: использовано 140 из 140 ваг.
      · дорога МСК, период 10: использовано 150 из 150 ваг.
      · дорога ПРВ, период 10: использовано 108 из 108 ваг.
      · дорога ЮВС, период 10: использовано 260 из 260 ваг.
  [s_idx  280] Гори | тип=БКТ | ЕТСНГ=018112 | period=10 | mass_unload=false | осталось 3 из 3 ваг.
    ПРИЧИНА: квота ДМЗИ исчерпана — все Load-дуги с доступным спросом идут на дороги с выбранным лимитом:
      · дорога ЗАБ, период 10: использовано 4 из 4 ваг.
      · дорога КБШ, период 10: использовано 140 из 140 ваг.
      · дорога МСК, период 10: использовано 150 из 150 ваг.
      · дорога ПРВ, период 10: использовано 108 из 108 ваг.
      · дорога ЮВС, период 10: использовано 260 из 260 ваг.
  [s_idx  281] Медведчиково | тип=БК | ЕТСНГ=021083 | period=10 | mass_unload=false | осталось 1 из 1 ваг.
    ПРИЧИНА: квота ДМЗИ исчерпана — все Load-дуги с доступным спросом идут на дороги с выбранным лимитом:
      · дорога ЗАБ, период 10: использовано 4 из 4 ваг.
      · дорога КБШ, период 10: использовано 140 из 140 ваг.
      · дорога МСК, период 10: использовано 150 из 150 ваг.
      · дорога ПРВ, период 10: использовано 108 из 108 ваг.
      · дорога ЮВС, период 10: использовано 260 из 260 ваг.
  [s_idx  282] Хабаровск 1 | тип=Т | ЕТСНГ=018112 | period=10 | mass_unload=false | осталось 4 из 4 ваг.
    ПРИЧИНА: квота ДМЗИ исчерпана — все Load-дуги с доступным спросом идут на дороги с выбранным лимитом:
      · дорога ЗАБ, период 10: использовано 4 из 4 ваг.
      · дорога КБШ, период 10: использовано 140 из 140 ваг.
      · дорога МСК, период 10: использовано 150 из 150 ваг.
      · дорога ПРВ, период 10: использовано 108 из 108 ваг.
      · дорога ЮВС, период 10: использовано 260 из 260 ваг.
  [s_idx  284] Гродеково (Экспорт на КЖД [Китай]) | тип=БКТ | ЕТСНГ=015006 | period=10 | mass_unload=false | осталось 8 из 8 ваг.
    ПРИЧИНА: квота ДМЗИ исчерпана — все Load-дуги с доступным спросом идут на дороги с выбранным лимитом:
      · дорога ЗАБ, период 10: использовано 4 из 4 ваг.
      · дорога КБШ, период 10: использовано 140 из 140 ваг.
      · дорога МСК, период 10: использовано 150 из 150 ваг.
      · дорога ПРВ, период 10: использовано 108 из 108 ваг.
      · дорога ЮВС, период 10: использовано 260 из 260 ваг.
  [s_idx  285] Ровустон | тип=БКТ | ЕТСНГ=542224 | period=10 | mass_unload=false | осталось 2 из 2 ваг.
    ПРИЧИНА: квота ДМЗИ исчерпана — все Load-дуги с доступным спросом идут на дороги с выбранным лимитом:
      · дорога ЗАБ, период 10: использовано 4 из 4 ваг.
      · дорога КБШ, период 10: использовано 140 из 140 ваг.
      · дорога МСК, период 10: использовано 150 из 150 ваг.
      · дорога ПРВ, период 10: использовано 108 из 108 ваг.
      · дорога ЮВС, период 10: использовано 260 из 260 ваг.
  [s_idx  287] Шапки | тип=Т | ЕТСНГ=014003 | period=10 | mass_unload=false | осталось 5 из 5 ваг.
    ПРИЧИНА: квота ДМЗИ исчерпана — все Load-дуги с доступным спросом идут на дороги с выбранным лимитом:
      · дорога ЗАБ, период 10: использовано 4 из 4 ваг.
      · дорога КБШ, период 10: использовано 140 из 140 ваг.
      · дорога МСК, период 10: использовано 150 из 150 ваг.
      · дорога ПРВ, период 10: использовано 108 из 108 ваг.
      · дорога ЮВС, период 10: использовано 260 из 260 ваг.
  [s_idx  288] Позимь | тип=БКТ | ЕТСНГ=542239 | period=10 | mass_unload=false | осталось 6 из 6 ваг.
    ПРИЧИНА: доступны только Wash-дуги (36 шт., мин. стоимость 278003 руб./ваг.). В модели Wash не имеет штрафа за незаполнение,
             а excess_supply бесплатный — отправка только увеличила бы obj, MIP корректно оставил вагоны в остатке.
  [s_idx  289] Хабаровск 1 | тип=Т | ЕТСНГ=014003 | period=10 | mass_unload=false | осталось 1 из 1 ваг.
    ПРИЧИНА: квота ДМЗИ исчерпана — все Load-дуги с доступным спросом идут на дороги с выбранным лимитом:
      · дорога ЗАБ, период 10: использовано 4 из 4 ваг.
      · дорога КБШ, период 10: использовано 140 из 140 ваг.
      · дорога МСК, период 10: использовано 150 из 150 ваг.
      · дорога ПРВ, период 10: использовано 108 из 108 ваг.
      · дорога ЮВС, период 10: использовано 260 из 260 ваг.
  [s_idx  292] Наушки (Экспорт АО «УБЖД»: участок Улаанбаатар (вкл.) и далее) | тип=БКТ | ЕТСНГ=015006 | period=10 | mass_unload=false | осталось 6 из 6 ваг.
    ПРИЧИНА: квота ДМЗИ исчерпана — все Load-дуги с доступным спросом идут на дороги с выбранным лимитом:
      · дорога ЗАБ, период 10: использовано 4 из 4 ваг.
      · дорога КБШ, период 10: использовано 140 из 140 ваг.
      · дорога МСК, период 10: использовано 150 из 150 ваг.
      · дорога ПРВ, период 10: использовано 108 из 108 ваг.
      · дорога ЮВС, период 10: использовано 260 из 260 ваг.
  [s_idx  293] Ереван | тип=БК | ЕТСНГ=011005 | period=10 | mass_unload=false | осталось 8 из 8 ваг.
    ПРИЧИНА: квота ДМЗИ исчерпана — все Load-дуги с доступным спросом идут на дороги с выбранным лимитом:
      · дорога ЗАБ, период 10: использовано 4 из 4 ваг.
      · дорога КБШ, период 10: использовано 140 из 140 ваг.
      · дорога МСК, период 10: использовано 150 из 150 ваг.
      · дорога ПРВ, период 10: использовано 108 из 108 ваг.
      · дорога ЮВС, период 10: использовано 260 из 260 ваг.
  [s_idx  295] Блюхер (Экспорт) | тип=БКТ | ЕТСНГ=— | period=10 | mass_unload=false | осталось 3 из 3 ваг.
    ПРИЧИНА: квота ДМЗИ исчерпана — все Load-дуги с доступным спросом идут на дороги с выбранным лимитом:
      · дорога ЗАБ, период 10: использовано 4 из 4 ваг.
      · дорога КБШ, период 10: использовано 140 из 140 ваг.
      · дорога МСК, период 10: использовано 150 из 150 ваг.
      · дорога ПРВ, период 10: использовано 108 из 108 ваг.
      · дорога ЮВС, период 10: использовано 260 из 260 ваг.
  [s_idx  296] Кызыл-Кыя | тип=БКТ | ЕТСНГ=011005 | period=10 | mass_unload=false | осталось 4 из 4 ваг.
    ПРИЧИНА: нет ни одной допустимой дуги (нет тарифа, несовм. тип вагона или грязный груз).
  [s_idx  297] Наушки (Экспорт АО «УБЖД»: участок Улаанбаатар (вкл.) и далее) | тип=БКТ | ЕТСНГ=011005 | period=10 | mass_unload=false | осталось 1 из 1 ваг.
    ПРИЧИНА: квота ДМЗИ исчерпана — все Load-дуги с доступным спросом идут на дороги с выбранным лимитом:
      · дорога ЗАБ, период 10: использовано 4 из 4 ваг.
      · дорога КБШ, период 10: использовано 140 из 140 ваг.
      · дорога МСК, период 10: использовано 150 из 150 ваг.
      · дорога ПРВ, период 10: использовано 108 из 108 ваг.
      · дорога ЮВС, период 10: использовано 260 из 260 ваг.
  [s_idx  298] Марнеули | тип=БК | ЕТСНГ=011005 | period=10 | mass_unload=false | осталось 10 из 10 ваг.
    ПРИЧИНА: квота ДМЗИ исчерпана — все Load-дуги с доступным спросом идут на дороги с выбранным лимитом:
      · дорога ЗАБ, период 10: использовано 4 из 4 ваг.
      · дорога КБШ, период 10: использовано 140 из 140 ваг.
      · дорога МСК, период 10: использовано 150 из 150 ваг.
      · дорога ПРВ, период 10: использовано 108 из 108 ваг.
      · дорога ЮВС, период 10: использовано 260 из 260 ваг.
  [s_idx  300] Наушки (Экспорт АО «УБЖД»: участок Улаанбаатар (вкл.) и далее) | тип=БК | ЕТСНГ=015006 | period=10 | mass_unload=false | осталось 1 из 1 ваг.
    ПРИЧИНА: квота ДМЗИ исчерпана — все Load-дуги с доступным спросом идут на дороги с выбранным лимитом:
      · дорога ЗАБ, период 10: использовано 4 из 4 ваг.
      · дорога КБШ, период 10: использовано 140 из 140 ваг.
      · дорога МСК, период 10: использовано 150 из 150 ваг.
      · дорога ПРВ, период 10: использовано 108 из 108 ваг.
      · дорога ЮВС, период 10: использовано 260 из 260 ваг.
  [s_idx  303] Сангачалы | тип=БКТ | ЕТСНГ=— | period=10 | mass_unload=false | осталось 1 из 1 ваг.
    ПРИЧИНА: квота ДМЗИ исчерпана — все Load-дуги с доступным спросом идут на дороги с выбранным лимитом:
      · дорога ЗАБ, период 10: использовано 4 из 4 ваг.
      · дорога КБШ, период 10: использовано 140 из 140 ваг.
      · дорога МСК, период 10: использовано 150 из 150 ваг.
      · дорога ПРВ, период 10: использовано 108 из 108 ваг.
      · дорога ЮВС, период 10: использовано 260 из 260 ваг.
  [s_idx  304] Невдубстрой | тип=Т | ЕТСНГ=015006 | period=10 | mass_unload=true | осталось 5 из 5 ваг.
    ПРИЧИНА: квота ДМЗИ исчерпана — все Load-дуги с доступным спросом идут на дороги с выбранным лимитом:
      · дорога ЗАБ, период 10: использовано 4 из 4 ваг.
      · дорога КБШ, период 10: использовано 140 из 140 ваг.
      · дорога МСК, период 10: использовано 150 из 150 ваг.
      · дорога ПРВ, период 10: использовано 108 из 108 ваг.
      · дорога ЮВС, период 10: использовано 260 из 260 ваг.
  [s_idx  305] Порт Оля (Экспорт) | тип=БК | ЕТСНГ=542239 | period=10 | mass_unload=false | осталось 6 из 6 ваг.
    ПРИЧИНА: доступны только Wash-дуги (36 шт., мин. стоимость 242679 руб./ваг.). В модели Wash не имеет штрафа за незаполнение,
             а excess_supply бесплатный — отправка только увеличила бы obj, MIP корректно оставил вагоны в остатке.
  [s_idx  306] Невдубстрой | тип=БКТ | ЕТСНГ=021100 | period=10 | mass_unload=true | осталось 11 из 11 ваг.
    ПРИЧИНА: квота ДМЗИ исчерпана — все Load-дуги с доступным спросом идут на дороги с выбранным лимитом:
      · дорога ЗАБ, период 10: использовано 4 из 4 ваг.
      · дорога КБШ, период 10: использовано 140 из 140 ваг.
      · дорога МСК, период 10: использовано 150 из 150 ваг.
      · дорога ПРВ, период 10: использовано 108 из 108 ваг.
      · дорога ЮВС, период 10: использовано 260 из 260 ваг.
  [s_idx  308] Новый Порт (Экспорт) | тип=Т | ЕТСНГ=021079 | period=10 | mass_unload=true | осталось 9 из 9 ваг.
    ПРИЧИНА: квота ДМЗИ исчерпана — все Load-дуги с доступным спросом идут на дороги с выбранным лимитом:
      · дорога ЗАБ, период 10: использовано 4 из 4 ваг.
      · дорога КБШ, период 10: использовано 140 из 140 ваг.
      · дорога МСК, период 10: использовано 150 из 150 ваг.
      · дорога ПРВ, период 10: использовано 108 из 108 ваг.
      · дорога ЮВС, период 10: использовано 260 из 260 ваг.
  [s_idx  310] Невдубстрой | тип=Т | ЕТСНГ=021100 | period=10 | mass_unload=true | осталось 7 из 7 ваг.
    ПРИЧИНА: квота ДМЗИ исчерпана — все Load-дуги с доступным спросом идут на дороги с выбранным лимитом:
      · дорога ЗАБ, период 10: использовано 4 из 4 ваг.
      · дорога КБШ, период 10: использовано 140 из 140 ваг.
      · дорога МСК, период 10: использовано 150 из 150 ваг.
      · дорога ПРВ, период 10: использовано 108 из 108 ваг.
      · дорога ЮВС, период 10: использовано 260 из 260 ваг.
  [s_idx  311] Наушки (Экспорт АО «УБЖД»: участок Улаанбаатар (вкл.) и далее) | тип=Т | ЕТСНГ=015006 | period=10 | mass_unload=false | осталось 4 из 4 ваг.
    ПРИЧИНА: квота ДМЗИ исчерпана — все Load-дуги с доступным спросом идут на дороги с выбранным лимитом:
      · дорога ЗАБ, период 10: использовано 4 из 4 ваг.
      · дорога КБШ, период 10: использовано 140 из 140 ваг.
      · дорога МСК, период 10: использовано 150 из 150 ваг.
      · дорога ПРВ, период 10: использовано 108 из 108 ваг.
      · дорога ЮВС, период 10: использовано 260 из 260 ваг.
  [s_idx  313] Кюрдамир | тип=Т | ЕТСНГ=011005 | period=10 | mass_unload=false | осталось 4 из 4 ваг.
    ПРИЧИНА: квота ДМЗИ исчерпана — все Load-дуги с доступным спросом идут на дороги с выбранным лимитом:
      · дорога ЗАБ, период 10: использовано 4 из 4 ваг.
      · дорога КБШ, период 10: использовано 140 из 140 ваг.
      · дорога МСК, период 10: использовано 150 из 150 ваг.
      · дорога ПРВ, период 10: использовано 108 из 108 ваг.
      · дорога ЮВС, период 10: использовано 260 из 260 ваг.
  [s_idx  316] Невдубстрой | тип=БК | ЕТСНГ=015006 | period=10 | mass_unload=true | осталось 6 из 6 ваг.
    ПРИЧИНА: квота ДМЗИ исчерпана — все Load-дуги с доступным спросом идут на дороги с выбранным лимитом:
      · дорога ЗАБ, период 10: использовано 4 из 4 ваг.
      · дорога КБШ, период 10: использовано 140 из 140 ваг.
      · дорога МСК, период 10: использовано 150 из 150 ваг.
      · дорога ПРВ, период 10: использовано 108 из 108 ваг.
      · дорога ЮВС, период 10: использовано 260 из 260 ваг.
  [s_idx  318] Забайкальск (Экспорт на КЖД [Китай]) | тип=Т | ЕТСНГ=021083 | period=10 | mass_unload=false | осталось 3 из 3 ваг.
    ПРИЧИНА: квота ДМЗИ исчерпана — все Load-дуги с доступным спросом идут на дороги с выбранным лимитом:
      · дорога ЗАБ, период 10: использовано 4 из 4 ваг.
      · дорога КБШ, период 10: использовано 140 из 140 ваг.
      · дорога МСК, период 10: использовано 150 из 150 ваг.
      · дорога ПРВ, период 10: использовано 108 из 108 ваг.
      · дорога ЮВС, период 10: использовано 260 из 260 ваг.
  [s_idx  319] Забайкальск (Экспорт на КЖД [Китай]) | тип=БКТ | ЕТСНГ=021083 | period=10 | mass_unload=false | осталось 3 из 3 ваг.
    ПРИЧИНА: квота ДМЗИ исчерпана — все Load-дуги с доступным спросом идут на дороги с выбранным лимитом:
      · дорога ЗАБ, период 10: использовано 4 из 4 ваг.
      · дорога КБШ, период 10: использовано 140 из 140 ваг.
      · дорога МСК, период 10: использовано 150 из 150 ваг.
      · дорога ПРВ, период 10: использовано 108 из 108 ваг.
      · дорога ЮВС, период 10: использовано 260 из 260 ваг.
  [s_idx  320] Латная | тип=БКТ | ЕТСНГ=542224 | period=10 | mass_unload=false | осталось 6 из 6 ваг.
    ПРИЧИНА: доступны только Wash-дуги (36 шт., мин. стоимость 201740 руб./ваг.). В модели Wash не имеет штрафа за незаполнение,
             а excess_supply бесплатный — отправка только увеличила бы obj, MIP корректно оставил вагоны в остатке.
  [s_idx  322] Подберезье | тип=БК | ЕТСНГ=542239 | period=10 | mass_unload=false | осталось 5 из 5 ваг.
    ПРИЧИНА: доступны только Wash-дуги (36 шт., мин. стоимость 236689 руб./ваг.). В модели Wash не имеет штрафа за незаполнение,
             а excess_supply бесплатный — отправка только увеличила бы obj, MIP корректно оставил вагоны в остатке.
  [s_idx  323] Мальта | тип=БКТ | ЕТСНГ=— | period=10 | mass_unload=false | осталось 1 из 1 ваг.
    ПРИЧИНА: квота ДМЗИ исчерпана — все Load-дуги с доступным спросом идут на дороги с выбранным лимитом:
      · дорога ЗАБ, период 10: использовано 4 из 4 ваг.
      · дорога КБШ, период 10: использовано 140 из 140 ваг.
      · дорога МСК, период 10: использовано 150 из 150 ваг.
      · дорога ПРВ, период 10: использовано 108 из 108 ваг.
      · дорога ЮВС, период 10: использовано 260 из 260 ваг.
  [s_idx  324] Помары | тип=БКТ | ЕТСНГ=542224 | period=10 | mass_unload=false | осталось 4 из 4 ваг.
    ПРИЧИНА: доступны только Wash-дуги (36 шт., мин. стоимость 277638 руб./ваг.). В модели Wash не имеет штрафа за незаполнение,
             а excess_supply бесплатный — отправка только увеличила бы obj, MIP корректно оставил вагоны в остатке.
  [s_idx  329] Порт Оля (Экспорт) | тип=БКТ | ЕТСНГ=542239 | period=10 | mass_unload=false | осталось 6 из 6 ваг.
    ПРИЧИНА: доступны только Wash-дуги (36 шт., мин. стоимость 242679 руб./ваг.). В модели Wash не имеет штрафа за незаполнение,
             а excess_supply бесплатный — отправка только увеличила бы obj, MIP корректно оставил вагоны в остатке.
  [s_idx  330] Металлист | тип=БКТ | ЕТСНГ=542239 | period=10 | mass_unload=false | осталось 4 из 4 ваг.
    ПРИЧИНА: доступны только Wash-дуги (36 шт., мин. стоимость 239116 руб./ваг.). В модели Wash не имеет штрафа за незаполнение,
             а excess_supply бесплатный — отправка только увеличила бы obj, MIP корректно оставил вагоны в остатке.
  [s_idx  331] Глазов | тип=БКТ | ЕТСНГ=542239 | period=10 | mass_unload=false | осталось 1 из 1 ваг.
    ПРИЧИНА: доступны только Wash-дуги (36 шт., мин. стоимость 290301 руб./ваг.). В модели Wash не имеет штрафа за незаполнение,
             а excess_supply бесплатный — отправка только увеличила бы obj, MIP корректно оставил вагоны в остатке.
  [s_idx  332] Копылово | тип=БК | ЕТСНГ=542224 | period=10 | mass_unload=false | осталось 1 из 1 ваг.
    ПРИЧИНА: доступны только Wash-дуги (36 шт., мин. стоимость 245094 руб./ваг.). В модели Wash не имеет штрафа за незаполнение,
             а excess_supply бесплатный — отправка только увеличила бы obj, MIP корректно оставил вагоны в остатке.
  [s_idx  333] Карбышево 1 | тип=БК | ЕТСНГ=— | period=10 | mass_unload=false | осталось 1 из 1 ваг.
    ПРИЧИНА: доступны только Wash-дуги (36 шт., мин. стоимость 240165 руб./ваг.). В модели Wash не имеет штрафа за незаполнение,
             а excess_supply бесплатный — отправка только увеличила бы obj, MIP корректно оставил вагоны в остатке.
  [s_idx  336] Ереван | тип=Т | ЕТСНГ=011005 | period=10 | mass_unload=false | осталось 4 из 4 ваг.
    ПРИЧИНА: квота ДМЗИ исчерпана — все Load-дуги с доступным спросом идут на дороги с выбранным лимитом:
      · дорога ЗАБ, период 10: использовано 4 из 4 ваг.
      · дорога КБШ, период 10: использовано 140 из 140 ваг.
      · дорога МСК, период 10: использовано 150 из 150 ваг.
      · дорога ПРВ, период 10: использовано 108 из 108 ваг.
      · дорога ЮВС, период 10: использовано 260 из 260 ваг.
  [s_idx  339] Глазов | тип=БК | ЕТСНГ=542239 | period=10 | mass_unload=false | осталось 1 из 1 ваг.
    ПРИЧИНА: доступны только Wash-дуги (36 шт., мин. стоимость 290301 руб./ваг.). В модели Wash не имеет штрафа за незаполнение,
             а excess_supply бесплатный — отправка только увеличила бы obj, MIP корректно оставил вагоны в остатке.
  [s_idx  341] Владивосток (Экспорт) | тип=БК | ЕТСНГ=011005 | period=10 | mass_unload=false | осталось 3 из 3 ваг.
    ПРИЧИНА: квота ДМЗИ исчерпана — все Load-дуги с доступным спросом идут на дороги с выбранным лимитом:
      · дорога ЗАБ, период 10: использовано 4 из 4 ваг.
      · дорога КБШ, период 10: использовано 140 из 140 ваг.
      · дорога МСК, период 10: использовано 150 из 150 ваг.
      · дорога ПРВ, период 10: использовано 108 из 108 ваг.
      · дорога ЮВС, период 10: использовано 260 из 260 ваг.
  [s_idx  343] Ала-Тоо | тип=БКТ | ЕТСНГ=011005 | period=10 | mass_unload=false | осталось 2 из 2 ваг.
    ПРИЧИНА: нет ни одной допустимой дуги (нет тарифа, несовм. тип вагона или грязный груз).
  [s_idx  344] Кызыл-Кыя | тип=Т | ЕТСНГ=011005 | period=10 | mass_unload=false | осталось 1 из 1 ваг.
    ПРИЧИНА: нет ни одной допустимой дуги (нет тарифа, несовм. тип вагона или грязный груз).
  [s_idx  346] Волосово | тип=БК | ЕТСНГ=421195 | period=10 | mass_unload=false | осталось 2 из 2 ваг.
    ПРИЧИНА: квота ДМЗИ исчерпана — все Load-дуги с доступным спросом идут на дороги с выбранным лимитом:
      · дорога ЗАБ, период 10: использовано 4 из 4 ваг.
      · дорога КБШ, период 10: использовано 140 из 140 ваг.
      · дорога МСК, период 10: использовано 150 из 150 ваг.
      · дорога ПРВ, период 10: использовано 108 из 108 ваг.
      · дорога ЮВС, период 10: использовано 260 из 260 ваг.
  [s_idx  347] Гори | тип=БКТ | ЕТСНГ=— | period=10 | mass_unload=false | осталось 3 из 3 ваг.
    ПРИЧИНА: квота ДМЗИ исчерпана — все Load-дуги с доступным спросом идут на дороги с выбранным лимитом:
      · дорога ЗАБ, период 10: использовано 4 из 4 ваг.
      · дорога КБШ, период 10: использовано 140 из 140 ваг.
      · дорога МСК, период 10: использовано 150 из 150 ваг.
      · дорога ПРВ, период 10: использовано 108 из 108 ваг.
      · дорога ЮВС, период 10: использовано 260 из 260 ваг.
  [s_idx  349] Егвард | тип=БКТ | ЕТСНГ=014003 | period=10 | mass_unload=false | осталось 3 из 3 ваг.
    ПРИЧИНА: нет ни одной допустимой дуги (нет тарифа, несовм. тип вагона или грязный груз).
  [s_idx  351] Асака | тип=БКТ | ЕТСНГ=542050 | period=10 | mass_unload=false | осталось 2 из 2 ваг.
    ПРИЧИНА: квота ДМЗИ исчерпана — все Load-дуги с доступным спросом идут на дороги с выбранным лимитом:
      · дорога ЗАБ, период 10: использовано 4 из 4 ваг.
      · дорога КБШ, период 10: использовано 140 из 140 ваг.
      · дорога МСК, период 10: использовано 150 из 150 ваг.
      · дорога ПРВ, период 10: использовано 108 из 108 ваг.
      · дорога ЮВС, период 10: использовано 260 из 260 ваг.
  [s_idx  354] Гори | тип=БК | ЕТСНГ=018112 | period=10 | mass_unload=false | осталось 1 из 1 ваг.
    ПРИЧИНА: квота ДМЗИ исчерпана — все Load-дуги с доступным спросом идут на дороги с выбранным лимитом:
      · дорога ЗАБ, период 10: использовано 4 из 4 ваг.
      · дорога КБШ, период 10: использовано 140 из 140 ваг.
      · дорога МСК, период 10: использовано 150 из 150 ваг.
      · дорога ПРВ, период 10: использовано 108 из 108 ваг.
      · дорога ЮВС, период 10: использовано 260 из 260 ваг.
  [s_idx  355] Помары | тип=БК | ЕТСНГ=542239 | period=10 | mass_unload=false | осталось 3 из 3 ваг.
    ПРИЧИНА: доступны только Wash-дуги (36 шт., мин. стоимость 277638 руб./ваг.). В модели Wash не имеет штрафа за незаполнение,
             а excess_supply бесплатный — отправка только увеличила бы obj, MIP корректно оставил вагоны в остатке.
  [s_idx  357] Красная Речка | тип=Т | ЕТСНГ=014003 | period=10 | mass_unload=false | осталось 1 из 1 ваг.
    ПРИЧИНА: квота ДМЗИ исчерпана — все Load-дуги с доступным спросом идут на дороги с выбранным лимитом:
      · дорога ЗАБ, период 10: использовано 4 из 4 ваг.
      · дорога КБШ, период 10: использовано 140 из 140 ваг.
      · дорога МСК, период 10: использовано 150 из 150 ваг.
      · дорога ПРВ, период 10: использовано 108 из 108 ваг.
      · дорога ЮВС, период 10: использовано 260 из 260 ваг.
  [s_idx  362] Голышманово | тип=БК | ЕТСНГ=542224 | period=10 | mass_unload=false | осталось 2 из 2 ваг.
    ПРИЧИНА: доступны только Wash-дуги (36 шт., мин. стоимость 289135 руб./ваг.). В модели Wash не имеет штрафа за незаполнение,
             а excess_supply бесплатный — отправка только увеличила бы obj, MIP корректно оставил вагоны в остатке.
  [s_idx  363] Помары | тип=БК | ЕТСНГ=542224 | period=10 | mass_unload=false | осталось 2 из 2 ваг.
    ПРИЧИНА: доступны только Wash-дуги (36 шт., мин. стоимость 277638 руб./ваг.). В модели Wash не имеет штрафа за незаполнение,
             а excess_supply бесплатный — отправка только увеличила бы obj, MIP корректно оставил вагоны в остатке.
  [s_idx  364] Шапки | тип=БК | ЕТСНГ=014003 | period=10 | mass_unload=false | осталось 3 из 3 ваг.
    ПРИЧИНА: квота ДМЗИ исчерпана — все Load-дуги с доступным спросом идут на дороги с выбранным лимитом:
      · дорога ЗАБ, период 10: использовано 4 из 4 ваг.
      · дорога КБШ, период 10: использовано 140 из 140 ваг.
      · дорога МСК, период 10: использовано 150 из 150 ваг.
      · дорога ПРВ, период 10: использовано 108 из 108 ваг.
      · дорога ЮВС, период 10: использовано 260 из 260 ваг.
  [s_idx  365] Владивосток (Экспорт) | тип=Т | ЕТСНГ=011005 | period=10 | mass_unload=false | осталось 6 из 6 ваг.
    ПРИЧИНА: квота ДМЗИ исчерпана — все Load-дуги с доступным спросом идут на дороги с выбранным лимитом:
      · дорога ЗАБ, период 10: использовано 4 из 4 ваг.
      · дорога КБШ, период 10: использовано 140 из 140 ваг.
      · дорога МСК, период 10: использовано 150 из 150 ваг.
      · дорога ПРВ, период 10: использовано 108 из 108 ваг.
      · дорога ЮВС, период 10: использовано 260 из 260 ваг.
  [s_idx  370] Вайвара (Экспорт) | тип=Т | ЕТСНГ=018131 | period=10 | mass_unload=false | осталось 6 из 6 ваг.
    ПРИЧИНА: квота ДМЗИ исчерпана — все Load-дуги с доступным спросом идут на дороги с выбранным лимитом:
      · дорога ЗАБ, период 10: использовано 4 из 4 ваг.
      · дорога КБШ, период 10: использовано 140 из 140 ваг.
      · дорога МСК, период 10: использовано 150 из 150 ваг.
      · дорога ПРВ, период 10: использовано 108 из 108 ваг.
      · дорога ЮВС, период 10: использовано 260 из 260 ваг.
  [s_idx  371] Парнас | тип=БКТ | ЕТСНГ=018112 | period=10 | mass_unload=false | осталось 9 из 9 ваг.
    ПРИЧИНА: квота ДМЗИ исчерпана — все Load-дуги с доступным спросом идут на дороги с выбранным лимитом:
      · дорога ЗАБ, период 10: использовано 4 из 4 ваг.
      · дорога КБШ, период 10: использовано 140 из 140 ваг.
      · дорога МСК, период 10: использовано 150 из 150 ваг.
      · дорога ПРВ, период 10: использовано 108 из 108 ваг.
      · дорога ЮВС, период 10: использовано 260 из 260 ваг.
  [s_idx  375] Гори | тип=Т | ЕТСНГ=018112 | period=10 | mass_unload=false | осталось 2 из 2 ваг.
    ПРИЧИНА: квота ДМЗИ исчерпана — все Load-дуги с доступным спросом идут на дороги с выбранным лимитом:
      · дорога ЗАБ, период 10: использовано 4 из 4 ваг.
      · дорога КБШ, период 10: использовано 140 из 140 ваг.
      · дорога МСК, период 10: использовано 150 из 150 ваг.
      · дорога ПРВ, период 10: использовано 108 из 108 ваг.
      · дорога ЮВС, период 10: использовано 260 из 260 ваг.
  [s_idx  380] Нижний Ломов | тип=БКТ | ЕТСНГ=— | period=10 | mass_unload=false | осталось 1 из 1 ваг.
    ПРИЧИНА: доступны только Wash-дуги (36 шт., мин. стоимость 281817 руб./ваг.). В модели Wash не имеет штрафа за незаполнение,
             а excess_supply бесплатный — отправка только увеличила бы obj, MIP корректно оставил вагоны в остатке.
  [s_idx  381] Металлист | тип=БК | ЕТСНГ=— | period=10 | mass_unload=false | осталось 3 из 3 ваг.
    ПРИЧИНА: доступны только Wash-дуги (36 шт., мин. стоимость 239116 руб./ваг.). В модели Wash не имеет штрафа за незаполнение,
             а excess_supply бесплатный — отправка только увеличила бы obj, MIP корректно оставил вагоны в остатке.
  [s_idx  385] Марнеули | тип=БКТ | ЕТСНГ=011005 | period=10 | mass_unload=false | осталось 4 из 4 ваг.
    ПРИЧИНА: квота ДМЗИ исчерпана — все Load-дуги с доступным спросом идут на дороги с выбранным лимитом:
      · дорога ЗАБ, период 10: использовано 4 из 4 ваг.
      · дорога КБШ, период 10: использовано 140 из 140 ваг.
      · дорога МСК, период 10: использовано 150 из 150 ваг.
      · дорога ПРВ, период 10: использовано 108 из 108 ваг.
      · дорога ЮВС, период 10: использовано 260 из 260 ваг.
  [s_idx  391] Наушки (Экспорт АО «УБЖД»: участок Улаанбаатар (вкл.) и далее) | тип=БК | ЕТСНГ=011005 | period=10 | mass_unload=false | осталось 2 из 2 ваг.
    ПРИЧИНА: квота ДМЗИ исчерпана — все Load-дуги с доступным спросом идут на дороги с выбранным лимитом:
      · дорога ЗАБ, период 10: использовано 4 из 4 ваг.
      · дорога КБШ, период 10: использовано 140 из 140 ваг.
      · дорога МСК, период 10: использовано 150 из 150 ваг.
      · дорога ПРВ, период 10: использовано 108 из 108 ваг.
      · дорога ЮВС, период 10: использовано 260 из 260 ваг.
  [s_idx  392] Медведчиково | тип=БКТ | ЕТСНГ=021083 | period=10 | mass_unload=false | осталось 2 из 2 ваг.
    ПРИЧИНА: квота ДМЗИ исчерпана — все Load-дуги с доступным спросом идут на дороги с выбранным лимитом:
      · дорога ЗАБ, период 10: использовано 4 из 4 ваг.
      · дорога КБШ, период 10: использовано 140 из 140 ваг.
      · дорога МСК, период 10: использовано 150 из 150 ваг.
      · дорога ПРВ, период 10: использовано 108 из 108 ваг.
      · дорога ЮВС, период 10: использовано 260 из 260 ваг.
  [s_idx  395] Красная Речка | тип=БКТ | ЕТСНГ=015006 | period=10 | mass_unload=false | осталось 1 из 1 ваг.
    ПРИЧИНА: квота ДМЗИ исчерпана — все Load-дуги с доступным спросом идут на дороги с выбранным лимитом:
      · дорога ЗАБ, период 10: использовано 4 из 4 ваг.
      · дорога КБШ, период 10: использовано 140 из 140 ваг.
      · дорога МСК, период 10: использовано 150 из 150 ваг.
      · дорога ПРВ, период 10: использовано 108 из 108 ваг.
      · дорога ЮВС, период 10: использовано 260 из 260 ваг.
  [s_idx  396] Уссурийск | тип=БК | ЕТСНГ=— | period=10 | mass_unload=false | осталось 1 из 1 ваг.
    ПРИЧИНА: квота ДМЗИ исчерпана — все Load-дуги с доступным спросом идут на дороги с выбранным лимитом:
      · дорога ЗАБ, период 10: использовано 4 из 4 ваг.
      · дорога КБШ, период 10: использовано 140 из 140 ваг.
      · дорога МСК, период 10: использовано 150 из 150 ваг.
      · дорога ПРВ, период 10: использовано 108 из 108 ваг.
      · дорога ЮВС, период 10: использовано 260 из 260 ваг.
  [s_idx  397] Латная | тип=БК | ЕТСНГ=542224 | period=10 | mass_unload=false | осталось 2 из 2 ваг.
    ПРИЧИНА: доступны только Wash-дуги (36 шт., мин. стоимость 201740 руб./ваг.). В модели Wash не имеет штрафа за незаполнение,
             а excess_supply бесплатный — отправка только увеличила бы obj, MIP корректно оставил вагоны в остатке.
  [s_idx  398] Позимь | тип=БК | ЕТСНГ=542239 | period=10 | mass_unload=false | осталось 1 из 1 ваг.
    ПРИЧИНА: доступны только Wash-дуги (36 шт., мин. стоимость 278003 руб./ваг.). В модели Wash не имеет штрафа за незаполнение,
             а excess_supply бесплатный — отправка только увеличила бы obj, MIP корректно оставил вагоны в остатке.
  [s_idx  399] Лужская | тип=БК | ЕТСНГ=018023 | period=10 | mass_unload=false | осталось 5 из 5 ваг.
    ПРИЧИНА: квота ДМЗИ исчерпана — все Load-дуги с доступным спросом идут на дороги с выбранным лимитом:
      · дорога ЗАБ, период 10: использовано 4 из 4 ваг.
      · дорога КБШ, период 10: использовано 140 из 140 ваг.
      · дорога МСК, период 10: использовано 150 из 150 ваг.
      · дорога ПРВ, период 10: использовано 108 из 108 ваг.
      · дорога ЮВС, период 10: использовано 260 из 260 ваг.
  [s_idx  403] Кавказ | тип=БКТ | ЕТСНГ=505028 | period=10 | mass_unload=false | осталось 2 из 2 ваг.
    ПРИЧИНА: доступны только Wash-дуги (36 шт., мин. стоимость 243153 руб./ваг.). В модели Wash не имеет штрафа за незаполнение,
             а excess_supply бесплатный — отправка только увеличила бы obj, MIP корректно оставил вагоны в остатке.
  [s_idx  406] Новосибирск-Западный | тип=БК | ЕТСНГ=— | period=10 | mass_unload=false | осталось 1 из 1 ваг.
    ПРИЧИНА: доступны только Wash-дуги (36 шт., мин. стоимость 201473 руб./ваг.). В модели Wash не имеет штрафа за незаполнение,
             а excess_supply бесплатный — отправка только увеличила бы obj, MIP корректно оставил вагоны в остатке.
  [s_idx  407] Джизак | тип=БКТ | ЕТСНГ=542050 | period=10 | mass_unload=false | осталось 1 из 1 ваг.
    ПРИЧИНА: нет ни одной допустимой дуги (нет тарифа, несовм. тип вагона или грязный груз).
  [s_idx  410] Блюхер (Экспорт) | тип=Т | ЕТСНГ=— | period=10 | mass_unload=false | осталось 1 из 1 ваг.
    ПРИЧИНА: квота ДМЗИ исчерпана — все Load-дуги с доступным спросом идут на дороги с выбранным лимитом:
      · дорога ЗАБ, период 10: использовано 4 из 4 ваг.
      · дорога КБШ, период 10: использовано 140 из 140 ваг.
      · дорога МСК, период 10: использовано 150 из 150 ваг.
      · дорога ПРВ, период 10: использовано 108 из 108 ваг.
      · дорога ЮВС, период 10: использовано 260 из 260 ваг.
  [s_idx  418] Хабаровск 1 | тип=БКТ | ЕТСНГ=014003 | period=10 | mass_unload=false | осталось 2 из 2 ваг.
    ПРИЧИНА: квота ДМЗИ исчерпана — все Load-дуги с доступным спросом идут на дороги с выбранным лимитом:
      · дорога ЗАБ, период 10: использовано 4 из 4 ваг.
      · дорога КБШ, период 10: использовано 140 из 140 ваг.
      · дорога МСК, период 10: использовано 150 из 150 ваг.
      · дорога ПРВ, период 10: использовано 108 из 108 ваг.
      · дорога ЮВС, период 10: использовано 260 из 260 ваг.
  [s_idx  420] Глазов | тип=Т | ЕТСНГ=542239 | period=10 | mass_unload=false | осталось 1 из 1 ваг.
    ПРИЧИНА: доступны только Wash-дуги (36 шт., мин. стоимость 290301 руб./ваг.). В модели Wash не имеет штрафа за незаполнение,
             а excess_supply бесплатный — отправка только увеличила бы obj, MIP корректно оставил вагоны в остатке.
  [s_idx  421] Базаиха | тип=БКТ | ЕТСНГ=542239 | period=10 | mass_unload=false | осталось 3 из 3 ваг.
    ПРИЧИНА: доступны только Wash-дуги (36 шт., мин. стоимость 202008 руб./ваг.). В модели Wash не имеет штрафа за незаполнение,
             а excess_supply бесплатный — отправка только увеличила бы obj, MIP корректно оставил вагоны в остатке.
  [s_idx  423] Кавказ | тип=Т | ЕТСНГ=505028 | period=10 | mass_unload=false | осталось 1 из 1 ваг.
    ПРИЧИНА: доступны только Wash-дуги (36 шт., мин. стоимость 243153 руб./ваг.). В модели Wash не имеет штрафа за незаполнение,
             а excess_supply бесплатный — отправка только увеличила бы obj, MIP корректно оставил вагоны в остатке.
  [s_idx  424] Тосно | тип=БК | ЕТСНГ=421195 | period=10 | mass_unload=false | осталось 1 из 2 ваг.
    ПРИЧИНА: квота ДМЗИ исчерпана — все Load-дуги с доступным спросом идут на дороги с выбранным лимитом:
      · дорога ЗАБ, период 10: использовано 4 из 4 ваг.
      · дорога КБШ, период 10: использовано 140 из 140 ваг.
      · дорога МСК, период 10: использовано 150 из 150 ваг.
      · дорога ПРВ, период 10: использовано 108 из 108 ваг.
      · дорога ЮВС, период 10: использовано 260 из 260 ваг.
  [s_idx  425] Новосибирск-Западный | тип=БКТ | ЕТСНГ=542224 | period=10 | mass_unload=false | осталось 3 из 3 ваг.
    ПРИЧИНА: доступны только Wash-дуги (36 шт., мин. стоимость 201473 руб./ваг.). В модели Wash не имеет штрафа за незаполнение,
             а excess_supply бесплатный — отправка только увеличила бы obj, MIP корректно оставил вагоны в остатке.
  [s_idx  426] Галаба (Экспорт) | тип=БК | ЕТСНГ=015006 | period=10 | mass_unload=false | осталось 1 из 1 ваг.
    ПРИЧИНА: квота ДМЗИ исчерпана — все Load-дуги с доступным спросом идут на дороги с выбранным лимитом:
      · дорога ЗАБ, период 10: использовано 4 из 4 ваг.
      · дорога КБШ, период 10: использовано 140 из 140 ваг.
      · дорога МСК, период 10: использовано 150 из 150 ваг.
      · дорога ПРВ, период 10: использовано 108 из 108 ваг.
      · дорога ЮВС, период 10: использовано 260 из 260 ваг.
  [s_idx  427] Гори | тип=БК | ЕТСНГ=— | period=10 | mass_unload=false | осталось 1 из 1 ваг.
    ПРИЧИНА: квота ДМЗИ исчерпана — все Load-дуги с доступным спросом идут на дороги с выбранным лимитом:
      · дорога ЗАБ, период 10: использовано 4 из 4 ваг.
      · дорога КБШ, период 10: использовано 140 из 140 ваг.
      · дорога МСК, период 10: использовано 150 из 150 ваг.
      · дорога ПРВ, период 10: использовано 108 из 108 ваг.
      · дорога ЮВС, период 10: использовано 260 из 260 ваг.
  [s_idx  428] Можга | тип=БКТ | ЕТСНГ=505028 | period=10 | mass_unload=false | осталось 1 из 1 ваг.
    ПРИЧИНА: доступны только Wash-дуги (36 шт., мин. стоимость 277638 руб./ваг.). В модели Wash не имеет штрафа за незаполнение,
             а excess_supply бесплатный — отправка только увеличила бы obj, MIP корректно оставил вагоны в остатке.
  [s_idx  430] Асака | тип=БК | ЕТСНГ=542050 | period=10 | mass_unload=false | осталось 1 из 1 ваг.
    ПРИЧИНА: квота ДМЗИ исчерпана — все Load-дуги с доступным спросом идут на дороги с выбранным лимитом:
      · дорога ЗАБ, период 10: использовано 4 из 4 ваг.
      · дорога КБШ, период 10: использовано 140 из 140 ваг.
      · дорога МСК, период 10: использовано 150 из 150 ваг.
      · дорога ПРВ, период 10: использовано 108 из 108 ваг.
      · дорога ЮВС, период 10: использовано 260 из 260 ваг.
  [s_idx  434] Красная Речка | тип=БК | ЕТСНГ=015006 | period=10 | mass_unload=false | осталось 1 из 1 ваг.
    ПРИЧИНА: квота ДМЗИ исчерпана — все Load-дуги с доступным спросом идут на дороги с выбранным лимитом:
      · дорога ЗАБ, период 10: использовано 4 из 4 ваг.
      · дорога КБШ, период 10: использовано 140 из 140 ваг.
      · дорога МСК, период 10: использовано 150 из 150 ваг.
      · дорога ПРВ, период 10: использовано 108 из 108 ваг.
      · дорога ЮВС, период 10: использовано 260 из 260 ваг.
  [s_idx  436] Уссурийск | тип=БКТ | ЕТСНГ=— | period=10 | mass_unload=false | осталось 1 из 1 ваг.
    ПРИЧИНА: доступны только Wash-дуги (36 шт., мин. стоимость 244208 руб./ваг.). В модели Wash не имеет штрафа за незаполнение,
             а excess_supply бесплатный — отправка только увеличила бы obj, MIP корректно оставил вагоны в остатке.
  [s_idx  437] Смоленск | тип=БК | ЕТСНГ=542224 | period=10 | mass_unload=false | осталось 1 из 1 ваг.
    ПРИЧИНА: доступны только Wash-дуги (36 шт., мин. стоимость 245210 руб./ваг.). В модели Wash не имеет штрафа за незаполнение,
             а excess_supply бесплатный — отправка только увеличила бы obj, MIP корректно оставил вагоны в остатке.
  [s_idx  439] Касьяновка | тип=БК | ЕТСНГ=421208 | period=10 | mass_unload=false | осталось 2 из 2 ваг.
    ПРИЧИНА: квота ДМЗИ исчерпана — все Load-дуги с доступным спросом идут на дороги с выбранным лимитом:
      · дорога ЗАБ, период 10: использовано 4 из 4 ваг.
      · дорога КБШ, период 10: использовано 140 из 140 ваг.
      · дорога МСК, период 10: использовано 150 из 150 ваг.
      · дорога ПРВ, период 10: использовано 108 из 108 ваг.
      · дорога ЮВС, период 10: использовано 260 из 260 ваг.
  [s_idx  442] Невдубстрой | тип=БКТ | ЕТСНГ=542239 | period=10 | mass_unload=true | осталось 2 из 2 ваг.
    ПРИЧИНА: доступны только Wash-дуги (36 шт., мин. стоимость 200759 руб./ваг.). В модели Wash не имеет штрафа за незаполнение,
             а excess_supply бесплатный — отправка только увеличила бы obj, MIP корректно оставил вагоны в остатке.
  [s_idx  443] Сумгаит | тип=Т | ЕТСНГ=— | period=10 | mass_unload=false | осталось 1 из 1 ваг.
    ПРИЧИНА: квота ДМЗИ исчерпана — все Load-дуги с доступным спросом идут на дороги с выбранным лимитом:
      · дорога ЗАБ, период 10: использовано 4 из 4 ваг.
      · дорога КБШ, период 10: использовано 140 из 140 ваг.
      · дорога МСК, период 10: использовано 150 из 150 ваг.
      · дорога ПРВ, период 10: использовано 108 из 108 ваг.
      · дорога ЮВС, период 10: использовано 260 из 260 ваг.
  [s_idx  444] Кызыл-Кыя | тип=БК | ЕТСНГ=011005 | period=10 | mass_unload=false | осталось 3 из 3 ваг.
    ПРИЧИНА: нет ни одной допустимой дуги (нет тарифа, несовм. тип вагона или грязный груз).
  [s_idx  449] Колодезная | тип=БКТ | ЕТСНГ=542239 | period=10 | mass_unload=false | осталось 2 из 2 ваг.
    ПРИЧИНА: доступны только Wash-дуги (36 шт., мин. стоимость 202276 руб./ваг.). В модели Wash не имеет штрафа за незаполнение,
             а excess_supply бесплатный — отправка только увеличила бы obj, MIP корректно оставил вагоны в остатке.
  [s_idx  450] Порт Оля (Экспорт) | тип=БК | ЕТСНГ=542239 | period=10 | mass_unload=false | осталось 1 из 1 ваг.
    ПРИЧИНА: доступны только Wash-дуги (36 шт., мин. стоимость 242679 руб./ваг.). В модели Wash не имеет штрафа за незаполнение,
             а excess_supply бесплатный — отправка только увеличила бы obj, MIP корректно оставил вагоны в остатке.
  [s_idx  455] Уссурийск | тип=БКТ | ЕТСНГ=011005 | period=10 | mass_unload=false | осталось 1 из 1 ваг.
    ПРИЧИНА: квота ДМЗИ исчерпана — все Load-дуги с доступным спросом идут на дороги с выбранным лимитом:
      · дорога ЗАБ, период 10: использовано 4 из 4 ваг.
      · дорога КБШ, период 10: использовано 140 из 140 ваг.
      · дорога МСК, период 10: использовано 150 из 150 ваг.
      · дорога ПРВ, период 10: использовано 108 из 108 ваг.
      · дорога ЮВС, период 10: использовано 260 из 260 ваг.
  [s_idx  456] Автово (Экспорт) | тип=БКТ | ЕТСНГ=434034 | period=10 | mass_unload=false | осталось 1 из 1 ваг.
    ПРИЧИНА: квота ДМЗИ исчерпана — все Load-дуги с доступным спросом идут на дороги с выбранным лимитом:
      · дорога ЗАБ, период 10: использовано 4 из 4 ваг.
      · дорога КБШ, период 10: использовано 140 из 140 ваг.
      · дорога МСК, период 10: использовано 150 из 150 ваг.
      · дорога ПРВ, период 10: использовано 108 из 108 ваг.
      · дорога ЮВС, период 10: использовано 260 из 260 ваг.
  [s_idx  457] Тербуны | тип=БКТ | ЕТСНГ=542239 | period=10 | mass_unload=false | осталось 1 из 1 ваг.
    ПРИЧИНА: доступны только Wash-дуги (36 шт., мин. стоимость 238215 руб./ваг.). В модели Wash не имеет штрафа за незаполнение,
             а excess_supply бесплатный — отправка только увеличила бы obj, MIP корректно оставил вагоны в остатке.
  [s_idx  459] Уссурийск | тип=БКТ | ЕТСНГ=542239 | period=10 | mass_unload=false | осталось 1 из 1 ваг.
    ПРИЧИНА: доступны только Wash-дуги (36 шт., мин. стоимость 244208 руб./ваг.). В модели Wash не имеет штрафа за незаполнение,
             а excess_supply бесплатный — отправка только увеличила бы obj, MIP корректно оставил вагоны в остатке.
  [s_idx  460] Пламя | тип=Т | ЕТСНГ=— | period=10 | mass_unload=false | осталось 1 из 1 ваг.
    ПРИЧИНА: доступны только Wash-дуги (36 шт., мин. стоимость 238499 руб./ваг.). В модели Wash не имеет штрафа за незаполнение,
             а excess_supply бесплатный — отправка только увеличила бы obj, MIP корректно оставил вагоны в остатке.
  [s_idx  469] Пламя | тип=БКТ | ЕТСНГ=— | period=10 | mass_unload=false | осталось 1 из 1 ваг.
    ПРИЧИНА: доступны только Wash-дуги (36 шт., мин. стоимость 238499 руб./ваг.). В модели Wash не имеет штрафа за незаполнение,
             а excess_supply бесплатный — отправка только увеличила бы obj, MIP корректно оставил вагоны в остатке.
  [s_idx  471] Жердевка | тип=БК | ЕТСНГ=542239 | period=10 | mass_unload=false | осталось 1 из 1 ваг.
    ПРИЧИНА: доступны только Wash-дуги (36 шт., мин. стоимость 240165 руб./ваг.). В модели Wash не имеет штрафа за незаполнение,
             а excess_supply бесплатный — отправка только увеличила бы obj, MIP корректно оставил вагоны в остатке.
  [s_idx  473] Ессаульская | тип=БКТ | ЕТСНГ=542224 | period=10 | mass_unload=false | осталось 1 из 1 ваг.
    ПРИЧИНА: доступны только Wash-дуги (36 шт., мин. стоимость 201378 руб./ваг.). В модели Wash не имеет штрафа за незаполнение,
             а excess_supply бесплатный — отправка только увеличила бы obj, MIP корректно оставил вагоны в остатке.
  [s_idx  474] Гори | тип=БК | ЕТСНГ=011005 | period=10 | mass_unload=false | осталось 1 из 1 ваг.
    ПРИЧИНА: квота ДМЗИ исчерпана — все Load-дуги с доступным спросом идут на дороги с выбранным лимитом:
      · дорога ЗАБ, период 10: использовано 4 из 4 ваг.
      · дорога КБШ, период 10: использовано 140 из 140 ваг.
      · дорога МСК, период 10: использовано 150 из 150 ваг.
      · дорога ПРВ, период 10: использовано 108 из 108 ваг.
      · дорога ЮВС, период 10: использовано 260 из 260 ваг.
  [s_idx  475] Баладжары | тип=БК | ЕТСНГ=011005 | period=10 | mass_unload=false | осталось 1 из 1 ваг.
    ПРИЧИНА: квота ДМЗИ исчерпана — все Load-дуги с доступным спросом идут на дороги с выбранным лимитом:
      · дорога ЗАБ, период 10: использовано 4 из 4 ваг.
      · дорога КБШ, период 10: использовано 140 из 140 ваг.
      · дорога МСК, период 10: использовано 150 из 150 ваг.
      · дорога ПРВ, период 10: использовано 108 из 108 ваг.
      · дорога ЮВС, период 10: использовано 260 из 260 ваг.
  [s_idx  477] Хабаровск 1 | тип=БК | ЕТСНГ=014003 | period=10 | mass_unload=false | осталось 1 из 1 ваг.
    ПРИЧИНА: квота ДМЗИ исчерпана — все Load-дуги с доступным спросом идут на дороги с выбранным лимитом:
      · дорога ЗАБ, период 10: использовано 4 из 4 ваг.
      · дорога КБШ, период 10: использовано 140 из 140 ваг.
      · дорога МСК, период 10: использовано 150 из 150 ваг.
      · дорога ПРВ, период 10: использовано 108 из 108 ваг.
      · дорога ЮВС, период 10: использовано 260 из 260 ваг.
  [s_idx  478] Бардино | тип=БКТ | ЕТСНГ=542224 | period=10 | mass_unload=false | осталось 1 из 1 ваг.
    ПРИЧИНА: доступны только Wash-дуги (36 шт., мин. стоимость 278876 руб./ваг.). В модели Wash не имеет штрафа за незаполнение,
             а excess_supply бесплатный — отправка только увеличила бы obj, MIP корректно оставил вагоны в остатке.
  [s_idx  480] Смоленск | тип=БКТ | ЕТСНГ=542239 | period=10 | mass_unload=false | осталось 2 из 2 ваг.
    ПРИЧИНА: доступны только Wash-дуги (36 шт., мин. стоимость 245210 руб./ваг.). В модели Wash не имеет штрафа за незаполнение,
             а excess_supply бесплатный — отправка только увеличила бы obj, MIP корректно оставил вагоны в остатке.
  [s_idx  481] Медведчиково | тип=Т | ЕТСНГ=021083 | period=10 | mass_unload=false | осталось 1 из 1 ваг.
    ПРИЧИНА: квота ДМЗИ исчерпана — все Load-дуги с доступным спросом идут на дороги с выбранным лимитом:
      · дорога ЗАБ, период 10: использовано 4 из 4 ваг.
      · дорога КБШ, период 10: использовано 140 из 140 ваг.
      · дорога МСК, период 10: использовано 150 из 150 ваг.
      · дорога ПРВ, период 10: использовано 108 из 108 ваг.
      · дорога ЮВС, период 10: использовано 260 из 260 ваг.
  [s_idx  482] Шапки | тип=БКТ | ЕТСНГ=014003 | period=10 | mass_unload=false | осталось 1 из 1 ваг.
    ПРИЧИНА: квота ДМЗИ исчерпана — все Load-дуги с доступным спросом идут на дороги с выбранным лимитом:
      · дорога ЗАБ, период 10: использовано 4 из 4 ваг.
      · дорога КБШ, период 10: использовано 140 из 140 ваг.
      · дорога МСК, период 10: использовано 150 из 150 ваг.
      · дорога ПРВ, период 10: использовано 108 из 108 ваг.
      · дорога ЮВС, период 10: использовано 260 из 260 ваг.
  [s_idx  483] Уссурийск | тип=БК | ЕТСНГ=542239 | period=10 | mass_unload=false | осталось 1 из 1 ваг.
    ПРИЧИНА: доступны только Wash-дуги (36 шт., мин. стоимость 244208 руб./ваг.). В модели Wash не имеет штрафа за незаполнение,
             а excess_supply бесплатный — отправка только увеличила бы obj, MIP корректно оставил вагоны в остатке.
  [s_idx  485] Позимь | тип=БК | ЕТСНГ=— | period=10 | mass_unload=false | осталось 1 из 1 ваг.
    ПРИЧИНА: доступны только Wash-дуги (36 шт., мин. стоимость 278003 руб./ваг.). В модели Wash не имеет штрафа за незаполнение,
             а excess_supply бесплатный — отправка только увеличила бы obj, MIP корректно оставил вагоны в остатке.
  [s_idx  487] Поярково | тип=БКТ | ЕТСНГ=— | period=10 | mass_unload=false | осталось 1 из 1 ваг.
    ПРИЧИНА: квота ДМЗИ исчерпана — все Load-дуги с доступным спросом идут на дороги с выбранным лимитом:
      · дорога ЗАБ, период 10: использовано 4 из 4 ваг.
      · дорога КБШ, период 10: использовано 140 из 140 ваг.
      · дорога МСК, период 10: использовано 150 из 150 ваг.
      · дорога ПРВ, период 10: использовано 108 из 108 ваг.
      · дорога ЮВС, период 10: использовано 260 из 260 ваг.
  [s_idx  488] Астара (Экспорт) | тип=БКТ | ЕТСНГ=011005 | period=10 | mass_unload=false | осталось 1 из 1 ваг.
    ПРИЧИНА: квота ДМЗИ исчерпана — все Load-дуги с доступным спросом идут на дороги с выбранным лимитом:
      · дорога ЗАБ, период 10: использовано 4 из 4 ваг.
      · дорога КБШ, период 10: использовано 140 из 140 ваг.
      · дорога МСК, период 10: использовано 150 из 150 ваг.
      · дорога ПРВ, период 10: использовано 108 из 108 ваг.
      · дорога ЮВС, период 10: использовано 260 из 260 ваг.
  [s_idx  489] Хабаровск 1 | тип=БКТ | ЕТСНГ=018112 | period=10 | mass_unload=false | осталось 1 из 1 ваг.
    ПРИЧИНА: квота ДМЗИ исчерпана — все Load-дуги с доступным спросом идут на дороги с выбранным лимитом:
      · дорога ЗАБ, период 10: использовано 4 из 4 ваг.
      · дорога КБШ, период 10: использовано 140 из 140 ваг.
      · дорога МСК, период 10: использовано 150 из 150 ваг.
      · дорога ПРВ, период 10: использовано 108 из 108 ваг.
      · дорога ЮВС, период 10: использовано 260 из 260 ваг.
  [s_idx  490] Новосибирск-Западный | тип=БК | ЕТСНГ=542224 | period=10 | mass_unload=false | осталось 1 из 1 ваг.
    ПРИЧИНА: доступны только Wash-дуги (36 шт., мин. стоимость 201473 руб./ваг.). В модели Wash не имеет штрафа за незаполнение,
             а excess_supply бесплатный — отправка только увеличила бы obj, MIP корректно оставил вагоны в остатке.

  СВОДКА ПО ПРИЧИНАМ:
    квота ДМЗИ исчерпана                узлов: 127, вагонов: 2757
    нет допустимых дуг                  узлов:   8, вагонов:   19
    доступны только Wash-дуги           узлов:  61, вагонов:  173
---------------------------------
MIP нашёл глобальный оптимум (gap=0.0029%) — фаза ALNS пропущена.
--- ДИАГНОСТИКА UNMET DEMAND (502 ваг. в 39 узлах) ---
  [d_idx    3] Гмелинская (ПРВ) | тип=Прочие | ЕТСНГ=011005 | период=1 | отправка=Повагонная | не закрыто 27 из 27 ваг.
    ПРИЧИНА: квота ДМЗИ исчерпана — все дуги со свободным предложением идут на дороги с выбранным лимитом:
      · дорога ПРВ, период 10: использовано 108 из 108 ваг.
  [d_idx    4] Гмелинская (ПРВ) | тип=Прочие | ЕТСНГ=021083 | период=1 | отправка=Повагонная | не закрыто 6 из 6 ваг.
    ПРИЧИНА: квота ДМЗИ исчерпана — все дуги со свободным предложением идут на дороги с выбранным лимитом:
      · дорога ПРВ, период 10: использовано 108 из 108 ваг.
  [d_idx    5] Красный Кут (ПРВ) | тип=Прочие | ЕТСНГ=011005 | период=1 | отправка=Повагонная | не закрыто 1 из 1 ваг.
    ПРИЧИНА: квота ДМЗИ исчерпана — все дуги со свободным предложением идут на дороги с выбранным лимитом:
      · дорога ПРВ, период 10: использовано 108 из 108 ваг.
  [d_idx    6] Красный Кут (ПРВ) | тип=Прочие | ЕТСНГ=011005 | период=1 | отправка=Повагонная | не закрыто 4 из 4 ваг.
    ПРИЧИНА: квота ДМЗИ исчерпана — все дуги со свободным предложением идут на дороги с выбранным лимитом:
      · дорога ПРВ, период 10: использовано 108 из 108 ваг.
  [d_idx    9] Хомутово (МСК) | тип=Прочие | ЕТСНГ=011005 | период=1 | отправка=Повагонная | не закрыто 9 из 10 ваг.
    ПРИЧИНА: квота ДМЗИ исчерпана — все дуги со свободным предложением идут на дороги с выбранным лимитом:
      · дорога МСК, период 10: использовано 150 из 150 ваг.
  [d_idx   14] Безенчук (КБШ) | тип=Прочие | ЕТСНГ=011005 | период=1 | отправка=Повагонная | не закрыто 2 из 2 ваг.
    ПРИЧИНА: квота ДМЗИ исчерпана — все дуги со свободным предложением идут на дороги с выбранным лимитом:
      · дорога КБШ, период 10: использовано 140 из 140 ваг.
  [d_idx   15] Безенчук (КБШ) | тип=Прочие | ЕТСНГ=011005 | период=1 | отправка=Повагонная | не закрыто 13 из 13 ваг.
    ПРИЧИНА: квота ДМЗИ исчерпана — все дуги со свободным предложением идут на дороги с выбранным лимитом:
      · дорога КБШ, период 10: использовано 140 из 140 ваг.
  [d_idx   18] Плавица (ЮВС) | тип=Прочие | ЕТСНГ=011005 | период=1 | отправка=Повагонная | не закрыто 1 из 4 ваг.
    ПРИЧИНА: квота ДМЗИ исчерпана — все дуги со свободным предложением идут на дороги с выбранным лимитом:
      · дорога ЮВС, период 10: использовано 260 из 260 ваг.
  [d_idx   20] Тамала (ЮВС) | тип=Прочие | ЕТСНГ=011005 | период=1 | отправка=Повагонная | не закрыто 38 из 38 ваг.
    ПРИЧИНА: квота ДМЗИ исчерпана — все дуги со свободным предложением идут на дороги с выбранным лимитом:
      · дорога ЮВС, период 10: использовано 260 из 260 ваг.
  [d_idx   21] Тамала (ЮВС) | тип=Прочие | ЕТСНГ=011005 | период=1 | отправка=Повагонная | не закрыто 2 из 2 ваг.
    ПРИЧИНА: квота ДМЗИ исчерпана — все дуги со свободным предложением идут на дороги с выбранным лимитом:
      · дорога ЮВС, период 10: использовано 260 из 260 ваг.
  [d_idx   23] Ялга (КБШ) | тип=Прочие | ЕТСНГ=018112 | период=1 | отправка=Повагонная | не закрыто 4 из 4 ваг.
    ПРИЧИНА: квота ДМЗИ исчерпана — все дуги со свободным предложением идут на дороги с выбранным лимитом:
      · дорога КБШ, период 10: использовано 140 из 140 ваг.
  [d_idx   24] Ялга (КБШ) | тип=Прочие | ЕТСНГ=018112 | период=1 | отправка=Повагонная | не закрыто 1 из 1 ваг.
    ПРИЧИНА: квота ДМЗИ исчерпана — все дуги со свободным предложением идут на дороги с выбранным лимитом:
      · дорога КБШ, период 10: использовано 140 из 140 ваг.
  [d_idx   25] Таловая (ЮВС) | тип=Прочие | ЕТСНГ=011005 | период=1 | отправка=Повагонная | не закрыто 2 из 6 ваг.
    ПРИЧИНА: квота ДМЗИ исчерпана — все дуги со свободным предложением идут на дороги с выбранным лимитом:
      · дорога ЮВС, период 10: использовано 260 из 260 ваг.
  [d_idx   29] Новоспасское (КБШ) | тип=Прочие | ЕТСНГ=021100 | период=1 | отправка=Повагонная | не закрыто 10 из 10 ваг.
    ПРИЧИНА: квота ДМЗИ исчерпана — все дуги со свободным предложением идут на дороги с выбранным лимитом:
      · дорога КБШ, период 10: использовано 140 из 140 ваг.
  [d_idx   30] Новоузенск (ПРВ) | тип=Прочие | ЕТСНГ=011005 | период=1 | отправка=Повагонная | не закрыто 1 из 1 ваг.
    ПРИЧИНА: квота ДМЗИ исчерпана — все дуги со свободным предложением идут на дороги с выбранным лимитом:
      · дорога ПРВ, период 10: использовано 108 из 108 ваг.
  [d_idx   31] Новоузенск (ПРВ) | тип=Прочие | ЕТСНГ=011005 | период=1 | отправка=Повагонная | не закрыто 8 из 8 ваг.
    ПРИЧИНА: квота ДМЗИ исчерпана — все дуги со свободным предложением идут на дороги с выбранным лимитом:
      · дорога ПРВ, период 10: использовано 108 из 108 ваг.
  [d_idx   33] Кротовка (КБШ) | тип=Прочие | ЕТСНГ=011005 | период=1 | отправка=Повагонная | не закрыто 10 из 10 ваг.
    ПРИЧИНА: квота ДМЗИ исчерпана — все дуги со свободным предложением идут на дороги с выбранным лимитом:
      · дорога КБШ, период 10: использовано 140 из 140 ваг.
  [d_idx   38] Чердаклы (КБШ) | тип=Прочие | ЕТСНГ=011005 | период=1 | отправка=Повагонная | не закрыто 25 из 28 ваг.
    ПРИЧИНА: квота ДМЗИ исчерпана — все дуги со свободным предложением идут на дороги с выбранным лимитом:
      · дорога КБШ, период 10: использовано 140 из 140 ваг.
  [d_idx   39] Ярыженская (ПРВ) | тип=Прочие | ЕТСНГ=011005 | период=1 | отправка=Повагонная | не закрыто 17 из 17 ваг.
    ПРИЧИНА: квота ДМЗИ исчерпана — все дуги со свободным предложением идут на дороги с выбранным лимитом:
      · дорога ПРВ, период 10: использовано 108 из 108 ваг.
  [d_idx   40] Никифоровка (ЮВС) | тип=Прочие | ЕТСНГ=011005 | период=1 | отправка=Повагонная | не закрыто 16 из 18 ваг.
    ПРИЧИНА: квота ДМЗИ исчерпана — все дуги со свободным предложением идут на дороги с выбранным лимитом:
      · дорога ЮВС, период 10: использовано 260 из 260 ваг.
  [d_idx   41] Пугачевск (ПРВ) | тип=Прочие | ЕТСНГ=011005 | период=1 | отправка=Повагонная | не закрыто 2 из 2 ваг.
    ПРИЧИНА: квота ДМЗИ исчерпана — все дуги со свободным предложением идут на дороги с выбранным лимитом:
      · дорога ПРВ, период 10: использовано 108 из 108 ваг.
  [d_idx   44] Избердей (ЮВС) | тип=Прочие | ЕТСНГ=011005 | период=1 | отправка=Групповая | не закрыто 5 из 24 ваг.
    ПРИЧИНА: квота ДМЗИ исчерпана — все дуги со свободным предложением идут на дороги с выбранным лимитом:
      · дорога ЮВС, период 10: использовано 260 из 260 ваг.
  [d_idx   52] Красный Кут (ПРВ) | тип=Прочие | ЕТСНГ=011005 | период=2 | отправка=Повагонная | не закрыто 1 из 3 ваг.
    ПРИЧИНА: квота ДМЗИ исчерпана — все дуги со свободным предложением идут на дороги с выбранным лимитом:
      · дорога ПРВ, период 10: использовано 108 из 108 ваг.
  [d_idx   77] Чуфарово (КБШ) | тип=Прочие | ЕТСНГ=011005 | период=2 | отправка=Повагонная | не закрыто 7 из 17 ваг.
    ПРИЧИНА: квота ДМЗИ исчерпана — все дуги со свободным предложением идут на дороги с выбранным лимитом:
      · дорога КБШ, период 10: использовано 140 из 140 ваг.
  [d_idx   96] Тополек (ПРВ) | тип=Прочие | ЕТСНГ=011005 | период=2 | отправка=Повагонная | не закрыто 15 из 15 ваг.
    ПРИЧИНА: квота ДМЗИ исчерпана — все дуги со свободным предложением идут на дороги с выбранным лимитом:
      · дорога ПРВ, период 10: использовано 108 из 108 ваг.
  [d_idx   97] Тополек (ПРВ) | тип=Прочие | ЕТСНГ=011005 | период=2 | отправка=Повагонная | не закрыто 7 из 7 ваг.
    ПРИЧИНА: квота ДМЗИ исчерпана — все дуги со свободным предложением идут на дороги с выбранным лимитом:
      · дорога ПРВ, период 10: использовано 108 из 108 ваг.
  [d_idx  110] Отрешково (МСК) | тип=Прочие | ЕТСНГ=011005 | период=2 | отправка=Маршрутная | не закрыто 86 из 100 ваг.
    ПРИЧИНА: квота ДМЗИ исчерпана — все дуги со свободным предложением идут на дороги с выбранным лимитом:
      · дорога МСК, период 10: использовано 150 из 150 ваг.
  [d_idx  113] Кинель (КБШ) | тип=Прочие | ЕТСНГ=011005 | период=2 | отправка=Повагонная | не закрыто 13 из 13 ваг.
    ПРИЧИНА: квота ДМЗИ исчерпана — все дуги со свободным предложением идут на дороги с выбранным лимитом:
      · дорога КБШ, период 10: использовано 140 из 140 ваг.
  [d_idx  131] Березовский-Восточный (ЗАБ) | тип=Прочие | ЕТСНГ=018023 | период=3 | отправка=Повагонная | не закрыто 3 из 5 ваг.
    ПРИЧИНА: квота ДМЗИ исчерпана — все дуги со свободным предложением идут на дороги с выбранным лимитом:
      · дорога ЗАБ, период 10: использовано 4 из 4 ваг.
  [d_idx  132] Нурлат (КБШ) | тип=Прочие | ЕТСНГ=011005 | период=3 | отправка=Повагонная | не закрыто 22 из 40 ваг.
    ПРИЧИНА: квота ДМЗИ исчерпана — все дуги со свободным предложением идут на дороги с выбранным лимитом:
      · дорога КБШ, период 10: использовано 140 из 140 ваг.
  [d_idx  141] Лысые Горы (ПРВ) | тип=Прочие | ЕТСНГ=011005 | период=3 | отправка=Повагонная | не закрыто 7 из 7 ваг.
    ПРИЧИНА: квота ДМЗИ исчерпана — все дуги со свободным предложением идут на дороги с выбранным лимитом:
      · дорога ПРВ, период 10: использовано 108 из 108 ваг.
  [d_idx  156] Кротовка (КБШ) | тип=Прочие | ЕТСНГ=014003 | период=3 | отправка=Повагонная | не закрыто 3 из 7 ваг.
    ПРИЧИНА: квота ДМЗИ исчерпана — все дуги со свободным предложением идут на дороги с выбранным лимитом:
      · дорога КБШ, период 10: использовано 140 из 140 ваг.
  [d_idx  161] Отрешково (МСК) | тип=Прочие | ЕТСНГ=011005 | период=3 | отправка=Маршрутная | не закрыто 70 из 147 ваг.
    ПРИЧИНА: квота ДМЗИ исчерпана — все дуги со свободным предложением идут на дороги с выбранным лимитом:
      · дорога МСК, период 10: использовано 150 из 150 ваг.
  [d_idx  165] Кинель (КБШ) | тип=Прочие | ЕТСНГ=011005 | период=3 | отправка=Повагонная | не закрыто 2 из 23 ваг.
    ПРИЧИНА: квота ДМЗИ исчерпана — все дуги со свободным предложением идут на дороги с выбранным лимитом:
      · дорога КБШ, период 10: использовано 140 из 140 ваг.
  [d_idx  173] Озинки (ПРВ) | тип=Прочие | ЕТСНГ=011005 | период=4 | отправка=Повагонная | не закрыто 8 из 9 ваг.
    ПРИЧИНА: квота ДМЗИ исчерпана — все дуги со свободным предложением идут на дороги с выбранным лимитом:
      · дорога ПРВ, период 10: использовано 108 из 108 ваг.
  [d_idx  177] Лебедево (ПРВ) | тип=Прочие | ЕТСНГ=011005 | период=4 | отправка=Повагонная | не закрыто 41 из 55 ваг.
    ПРИЧИНА: квота ДМЗИ исчерпана — все дуги со свободным предложением идут на дороги с выбранным лимитом:
      · дорога ПРВ, период 10: использовано 108 из 108 ваг.
  [d_idx  190] Анисовка (ПРВ) | тип=Прочие | ЕТСНГ=011005 | период=4 | отправка=Повагонная | не закрыто 8 из 51 ваг.
    ПРИЧИНА: квота ДМЗИ исчерпана — все дуги со свободным предложением идут на дороги с выбранным лимитом:
      · дорога ПРВ, период 10: использовано 108 из 108 ваг.
  [d_idx  224] Тополек (ПРВ) | тип=Прочие | ЕТСНГ=011005 | период=4 | отправка=Повагонная | не закрыто 2 из 2 ваг.
    ПРИЧИНА: квота ДМЗИ исчерпана — все дуги со свободным предложением идут на дороги с выбранным лимитом:
      · дорога ПРВ, период 10: использовано 108 из 108 ваг.
  [d_idx  239] Поздеевка (ЗАБ) | тип=Прочие | ЕТСНГ=018023 | период=4 | отправка=Повагонная | не закрыто 3 из 7 ваг.
    ПРИЧИНА: квота ДМЗИ исчерпана — все дуги со свободным предложением идут на дороги с выбранным лимитом:
      · дорога ЗАБ, период 10: использовано 4 из 4 ваг.

  СВОДКА ПО ПРИЧИНАМ:
    квота ДМЗИ исчерпана (инфраструктура)  узлов:  39, вагонов:  502

  ЗАКРЫВАЕМОСТЬ (по реальному связывающему ограничению):
    структурно недостижимо (нет дуг):             0 ваг.  — нужны новые тарифы / смягчение жёстких фильтров
    упёрто в квоту ДМЗИ (инфраструктура):        502 ваг.  — поможет только повышение квоты на дороге
    держит MIN_BATCH (квота ДМЗИ ещё есть):        0 ваг.  — поможет смягчение партии (middle 0 / масс. 0 / маршр. 0)
    прочее (конкуренция / экономика штрафа):       0 ваг.
--------------------------------
--- УТИЛИЗАЦИЯ КВОТ ДМЗИ ---
  ВСБ  период  1:    0 из    5 ваг.
  ВСБ  период 10:    0 из    1 ваг.
  ГОР  период  1:    0 из  397 ваг.
  ГОР  период 10:   10 из   80 ваг.
  ЗАБ  период  1:    2 из   20 ваг.
  ЗАБ  период 10:    4 из    4 ваг.
  ЗСБ  период  1:   27 из  100 ваг.
  ЗСБ  период 10:   20 из   20 ваг.
  КБШ  период  1:   35 из  653 ваг.
  КБШ  период 10:  140 из  140 ваг.
  КРС  период  1:    0 из    5 ваг.
  КРС  период 10:    0 из    1 ваг.
  МСК  период  1:  121 из  693 ваг.
  МСК  период 10:  150 из  150 ваг.
  ОКТ  период  1:    0 из  316 ваг.
  ОКТ  период 10:    0 из   65 ваг.
  ПРВ  период  1:  210 из  527 ваг.
  ПРВ  период 10:  108 из  108 ваг.
  СВР  период  1:    0 из  562 ваг.
  СВР  период 10:    0 из  117 ваг.
  СЕВ  период  1:   47 из   75 ваг.
  СЕВ  период 10:   15 из   15 ваг.
  ЮВС  период  1:  299 из 1248 ваг.
  ЮВС  период 10:  260 из  260 ваг.
  ЮУР  период  1:   67 из  520 ваг.
  ЮУР  период 10:  110 из  110 ваг.
----------------------------
Тарифов до отстоя:           3819 (станций излишка 77, станций отстоя 60)
В отстой: 2033 из 2949 ваг. излишка → 60 станций отстоя, тариф 98880410 руб.; не размещено 916 ваг. (нет тарифа / ёмкость исчерпана)
Тарифов до путей погрузки:   805 (станций излишка 16, станций погрузки 79)
На пути погрузки: 897 из 916 ваг. остатка → 15 станций (≥5 ваг./станция), тариф 59186256 руб.; не размещено 19 ваг.
Баланс отчёта оптимизации:   OK (5804 ваг. в записях = 5804 ваг. предложения)
Записей в отчёте (Excel):    890 (810 оптим. + 37 по факту + 43 в ремонт) / 6043 вагонов
  → в POST АПИ (период 1):   229 записей / 956 вагонов
  → исключено (предл. 10, дислокация): 661 записей / 5087 вагонов
Чекпоинт сохранён:           tmp/checkpoint_2026-08-21_13-15-06.xlsx

======= РЕЗУЛЬТАТЫ ОПТИМИЗАЦИИ =======
Статус решателя:      MIP Optimal (gap=0.003%)
Назначено вагонов:    2855
Избыток предложения:  2949 ваг. (dummy-спрос)
  остаток по периодам предложения: p1=7 p10=2942 прочие=0
  из них в отстой (этап 2): 2033 ваг.
  из них на пути погрузки (этап 3): 897 ваг.
Неудовл. спрос:       502 ваг. (dummy-предложение)
Суммарная стоимость:  385966578 руб.
======================================

Результат сохранён:          tmp/result_20260821_131506.json
[SUCCESS] railoptim завершил работу успешно.
