[Чт 18 июн 2026 13:47:32 MSK] Запуск: /home/atretyakov/railoptim/app/bin/railoptim (env=prod, MIP_WARM_START=on)
stations_geo: 19494 записей, data/stations/stations_geo.sqlite (baltic=671, china_mongolia=339, cis=6263, ru=11848, south_caucasus=373)
Получено узлов спроса (погрузка): 103 или 612 вагонов
Получено узлов предложения 1 сут.:  205 или 616 вагонов
  узлов дислокации (2-10 сут., период 10): 430 или 2577 вагонов
Получено узлов предложения всего:  635 или 3193 вагонов
  свободных для назначения:  557 или 3031 вагонов
  требуют ремонта (В ремонт):32 или 47 вагонов
  по факту (Assigned):       46 или 115 вагонов
Дороги без промывки (NoCleaningRoads): 8
Коды «уже промыт/ремонт» (WashedEmptyEtsngCodes): 2
Ban-list чужих владельцев отстоя (reserve_owners.json): 4 пар (станция+ОКПО)
Узлов спроса (промывка):     36 или мощность в период 5 суток 2795 вагонов
  предложений с ЕТСНГ из списка промывки: 283 вагонов (освобождены по NoCleaningRoads: 221; из них есть узел погрузки с тем же ЕТСНГ на любой станции — альтернатива промывке по спросу: 273 вагонов)
Получено тарифов:            12898
Загружено ремонтных станций: 102
Тарифов до ремонтных ст.:    2629
Тарифов до промывки (с надбавкой 10000+40000=50000 руб.): 1258
Ограничения ДМЗИ:            13 дорог (78 записей Ostatok)
  ВСБ  период 1 ≤   10, период 10 ≤    2 ваг.
  ГОР  период 1 ≤  379, период 10 ≤   80 ваг.
  ЗАБ  период 1 ≤   25, период 10 ≤    5 ваг.
  ЗСБ  период 1 ≤  347, период 10 ≤   70 ваг.
  КБШ  период 1 ≤  398, период 10 ≤   80 ваг.
  КРС  период 1 ≤   40, период 10 ≤    8 ваг.
  МСК  период 1 ≤  394, период 10 ≤   80 ваг.
  ОКТ  период 1 ≤  293, период 10 ≤   60 ваг.
  ПРВ  период 1 ≤  310, период 10 ≤   63 ваг.
  СВР  период 1 ≤  570, период 10 ≤  117 ваг.
  СЕВ  период 1 ≤   75, период 10 ≤   15 ваг.
  ЮВС  период 1 ≤  200, период 10 ≤   40 ваг.
  ЮУР  период 1 ≤  100, период 10 ≤   20 ваг.
БД отстоя обновлена:         получено 53 / записано 53 / без etran_id 0
Узлы отстоя (резервы):       11 узлов / ёмкость 193 ваг. (записей в БД 16, дублей 0, отфильтровано 5, чужих по ban-list 22)
FREE_LOADROADS_STATS={"date_from": "2025-12-18", "date_to": "2026-06-18", "load_station_codes": 476, "cars_on_station_rows": 1918, "cars_total": 87697}
Свободные ёмкости путей:     80 крупных станций -> data/load_stations_free_capacity.json
Всего пар supply×demand:     77423
  без тарифа:                        18915 (24.4%)
  нарушение срока (жёстко):          0 (0.0%)
  несовм. тип вагона:                855 (1.1%)
  грязный вагон → чужой ЕТСНГ:       7435 (9.6%)
  допустимых дуг со штрафом за срок:   35204 (45.5%)
  допустимых дуг всего в LP:      50218 (64.9%)
Ограничения партии (MIN_BATCH): массовая выгрузка — 3042 дуг / 157 пар; средние станции — 15779 дуг / 1084 пар (станций образования: 70, погрузки: 18)
  маршрутные отправки (B=10): 656 дуг / 69 пар (станций образования: 69, маршрутных станций погрузки: 1)
--- АНАЛИЗ РЕСУРСОВ ---
Предложение: 3031 ваг.
Спрос (погрузка): 612 ваг.
Ёмкость промывки (верх): 2795 ваг.
Статус: ПРОФИЦИТ к погрузке (+2419 ваг.)
-----------------------
--- ЖАДНОЕ РЕШЕНИЕ ---
Назначений:            327 шт.
Назначено вагонов:     820 / 612 спрос (погрузка), 3031 предложение
Суммарная стоимость:   111608136.55 руб.
Неудовлетворён спрос:  65 ваг.
Избыток предложения:   2211 ваг.
Покрытие спроса (погр.): 134.0%
----------------------
MIP warm-start: ON (greedy) (управляется env MIP_WARM_START={on|off}, по умолч. on)
--- MIP РЕШЕНИЕ ---
Статус:                MIP Optimal (gap=0.003%)
Назначено вагонов:     548 / 612 спрос (погрузка), 3031 предложение
Суммарная стоимость:   28845454.44 руб.
Неудовлетворён спрос:  64 ваг.
Избыток предложения:   2483 ваг.
Покрытие спроса (погр.): 89.5%
-------------------
MIP время: 14.47 сек (warm-start: ON)
MIP диагностика: status=Optimal, gap=0.0033%, undist=2547 (unmet=64, excess=2483), real_cost=28845454.44
MIP vs greedy:   greedy undist=2276 (unmet=65, excess=2211), real_cost=111608136.55  →  Δundist=+271, Δcost=-82762682.11
  ВНИМАНИЕ: MIP не закрыл 64 ваг. спроса на погрузку (unmet > 0). Возможные причины:
           (а) PENALTY_UNMET ниже стоимости единственно допустимых плеч,
           (б) HiGHS остановился по rel_gap до закрытия всего спроса.
--- ДИАГНОСТИКА EXCESS SUPPLY (2483 ваг. в 388 узлах) ---
  [s_idx  129] Правый Берег (Экспорт) | тип=Т | ЕТСНГ=— | period=1 | mass_unload=false | осталось 1 из 1 ваг.
    ПРИЧИНА: доступны только Wash-дуги (36 шт., мин. стоимость 54385 руб./ваг.). В модели Wash не имеет штрафа за незаполнение,
             а excess_supply бесплатный — отправка только увеличила бы obj, MIP корректно оставил вагоны в остатке.
  [s_idx  155] Новороссийск (Экспорт) | тип=БКТ | ЕТСНГ=011005 | period=10 | mass_unload=true | осталось 215 из 215 ваг.
    ПРИЧИНА: квота ДМЗИ исчерпана — все Load-дуги с доступным спросом идут на дороги с выбранным лимитом:
      · дорога ЗАБ, период 10: использовано 5 из 5 ваг.
  [s_idx  156] Гродеково (Экспорт на КЖД [Китай]) | тип=БК | ЕТСНГ=011005 | period=10 | mass_unload=false | осталось 6 из 6 ваг.
    ПРИЧИНА: квота ДМЗИ исчерпана — все Load-дуги с доступным спросом идут на дороги с выбранным лимитом:
      · дорога ЗАБ, период 10: использовано 5 из 5 ваг.
  [s_idx  157] Черниковка | тип=БКТ | ЕТСНГ=018112 | period=10 | mass_unload=false | осталось 3 из 3 ваг.
    ПРИЧИНА: квота ДМЗИ исчерпана — все Load-дуги с доступным спросом идут на дороги с выбранным лимитом:
      · дорога ЗАБ, период 10: использовано 5 из 5 ваг.
  [s_idx  158] Поярково | тип=БКТ | ЕТСНГ=018023 | period=10 | mass_unload=false | осталось 19 из 19 ваг.
    ПРИЧИНА: квота ДМЗИ исчерпана — все Load-дуги с доступным спросом идут на дороги с выбранным лимитом:
      · дорога ЗАБ, период 10: использовано 5 из 5 ваг.
  [s_idx  159] Порт Оля (Экспорт) | тип=БКТ | ЕТСНГ=542239 | period=10 | mass_unload=false | осталось 20 из 20 ваг.
    ПРИЧИНА: доступны только Wash-дуги (36 шт., мин. стоимость 242679 руб./ваг.). В модели Wash не имеет штрафа за незаполнение,
             а excess_supply бесплатный — отправка только увеличила бы obj, MIP корректно оставил вагоны в остатке.
  [s_idx  160] Поярково | тип=Т | ЕТСНГ=018023 | period=10 | mass_unload=false | осталось 6 из 6 ваг.
    ПРИЧИНА: квота ДМЗИ исчерпана — все Load-дуги с доступным спросом идут на дороги с выбранным лимитом:
      · дорога ЗАБ, период 10: использовано 5 из 5 ваг.
  [s_idx  161] Тыреть | тип=БКТ | ЕТСНГ=421034 | period=10 | mass_unload=false | осталось 3 из 3 ваг.
    ПРИЧИНА: квота ДМЗИ исчерпана — все Load-дуги с доступным спросом идут на дороги с выбранным лимитом:
      · дорога ЗАБ, период 10: использовано 5 из 5 ваг.
  [s_idx  162] Невдубстрой | тип=БКТ | ЕТСНГ=542239 | period=10 | mass_unload=true | осталось 3 из 3 ваг.
    ПРИЧИНА: доступны только Wash-дуги (36 шт., мин. стоимость 200759 руб./ваг.). В модели Wash не имеет штрафа за незаполнение,
             а excess_supply бесплатный — отправка только увеличила бы obj, MIP корректно оставил вагоны в остатке.
  [s_idx  163] Тверь | тип=Т | ЕТСНГ=011005 | period=10 | mass_unload=false | осталось 7 из 7 ваг.
    ПРИЧИНА: квота ДМЗИ исчерпана — все Load-дуги с доступным спросом идут на дороги с выбранным лимитом:
      · дорога ЗАБ, период 10: использовано 5 из 5 ваг.
  [s_idx  164] Готня | тип=БКТ | ЕТСНГ=542239 | period=10 | mass_unload=false | осталось 6 из 6 ваг.
    ПРИЧИНА: доступны только Wash-дуги (36 шт., мин. стоимость 276366 руб./ваг.). В модели Wash не имеет штрафа за незаполнение,
             а excess_supply бесплатный — отправка только увеличила бы obj, MIP корректно оставил вагоны в остатке.
  [s_idx  165] Невдубстрой | тип=БКТ | ЕТСНГ=011005 | period=10 | mass_unload=true | осталось 55 из 55 ваг.
    ПРИЧИНА: квота ДМЗИ исчерпана — все Load-дуги с доступным спросом идут на дороги с выбранным лимитом:
      · дорога ЗАБ, период 10: использовано 5 из 5 ваг.
  [s_idx  166] Жилево | тип=БК | ЕТСНГ=011005 | period=10 | mass_unload=false | осталось 2 из 2 ваг.
    ПРИЧИНА: квота ДМЗИ исчерпана — все Load-дуги с доступным спросом идут на дороги с выбранным лимитом:
      · дорога ЗАБ, период 10: использовано 5 из 5 ваг.
  [s_idx  167] Абакан | тип=Т | ЕТСНГ=421208 | period=10 | mass_unload=false | осталось 5 из 5 ваг.
    ПРИЧИНА: квота ДМЗИ исчерпана — все Load-дуги с доступным спросом идут на дороги с выбранным лимитом:
      · дорога ЗАБ, период 10: использовано 5 из 5 ваг.
  [s_idx  168] Новый Порт (Экспорт) | тип=БКТ | ЕТСНГ=021079 | period=10 | mass_unload=false | осталось 41 из 41 ваг.
    ПРИЧИНА: квота ДМЗИ исчерпана — все Load-дуги с доступным спросом идут на дороги с выбранным лимитом:
      · дорога ЗАБ, период 10: использовано 5 из 5 ваг.
  [s_idx  169] Койданово | тип=БКТ | ЕТСНГ=542239 | period=10 | mass_unload=false | осталось 1 из 1 ваг.
    ПРИЧИНА: квота ДМЗИ исчерпана — все Load-дуги с доступным спросом идут на дороги с выбранным лимитом:
      · дорога ЗАБ, период 10: использовано 5 из 5 ваг.
  [s_idx  170] Денежниково | тип=БК | ЕТСНГ=542239 | period=10 | mass_unload=false | осталось 4 из 4 ваг.
    ПРИЧИНА: доступны только Wash-дуги (36 шт., мин. стоимость 239116 руб./ваг.). В модели Wash не имеет штрафа за незаполнение,
             а excess_supply бесплатный — отправка только увеличила бы obj, MIP корректно оставил вагоны в остатке.
  [s_idx  171] Новый Порт (Экспорт) | тип=Т | ЕТСНГ=021079 | period=10 | mass_unload=false | осталось 12 из 12 ваг.
    ПРИЧИНА: квота ДМЗИ исчерпана — все Load-дуги с доступным спросом идут на дороги с выбранным лимитом:
      · дорога ЗАБ, период 10: использовано 5 из 5 ваг.
  [s_idx  172] Гардабани | тип=БКТ | ЕТСНГ=421034 | period=10 | mass_unload=false | осталось 13 из 13 ваг.
    ПРИЧИНА: квота ДМЗИ исчерпана — все Load-дуги с доступным спросом идут на дороги с выбранным лимитом:
      · дорога ЗАБ, период 10: использовано 5 из 5 ваг.
  [s_idx  173] Невдубстрой | тип=БКТ | ЕТСНГ=015006 | period=10 | mass_unload=true | осталось 41 из 41 ваг.
    ПРИЧИНА: квота ДМЗИ исчерпана — все Load-дуги с доступным спросом идут на дороги с выбранным лимитом:
      · дорога ЗАБ, период 10: использовано 5 из 5 ваг.
  [s_idx  174] Новороссийск (Экспорт) | тип=БК | ЕТСНГ=011005 | period=10 | mass_unload=true | осталось 51 из 51 ваг.
    ПРИЧИНА: квота ДМЗИ исчерпана — все Load-дуги с доступным спросом идут на дороги с выбранным лимитом:
      · дорога ЗАБ, период 10: использовано 5 из 5 ваг.
  [s_idx  175] Пишля | тип=БКТ | ЕТСНГ=421034 | period=10 | mass_unload=false | осталось 14 из 14 ваг.
    ПРИЧИНА: квота ДМЗИ исчерпана — все Load-дуги с доступным спросом идут на дороги с выбранным лимитом:
      · дорога ЗАБ, период 10: использовано 5 из 5 ваг.
  [s_idx  176] Наушки (Экспорт АО «УБЖД»: участок Улаанбаатар (вкл.) и далее) | тип=БКТ | ЕТСНГ=011005 | period=10 | mass_unload=false | осталось 23 из 23 ваг.
    ПРИЧИНА: квота ДМЗИ исчерпана — все Load-дуги с доступным спросом идут на дороги с выбранным лимитом:
      · дорога ЗАБ, период 10: использовано 5 из 5 ваг.
  [s_idx  177] Ереван | тип=БК | ЕТСНГ=011005 | period=10 | mass_unload=false | осталось 7 из 7 ваг.
    ПРИЧИНА: квота ДМЗИ исчерпана — все Load-дуги с доступным спросом идут на дороги с выбранным лимитом:
      · дорога ЗАБ, период 10: использовано 5 из 5 ваг.
  [s_idx  178] Вайвара | тип=БКТ | ЕТСНГ=542224 | period=10 | mass_unload=false | осталось 5 из 5 ваг.
    ПРИЧИНА: квота ДМЗИ исчерпана — все Load-дуги с доступным спросом идут на дороги с выбранным лимитом:
      · дорога ЗАБ, период 10: использовано 5 из 5 ваг.
  [s_idx  179] Невдубстрой | тип=БК | ЕТСНГ=011005 | period=10 | mass_unload=true | осталось 11 из 11 ваг.
    ПРИЧИНА: квота ДМЗИ исчерпана — все Load-дуги с доступным спросом идут на дороги с выбранным лимитом:
      · дорога ЗАБ, период 10: использовано 5 из 5 ваг.
  [s_idx  180] Новороссийск (Экспорт) | тип=Т | ЕТСНГ=011005 | period=10 | mass_unload=true | осталось 64 из 64 ваг.
    ПРИЧИНА: квота ДМЗИ исчерпана — все Load-дуги с доступным спросом идут на дороги с выбранным лимитом:
      · дорога ЗАБ, период 10: использовано 5 из 5 ваг.
  [s_idx  181] Худжанд | тип=Т | ЕТСНГ=542224 | period=10 | mass_unload=false | осталось 1 из 1 ваг.
    ПРИЧИНА: квота ДМЗИ исчерпана — все Load-дуги с доступным спросом идут на дороги с выбранным лимитом:
      · дорога ЗАБ, период 10: использовано 5 из 5 ваг.
  [s_idx  182] Гротовский | тип=БКТ | ЕТСНГ=421034 | period=10 | mass_unload=false | осталось 7 из 7 ваг.
    ПРИЧИНА: квота ДМЗИ исчерпана — все Load-дуги с доступным спросом идут на дороги с выбранным лимитом:
      · дорога ЗАБ, период 10: использовано 5 из 5 ваг.
  [s_idx  183] Забайкальск (Экспорт на КЖД [Китай]) | тип=Т | ЕТСНГ=013000 | period=10 | mass_unload=false | осталось 6 из 11 ваг.
    ПРИЧИНА: квота ДМЗИ исчерпана — все Load-дуги с доступным спросом идут на дороги с выбранным лимитом:
      · дорога ЗАБ, период 10: использовано 5 из 5 ваг.
  [s_idx  184] Тополек | тип=Т | ЕТСНГ=421034 | period=10 | mass_unload=false | осталось 5 из 5 ваг.
    ПРИЧИНА: квота ДМЗИ исчерпана — все Load-дуги с доступным спросом идут на дороги с выбранным лимитом:
      · дорога ЗАБ, период 10: использовано 5 из 5 ваг.
  [s_idx  185] Бишкек 1 | тип=Т | ЕТСНГ=011005 | period=10 | mass_unload=false | осталось 8 из 8 ваг.
    ПРИЧИНА: квота ДМЗИ исчерпана — все Load-дуги с доступным спросом идут на дороги с выбранным лимитом:
      · дорога ЗАБ, период 10: использовано 5 из 5 ваг.
  [s_idx  186] Правый Берег | тип=БКТ | ЕТСНГ=— | period=10 | mass_unload=false | осталось 14 из 14 ваг.
    ПРИЧИНА: квота ДМЗИ исчерпана — все Load-дуги с доступным спросом идут на дороги с выбранным лимитом:
      · дорога ЗАБ, период 10: использовано 5 из 5 ваг.
  [s_idx  187] Шопоков | тип=Т | ЕТСНГ=521054 | period=10 | mass_unload=false | осталось 5 из 5 ваг.
    ПРИЧИНА: квота ДМЗИ исчерпана — все Load-дуги с доступным спросом идут на дороги с выбранным лимитом:
      · дорога ЗАБ, период 10: использовано 5 из 5 ваг.
  [s_idx  188] Дунайка | тип=БК | ЕТСНГ=014003 | period=10 | mass_unload=false | осталось 9 из 9 ваг.
    ПРИЧИНА: квота ДМЗИ исчерпана — все Load-дуги с доступным спросом идут на дороги с выбранным лимитом:
      · дорога ЗАБ, период 10: использовано 5 из 5 ваг.
  [s_idx  189] Клевенка | тип=Т | ЕТСНГ=421034 | period=10 | mass_unload=false | осталось 7 из 7 ваг.
    ПРИЧИНА: нет ни одной допустимой дуги (нет тарифа, несовм. тип вагона или грязный груз).
  [s_idx  190] Правый Берег | тип=Т | ЕТСНГ=014003 | period=10 | mass_unload=false | осталось 9 из 9 ваг.
    ПРИЧИНА: квота ДМЗИ исчерпана — все Load-дуги с доступным спросом идут на дороги с выбранным лимитом:
      · дорога ЗАБ, период 10: использовано 5 из 5 ваг.
  [s_idx  191] Латная | тип=БК | ЕТСНГ=— | period=10 | mass_unload=false | осталось 7 из 7 ваг.
    ПРИЧИНА: квота ДМЗИ исчерпана — все Load-дуги с доступным спросом идут на дороги с выбранным лимитом:
      · дорога ЗАБ, период 10: использовано 5 из 5 ваг.
  [s_idx  192] Невдубстрой | тип=Т | ЕТСНГ=021100 | period=10 | mass_unload=true | осталось 15 из 15 ваг.
    ПРИЧИНА: квота ДМЗИ исчерпана — все Load-дуги с доступным спросом идут на дороги с выбранным лимитом:
      · дорога ЗАБ, период 10: использовано 5 из 5 ваг.
  [s_idx  193] Невдубстрой | тип=Т | ЕТСНГ=011005 | period=10 | mass_unload=true | осталось 26 из 26 ваг.
    ПРИЧИНА: квота ДМЗИ исчерпана — все Load-дуги с доступным спросом идут на дороги с выбранным лимитом:
      · дорога ЗАБ, период 10: использовано 5 из 5 ваг.
  [s_idx  194] Прудбой | тип=БК | ЕТСНГ=421034 | period=10 | mass_unload=false | осталось 2 из 2 ваг.
    ПРИЧИНА: квота ДМЗИ исчерпана — все Load-дуги с доступным спросом идут на дороги с выбранным лимитом:
      · дорога ЗАБ, период 10: использовано 5 из 5 ваг.
  [s_idx  195] Даларик | тип=БК | ЕТСНГ=011005 | period=10 | mass_unload=false | осталось 4 из 4 ваг.
    ПРИЧИНА: квота ДМЗИ исчерпана — все Load-дуги с доступным спросом идут на дороги с выбранным лимитом:
      · дорога ЗАБ, период 10: использовано 5 из 5 ваг.
  [s_idx  196] Куликово Поле | тип=БК | ЕТСНГ=421034 | period=10 | mass_unload=false | осталось 7 из 7 ваг.
    ПРИЧИНА: квота ДМЗИ исчерпана — все Load-дуги с доступным спросом идут на дороги с выбранным лимитом:
      · дорога ЗАБ, период 10: использовано 5 из 5 ваг.
  [s_idx  197] Мерке | тип=БКТ | ЕТСНГ=521054 | period=10 | mass_unload=false | осталось 17 из 17 ваг.
    ПРИЧИНА: квота ДМЗИ исчерпана — все Load-дуги с доступным спросом идут на дороги с выбранным лимитом:
      · дорога ЗАБ, период 10: использовано 5 из 5 ваг.
  [s_idx  198] Чапчачи | тип=Т | ЕТСНГ=421034 | period=10 | mass_unload=false | осталось 7 из 7 ваг.
    ПРИЧИНА: квота ДМЗИ исчерпана — все Load-дуги с доступным спросом идут на дороги с выбранным лимитом:
      · дорога ЗАБ, период 10: использовано 5 из 5 ваг.
  [s_idx  199] Ростов-Западный | тип=Т | ЕТСНГ=014003 | period=10 | mass_unload=false | осталось 1 из 1 ваг.
    ПРИЧИНА: квота ДМЗИ исчерпана — все Load-дуги с доступным спросом идут на дороги с выбранным лимитом:
      · дорога ЗАБ, период 10: использовано 5 из 5 ваг.
  [s_idx  200] Бишкек 1 | тип=БКТ | ЕТСНГ=011005 | period=10 | mass_unload=false | осталось 9 из 9 ваг.
    ПРИЧИНА: квота ДМЗИ исчерпана — все Load-дуги с доступным спросом идут на дороги с выбранным лимитом:
      · дорога ЗАБ, период 10: использовано 5 из 5 ваг.
  [s_idx  201] Тула 1-Курская | тип=Т | ЕТСНГ=421195 | period=10 | mass_unload=false | осталось 1 из 1 ваг.
    ПРИЧИНА: квота ДМЗИ исчерпана — все Load-дуги с доступным спросом идут на дороги с выбранным лимитом:
      · дорога ЗАБ, период 10: использовано 5 из 5 ваг.
  [s_idx  202] Клин | тип=БК | ЕТСНГ=018112 | period=10 | mass_unload=false | осталось 1 из 1 ваг.
    ПРИЧИНА: квота ДМЗИ исчерпана — все Load-дуги с доступным спросом идут на дороги с выбранным лимитом:
      · дорога ЗАБ, период 10: использовано 5 из 5 ваг.
  [s_idx  203] Ростов-Западный | тип=БК | ЕТСНГ=014003 | period=10 | mass_unload=false | осталось 2 из 2 ваг.
    ПРИЧИНА: квота ДМЗИ исчерпана — все Load-дуги с доступным спросом идут на дороги с выбранным лимитом:
      · дорога ЗАБ, период 10: использовано 5 из 5 ваг.
  [s_idx  204] Блюхер (Экспорт) | тип=БК | ЕТСНГ=018038 | period=10 | mass_unload=false | осталось 6 из 6 ваг.
    ПРИЧИНА: квота ДМЗИ исчерпана — все Load-дуги с доступным спросом идут на дороги с выбранным лимитом:
      · дорога ЗАБ, период 10: использовано 5 из 5 ваг.
  [s_idx  205] Вентспилс (Экспорт) | тип=Т | ЕТСНГ=021079 | period=10 | mass_unload=true | осталось 23 из 23 ваг.
    ПРИЧИНА: квота ДМЗИ исчерпана — все Load-дуги с доступным спросом идут на дороги с выбранным лимитом:
      · дорога ЗАБ, период 10: использовано 5 из 5 ваг.
  [s_idx  206] Забайкальск (Экспорт на КЖД [Китай]) | тип=БКТ | ЕТСНГ=013000 | period=10 | mass_unload=false | осталось 20 из 20 ваг.
    ПРИЧИНА: квота ДМЗИ исчерпана — все Load-дуги с доступным спросом идут на дороги с выбранным лимитом:
      · дорога ЗАБ, период 10: использовано 5 из 5 ваг.
  [s_idx  207] Галич | тип=БКТ | ЕТСНГ=505028 | period=10 | mass_unload=false | осталось 1 из 1 ваг.
    ПРИЧИНА: доступны только Wash-дуги (36 шт., мин. стоимость 244208 руб./ваг.). В модели Wash не имеет штрафа за незаполнение,
             а excess_supply бесплатный — отправка только увеличила бы obj, MIP корректно оставил вагоны в остатке.
  [s_idx  208] Невдубстрой | тип=БК | ЕТСНГ=015006 | period=10 | mass_unload=true | осталось 18 из 18 ваг.
    ПРИЧИНА: квота ДМЗИ исчерпана — все Load-дуги с доступным спросом идут на дороги с выбранным лимитом:
      · дорога ЗАБ, период 10: использовано 5 из 5 ваг.
  [s_idx  209] Суровикино | тип=Т | ЕТСНГ=421034 | period=10 | mass_unload=false | осталось 4 из 4 ваг.
    ПРИЧИНА: квота ДМЗИ исчерпана — все Load-дуги с доступным спросом идут на дороги с выбранным лимитом:
      · дорога ЗАБ, период 10: использовано 5 из 5 ваг.
  [s_idx  210] Сенцово | тип=БКТ | ЕТСНГ=021083 | period=10 | mass_unload=false | осталось 28 из 28 ваг.
    ПРИЧИНА: квота ДМЗИ исчерпана — все Load-дуги с доступным спросом идут на дороги с выбранным лимитом:
      · дорога ЗАБ, период 10: использовано 5 из 5 ваг.
  [s_idx  211] Сенцово | тип=БК | ЕТСНГ=021083 | period=10 | mass_unload=false | осталось 13 из 13 ваг.
    ПРИЧИНА: квота ДМЗИ исчерпана — все Load-дуги с доступным спросом идут на дороги с выбранным лимитом:
      · дорога ЗАБ, период 10: использовано 5 из 5 ваг.
  [s_idx  212] Вентспилс (Экспорт) | тип=БК | ЕТСНГ=021083 | period=10 | mass_unload=true | осталось 7 из 7 ваг.
    ПРИЧИНА: квота ДМЗИ исчерпана — все Load-дуги с доступным спросом идут на дороги с выбранным лимитом:
      · дорога ЗАБ, период 10: использовано 5 из 5 ваг.
  [s_idx  213] Вентспилс (Экспорт) | тип=БК | ЕТСНГ=021079 | period=10 | mass_unload=true | осталось 10 из 10 ваг.
    ПРИЧИНА: квота ДМЗИ исчерпана — все Load-дуги с доступным спросом идут на дороги с выбранным лимитом:
      · дорога ЗАБ, период 10: использовано 5 из 5 ваг.
  [s_idx  214] Налейка | тип=БК | ЕТСНГ=421034 | period=10 | mass_unload=false | осталось 4 из 4 ваг.
    ПРИЧИНА: квота ДМЗИ исчерпана — все Load-дуги с доступным спросом идут на дороги с выбранным лимитом:
      · дорога ЗАБ, период 10: использовано 5 из 5 ваг.
  [s_idx  215] Лужская (Экспорт) | тип=Т | ЕТСНГ=011005 | period=10 | mass_unload=false | осталось 3 из 3 ваг.
    ПРИЧИНА: квота ДМЗИ исчерпана — все Load-дуги с доступным спросом идут на дороги с выбранным лимитом:
      · дорога ЗАБ, период 10: использовано 5 из 5 ваг.
  [s_idx  216] Владивосток (Экспорт) | тип=БКТ | ЕТСНГ=014003 | period=10 | mass_unload=false | осталось 15 из 15 ваг.
    ПРИЧИНА: квота ДМЗИ исчерпана — все Load-дуги с доступным спросом идут на дороги с выбранным лимитом:
      · дорога ЗАБ, период 10: использовано 5 из 5 ваг.
  [s_idx  217] Хованщина | тип=БКТ | ЕТСНГ=421034 | period=10 | mass_unload=false | осталось 16 из 16 ваг.
    ПРИЧИНА: квота ДМЗИ исчерпана — все Load-дуги с доступным спросом идут на дороги с выбранным лимитом:
      · дорога ЗАБ, период 10: использовано 5 из 5 ваг.
  [s_idx  218] Блюхер (Экспорт) | тип=БКТ | ЕТСНГ=011005 | period=10 | mass_unload=false | осталось 17 из 17 ваг.
    ПРИЧИНА: квота ДМЗИ исчерпана — все Load-дуги с доступным спросом идут на дороги с выбранным лимитом:
      · дорога ЗАБ, период 10: использовано 5 из 5 ваг.
  [s_idx  219] Переволоки | тип=БКТ | ЕТСНГ=421034 | period=10 | mass_unload=false | осталось 15 из 15 ваг.
    ПРИЧИНА: квота ДМЗИ исчерпана — все Load-дуги с доступным спросом идут на дороги с выбранным лимитом:
      · дорога ЗАБ, период 10: использовано 5 из 5 ваг.
  [s_idx  220] Аламедин | тип=БКТ | ЕТСНГ=011005 | period=10 | mass_unload=false | осталось 7 из 7 ваг.
    ПРИЧИНА: квота ДМЗИ исчерпана — все Load-дуги с доступным спросом идут на дороги с выбранным лимитом:
      · дорога ЗАБ, период 10: использовано 5 из 5 ваг.
  [s_idx  221] Эльтон | тип=БКТ | ЕТСНГ=421034 | period=10 | mass_unload=false | осталось 8 из 8 ваг.
    ПРИЧИНА: квота ДМЗИ исчерпана — все Load-дуги с доступным спросом идут на дороги с выбранным лимитом:
      · дорога ЗАБ, период 10: использовано 5 из 5 ваг.
  [s_idx  222] Налейка | тип=БКТ | ЕТСНГ=421034 | period=10 | mass_unload=false | осталось 17 из 17 ваг.
    ПРИЧИНА: квота ДМЗИ исчерпана — все Load-дуги с доступным спросом идут на дороги с выбранным лимитом:
      · дорога ЗАБ, период 10: использовано 5 из 5 ваг.
  [s_idx  223] Тополек | тип=БКТ | ЕТСНГ=421034 | period=10 | mass_unload=false | осталось 21 из 21 ваг.
    ПРИЧИНА: квота ДМЗИ исчерпана — все Load-дуги с доступным спросом идут на дороги с выбранным лимитом:
      · дорога ЗАБ, период 10: использовано 5 из 5 ваг.
  [s_idx  224] Даларик | тип=БКТ | ЕТСНГ=011005 | period=10 | mass_unload=false | осталось 6 из 6 ваг.
    ПРИЧИНА: квота ДМЗИ исчерпана — все Load-дуги с доступным спросом идут на дороги с выбранным лимитом:
      · дорога ЗАБ, период 10: использовано 5 из 5 ваг.
  [s_idx  225] Галич | тип=Т | ЕТСНГ=011005 | period=10 | mass_unload=false | осталось 9 из 9 ваг.
    ПРИЧИНА: квота ДМЗИ исчерпана — все Load-дуги с доступным спросом идут на дороги с выбранным лимитом:
      · дорога ЗАБ, период 10: использовано 5 из 5 ваг.
  [s_idx  226] Санкт-Петербург-Товарный-Московский | тип=БКТ | ЕТСНГ=011005 | period=10 | mass_unload=false | осталось 14 из 14 ваг.
    ПРИЧИНА: квота ДМЗИ исчерпана — все Load-дуги с доступным спросом идут на дороги с выбранным лимитом:
      · дорога ЗАБ, период 10: использовано 5 из 5 ваг.
  [s_idx  227] Касторная-Новая | тип=БКТ | ЕТСНГ=018023 | period=10 | mass_unload=false | осталось 16 из 16 ваг.
    ПРИЧИНА: квота ДМЗИ исчерпана — все Load-дуги с доступным спросом идут на дороги с выбранным лимитом:
      · дорога ЗАБ, период 10: использовано 5 из 5 ваг.
  [s_idx  228] Шопоков | тип=БКТ | ЕТСНГ=011005 | period=10 | mass_unload=false | осталось 8 из 8 ваг.
    ПРИЧИНА: квота ДМЗИ исчерпана — все Load-дуги с доступным спросом идут на дороги с выбранным лимитом:
      · дорога ЗАБ, период 10: использовано 5 из 5 ваг.
  [s_idx  229] Пронино | тип=БКТ | ЕТСНГ=421034 | period=10 | mass_unload=false | осталось 10 из 10 ваг.
    ПРИЧИНА: квота ДМЗИ исчерпана — все Load-дуги с доступным спросом идут на дороги с выбранным лимитом:
      · дорога ЗАБ, период 10: использовано 5 из 5 ваг.
  [s_idx  230] Блюхер (Экспорт) | тип=БКТ | ЕТСНГ=018038 | period=10 | mass_unload=false | осталось 18 из 18 ваг.
    ПРИЧИНА: квота ДМЗИ исчерпана — все Load-дуги с доступным спросом идут на дороги с выбранным лимитом:
      · дорога ЗАБ, период 10: использовано 5 из 5 ваг.
  [s_idx  231] Клевенка | тип=БКТ | ЕТСНГ=421034 | period=10 | mass_unload=false | осталось 15 из 15 ваг.
    ПРИЧИНА: нет ни одной допустимой дуги (нет тарифа, несовм. тип вагона или грязный груз).
  [s_idx  232] Правый Берег (Экспорт) | тип=БКТ | ЕТСНГ=542224 | period=10 | mass_unload=false | осталось 7 из 7 ваг.
    ПРИЧИНА: квота ДМЗИ исчерпана — все Load-дуги с доступным спросом идут на дороги с выбранным лимитом:
      · дорога ЗАБ, период 10: использовано 5 из 5 ваг.
  [s_idx  233] Аламедин | тип=Т | ЕТСНГ=011005 | period=10 | mass_unload=false | осталось 4 из 4 ваг.
    ПРИЧИНА: квота ДМЗИ исчерпана — все Load-дуги с доступным спросом идут на дороги с выбранным лимитом:
      · дорога ЗАБ, период 10: использовано 5 из 5 ваг.
  [s_idx  234] Куликово Поле | тип=БКТ | ЕТСНГ=421034 | period=10 | mass_unload=false | осталось 11 из 11 ваг.
    ПРИЧИНА: квота ДМЗИ исчерпана — все Load-дуги с доступным спросом идут на дороги с выбранным лимитом:
      · дорога ЗАБ, период 10: использовано 5 из 5 ваг.
  [s_idx  235] Невдубстрой | тип=БКТ | ЕТСНГ=021100 | period=10 | mass_unload=true | осталось 26 из 26 ваг.
    ПРИЧИНА: квота ДМЗИ исчерпана — все Load-дуги с доступным спросом идут на дороги с выбранным лимитом:
      · дорога ЗАБ, период 10: использовано 5 из 5 ваг.
  [s_idx  236] Порт Оля (Экспорт) | тип=БКТ | ЕТСНГ=— | period=10 | mass_unload=false | осталось 6 из 6 ваг.
    ПРИЧИНА: доступны только Wash-дуги (36 шт., мин. стоимость 242679 руб./ваг.). В модели Wash не имеет штрафа за незаполнение,
             а excess_supply бесплатный — отправка только увеличила бы obj, MIP корректно оставил вагоны в остатке.
  [s_idx  237] Жилево | тип=БКТ | ЕТСНГ=011005 | period=10 | mass_unload=false | осталось 12 из 12 ваг.
    ПРИЧИНА: квота ДМЗИ исчерпана — все Load-дуги с доступным спросом идут на дороги с выбранным лимитом:
      · дорога ЗАБ, период 10: использовано 5 из 5 ваг.
  [s_idx  238] Токмово | тип=БКТ | ЕТСНГ=421034 | period=10 | mass_unload=false | осталось 7 из 7 ваг.
    ПРИЧИНА: квота ДМЗИ исчерпана — все Load-дуги с доступным спросом идут на дороги с выбранным лимитом:
      · дорога ЗАБ, период 10: использовано 5 из 5 ваг.
  [s_idx  239] Переволоки | тип=Т | ЕТСНГ=421034 | period=10 | mass_unload=false | осталось 13 из 13 ваг.
    ПРИЧИНА: квота ДМЗИ исчерпана — все Load-дуги с доступным спросом идут на дороги с выбранным лимитом:
      · дорога ЗАБ, период 10: использовано 5 из 5 ваг.
  [s_idx  240] Беломестная | тип=Т | ЕТСНГ=421034 | period=10 | mass_unload=false | осталось 3 из 3 ваг.
    ПРИЧИНА: квота ДМЗИ исчерпана — все Load-дуги с доступным спросом идут на дороги с выбранным лимитом:
      · дорога ЗАБ, период 10: использовано 5 из 5 ваг.
  [s_idx  241] Правый Берег | тип=Т | ЕТСНГ=— | period=10 | mass_unload=false | осталось 7 из 7 ваг.
    ПРИЧИНА: квота ДМЗИ исчерпана — все Load-дуги с доступным спросом идут на дороги с выбранным лимитом:
      · дорога ЗАБ, период 10: использовано 5 из 5 ваг.
  [s_idx  242] Чапчачи | тип=БКТ | ЕТСНГ=421034 | period=10 | mass_unload=false | осталось 5 из 5 ваг.
    ПРИЧИНА: квота ДМЗИ исчерпана — все Load-дуги с доступным спросом идут на дороги с выбранным лимитом:
      · дорога ЗАБ, период 10: использовано 5 из 5 ваг.
  [s_idx  243] Дунайка | тип=БКТ | ЕТСНГ=014003 | period=10 | mass_unload=false | осталось 30 из 30 ваг.
    ПРИЧИНА: квота ДМЗИ исчерпана — все Load-дуги с доступным спросом идут на дороги с выбранным лимитом:
      · дорога ЗАБ, период 10: использовано 5 из 5 ваг.
  [s_idx  244] Вентспилс (Экспорт) | тип=БКТ | ЕТСНГ=021083 | period=10 | mass_unload=true | осталось 15 из 15 ваг.
    ПРИЧИНА: квота ДМЗИ исчерпана — все Load-дуги с доступным спросом идут на дороги с выбранным лимитом:
      · дорога ЗАБ, период 10: использовано 5 из 5 ваг.
  [s_idx  245] Вентспилс (Экспорт) | тип=Т | ЕТСНГ=021083 | period=10 | mass_unload=true | осталось 1 из 1 ваг.
    ПРИЧИНА: квота ДМЗИ исчерпана — все Load-дуги с доступным спросом идут на дороги с выбранным лимитом:
      · дорога ЗАБ, период 10: использовано 5 из 5 ваг.
  [s_idx  246] Шопоков | тип=БКТ | ЕТСНГ=521054 | period=10 | mass_unload=false | осталось 10 из 10 ваг.
    ПРИЧИНА: квота ДМЗИ исчерпана — все Load-дуги с доступным спросом идут на дороги с выбранным лимитом:
      · дорога ЗАБ, период 10: использовано 5 из 5 ваг.
  [s_idx  247] Новоперелюбская | тип=БКТ | ЕТСНГ=421034 | period=10 | mass_unload=false | осталось 5 из 5 ваг.
    ПРИЧИНА: квота ДМЗИ исчерпана — все Load-дуги с доступным спросом идут на дороги с выбранным лимитом:
      · дорога ЗАБ, период 10: использовано 5 из 5 ваг.
  [s_idx  248] Моршанск | тип=БКТ | ЕТСНГ=421034 | period=10 | mass_unload=false | осталось 12 из 12 ваг.
    ПРИЧИНА: квота ДМЗИ исчерпана — все Load-дуги с доступным спросом идут на дороги с выбранным лимитом:
      · дорога ЗАБ, период 10: использовано 5 из 5 ваг.
  [s_idx  249] Рощино | тип=БКТ | ЕТСНГ=011005 | period=10 | mass_unload=false | осталось 23 из 23 ваг.
    ПРИЧИНА: квота ДМЗИ исчерпана — все Load-дуги с доступным спросом идут на дороги с выбранным лимитом:
      · дорога ЗАБ, период 10: использовано 5 из 5 ваг.
  [s_idx  250] Котел | тип=БК | ЕТСНГ=421195 | period=10 | mass_unload=false | осталось 1 из 1 ваг.
    ПРИЧИНА: квота ДМЗИ исчерпана — все Load-дуги с доступным спросом идут на дороги с выбранным лимитом:
      · дорога ЗАБ, период 10: использовано 5 из 5 ваг.
  [s_idx  251] Галич | тип=БКТ | ЕТСНГ=011005 | period=10 | mass_unload=false | осталось 14 из 14 ваг.
    ПРИЧИНА: квота ДМЗИ исчерпана — все Load-дуги с доступным спросом идут на дороги с выбранным лимитом:
      · дорога ЗАБ, период 10: использовано 5 из 5 ваг.
  [s_idx  252] Расшеватка | тип=БКТ | ЕТСНГ=011005 | period=10 | mass_unload=false | осталось 3 из 3 ваг.
    ПРИЧИНА: квота ДМЗИ исчерпана — все Load-дуги с доступным спросом идут на дороги с выбранным лимитом:
      · дорога ЗАБ, период 10: использовано 5 из 5 ваг.
  [s_idx  253] Алексеевская | тип=Т | ЕТСНГ=018112 | period=10 | mass_unload=false | осталось 2 из 2 ваг.
    ПРИЧИНА: квота ДМЗИ исчерпана — все Load-дуги с доступным спросом идут на дороги с выбранным лимитом:
      · дорога ЗАБ, период 10: использовано 5 из 5 ваг.
  [s_idx  254] Невдубстрой | тип=Т | ЕТСНГ=015006 | period=10 | mass_unload=true | осталось 9 из 9 ваг.
    ПРИЧИНА: квота ДМЗИ исчерпана — все Load-дуги с доступным спросом идут на дороги с выбранным лимитом:
      · дорога ЗАБ, период 10: использовано 5 из 5 ваг.
  [s_idx  255] Парнас | тип=БКТ | ЕТСНГ=014003 | period=10 | mass_unload=false | осталось 7 из 7 ваг.
    ПРИЧИНА: квота ДМЗИ исчерпана — все Load-дуги с доступным спросом идут на дороги с выбранным лимитом:
      · дорога ЗАБ, период 10: использовано 5 из 5 ваг.
  [s_idx  256] Вентспилс (Экспорт) | тип=БКТ | ЕТСНГ=021079 | period=10 | mass_unload=true | осталось 18 из 18 ваг.
    ПРИЧИНА: квота ДМЗИ исчерпана — все Load-дуги с доступным спросом идут на дороги с выбранным лимитом:
      · дорога ЗАБ, период 10: использовано 5 из 5 ваг.
  [s_idx  257] Позимь | тип=БКТ | ЕТСНГ=542239 | period=10 | mass_unload=false | осталось 3 из 3 ваг.
    ПРИЧИНА: доступны только Wash-дуги (36 шт., мин. стоимость 278003 руб./ваг.). В модели Wash не имеет штрафа за незаполнение,
             а excess_supply бесплатный — отправка только увеличила бы obj, MIP корректно оставил вагоны в остатке.
  [s_idx  258] Алексеевская | тип=БК | ЕТСНГ=018112 | period=10 | mass_unload=false | осталось 7 из 7 ваг.
    ПРИЧИНА: квота ДМЗИ исчерпана — все Load-дуги с доступным спросом идут на дороги с выбранным лимитом:
      · дорога ЗАБ, период 10: использовано 5 из 5 ваг.
  [s_idx  259] Правый Берег | тип=БК | ЕТСНГ=014003 | period=10 | mass_unload=false | осталось 4 из 4 ваг.
    ПРИЧИНА: квота ДМЗИ исчерпана — все Load-дуги с доступным спросом идут на дороги с выбранным лимитом:
      · дорога ЗАБ, период 10: использовано 5 из 5 ваг.
  [s_idx  260] Придонская | тип=БКТ | ЕТСНГ=— | period=10 | mass_unload=false | осталось 5 из 5 ваг.
    ПРИЧИНА: квота ДМЗИ исчерпана — все Load-дуги с доступным спросом идут на дороги с выбранным лимитом:
      · дорога ЗАБ, период 10: использовано 5 из 5 ваг.
  [s_idx  261] Суровикино | тип=БКТ | ЕТСНГ=421034 | period=10 | mass_unload=false | осталось 6 из 6 ваг.
    ПРИЧИНА: квота ДМЗИ исчерпана — все Load-дуги с доступным спросом идут на дороги с выбранным лимитом:
      · дорога ЗАБ, период 10: использовано 5 из 5 ваг.
  [s_idx  262] Налейка | тип=Т | ЕТСНГ=421034 | period=10 | mass_unload=false | осталось 4 из 4 ваг.
    ПРИЧИНА: квота ДМЗИ исчерпана — все Load-дуги с доступным спросом идут на дороги с выбранным лимитом:
      · дорога ЗАБ, период 10: использовано 5 из 5 ваг.
  [s_idx  263] Блюхер (Экспорт) | тип=Т | ЕТСНГ=018038 | period=10 | mass_unload=false | осталось 7 из 7 ваг.
    ПРИЧИНА: квота ДМЗИ исчерпана — все Load-дуги с доступным спросом идут на дороги с выбранным лимитом:
      · дорога ЗАБ, период 10: использовано 5 из 5 ваг.
  [s_idx  264] Мерке | тип=Т | ЕТСНГ=521054 | period=10 | mass_unload=false | осталось 9 из 9 ваг.
    ПРИЧИНА: квота ДМЗИ исчерпана — все Load-дуги с доступным спросом идут на дороги с выбранным лимитом:
      · дорога ЗАБ, период 10: использовано 5 из 5 ваг.
  [s_idx  265] Клевенка | тип=БК | ЕТСНГ=421034 | period=10 | mass_unload=false | осталось 3 из 3 ваг.
    ПРИЧИНА: нет ни одной допустимой дуги (нет тарифа, несовм. тип вагона или грязный груз).
  [s_idx  266] Новосибирск-Западный | тип=БК | ЕТСНГ=014003 | period=10 | mass_unload=false | осталось 3 из 3 ваг.
    ПРИЧИНА: квота ДМЗИ исчерпана — все Load-дуги с доступным спросом идут на дороги с выбранным лимитом:
      · дорога ЗАБ, период 10: использовано 5 из 5 ваг.
  [s_idx  267] Глазов | тип=БКТ | ЕТСНГ=— | period=10 | mass_unload=false | осталось 5 из 5 ваг.
    ПРИЧИНА: квота ДМЗИ исчерпана — все Load-дуги с доступным спросом идут на дороги с выбранным лимитом:
      · дорога ЗАБ, период 10: использовано 5 из 5 ваг.
  [s_idx  268] Томылово | тип=БКТ | ЕТСНГ=421034 | period=10 | mass_unload=false | осталось 16 из 16 ваг.
    ПРИЧИНА: квота ДМЗИ исчерпана — все Load-дуги с доступным спросом идут на дороги с выбранным лимитом:
      · дорога ЗАБ, период 10: использовано 5 из 5 ваг.
  [s_idx  269] Ютаза | тип=БКТ | ЕТСНГ=421034 | period=10 | mass_unload=false | осталось 14 из 14 ваг.
    ПРИЧИНА: квота ДМЗИ исчерпана — все Load-дуги с доступным спросом идут на дороги с выбранным лимитом:
      · дорога ЗАБ, период 10: использовано 5 из 5 ваг.
  [s_idx  270] Гардабани | тип=БК | ЕТСНГ=421034 | period=10 | mass_unload=false | осталось 5 из 5 ваг.
    ПРИЧИНА: квота ДМЗИ исчерпана — все Load-дуги с доступным спросом идут на дороги с выбранным лимитом:
      · дорога ЗАБ, период 10: использовано 5 из 5 ваг.
  [s_idx  271] Пишля | тип=Т | ЕТСНГ=421034 | period=10 | mass_unload=false | осталось 8 из 8 ваг.
    ПРИЧИНА: квота ДМЗИ исчерпана — все Load-дуги с доступным спросом идут на дороги с выбранным лимитом:
      · дорога ЗАБ, период 10: использовано 5 из 5 ваг.
  [s_idx  272] Забайкальск (Экспорт на КЖД [Китай]) | тип=БКТ | ЕТСНГ=014003 | period=10 | mass_unload=false | осталось 13 из 13 ваг.
    ПРИЧИНА: квота ДМЗИ исчерпана — все Load-дуги с доступным спросом идут на дороги с выбранным лимитом:
      · дорога ЗАБ, период 10: использовано 5 из 5 ваг.
  [s_idx  273] Пронино | тип=БК | ЕТСНГ=421034 | period=10 | mass_unload=false | осталось 4 из 4 ваг.
    ПРИЧИНА: квота ДМЗИ исчерпана — все Load-дуги с доступным спросом идут на дороги с выбранным лимитом:
      · дорога ЗАБ, период 10: использовано 5 из 5 ваг.
  [s_idx  274] Блюхер (Экспорт) | тип=Т | ЕТСНГ=011005 | period=10 | mass_unload=false | осталось 8 из 8 ваг.
    ПРИЧИНА: квота ДМЗИ исчерпана — все Load-дуги с доступным спросом идут на дороги с выбранным лимитом:
      · дорога ЗАБ, период 10: использовано 5 из 5 ваг.
  [s_idx  275] Сероглазово | тип=БК | ЕТСНГ=421034 | period=10 | mass_unload=false | осталось 5 из 5 ваг.
    ПРИЧИНА: квота ДМЗИ исчерпана — все Load-дуги с доступным спросом идут на дороги с выбранным лимитом:
      · дорога ЗАБ, период 10: использовано 5 из 5 ваг.
  [s_idx  276] Владивосток (Экспорт) | тип=БК | ЕТСНГ=542239 | period=10 | mass_unload=false | осталось 2 из 2 ваг.
    ПРИЧИНА: доступны только Wash-дуги (36 шт., мин. стоимость 278927 руб./ваг.). В модели Wash не имеет штрафа за незаполнение,
             а excess_supply бесплатный — отправка только увеличила бы obj, MIP корректно оставил вагоны в остатке.
  [s_idx  277] Кочетовка 1 | тип=БКТ | ЕТСНГ=421195 | period=10 | mass_unload=false | осталось 2 из 2 ваг.
    ПРИЧИНА: квота ДМЗИ исчерпана — все Load-дуги с доступным спросом идут на дороги с выбранным лимитом:
      · дорога ЗАБ, период 10: использовано 5 из 5 ваг.
  [s_idx  278] Можга | тип=БКТ | ЕТСНГ=— | period=10 | mass_unload=false | осталось 1 из 1 ваг.
    ПРИЧИНА: квота ДМЗИ исчерпана — все Load-дуги с доступным спросом идут на дороги с выбранным лимитом:
      · дорога ЗАБ, период 10: использовано 5 из 5 ваг.
  [s_idx  279] Забайкальск (Экспорт на КЖД [Китай]) | тип=Т | ЕТСНГ=014003 | period=10 | mass_unload=false | осталось 6 из 6 ваг.
    ПРИЧИНА: квота ДМЗИ исчерпана — все Load-дуги с доступным спросом идут на дороги с выбранным лимитом:
      · дорога ЗАБ, период 10: использовано 5 из 5 ваг.
  [s_idx  280] Пронино | тип=Т | ЕТСНГ=421034 | period=10 | mass_unload=false | осталось 9 из 9 ваг.
    ПРИЧИНА: квота ДМЗИ исчерпана — все Load-дуги с доступным спросом идут на дороги с выбранным лимитом:
      · дорога ЗАБ, период 10: использовано 5 из 5 ваг.
  [s_idx  281] Моршанск | тип=Т | ЕТСНГ=421034 | period=10 | mass_unload=false | осталось 2 из 2 ваг.
    ПРИЧИНА: квота ДМЗИ исчерпана — все Load-дуги с доступным спросом идут на дороги с выбранным лимитом:
      · дорога ЗАБ, период 10: использовано 5 из 5 ваг.
  [s_idx  282] Гыпджак | тип=БК | ЕТСНГ=542050 | period=10 | mass_unload=false | осталось 4 из 4 ваг.
    ПРИЧИНА: доступны только Wash-дуги (36 шт., мин. стоимость 516064 руб./ваг.). В модели Wash не имеет штрафа за незаполнение,
             а excess_supply бесплатный — отправка только увеличила бы obj, MIP корректно оставил вагоны в остатке.
  [s_idx  283] Цильна | тип=БК | ЕТСНГ=011005 | period=10 | mass_unload=false | осталось 1 из 1 ваг.
    ПРИЧИНА: квота ДМЗИ исчерпана — все Load-дуги с доступным спросом идут на дороги с выбранным лимитом:
      · дорога ЗАБ, период 10: использовано 5 из 5 ваг.
  [s_idx  284] Хованщина | тип=БК | ЕТСНГ=421034 | period=10 | mass_unload=false | осталось 6 из 6 ваг.
    ПРИЧИНА: квота ДМЗИ исчерпана — все Load-дуги с доступным спросом идут на дороги с выбранным лимитом:
      · дорога ЗАБ, период 10: использовано 5 из 5 ваг.
  [s_idx  285] Автово (Экспорт) | тип=БК | ЕТСНГ=436025 | period=10 | mass_unload=false | осталось 10 из 10 ваг.
    ПРИЧИНА: квота ДМЗИ исчерпана — все Load-дуги с доступным спросом идут на дороги с выбранным лимитом:
      · дорога ЗАБ, период 10: использовано 5 из 5 ваг.
  [s_idx  286] Мерке | тип=БК | ЕТСНГ=521054 | period=10 | mass_unload=false | осталось 5 из 5 ваг.
    ПРИЧИНА: квота ДМЗИ исчерпана — все Load-дуги с доступным спросом идут на дороги с выбранным лимитом:
      · дорога ЗАБ, период 10: использовано 5 из 5 ваг.
  [s_idx  287] Новый Порт (Экспорт) | тип=БК | ЕТСНГ=021079 | period=10 | mass_unload=false | осталось 6 из 6 ваг.
    ПРИЧИНА: квота ДМЗИ исчерпана — все Load-дуги с доступным спросом идут на дороги с выбранным лимитом:
      · дорога ЗАБ, период 10: использовано 5 из 5 ваг.
  [s_idx  288] Автово (Экспорт) | тип=БКТ | ЕТСНГ=436025 | period=10 | mass_unload=false | осталось 27 из 27 ваг.
    ПРИЧИНА: квота ДМЗИ исчерпана — все Load-дуги с доступным спросом идут на дороги с выбранным лимитом:
      · дорога ЗАБ, период 10: использовано 5 из 5 ваг.
  [s_idx  289] Владивосток (Экспорт) | тип=БК | ЕТСНГ=014003 | period=10 | mass_unload=false | осталось 5 из 5 ваг.
    ПРИЧИНА: квота ДМЗИ исчерпана — все Load-дуги с доступным спросом идут на дороги с выбранным лимитом:
      · дорога ЗАБ, период 10: использовано 5 из 5 ваг.
  [s_idx  290] Владивосток (Экспорт) | тип=Т | ЕТСНГ=014003 | period=10 | mass_unload=false | осталось 6 из 6 ваг.
    ПРИЧИНА: квота ДМЗИ исчерпана — все Load-дуги с доступным спросом идут на дороги с выбранным лимитом:
      · дорога ЗАБ, период 10: использовано 5 из 5 ваг.
  [s_idx  291] Гродеково (Экспорт на КЖД [Китай]) | тип=БКТ | ЕТСНГ=011005 | period=10 | mass_unload=false | осталось 9 из 9 ваг.
    ПРИЧИНА: квота ДМЗИ исчерпана — все Load-дуги с доступным спросом идут на дороги с выбранным лимитом:
      · дорога ЗАБ, период 10: использовано 5 из 5 ваг.
  [s_idx  292] Новосибирск-Западный | тип=БКТ | ЕТСНГ=018112 | period=10 | mass_unload=false | осталось 2 из 12 ваг.
    ПРИЧИНА: квота ДМЗИ исчерпана — все Load-дуги с доступным спросом идут на дороги с выбранным лимитом:
      · дорога ЗАБ, период 10: использовано 5 из 5 ваг.
  [s_idx  293] Новосибирск-Западный | тип=БКТ | ЕТСНГ=— | period=10 | mass_unload=false | осталось 3 из 3 ваг.
    ПРИЧИНА: квота ДМЗИ исчерпана — все Load-дуги с доступным спросом идут на дороги с выбранным лимитом:
      · дорога ЗАБ, период 10: использовано 5 из 5 ваг.
  [s_idx  294] Чемской | тип=БК | ЕТСНГ=018112 | period=10 | mass_unload=false | осталось 2 из 3 ваг.
    ПРИЧИНА: квота ДМЗИ исчерпана — все Load-дуги с доступным спросом идут на дороги с выбранным лимитом:
      · дорога ЗАБ, период 10: использовано 5 из 5 ваг.
  [s_idx  295] Парнас | тип=БК | ЕТСНГ=014003 | period=10 | mass_unload=false | осталось 3 из 3 ваг.
    ПРИЧИНА: квота ДМЗИ исчерпана — все Load-дуги с доступным спросом идут на дороги с выбранным лимитом:
      · дорога ЗАБ, период 10: использовано 5 из 5 ваг.
  [s_idx  296] Алексеевская | тип=БК | ЕТСНГ=— | period=10 | mass_unload=false | осталось 1 из 1 ваг.
    ПРИЧИНА: квота ДМЗИ исчерпана — все Load-дуги с доступным спросом идут на дороги с выбранным лимитом:
      · дорога ЗАБ, период 10: использовано 5 из 5 ваг.
  [s_idx  297] Невель 1 | тип=БК | ЕТСНГ=014003 | period=10 | mass_unload=false | осталось 3 из 3 ваг.
    ПРИЧИНА: квота ДМЗИ исчерпана — все Load-дуги с доступным спросом идут на дороги с выбранным лимитом:
      · дорога ЗАБ, период 10: использовано 5 из 5 ваг.
  [s_idx  298] Воронеж-Курский | тип=БК | ЕТСНГ=— | period=10 | mass_unload=false | осталось 4 из 4 ваг.
    ПРИЧИНА: квота ДМЗИ исчерпана — все Load-дуги с доступным спросом идут на дороги с выбранным лимитом:
      · дорога ЗАБ, период 10: использовано 5 из 5 ваг.
  [s_idx  299] Алексеевская | тип=БКТ | ЕТСНГ=018112 | period=10 | mass_unload=false | осталось 14 из 14 ваг.
    ПРИЧИНА: квота ДМЗИ исчерпана — все Load-дуги с доступным спросом идут на дороги с выбранным лимитом:
      · дорога ЗАБ, период 10: использовано 5 из 5 ваг.
  [s_idx  300] Новосибирск-Западный | тип=БК | ЕТСНГ=018112 | period=10 | mass_unload=false | осталось 2 из 2 ваг.
    ПРИЧИНА: квота ДМЗИ исчерпана — все Load-дуги с доступным спросом идут на дороги с выбранным лимитом:
      · дорога ЗАБ, период 10: использовано 5 из 5 ваг.
  [s_idx  301] Новосибирск-Западный | тип=Т | ЕТСНГ=018112 | period=10 | mass_unload=false | осталось 1 из 1 ваг.
    ПРИЧИНА: квота ДМЗИ исчерпана — все Load-дуги с доступным спросом идут на дороги с выбранным лимитом:
      · дорога ЗАБ, период 10: использовано 5 из 5 ваг.
  [s_idx  302] Толмачево | тип=БК | ЕТСНГ=542239 | period=10 | mass_unload=false | осталось 3 из 3 ваг.
    ПРИЧИНА: доступны только Wash-дуги (36 шт., мин. стоимость 266828 руб./ваг.). В модели Wash не имеет штрафа за незаполнение,
             а excess_supply бесплатный — отправка только увеличила бы obj, MIP корректно оставил вагоны в остатке.
  [s_idx  303] Чемской | тип=БКТ | ЕТСНГ=018112 | period=10 | mass_unload=false | осталось 2 из 2 ваг.
    ПРИЧИНА: квота ДМЗИ исчерпана — все Load-дуги с доступным спросом идут на дороги с выбранным лимитом:
      · дорога ЗАБ, период 10: использовано 5 из 5 ваг.
  [s_idx  304] Парнас | тип=БКТ | ЕТСНГ=018112 | period=10 | mass_unload=false | осталось 5 из 5 ваг.
    ПРИЧИНА: квота ДМЗИ исчерпана — все Load-дуги с доступным спросом идут на дороги с выбранным лимитом:
      · дорога ЗАБ, период 10: использовано 5 из 5 ваг.
  [s_idx  305] Забайкальск (Экспорт на КЖД [Китай]) | тип=БКТ | ЕТСНГ=018038 | period=10 | mass_unload=false | осталось 5 из 5 ваг.
    ПРИЧИНА: квота ДМЗИ исчерпана — все Load-дуги с доступным спросом идут на дороги с выбранным лимитом:
      · дорога ЗАБ, период 10: использовано 5 из 5 ваг.
  [s_idx  306] Текстильный | тип=БКТ | ЕТСНГ=018112 | period=10 | mass_unload=false | осталось 3 из 3 ваг.
    ПРИЧИНА: квота ДМЗИ исчерпана — все Load-дуги с доступным спросом идут на дороги с выбранным лимитом:
      · дорога ЗАБ, период 10: использовано 5 из 5 ваг.
  [s_idx  307] Красноярск-Северный | тип=БКТ | ЕТСНГ=— | period=10 | mass_unload=false | осталось 15 из 15 ваг.
    ПРИЧИНА: квота ДМЗИ исчерпана — все Load-дуги с доступным спросом идут на дороги с выбранным лимитом:
      · дорога ЗАБ, период 10: использовано 5 из 5 ваг.
  [s_idx  308] Поярково | тип=БКТ | ЕТСНГ=— | period=10 | mass_unload=false | осталось 6 из 6 ваг.
    ПРИЧИНА: квота ДМЗИ исчерпана — все Load-дуги с доступным спросом идут на дороги с выбранным лимитом:
      · дорога ЗАБ, период 10: использовано 5 из 5 ваг.
  [s_idx  309] Зиемельблазма (Экспорт) | тип=БКТ | ЕТСНГ=542239 | period=10 | mass_unload=false | осталось 9 из 9 ваг.
    ПРИЧИНА: квота ДМЗИ исчерпана — все Load-дуги с доступным спросом идут на дороги с выбранным лимитом:
      · дорога ЗАБ, период 10: использовано 5 из 5 ваг.
  [s_idx  312] Елец | тип=БКТ | ЕТСНГ=018023 | period=10 | mass_unload=false | осталось 3 из 3 ваг.
    ПРИЧИНА: квота ДМЗИ исчерпана — все Load-дуги с доступным спросом идут на дороги с выбранным лимитом:
      · дорога ЗАБ, период 10: использовано 5 из 5 ваг.
  [s_idx  313] Забайкальск (Экспорт на КЖД [Китай]) | тип=БК | ЕТСНГ=013000 | period=10 | mass_unload=false | осталось 6 из 6 ваг.
    ПРИЧИНА: квота ДМЗИ исчерпана — все Load-дуги с доступным спросом идут на дороги с выбранным лимитом:
      · дорога ЗАБ, период 10: использовано 5 из 5 ваг.
  [s_idx  314] Клин | тип=БКТ | ЕТСНГ=018112 | period=10 | mass_unload=false | осталось 7 из 7 ваг.
    ПРИЧИНА: квота ДМЗИ исчерпана — все Load-дуги с доступным спросом идут на дороги с выбранным лимитом:
      · дорога ЗАБ, период 10: использовано 5 из 5 ваг.
  [s_idx  315] Владивосток (Экспорт) | тип=БКТ | ЕТСНГ=542239 | period=10 | mass_unload=false | осталось 20 из 20 ваг.
    ПРИЧИНА: доступны только Wash-дуги (36 шт., мин. стоимость 278927 руб./ваг.). В модели Wash не имеет штрафа за незаполнение,
             а excess_supply бесплатный — отправка только увеличила бы obj, MIP корректно оставил вагоны в остатке.
  [s_idx  316] Красноярск-Северный | тип=Т | ЕТСНГ=— | period=10 | mass_unload=false | осталось 3 из 3 ваг.
    ПРИЧИНА: квота ДМЗИ исчерпана — все Load-дуги с доступным спросом идут на дороги с выбранным лимитом:
      · дорога ЗАБ, период 10: использовано 5 из 5 ваг.
  [s_idx  317] Холщевики | тип=БКТ | ЕТСНГ=011005 | period=10 | mass_unload=false | осталось 11 из 11 ваг.
    ПРИЧИНА: квота ДМЗИ исчерпана — все Load-дуги с доступным спросом идут на дороги с выбранным лимитом:
      · дорога ЗАБ, период 10: использовано 5 из 5 ваг.
  [s_idx  318] Тверь | тип=БКТ | ЕТСНГ=011005 | period=10 | mass_unload=false | осталось 12 из 12 ваг.
    ПРИЧИНА: квота ДМЗИ исчерпана — все Load-дуги с доступным спросом идут на дороги с выбранным лимитом:
      · дорога ЗАБ, период 10: использовано 5 из 5 ваг.
  [s_idx  319] Почеп | тип=БК | ЕТСНГ=542224 | period=10 | mass_unload=false | осталось 5 из 5 ваг.
    ПРИЧИНА: квота ДМЗИ исчерпана — все Load-дуги с доступным спросом идут на дороги с выбранным лимитом:
      · дорога ЗАБ, период 10: использовано 5 из 5 ваг.
  [s_idx  320] Абакан | тип=БКТ | ЕТСНГ=421208 | period=10 | mass_unload=false | осталось 10 из 13 ваг.
    ПРИЧИНА: квота ДМЗИ исчерпана — все Load-дуги с доступным спросом идут на дороги с выбранным лимитом:
      · дорога ЗАБ, период 10: использовано 5 из 5 ваг.
  [s_idx  321] Невель 1 | тип=Т | ЕТСНГ=011005 | period=10 | mass_unload=false | осталось 3 из 3 ваг.
    ПРИЧИНА: квота ДМЗИ исчерпана — все Load-дуги с доступным спросом идут на дороги с выбранным лимитом:
      · дорога ЗАБ, период 10: использовано 5 из 5 ваг.
  [s_idx  323] Невель 1 | тип=БК | ЕТСНГ=011005 | period=10 | mass_unload=false | осталось 1 из 1 ваг.
    ПРИЧИНА: квота ДМЗИ исчерпана — все Load-дуги с доступным спросом идут на дороги с выбранным лимитом:
      · дорога ЗАБ, период 10: использовано 5 из 5 ваг.
  [s_idx  324] Койданово | тип=БК | ЕТСНГ=542239 | period=10 | mass_unload=false | осталось 2 из 2 ваг.
    ПРИЧИНА: квота ДМЗИ исчерпана — все Load-дуги с доступным спросом идут на дороги с выбранным лимитом:
      · дорога ЗАБ, период 10: использовано 5 из 5 ваг.
  [s_idx  325] Новоельня | тип=БКТ | ЕТСНГ=542239 | period=10 | mass_unload=false | осталось 3 из 3 ваг.
    ПРИЧИНА: квота ДМЗИ исчерпана — все Load-дуги с доступным спросом идут на дороги с выбранным лимитом:
      · дорога ЗАБ, период 10: использовано 5 из 5 ваг.
  [s_idx  326] Правый Берег | тип=БК | ЕТСНГ=542224 | period=10 | mass_unload=false | осталось 14 из 14 ваг.
    ПРИЧИНА: квота ДМЗИ исчерпана — все Load-дуги с доступным спросом идут на дороги с выбранным лимитом:
      · дорога ЗАБ, период 10: использовано 5 из 5 ваг.
  [s_idx  327] Почеп | тип=БКТ | ЕТСНГ=542224 | period=10 | mass_unload=false | осталось 1 из 1 ваг.
    ПРИЧИНА: квота ДМЗИ исчерпана — все Load-дуги с доступным спросом идут на дороги с выбранным лимитом:
      · дорога ЗАБ, период 10: использовано 5 из 5 ваг.
  [s_idx  328] Жердевка | тип=БКТ | ЕТСНГ=542239 | period=10 | mass_unload=false | осталось 5 из 5 ваг.
    ПРИЧИНА: доступны только Wash-дуги (36 шт., мин. стоимость 238802 руб./ваг.). В модели Wash не имеет штрафа за незаполнение,
             а excess_supply бесплатный — отправка только увеличила бы obj, MIP корректно оставил вагоны в остатке.
  [s_idx  329] Правый Берег | тип=БКТ | ЕТСНГ=542224 | period=10 | mass_unload=false | осталось 29 из 29 ваг.
    ПРИЧИНА: квота ДМЗИ исчерпана — все Load-дуги с доступным спросом идут на дороги с выбранным лимитом:
      · дорога ЗАБ, период 10: использовано 5 из 5 ваг.
  [s_idx  330] Прохоровка | тип=Т | ЕТСНГ=018023 | period=10 | mass_unload=false | осталось 3 из 3 ваг.
    ПРИЧИНА: квота ДМЗИ исчерпана — все Load-дуги с доступным спросом идут на дороги с выбранным лимитом:
      · дорога ЗАБ, период 10: использовано 5 из 5 ваг.
  [s_idx  331] Смоленск | тип=БК | ЕТСНГ=542239 | period=10 | mass_unload=false | осталось 4 из 4 ваг.
    ПРИЧИНА: доступны только Wash-дуги (36 шт., мин. стоимость 245210 руб./ваг.). В модели Wash не имеет штрафа за незаполнение,
             а excess_supply бесплатный — отправка только увеличила бы obj, MIP корректно оставил вагоны в остатке.
  [s_idx  332] Жердевка | тип=БК | ЕТСНГ=542239 | period=10 | mass_unload=false | осталось 9 из 9 ваг.
    ПРИЧИНА: доступны только Wash-дуги (36 шт., мин. стоимость 238802 руб./ваг.). В модели Wash не имеет штрафа за незаполнение,
             а excess_supply бесплатный — отправка только увеличила бы obj, MIP корректно оставил вагоны в остатке.
  [s_idx  333] Бологое-Московское | тип=БКТ | ЕТСНГ=421034 | period=10 | mass_unload=false | осталось 1 из 1 ваг.
    ПРИЧИНА: квота ДМЗИ исчерпана — все Load-дуги с доступным спросом идут на дороги с выбранным лимитом:
      · дорога ЗАБ, период 10: использовано 5 из 5 ваг.
  [s_idx  334] Пламя | тип=БК | ЕТСНГ=— | period=10 | mass_unload=false | осталось 5 из 5 ваг.
    ПРИЧИНА: квота ДМЗИ исчерпана — все Load-дуги с доступным спросом идут на дороги с выбранным лимитом:
      · дорога ЗАБ, период 10: использовано 5 из 5 ваг.
  [s_idx  335] Автово (Экспорт) | тип=Т | ЕТСНГ=436025 | period=10 | mass_unload=false | осталось 12 из 12 ваг.
    ПРИЧИНА: квота ДМЗИ исчерпана — все Load-дуги с доступным спросом идут на дороги с выбранным лимитом:
      · дорога ЗАБ, период 10: использовано 5 из 5 ваг.
  [s_idx  337] Столбцы | тип=БК | ЕТСНГ=542239 | period=10 | mass_unload=false | осталось 1 из 1 ваг.
    ПРИЧИНА: квота ДМЗИ исчерпана — все Load-дуги с доступным спросом идут на дороги с выбранным лимитом:
      · дорога ЗАБ, период 10: использовано 5 из 5 ваг.
  [s_idx  338] Перелешино | тип=Т | ЕТСНГ=421208 | period=10 | mass_unload=false | осталось 1 из 1 ваг.
    ПРИЧИНА: квота ДМЗИ исчерпана — все Load-дуги с доступным спросом идут на дороги с выбранным лимитом:
      · дорога ЗАБ, период 10: использовано 5 из 5 ваг.
  [s_idx  339] Владимир | тип=БК | ЕТСНГ=011005 | period=10 | mass_unload=false | осталось 2 из 2 ваг.
    ПРИЧИНА: квота ДМЗИ исчерпана — все Load-дуги с доступным спросом идут на дороги с выбранным лимитом:
      · дорога ЗАБ, период 10: использовано 5 из 5 ваг.
  [s_idx  340] Порт Оля (Экспорт) | тип=БК | ЕТСНГ=— | period=10 | mass_unload=false | осталось 5 из 5 ваг.
    ПРИЧИНА: доступны только Wash-дуги (36 шт., мин. стоимость 242679 руб./ваг.). В модели Wash не имеет штрафа за незаполнение,
             а excess_supply бесплатный — отправка только увеличила бы obj, MIP корректно оставил вагоны в остатке.
  [s_idx  341] Ружино | тип=БК | ЕТСНГ=421208 | period=10 | mass_unload=false | осталось 5 из 5 ваг.
    ПРИЧИНА: квота ДМЗИ исчерпана — все Load-дуги с доступным спросом идут на дороги с выбранным лимитом:
      · дорога ЗАБ, период 10: использовано 5 из 5 ваг.
  [s_idx  342] Правый Берег (Экспорт) | тип=БКТ | ЕТСНГ=— | period=10 | mass_unload=false | осталось 3 из 3 ваг.
    ПРИЧИНА: доступны только Wash-дуги (36 шт., мин. стоимость 204385 руб./ваг.). В модели Wash не имеет штрафа за незаполнение,
             а excess_supply бесплатный — отправка только увеличила бы obj, MIP корректно оставил вагоны в остатке.
  [s_idx  343] Лиепая (Экспорт) | тип=БК | ЕТСНГ=542239 | period=10 | mass_unload=false | осталось 3 из 3 ваг.
    ПРИЧИНА: квота ДМЗИ исчерпана — все Load-дуги с доступным спросом идут на дороги с выбранным лимитом:
      · дорога ЗАБ, период 10: использовано 5 из 5 ваг.
  [s_idx  344] Лиепая (Экспорт) | тип=БКТ | ЕТСНГ=542188 | period=10 | mass_unload=false | осталось 5 из 5 ваг.
    ПРИЧИНА: квота ДМЗИ исчерпана — все Load-дуги с доступным спросом идут на дороги с выбранным лимитом:
      · дорога ЗАБ, период 10: использовано 5 из 5 ваг.
  [s_idx  345] Правый Берег (Экспорт) | тип=Т | ЕТСНГ=542224 | period=10 | mass_unload=false | осталось 5 из 5 ваг.
    ПРИЧИНА: квота ДМЗИ исчерпана — все Load-дуги с доступным спросом идут на дороги с выбранным лимитом:
      · дорога ЗАБ, период 10: использовано 5 из 5 ваг.
  [s_idx  346] Невель 1 | тип=БКТ | ЕТСНГ=014003 | period=10 | mass_unload=false | осталось 4 из 4 ваг.
    ПРИЧИНА: квота ДМЗИ исчерпана — все Load-дуги с доступным спросом идут на дороги с выбранным лимитом:
      · дорога ЗАБ, период 10: использовано 5 из 5 ваг.
  [s_idx  347] Шабран | тип=БКТ | ЕТСНГ=011005 | period=10 | mass_unload=false | осталось 3 из 3 ваг.
    ПРИЧИНА: квота ДМЗИ исчерпана — все Load-дуги с доступным спросом идут на дороги с выбранным лимитом:
      · дорога ЗАБ, период 10: использовано 5 из 5 ваг.
  [s_idx  348] Данилов | тип=БКТ | ЕТСНГ=542239 | period=10 | mass_unload=false | осталось 2 из 2 ваг.
    ПРИЧИНА: доступны только Wash-дуги (36 шт., мин. стоимость 242247 руб./ваг.). В модели Wash не имеет штрафа за незаполнение,
             а excess_supply бесплатный — отправка только увеличила бы obj, MIP корректно оставил вагоны в остатке.
  [s_idx  349] Ружино | тип=БКТ | ЕТСНГ=421208 | period=10 | mass_unload=false | осталось 6 из 6 ваг.
    ПРИЧИНА: квота ДМЗИ исчерпана — все Load-дуги с доступным спросом идут на дороги с выбранным лимитом:
      · дорога ЗАБ, период 10: использовано 5 из 5 ваг.
  [s_idx  350] Богоявленск | тип=БКТ | ЕТСНГ=542239 | period=10 | mass_unload=false | осталось 1 из 1 ваг.
    ПРИЧИНА: доступны только Wash-дуги (36 шт., мин. стоимость 237101 руб./ваг.). В модели Wash не имеет штрафа за незаполнение,
             а excess_supply бесплатный — отправка только увеличила бы obj, MIP корректно оставил вагоны в остатке.
  [s_idx  351] Рощино | тип=БК | ЕТСНГ=011005 | period=10 | mass_unload=false | осталось 1 из 1 ваг.
    ПРИЧИНА: квота ДМЗИ исчерпана — все Load-дуги с доступным спросом идут на дороги с выбранным лимитом:
      · дорога ЗАБ, период 10: использовано 5 из 5 ваг.
  [s_idx  352] Тербуны | тип=БКТ | ЕТСНГ=542239 | period=10 | mass_unload=false | осталось 1 из 1 ваг.
    ПРИЧИНА: доступны только Wash-дуги (36 шт., мин. стоимость 237899 руб./ваг.). В модели Wash не имеет штрафа за незаполнение,
             а excess_supply бесплатный — отправка только увеличила бы obj, MIP корректно оставил вагоны в остатке.
  [s_idx  353] Алексеевская | тип=БКТ | ЕТСНГ=— | period=10 | mass_unload=false | осталось 9 из 9 ваг.
    ПРИЧИНА: квота ДМЗИ исчерпана — все Load-дуги с доступным спросом идут на дороги с выбранным лимитом:
      · дорога ЗАБ, период 10: использовано 5 из 5 ваг.
  [s_idx  354] Коченево | тип=Т | ЕТСНГ=542239 | period=10 | mass_unload=false | осталось 1 из 1 ваг.
    ПРИЧИНА: доступны только Wash-дуги (36 шт., мин. стоимость 202918 руб./ваг.). В модели Wash не имеет штрафа за незаполнение,
             а excess_supply бесплатный — отправка только увеличила бы obj, MIP корректно оставил вагоны в остатке.
  [s_idx  355] Невдубстрой | тип=БК | ЕТСНГ=021100 | period=10 | mass_unload=true | осталось 2 из 2 ваг.
    ПРИЧИНА: квота ДМЗИ исчерпана — все Load-дуги с доступным спросом идут на дороги с выбранным лимитом:
      · дорога ЗАБ, период 10: использовано 5 из 5 ваг.
  [s_idx  356] Россошь | тип=Т | ЕТСНГ=431089 | period=10 | mass_unload=false | осталось 1 из 1 ваг.
    ПРИЧИНА: квота ДМЗИ исчерпана — все Load-дуги с доступным спросом идут на дороги с выбранным лимитом:
      · дорога ЗАБ, период 10: использовано 5 из 5 ваг.
  [s_idx  357] Старый Оскол | тип=Т | ЕТСНГ=421195 | period=10 | mass_unload=false | осталось 2 из 2 ваг.
    ПРИЧИНА: квота ДМЗИ исчерпана — все Load-дуги с доступным спросом идут на дороги с выбранным лимитом:
      · дорога ЗАБ, период 10: использовано 5 из 5 ваг.
  [s_idx  358] Береза-картузская | тип=БКТ | ЕТСНГ=542239 | period=10 | mass_unload=false | осталось 2 из 2 ваг.
    ПРИЧИНА: квота ДМЗИ исчерпана — все Load-дуги с доступным спросом идут на дороги с выбранным лимитом:
      · дорога ЗАБ, период 10: использовано 5 из 5 ваг.
  [s_idx  359] Новоперелюбская | тип=Т | ЕТСНГ=421034 | period=10 | mass_unload=false | осталось 2 из 2 ваг.
    ПРИЧИНА: квота ДМЗИ исчерпана — все Load-дуги с доступным спросом идут на дороги с выбранным лимитом:
      · дорога ЗАБ, период 10: использовано 5 из 5 ваг.
  [s_idx  360] Правый Берег | тип=БКТ | ЕТСНГ=014003 | period=10 | mass_unload=false | осталось 11 из 11 ваг.
    ПРИЧИНА: квота ДМЗИ исчерпана — все Load-дуги с доступным спросом идут на дороги с выбранным лимитом:
      · дорога ЗАБ, период 10: использовано 5 из 5 ваг.
  [s_idx  361] Вайвара | тип=БК | ЕТСНГ=542224 | period=10 | mass_unload=false | осталось 2 из 2 ваг.
    ПРИЧИНА: квота ДМЗИ исчерпана — все Load-дуги с доступным спросом идут на дороги с выбранным лимитом:
      · дорога ЗАБ, период 10: использовано 5 из 5 ваг.
  [s_idx  362] Эльтон | тип=БК | ЕТСНГ=421034 | period=10 | mass_unload=false | осталось 1 из 1 ваг.
    ПРИЧИНА: квота ДМЗИ исчерпана — все Load-дуги с доступным спросом идут на дороги с выбранным лимитом:
      · дорога ЗАБ, период 10: использовано 5 из 5 ваг.
  [s_idx  363] Самаевка | тип=Т | ЕТСНГ=421034 | period=10 | mass_unload=false | осталось 2 из 2 ваг.
    ПРИЧИНА: квота ДМЗИ исчерпана — все Load-дуги с доступным спросом идут на дороги с выбранным лимитом:
      · дорога ЗАБ, период 10: использовано 5 из 5 ваг.
  [s_idx  364] Дунайка | тип=Т | ЕТСНГ=014003 | period=10 | mass_unload=false | осталось 6 из 6 ваг.
    ПРИЧИНА: квота ДМЗИ исчерпана — все Load-дуги с доступным спросом идут на дороги с выбранным лимитом:
      · дорога ЗАБ, период 10: использовано 5 из 5 ваг.
  [s_idx  365] Забайкальск (Экспорт на КЖД [Китай]) | тип=БК | ЕТСНГ=014003 | period=10 | mass_unload=false | осталось 6 из 6 ваг.
    ПРИЧИНА: квота ДМЗИ исчерпана — все Load-дуги с доступным спросом идут на дороги с выбранным лимитом:
      · дорога ЗАБ, период 10: использовано 5 из 5 ваг.
  [s_idx  366] Наушки (Экспорт АО «УБЖД»: участок Улаанбаатар (вкл.) и далее) | тип=БК | ЕТСНГ=011005 | period=10 | mass_unload=false | осталось 16 из 16 ваг.
    ПРИЧИНА: квота ДМЗИ исчерпана — все Load-дуги с доступным спросом идут на дороги с выбранным лимитом:
      · дорога ЗАБ, период 10: использовано 5 из 5 ваг.
  [s_idx  367] Новороссийск | тип=БКТ | ЕТСНГ=018038 | period=10 | mass_unload=false | осталось 1 из 1 ваг.
    ПРИЧИНА: квота ДМЗИ исчерпана — все Load-дуги с доступным спросом идут на дороги с выбранным лимитом:
      · дорога ЗАБ, период 10: использовано 5 из 5 ваг.
  [s_idx  369] Балашов 1 | тип=БКТ | ЕТСНГ=— | period=10 | mass_unload=false | осталось 1 из 1 ваг.
    ПРИЧИНА: квота ДМЗИ исчерпана — все Load-дуги с доступным спросом идут на дороги с выбранным лимитом:
      · дорога ЗАБ, период 10: использовано 5 из 5 ваг.
  [s_idx  370] Наушки (Экспорт АО «УБЖД»: участок Улаанбаатар (вкл.) и далее) | тип=Т | ЕТСНГ=011005 | period=10 | mass_unload=false | осталось 8 из 8 ваг.
    ПРИЧИНА: квота ДМЗИ исчерпана — все Load-дуги с доступным спросом идут на дороги с выбранным лимитом:
      · дорога ЗАБ, период 10: использовано 5 из 5 ваг.
  [s_idx  371] Бишкек 1 | тип=БК | ЕТСНГ=011005 | period=10 | mass_unload=false | осталось 12 из 12 ваг.
    ПРИЧИНА: квота ДМЗИ исчерпана — все Load-дуги с доступным спросом идут на дороги с выбранным лимитом:
      · дорога ЗАБ, период 10: использовано 5 из 5 ваг.
  [s_idx  372] Поярково | тип=БК | ЕТСНГ=018023 | period=10 | mass_unload=false | осталось 5 из 5 ваг.
    ПРИЧИНА: квота ДМЗИ исчерпана — все Load-дуги с доступным спросом идут на дороги с выбранным лимитом:
      · дорога ЗАБ, период 10: использовано 5 из 5 ваг.
  [s_idx  373] Ереван | тип=БКТ | ЕТСНГ=011005 | period=10 | mass_unload=false | осталось 16 из 16 ваг.
    ПРИЧИНА: квота ДМЗИ исчерпана — все Load-дуги с доступным спросом идут на дороги с выбранным лимитом:
      · дорога ЗАБ, период 10: использовано 5 из 5 ваг.
  [s_idx  374] Гори | тип=Т | ЕТСНГ=018112 | period=10 | mass_unload=false | осталось 4 из 4 ваг.
    ПРИЧИНА: квота ДМЗИ исчерпана — все Load-дуги с доступным спросом идут на дороги с выбранным лимитом:
      · дорога ЗАБ, период 10: использовано 5 из 5 ваг.
  [s_idx  375] Токмово | тип=БК | ЕТСНГ=421034 | period=10 | mass_unload=false | осталось 5 из 5 ваг.
    ПРИЧИНА: квота ДМЗИ исчерпана — все Load-дуги с доступным спросом идут на дороги с выбранным лимитом:
      · дорога ЗАБ, период 10: использовано 5 из 5 ваг.
  [s_idx  376] Смоленск | тип=БКТ | ЕТСНГ=542239 | period=10 | mass_unload=false | осталось 6 из 6 ваг.
    ПРИЧИНА: доступны только Wash-дуги (36 шт., мин. стоимость 245210 руб./ваг.). В модели Wash не имеет штрафа за незаполнение,
             а excess_supply бесплатный — отправка только увеличила бы obj, MIP корректно оставил вагоны в остатке.
  [s_idx  377] Куликово Поле | тип=Т | ЕТСНГ=421034 | period=10 | mass_unload=false | осталось 4 из 4 ваг.
    ПРИЧИНА: квота ДМЗИ исчерпана — все Load-дуги с доступным спросом идут на дороги с выбранным лимитом:
      · дорога ЗАБ, период 10: использовано 5 из 5 ваг.
  [s_idx  378] Прудбой | тип=БКТ | ЕТСНГ=421034 | period=10 | mass_unload=false | осталось 3 из 3 ваг.
    ПРИЧИНА: квота ДМЗИ исчерпана — все Load-дуги с доступным спросом идут на дороги с выбранным лимитом:
      · дорога ЗАБ, период 10: использовано 5 из 5 ваг.
  [s_idx  379] Алексеевка | тип=БКТ | ЕТСНГ=021098 | period=10 | mass_unload=false | осталось 3 из 3 ваг.
    ПРИЧИНА: квота ДМЗИ исчерпана — все Load-дуги с доступным спросом идут на дороги с выбранным лимитом:
      · дорога ЗАБ, период 10: использовано 5 из 5 ваг.
  [s_idx  380] Чемской | тип=БКТ | ЕТСНГ=014003 | period=10 | mass_unload=false | осталось 4 из 4 ваг.
    ПРИЧИНА: квота ДМЗИ исчерпана — все Load-дуги с доступным спросом идут на дороги с выбранным лимитом:
      · дорога ЗАБ, период 10: использовано 5 из 5 ваг.
  [s_idx  381] Латная | тип=БКТ | ЕТСНГ=— | period=10 | mass_unload=false | осталось 3 из 3 ваг.
    ПРИЧИНА: квота ДМЗИ исчерпана — все Load-дуги с доступным спросом идут на дороги с выбранным лимитом:
      · дорога ЗАБ, период 10: использовано 5 из 5 ваг.
  [s_idx  382] Ростов-Западный | тип=БКТ | ЕТСНГ=014003 | period=10 | mass_unload=false | осталось 5 из 5 ваг.
    ПРИЧИНА: квота ДМЗИ исчерпана — все Load-дуги с доступным спросом идут на дороги с выбранным лимитом:
      · дорога ЗАБ, период 10: использовано 5 из 5 ваг.
  [s_idx  383] Сасово | тип=БКТ | ЕТСНГ=421195 | period=10 | mass_unload=false | осталось 4 из 4 ваг.
    ПРИЧИНА: квота ДМЗИ исчерпана — все Load-дуги с доступным спросом идут на дороги с выбранным лимитом:
      · дорога ЗАБ, период 10: использовано 5 из 5 ваг.
  [s_idx  384] Токмово | тип=Т | ЕТСНГ=421034 | period=10 | mass_unload=false | осталось 4 из 4 ваг.
    ПРИЧИНА: квота ДМЗИ исчерпана — все Load-дуги с доступным спросом идут на дороги с выбранным лимитом:
      · дорога ЗАБ, период 10: использовано 5 из 5 ваг.
  [s_idx  385] Ейск | тип=БКТ | ЕТСНГ=505032 | period=10 | mass_unload=false | осталось 1 из 1 ваг.
    ПРИЧИНА: доступны только Wash-дуги (36 шт., мин. стоимость 239154 руб./ваг.). В модели Wash не имеет штрафа за незаполнение,
             а excess_supply бесплатный — отправка только увеличила бы obj, MIP корректно оставил вагоны в остатке.
  [s_idx  386] Ленинск | тип=БКТ | ЕТСНГ=421034 | period=10 | mass_unload=false | осталось 1 из 1 ваг.
    ПРИЧИНА: квота ДМЗИ исчерпана — все Load-дуги с доступным спросом идут на дороги с выбранным лимитом:
      · дорога ЗАБ, период 10: использовано 5 из 5 ваг.
  [s_idx  387] Алексеевка | тип=Т | ЕТСНГ=021098 | period=10 | mass_unload=false | осталось 2 из 2 ваг.
    ПРИЧИНА: квота ДМЗИ исчерпана — все Load-дуги с доступным спросом идут на дороги с выбранным лимитом:
      · дорога ЗАБ, период 10: использовано 5 из 5 ваг.
  [s_idx  388] Эльтон | тип=Т | ЕТСНГ=421034 | period=10 | mass_unload=false | осталось 4 из 4 ваг.
    ПРИЧИНА: квота ДМЗИ исчерпана — все Load-дуги с доступным спросом идут на дороги с выбранным лимитом:
      · дорога ЗАБ, период 10: использовано 5 из 5 ваг.
  [s_idx  389] Ютаза | тип=БК | ЕТСНГ=421034 | period=10 | mass_unload=false | осталось 4 из 4 ваг.
    ПРИЧИНА: квота ДМЗИ исчерпана — все Load-дуги с доступным спросом идут на дороги с выбранным лимитом:
      · дорога ЗАБ, период 10: использовано 5 из 5 ваг.
  [s_idx  390] Уруссу | тип=БКТ | ЕТСНГ=421034 | period=10 | mass_unload=false | осталось 2 из 2 ваг.
    ПРИЧИНА: квота ДМЗИ исчерпана — все Load-дуги с доступным спросом идут на дороги с выбранным лимитом:
      · дорога ЗАБ, период 10: использовано 5 из 5 ваг.
  [s_idx  391] Новосибирск-Западный | тип=БК | ЕТСНГ=— | period=10 | mass_unload=false | осталось 5 из 5 ваг.
    ПРИЧИНА: квота ДМЗИ исчерпана — все Load-дуги с доступным спросом идут на дороги с выбранным лимитом:
      · дорога ЗАБ, период 10: использовано 5 из 5 ваг.
  [s_idx  392] Воронеж-Курский | тип=БКТ | ЕТСНГ=— | period=10 | mass_unload=false | осталось 5 из 5 ваг.
    ПРИЧИНА: квота ДМЗИ исчерпана — все Load-дуги с доступным спросом идут на дороги с выбранным лимитом:
      · дорога ЗАБ, период 10: использовано 5 из 5 ваг.
  [s_idx  393] Усолье-Сибирское | тип=БКТ | ЕТСНГ=421034 | period=10 | mass_unload=false | осталось 2 из 2 ваг.
    ПРИЧИНА: квота ДМЗИ исчерпана — все Load-дуги с доступным спросом идут на дороги с выбранным лимитом:
      · дорога ЗАБ, период 10: использовано 5 из 5 ваг.
  [s_idx  394] Порт Оля (Экспорт) | тип=БК | ЕТСНГ=542239 | period=10 | mass_unload=false | осталось 17 из 17 ваг.
    ПРИЧИНА: доступны только Wash-дуги (36 шт., мин. стоимость 242679 руб./ваг.). В модели Wash не имеет штрафа за незаполнение,
             а excess_supply бесплатный — отправка только увеличила бы obj, MIP корректно оставил вагоны в остатке.
  [s_idx  395] Черниковка | тип=Т | ЕТСНГ=018112 | period=10 | mass_unload=false | осталось 2 из 2 ваг.
    ПРИЧИНА: квота ДМЗИ исчерпана — все Load-дуги с доступным спросом идут на дороги с выбранным лимитом:
      · дорога ЗАБ, период 10: использовано 5 из 5 ваг.
  [s_idx  396] Черниковка | тип=БК | ЕТСНГ=018112 | period=10 | mass_unload=false | осталось 3 из 3 ваг.
    ПРИЧИНА: квота ДМЗИ исчерпана — все Load-дуги с доступным спросом идут на дороги с выбранным лимитом:
      · дорога ЗАБ, период 10: использовано 5 из 5 ваг.
  [s_idx  397] Парнас | тип=БК | ЕТСНГ=018112 | period=10 | mass_unload=false | осталось 5 из 5 ваг.
    ПРИЧИНА: квота ДМЗИ исчерпана — все Load-дуги с доступным спросом идут на дороги с выбранным лимитом:
      · дорога ЗАБ, период 10: использовано 5 из 5 ваг.
  [s_idx  398] Новосибирск-Западный | тип=БКТ | ЕТСНГ=014003 | period=10 | mass_unload=false | осталось 2 из 2 ваг.
    ПРИЧИНА: квота ДМЗИ исчерпана — все Load-дуги с доступным спросом идут на дороги с выбранным лимитом:
      · дорога ЗАБ, период 10: использовано 5 из 5 ваг.
  [s_idx  399] Воронеж-Курский | тип=БКТ | ЕТСНГ=018112 | period=10 | mass_unload=false | осталось 1 из 1 ваг.
    ПРИЧИНА: квота ДМЗИ исчерпана — все Load-дуги с доступным спросом идут на дороги с выбранным лимитом:
      · дорога ЗАБ, период 10: использовано 5 из 5 ваг.
  [s_idx  400] Хабаровск 1 | тип=БКТ | ЕТСНГ=018112 | period=10 | mass_unload=false | осталось 5 из 7 ваг.
    ПРИЧИНА: квота ДМЗИ исчерпана — все Load-дуги с доступным спросом идут на дороги с выбранным лимитом:
      · дорога ЗАБ, период 10: использовано 5 из 5 ваг.
  [s_idx  401] Ростов-Западный | тип=БКТ | ЕТСНГ=018112 | period=10 | mass_unload=false | осталось 2 из 2 ваг.
    ПРИЧИНА: квота ДМЗИ исчерпана — все Load-дуги с доступным спросом идут на дороги с выбранным лимитом:
      · дорога ЗАБ, период 10: использовано 5 из 5 ваг.
  [s_idx  402] Бардино | тип=БКТ | ЕТСНГ=542239 | period=10 | mass_unload=false | осталось 1 из 1 ваг.
    ПРИЧИНА: доступны только Wash-дуги (36 шт., мин. стоимость 278876 руб./ваг.). В модели Wash не имеет штрафа за незаполнение,
             а excess_supply бесплатный — отправка только увеличила бы obj, MIP корректно оставил вагоны в остатке.
  [s_idx  404] Сморгонь | тип=БКТ | ЕТСНГ=021083 | period=10 | mass_unload=false | осталось 3 из 3 ваг.
    ПРИЧИНА: квота ДМЗИ исчерпана — все Load-дуги с доступным спросом идут на дороги с выбранным лимитом:
      · дорога ЗАБ, период 10: использовано 5 из 5 ваг.
  [s_idx  405] Толмачево | тип=БКТ | ЕТСНГ=014003 | period=10 | mass_unload=false | осталось 1 из 1 ваг.
    ПРИЧИНА: квота ДМЗИ исчерпана — все Load-дуги с доступным спросом идут на дороги с выбранным лимитом:
      · дорога ЗАБ, период 10: использовано 5 из 5 ваг.
  [s_idx  406] Холщевики | тип=БК | ЕТСНГ=011005 | period=10 | mass_unload=false | осталось 6 из 6 ваг.
    ПРИЧИНА: квота ДМЗИ исчерпана — все Load-дуги с доступным спросом идут на дороги с выбранным лимитом:
      · дорога ЗАБ, период 10: использовано 5 из 5 ваг.
  [s_idx  407] Порт Оля (Экспорт) | тип=БКТ | ЕТСНГ=542224 | period=10 | mass_unload=false | осталось 3 из 3 ваг.
    ПРИЧИНА: квота ДМЗИ исчерпана — все Load-дуги с доступным спросом идут на дороги с выбранным лимитом:
      · дорога ЗАБ, период 10: использовано 5 из 5 ваг.
  [s_idx  408] Тверь | тип=БК | ЕТСНГ=011005 | period=10 | mass_unload=false | осталось 1 из 1 ваг.
    ПРИЧИНА: квота ДМЗИ исчерпана — все Load-дуги с доступным спросом идут на дороги с выбранным лимитом:
      · дорога ЗАБ, период 10: использовано 5 из 5 ваг.
  [s_idx  409] Унеча | тип=БКТ | ЕТСНГ=421195 | period=10 | mass_unload=false | осталось 2 из 2 ваг.
    ПРИЧИНА: квота ДМЗИ исчерпана — все Load-дуги с доступным спросом идут на дороги с выбранным лимитом:
      · дорога ЗАБ, период 10: использовано 5 из 5 ваг.
  [s_idx  410] Невель 1 | тип=БКТ | ЕТСНГ=011005 | period=10 | mass_unload=false | осталось 8 из 8 ваг.
    ПРИЧИНА: квота ДМЗИ исчерпана — все Load-дуги с доступным спросом идут на дороги с выбранным лимитом:
      · дорога ЗАБ, период 10: использовано 5 из 5 ваг.
  [s_idx  411] Блюхер (Экспорт) | тип=БК | ЕТСНГ=011005 | period=10 | mass_unload=false | осталось 4 из 4 ваг.
    ПРИЧИНА: квота ДМЗИ исчерпана — все Load-дуги с доступным спросом идут на дороги с выбранным лимитом:
      · дорога ЗАБ, период 10: использовано 5 из 5 ваг.
  [s_idx  412] Лужская (Экспорт) | тип=БКТ | ЕТСНГ=434034 | period=10 | mass_unload=false | осталось 1 из 1 ваг.
    ПРИЧИНА: квота ДМЗИ исчерпана — все Load-дуги с доступным спросом идут на дороги с выбранным лимитом:
      · дорога ЗАБ, период 10: использовано 5 из 5 ваг.
  [s_idx  413] Правый Берег | тип=БКТ | ЕТСНГ=542224 | period=10 | mass_unload=false | осталось 2 из 2 ваг.
    ПРИЧИНА: квота ДМЗИ исчерпана — все Load-дуги с доступным спросом идут на дороги с выбранным лимитом:
      · дорога ЗАБ, период 10: использовано 5 из 5 ваг.
  [s_idx  414] Правый Берег | тип=Т | ЕТСНГ=542224 | period=10 | mass_unload=false | осталось 1 из 1 ваг.
    ПРИЧИНА: квота ДМЗИ исчерпана — все Load-дуги с доступным спросом идут на дороги с выбранным лимитом:
      · дорога ЗАБ, период 10: использовано 5 из 5 ваг.
  [s_idx  415] Зиемельблазма (Экспорт) | тип=БК | ЕТСНГ=542239 | period=10 | mass_unload=false | осталось 5 из 5 ваг.
    ПРИЧИНА: квота ДМЗИ исчерпана — все Load-дуги с доступным спросом идут на дороги с выбранным лимитом:
      · дорога ЗАБ, период 10: использовано 5 из 5 ваг.
  [s_idx  416] Придонская | тип=БК | ЕТСНГ=— | period=10 | mass_unload=false | осталось 2 из 2 ваг.
    ПРИЧИНА: квота ДМЗИ исчерпана — все Load-дуги с доступным спросом идут на дороги с выбранным лимитом:
      · дорога ЗАБ, период 10: использовано 5 из 5 ваг.
  [s_idx  417] Порт Оля (Экспорт) | тип=Т | ЕТСНГ=542239 | period=10 | mass_unload=false | осталось 1 из 1 ваг.
    ПРИЧИНА: доступны только Wash-дуги (36 шт., мин. стоимость 242679 руб./ваг.). В модели Wash не имеет штрафа за незаполнение,
             а excess_supply бесплатный — отправка только увеличила бы obj, MIP корректно оставил вагоны в остатке.
  [s_idx  418] Сендега | тип=БК | ЕТСНГ=542239 | period=10 | mass_unload=false | осталось 1 из 1 ваг.
    ПРИЧИНА: доступны только Wash-дуги (36 шт., мин. стоимость 236828 руб./ваг.). В модели Wash не имеет штрафа за незаполнение,
             а excess_supply бесплатный — отправка только увеличила бы obj, MIP корректно оставил вагоны в остатке.
  [s_idx  419] Уза | тип=Т | ЕТСНГ=542239 | period=10 | mass_unload=false | осталось 2 из 2 ваг.
    ПРИЧИНА: квота ДМЗИ исчерпана — все Load-дуги с доступным спросом идут на дороги с выбранным лимитом:
      · дорога ЗАБ, период 10: использовано 5 из 5 ваг.
  [s_idx  420] Металлист | тип=Т | ЕТСНГ=542239 | period=10 | mass_unload=false | осталось 2 из 2 ваг.
    ПРИЧИНА: доступны только Wash-дуги (36 шт., мин. стоимость 239116 руб./ваг.). В модели Wash не имеет штрафа за незаполнение,
             а excess_supply бесплатный — отправка только увеличила бы obj, MIP корректно оставил вагоны в остатке.
  [s_idx  421] Невель 1 | тип=Т | ЕТСНГ=014003 | period=10 | mass_unload=false | осталось 1 из 1 ваг.
    ПРИЧИНА: квота ДМЗИ исчерпана — все Load-дуги с доступным спросом идут на дороги с выбранным лимитом:
      · дорога ЗАБ, период 10: использовано 5 из 5 ваг.
  [s_idx  422] Охангарон | тип=БКТ | ЕТСНГ=542050 | period=10 | mass_unload=false | осталось 3 из 3 ваг.
    ПРИЧИНА: квота ДМЗИ исчерпана — все Load-дуги с доступным спросом идут на дороги с выбранным лимитом:
      · дорога ЗАБ, период 10: использовано 5 из 5 ваг.
  [s_idx  423] Раненбург | тип=БКТ | ЕТСНГ=421208 | period=10 | mass_unload=false | осталось 6 из 6 ваг.
    ПРИЧИНА: квота ДМЗИ исчерпана — все Load-дуги с доступным спросом идут на дороги с выбранным лимитом:
      · дорога ЗАБ, период 10: использовано 5 из 5 ваг.
  [s_idx  424] Душанбе 2 | тип=БК | ЕТСНГ=542050 | period=10 | mass_unload=false | осталось 1 из 1 ваг.
    ПРИЧИНА: квота ДМЗИ исчерпана — все Load-дуги с доступным спросом идут на дороги с выбранным лимитом:
      · дорога ЗАБ, период 10: использовано 5 из 5 ваг.
  [s_idx  425] Зиемельблазма (Экспорт) | тип=Т | ЕТСНГ=542072 | period=10 | mass_unload=false | осталось 1 из 1 ваг.
    ПРИЧИНА: квота ДМЗИ исчерпана — все Load-дуги с доступным спросом идут на дороги с выбранным лимитом:
      · дорога ЗАБ, период 10: использовано 5 из 5 ваг.
  [s_idx  426] Красное Знамя | тип=БК | ЕТСНГ=421034 | period=10 | mass_unload=false | осталось 7 из 7 ваг.
    ПРИЧИНА: квота ДМЗИ исчерпана — все Load-дуги с доступным спросом идут на дороги с выбранным лимитом:
      · дорога ЗАБ, период 10: использовано 5 из 5 ваг.
  [s_idx  427] Охангарон | тип=БК | ЕТСНГ=542050 | period=10 | mass_unload=false | осталось 2 из 2 ваг.
    ПРИЧИНА: квота ДМЗИ исчерпана — все Load-дуги с доступным спросом идут на дороги с выбранным лимитом:
      · дорога ЗАБ, период 10: использовано 5 из 5 ваг.
  [s_idx  428] Правый Берег (Экспорт) | тип=Т | ЕТСНГ=— | period=10 | mass_unload=false | осталось 3 из 3 ваг.
    ПРИЧИНА: квота ДМЗИ исчерпана — все Load-дуги с доступным спросом идут на дороги с выбранным лимитом:
      · дорога ЗАБ, период 10: использовано 5 из 5 ваг.
  [s_idx  429] Готня | тип=БК | ЕТСНГ=542239 | period=10 | mass_unload=false | осталось 4 из 4 ваг.
    ПРИЧИНА: доступны только Wash-дуги (36 шт., мин. стоимость 276366 руб./ваг.). В модели Wash не имеет штрафа за незаполнение,
             а excess_supply бесплатный — отправка только увеличила бы obj, MIP корректно оставил вагоны в остатке.
  [s_idx  430] Худжанд | тип=БКТ | ЕТСНГ=542050 | period=10 | mass_unload=false | осталось 3 из 3 ваг.
    ПРИЧИНА: квота ДМЗИ исчерпана — все Load-дуги с доступным спросом идут на дороги с выбранным лимитом:
      · дорога ЗАБ, период 10: использовано 5 из 5 ваг.
  [s_idx  431] Красное Знамя | тип=БКТ | ЕТСНГ=421034 | period=10 | mass_unload=false | осталось 10 из 10 ваг.
    ПРИЧИНА: квота ДМЗИ исчерпана — все Load-дуги с доступным спросом идут на дороги с выбранным лимитом:
      · дорога ЗАБ, период 10: использовано 5 из 5 ваг.
  [s_idx  432] Мурманские Ворота | тип=БКТ | ЕТСНГ=011005 | period=10 | mass_unload=false | осталось 1 из 1 ваг.
    ПРИЧИНА: квота ДМЗИ исчерпана — все Load-дуги с доступным спросом идут на дороги с выбранным лимитом:
      · дорога ЗАБ, период 10: использовано 5 из 5 ваг.
  [s_idx  433] Рощино | тип=БКТ | ЕТСНГ=011005 | period=10 | mass_unload=false | осталось 1 из 1 ваг.
    ПРИЧИНА: квота ДМЗИ исчерпана — все Load-дуги с доступным спросом идут на дороги с выбранным лимитом:
      · дорога ЗАБ, период 10: использовано 5 из 5 ваг.
  [s_idx  434] Старый Оскол | тип=БК | ЕТСНГ=421195 | period=10 | mass_unload=false | осталось 4 из 4 ваг.
    ПРИЧИНА: квота ДМЗИ исчерпана — все Load-дуги с доступным спросом идут на дороги с выбранным лимитом:
      · дорога ЗАБ, период 10: использовано 5 из 5 ваг.
  [s_idx  435] Самаевка | тип=БК | ЕТСНГ=421034 | period=10 | mass_unload=false | осталось 1 из 1 ваг.
    ПРИЧИНА: квота ДМЗИ исчерпана — все Load-дуги с доступным спросом идут на дороги с выбранным лимитом:
      · дорога ЗАБ, период 10: использовано 5 из 5 ваг.
  [s_idx  436] Прудбой | тип=Т | ЕТСНГ=421034 | period=10 | mass_unload=false | осталось 1 из 1 ваг.
    ПРИЧИНА: квота ДМЗИ исчерпана — все Load-дуги с доступным спросом идут на дороги с выбранным лимитом:
      · дорога ЗАБ, период 10: использовано 5 из 5 ваг.
  [s_idx  437] Суровикино | тип=БК | ЕТСНГ=421034 | period=10 | mass_unload=false | осталось 5 из 5 ваг.
    ПРИЧИНА: квота ДМЗИ исчерпана — все Load-дуги с доступным спросом идут на дороги с выбранным лимитом:
      · дорога ЗАБ, период 10: использовано 5 из 5 ваг.
  [s_idx  438] Гори | тип=БКТ | ЕТСНГ=018112 | period=10 | mass_unload=false | осталось 7 из 7 ваг.
    ПРИЧИНА: квота ДМЗИ исчерпана — все Load-дуги с доступным спросом идут на дороги с выбранным лимитом:
      · дорога ЗАБ, период 10: использовано 5 из 5 ваг.
  [s_idx  439] Томылово | тип=Т | ЕТСНГ=421034 | period=10 | mass_unload=false | осталось 5 из 5 ваг.
    ПРИЧИНА: квота ДМЗИ исчерпана — все Load-дуги с доступным спросом идут на дороги с выбранным лимитом:
      · дорога ЗАБ, период 10: использовано 5 из 5 ваг.
  [s_idx  440] Переволоки | тип=БК | ЕТСНГ=421034 | period=10 | mass_unload=false | осталось 1 из 1 ваг.
    ПРИЧИНА: квота ДМЗИ исчерпана — все Load-дуги с доступным спросом идут на дороги с выбранным лимитом:
      · дорога ЗАБ, период 10: использовано 5 из 5 ваг.
  [s_idx  441] Галич | тип=БК | ЕТСНГ=011005 | period=10 | mass_unload=false | осталось 4 из 4 ваг.
    ПРИЧИНА: квота ДМЗИ исчерпана — все Load-дуги с доступным спросом идут на дороги с выбранным лимитом:
      · дорога ЗАБ, период 10: использовано 5 из 5 ваг.
  [s_idx  442] Сморгонь | тип=Т | ЕТСНГ=021083 | period=10 | mass_unload=false | осталось 3 из 3 ваг.
    ПРИЧИНА: квота ДМЗИ исчерпана — все Load-дуги с доступным спросом идут на дороги с выбранным лимитом:
      · дорога ЗАБ, период 10: использовано 5 из 5 ваг.
  [s_idx  443] Пишля | тип=БК | ЕТСНГ=421034 | period=10 | mass_unload=false | осталось 2 из 2 ваг.
    ПРИЧИНА: квота ДМЗИ исчерпана — все Load-дуги с доступным спросом идут на дороги с выбранным лимитом:
      · дорога ЗАБ, период 10: использовано 5 из 5 ваг.
  [s_idx  444] Лужская (Экспорт) | тип=БКТ | ЕТСНГ=011005 | period=10 | mass_unload=false | осталось 5 из 5 ваг.
    ПРИЧИНА: квота ДМЗИ исчерпана — все Load-дуги с доступным спросом идут на дороги с выбранным лимитом:
      · дорога ЗАБ, период 10: использовано 5 из 5 ваг.
  [s_idx  445] Чемской | тип=БКТ | ЕТСНГ=— | period=10 | mass_unload=false | осталось 1 из 1 ваг.
    ПРИЧИНА: квота ДМЗИ исчерпана — все Load-дуги с доступным спросом идут на дороги с выбранным лимитом:
      · дорога ЗАБ, период 10: использовано 5 из 5 ваг.
  [s_idx  446] Сероглазово | тип=БКТ | ЕТСНГ=421034 | period=10 | mass_unload=false | осталось 9 из 9 ваг.
    ПРИЧИНА: квота ДМЗИ исчерпана — все Load-дуги с доступным спросом идут на дороги с выбранным лимитом:
      · дорога ЗАБ, период 10: использовано 5 из 5 ваг.
  [s_idx  447] Правый Берег (Экспорт) | тип=БК | ЕТСНГ=542224 | period=10 | mass_unload=false | осталось 3 из 3 ваг.
    ПРИЧИНА: квота ДМЗИ исчерпана — все Load-дуги с доступным спросом идут на дороги с выбранным лимитом:
      · дорога ЗАБ, период 10: использовано 5 из 5 ваг.
  [s_idx  448] Чемской | тип=БК | ЕТСНГ=— | period=10 | mass_unload=false | осталось 1 из 1 ваг.
    ПРИЧИНА: квота ДМЗИ исчерпана — все Load-дуги с доступным спросом идут на дороги с выбранным лимитом:
      · дорога ЗАБ, период 10: использовано 5 из 5 ваг.
  [s_idx  449] Сосыка-Ейская | тип=БК | ЕТСНГ=421208 | period=10 | mass_unload=false | осталось 10 из 10 ваг.
    ПРИЧИНА: квота ДМЗИ исчерпана — все Load-дуги с доступным спросом идут на дороги с выбранным лимитом:
      · дорога ЗАБ, период 10: использовано 5 из 5 ваг.
  [s_idx  451] Моршанск | тип=БК | ЕТСНГ=421034 | period=10 | mass_unload=false | осталось 4 из 4 ваг.
    ПРИЧИНА: квота ДМЗИ исчерпана — все Load-дуги с доступным спросом идут на дороги с выбранным лимитом:
      · дорога ЗАБ, период 10: использовано 5 из 5 ваг.
  [s_idx  452] Хованщина | тип=Т | ЕТСНГ=421034 | period=10 | mass_unload=false | осталось 4 из 4 ваг.
    ПРИЧИНА: квота ДМЗИ исчерпана — все Load-дуги с доступным спросом идут на дороги с выбранным лимитом:
      · дорога ЗАБ, период 10: использовано 5 из 5 ваг.
  [s_idx  453] Алексеевка | тип=БК | ЕТСНГ=021098 | period=10 | mass_unload=false | осталось 1 из 1 ваг.
    ПРИЧИНА: квота ДМЗИ исчерпана — все Load-дуги с доступным спросом идут на дороги с выбранным лимитом:
      · дорога ЗАБ, период 10: использовано 5 из 5 ваг.
  [s_idx  454] Худжанд | тип=БКТ | ЕТСНГ=542224 | period=10 | mass_unload=false | осталось 1 из 1 ваг.
    ПРИЧИНА: квота ДМЗИ исчерпана — все Load-дуги с доступным спросом идут на дороги с выбранным лимитом:
      · дорога ЗАБ, период 10: использовано 5 из 5 ваг.
  [s_idx  455] Жилево | тип=Т | ЕТСНГ=011005 | period=10 | mass_unload=false | осталось 3 из 3 ваг.
    ПРИЧИНА: квота ДМЗИ исчерпана — все Load-дуги с доступным спросом идут на дороги с выбранным лимитом:
      · дорога ЗАБ, период 10: использовано 5 из 5 ваг.
  [s_idx  456] Аламедин | тип=БК | ЕТСНГ=011005 | period=10 | mass_unload=false | осталось 3 из 3 ваг.
    ПРИЧИНА: квота ДМЗИ исчерпана — все Load-дуги с доступным спросом идут на дороги с выбранным лимитом:
      · дорога ЗАБ, период 10: использовано 5 из 5 ваг.
  [s_idx  458] Новосибирск-Западный | тип=Т | ЕТСНГ=— | period=10 | mass_unload=false | осталось 2 из 2 ваг.
    ПРИЧИНА: квота ДМЗИ исчерпана — все Load-дуги с доступным спросом идут на дороги с выбранным лимитом:
      · дорога ЗАБ, период 10: использовано 5 из 5 ваг.
  [s_idx  459] Чемской | тип=Т | ЕТСНГ=018112 | period=10 | mass_unload=false | осталось 1 из 1 ваг.
    ПРИЧИНА: квота ДМЗИ исчерпана — все Load-дуги с доступным спросом идут на дороги с выбранным лимитом:
      · дорога ЗАБ, период 10: использовано 5 из 5 ваг.
  [s_idx  460] Забайкальск (Экспорт на КЖД [Китай]) | тип=БК | ЕТСНГ=018038 | period=10 | mass_unload=false | осталось 1 из 1 ваг.
    ПРИЧИНА: квота ДМЗИ исчерпана — все Load-дуги с доступным спросом идут на дороги с выбранным лимитом:
      · дорога ЗАБ, период 10: использовано 5 из 5 ваг.
  [s_idx  461] Новосибирск-Западный | тип=Т | ЕТСНГ=014003 | period=10 | mass_unload=false | осталось 2 из 2 ваг.
    ПРИЧИНА: квота ДМЗИ исчерпана — все Load-дуги с доступным спросом идут на дороги с выбранным лимитом:
      · дорога ЗАБ, период 10: использовано 5 из 5 ваг.
  [s_idx  462] Ереван | тип=Т | ЕТСНГ=011005 | period=10 | mass_unload=false | осталось 3 из 3 ваг.
    ПРИЧИНА: квота ДМЗИ исчерпана — все Load-дуги с доступным спросом идут на дороги с выбранным лимитом:
      · дорога ЗАБ, период 10: использовано 5 из 5 ваг.
  [s_idx  463] Ростов-Западный | тип=Т | ЕТСНГ=018112 | period=10 | mass_unload=false | осталось 2 из 2 ваг.
    ПРИЧИНА: квота ДМЗИ исчерпана — все Load-дуги с доступным спросом идут на дороги с выбранным лимитом:
      · дорога ЗАБ, период 10: использовано 5 из 5 ваг.
  [s_idx  464] Воронеж-Курский | тип=Т | ЕТСНГ=— | period=10 | mass_unload=false | осталось 1 из 1 ваг.
    ПРИЧИНА: квота ДМЗИ исчерпана — все Load-дуги с доступным спросом идут на дороги с выбранным лимитом:
      · дорога ЗАБ, период 10: использовано 5 из 5 ваг.
  [s_idx  465] Мальта | тип=БКТ | ЕТСНГ=542239 | period=10 | mass_unload=false | осталось 2 из 2 ваг.
    ПРИЧИНА: доступны только Wash-дуги (36 шт., мин. стоимость 202310 руб./ваг.). В модели Wash не имеет штрафа за незаполнение,
             а excess_supply бесплатный — отправка только увеличила бы obj, MIP корректно оставил вагоны в остатке.
  [s_idx  466] Кара-Балта | тип=БКТ | ЕТСНГ=011005 | period=10 | mass_unload=false | осталось 4 из 4 ваг.
    ПРИЧИНА: квота ДМЗИ исчерпана — все Load-дуги с доступным спросом идут на дороги с выбранным лимитом:
      · дорога ЗАБ, период 10: использовано 5 из 5 ваг.
  [s_idx  468] Старый Оскол | тип=БКТ | ЕТСНГ=421195 | period=10 | mass_unload=false | осталось 1 из 1 ваг.
    ПРИЧИНА: квота ДМЗИ исчерпана — все Load-дуги с доступным спросом идут на дороги с выбранным лимитом:
      · дорога ЗАБ, период 10: использовано 5 из 5 ваг.
  [s_idx  469] Прохоровка | тип=БКТ | ЕТСНГ=018023 | period=10 | mass_unload=false | осталось 4 из 4 ваг.
    ПРИЧИНА: квота ДМЗИ исчерпана — все Load-дуги с доступным спросом идут на дороги с выбранным лимитом:
      · дорога ЗАБ, период 10: использовано 5 из 5 ваг.
  [s_idx  470] Селикса | тип=БКТ | ЕТСНГ=542224 | period=10 | mass_unload=false | осталось 1 из 1 ваг.
    ПРИЧИНА: квота ДМЗИ исчерпана — все Load-дуги с доступным спросом идут на дороги с выбранным лимитом:
      · дорога ЗАБ, период 10: использовано 5 из 5 ваг.
  [s_idx  471] Столбцы | тип=БКТ | ЕТСНГ=542239 | period=10 | mass_unload=false | осталось 2 из 2 ваг.
    ПРИЧИНА: квота ДМЗИ исчерпана — все Load-дуги с доступным спросом идут на дороги с выбранным лимитом:
      · дорога ЗАБ, период 10: использовано 5 из 5 ваг.
  [s_idx  472] Перелешино | тип=БКТ | ЕТСНГ=421208 | period=10 | mass_unload=false | осталось 2 из 2 ваг.
    ПРИЧИНА: квота ДМЗИ исчерпана — все Load-дуги с доступным спросом идут на дороги с выбранным лимитом:
      · дорога ЗАБ, период 10: использовано 5 из 5 ваг.
  [s_idx  473] Лиепая (Экспорт) | тип=БКТ | ЕТСНГ=542239 | period=10 | mass_unload=false | осталось 3 из 3 ваг.
    ПРИЧИНА: квота ДМЗИ исчерпана — все Load-дуги с доступным спросом идут на дороги с выбранным лимитом:
      · дорога ЗАБ, период 10: использовано 5 из 5 ваг.
  [s_idx  474] Невдубстрой | тип=Т | ЕТСНГ=542239 | period=10 | mass_unload=true | осталось 2 из 2 ваг.
    ПРИЧИНА: доступны только Wash-дуги (36 шт., мин. стоимость 200759 руб./ваг.). В модели Wash не имеет штрафа за незаполнение,
             а excess_supply бесплатный — отправка только увеличила бы obj, MIP корректно оставил вагоны в остатке.
  [s_idx  475] Позимь | тип=БК | ЕТСНГ=— | period=10 | mass_unload=false | осталось 2 из 2 ваг.
    ПРИЧИНА: доступны только Wash-дуги (36 шт., мин. стоимость 278003 руб./ваг.). В модели Wash не имеет штрафа за незаполнение,
             а excess_supply бесплатный — отправка только увеличила бы obj, MIP корректно оставил вагоны в остатке.
  [s_idx  476] Асака | тип=БК | ЕТСНГ=542050 | period=10 | mass_unload=false | осталось 1 из 1 ваг.
    ПРИЧИНА: квота ДМЗИ исчерпана — все Load-дуги с доступным спросом идут на дороги с выбранным лимитом:
      · дорога ЗАБ, период 10: использовано 5 из 5 ваг.
  [s_idx  477] Денежниково | тип=БКТ | ЕТСНГ=542239 | period=10 | mass_unload=false | осталось 4 из 4 ваг.
    ПРИЧИНА: доступны только Wash-дуги (36 шт., мин. стоимость 239116 руб./ваг.). В модели Wash не имеет штрафа за незаполнение,
             а excess_supply бесплатный — отправка только увеличила бы obj, MIP корректно оставил вагоны в остатке.
  [s_idx  478] Качалино | тип=Т | ЕТСНГ=— | period=10 | mass_unload=false | осталось 1 из 1 ваг.
    ПРИЧИНА: квота ДМЗИ исчерпана — все Load-дуги с доступным спросом идут на дороги с выбранным лимитом:
      · дорога ЗАБ, период 10: использовано 5 из 5 ваг.
  [s_idx  479] Автово (Экспорт) | тип=Т | ЕТСНГ=434034 | period=10 | mass_unload=false | осталось 1 из 1 ваг.
    ПРИЧИНА: квота ДМЗИ исчерпана — все Load-дуги с доступным спросом идут на дороги с выбранным лимитом:
      · дорога ЗАБ, период 10: использовано 5 из 5 ваг.
  [s_idx  480] Сморгонь | тип=БК | ЕТСНГ=021083 | period=10 | mass_unload=false | осталось 1 из 1 ваг.
    ПРИЧИНА: квота ДМЗИ исчерпана — все Load-дуги с доступным спросом идут на дороги с выбранным лимитом:
      · дорога ЗАБ, период 10: использовано 5 из 5 ваг.
  [s_idx  481] Томылово | тип=БК | ЕТСНГ=421034 | period=10 | mass_unload=false | осталось 2 из 2 ваг.
    ПРИЧИНА: квота ДМЗИ исчерпана — все Load-дуги с доступным спросом идут на дороги с выбранным лимитом:
      · дорога ЗАБ, период 10: использовано 5 из 5 ваг.
  [s_idx  482] Ютаза | тип=Т | ЕТСНГ=421034 | period=10 | mass_unload=false | осталось 8 из 8 ваг.
    ПРИЧИНА: квота ДМЗИ исчерпана — все Load-дуги с доступным спросом идут на дороги с выбранным лимитом:
      · дорога ЗАБ, период 10: использовано 5 из 5 ваг.
  [s_idx  483] Рощино | тип=Т | ЕТСНГ=011005 | period=10 | mass_unload=false | осталось 4 из 4 ваг.
    ПРИЧИНА: квота ДМЗИ исчерпана — все Load-дуги с доступным спросом идут на дороги с выбранным лимитом:
      · дорога ЗАБ, период 10: использовано 5 из 5 ваг.
  [s_idx  484] Правый Берег | тип=БК | ЕТСНГ=— | period=10 | mass_unload=false | осталось 6 из 6 ваг.
    ПРИЧИНА: квота ДМЗИ исчерпана — все Load-дуги с доступным спросом идут на дороги с выбранным лимитом:
      · дорога ЗАБ, период 10: использовано 5 из 5 ваг.
  [s_idx  485] Гродеково (Экспорт на КЖД [Китай]) | тип=Т | ЕТСНГ=011005 | period=10 | mass_unload=false | осталось 2 из 2 ваг.
    ПРИЧИНА: квота ДМЗИ исчерпана — все Load-дуги с доступным спросом идут на дороги с выбранным лимитом:
      · дорога ЗАБ, период 10: использовано 5 из 5 ваг.
  [s_idx  486] Алексеевская | тип=Т | ЕТСНГ=— | period=10 | mass_unload=false | осталось 1 из 1 ваг.
    ПРИЧИНА: квота ДМЗИ исчерпана — все Load-дуги с доступным спросом идут на дороги с выбранным лимитом:
      · дорога ЗАБ, период 10: использовано 5 из 5 ваг.
  [s_idx  488] Ош | тип=БКТ | ЕТСНГ=011005 | period=10 | mass_unload=false | осталось 2 из 2 ваг.
    ПРИЧИНА: квота ДМЗИ исчерпана — все Load-дуги с доступным спросом идут на дороги с выбранным лимитом:
      · дорога ЗАБ, период 10: использовано 5 из 5 ваг.
  [s_idx  489] Красноярск-Северный | тип=БК | ЕТСНГ=— | period=10 | mass_unload=false | осталось 2 из 2 ваг.
    ПРИЧИНА: квота ДМЗИ исчерпана — все Load-дуги с доступным спросом идут на дороги с выбранным лимитом:
      · дорога ЗАБ, период 10: использовано 5 из 5 ваг.
  [s_idx  490] Клин | тип=Т | ЕТСНГ=505028 | period=10 | mass_unload=false | осталось 1 из 1 ваг.
    ПРИЧИНА: доступны только Wash-дуги (36 шт., мин. стоимость 276763 руб./ваг.). В модели Wash не имеет штрафа за незаполнение,
             а excess_supply бесплатный — отправка только увеличила бы obj, MIP корректно оставил вагоны в остатке.
  [s_idx  491] Парнас | тип=Т | ЕТСНГ=014003 | period=10 | mass_unload=false | осталось 3 из 3 ваг.
    ПРИЧИНА: квота ДМЗИ исчерпана — все Load-дуги с доступным спросом идут на дороги с выбранным лимитом:
      · дорога ЗАБ, период 10: использовано 5 из 5 ваг.
  [s_idx  492] Черниковка | тип=БКТ | ЕТСНГ=018112 | period=10 | mass_unload=false | осталось 3 из 3 ваг.
    ПРИЧИНА: квота ДМЗИ исчерпана — все Load-дуги с доступным спросом идут на дороги с выбранным лимитом:
      · дорога ЗАБ, период 10: использовано 5 из 5 ваг.
  [s_idx  493] Абакан | тип=БК | ЕТСНГ=018112 | period=10 | mass_unload=false | осталось 1 из 1 ваг.
    ПРИЧИНА: квота ДМЗИ исчерпана — все Load-дуги с доступным спросом идут на дороги с выбранным лимитом:
      · дорога ЗАБ, период 10: использовано 5 из 5 ваг.
  [s_idx  495] Богоявленск | тип=БК | ЕТСНГ=542239 | period=10 | mass_unload=false | осталось 1 из 1 ваг.
    ПРИЧИНА: доступны только Wash-дуги (36 шт., мин. стоимость 237101 руб./ваг.). В модели Wash не имеет штрафа за незаполнение,
             а excess_supply бесплатный — отправка только увеличила бы obj, MIP корректно оставил вагоны в остатке.
  [s_idx  496] Кара-Балта | тип=БК | ЕТСНГ=011005 | period=10 | mass_unload=false | осталось 1 из 1 ваг.
    ПРИЧИНА: квота ДМЗИ исчерпана — все Load-дуги с доступным спросом идут на дороги с выбранным лимитом:
      · дорога ЗАБ, период 10: использовано 5 из 5 ваг.
  [s_idx  497] Прохоровка | тип=Т | ЕТСНГ=— | period=10 | mass_unload=false | осталось 1 из 1 ваг.
    ПРИЧИНА: квота ДМЗИ исчерпана — все Load-дуги с доступным спросом идут на дороги с выбранным лимитом:
      · дорога ЗАБ, период 10: использовано 5 из 5 ваг.
  [s_idx  498] Металлист | тип=БК | ЕТСНГ=542239 | period=10 | mass_unload=false | осталось 2 из 2 ваг.
    ПРИЧИНА: доступны только Wash-дуги (36 шт., мин. стоимость 239116 руб./ваг.). В модели Wash не имеет штрафа за незаполнение,
             а excess_supply бесплатный — отправка только увеличила бы obj, MIP корректно оставил вагоны в остатке.
  [s_idx  499] Правый Берег (Экспорт) | тип=БК | ЕТСНГ=— | period=10 | mass_unload=false | осталось 1 из 1 ваг.
    ПРИЧИНА: доступны только Wash-дуги (36 шт., мин. стоимость 204385 руб./ваг.). В модели Wash не имеет штрафа за незаполнение,
             а excess_supply бесплатный — отправка только увеличила бы obj, MIP корректно оставил вагоны в остатке.
  [s_idx  500] Красное Знамя | тип=Т | ЕТСНГ=421034 | period=10 | mass_unload=false | осталось 1 из 1 ваг.
    ПРИЧИНА: квота ДМЗИ исчерпана — все Load-дуги с доступным спросом идут на дороги с выбранным лимитом:
      · дорога ЗАБ, период 10: использовано 5 из 5 ваг.
  [s_idx  501] Владимир | тип=БКТ | ЕТСНГ=011005 | period=10 | mass_unload=false | осталось 3 из 3 ваг.
    ПРИЧИНА: квота ДМЗИ исчерпана — все Load-дуги с доступным спросом идут на дороги с выбранным лимитом:
      · дорога ЗАБ, период 10: использовано 5 из 5 ваг.
  [s_idx  502] Глазов | тип=БКТ | ЕТСНГ=542239 | period=10 | mass_unload=false | осталось 1 из 1 ваг.
    ПРИЧИНА: доступны только Wash-дуги (36 шт., мин. стоимость 290301 руб./ваг.). В модели Wash не имеет штрафа за незаполнение,
             а excess_supply бесплатный — отправка только увеличила бы obj, MIP корректно оставил вагоны в остатке.
  [s_idx  503] Зиемельблазма (Экспорт) | тип=БКТ | ЕТСНГ=542072 | period=10 | mass_unload=false | осталось 1 из 1 ваг.
    ПРИЧИНА: квота ДМЗИ исчерпана — все Load-дуги с доступным спросом идут на дороги с выбранным лимитом:
      · дорога ЗАБ, период 10: использовано 5 из 5 ваг.
  [s_idx  504] Душанбе 2 | тип=БКТ | ЕТСНГ=542050 | period=10 | mass_unload=false | осталось 2 из 2 ваг.
    ПРИЧИНА: квота ДМЗИ исчерпана — все Load-дуги с доступным спросом идут на дороги с выбранным лимитом:
      · дорога ЗАБ, период 10: использовано 5 из 5 ваг.
  [s_idx  505] Сендега | тип=БКТ | ЕТСНГ=542239 | period=10 | mass_unload=false | осталось 3 из 3 ваг.
    ПРИЧИНА: доступны только Wash-дуги (36 шт., мин. стоимость 236828 руб./ваг.). В модели Wash не имеет штрафа за незаполнение,
             а excess_supply бесплатный — отправка только увеличила бы obj, MIP корректно оставил вагоны в остатке.
  [s_idx  506] Россошь | тип=БКТ | ЕТСНГ=431089 | period=10 | mass_unload=false | осталось 1 из 1 ваг.
    ПРИЧИНА: квота ДМЗИ исчерпана — все Load-дуги с доступным спросом идут на дороги с выбранным лимитом:
      · дорога ЗАБ, период 10: использовано 5 из 5 ваг.
  [s_idx  507] Лиепая (Экспорт) | тип=БКТ | ЕТСНГ=542101 | period=10 | mass_unload=false | осталось 1 из 1 ваг.
    ПРИЧИНА: квота ДМЗИ исчерпана — все Load-дуги с доступным спросом идут на дороги с выбранным лимитом:
      · дорога ЗАБ, период 10: использовано 5 из 5 ваг.
  [s_idx  508] Сероглазово | тип=Т | ЕТСНГ=421034 | period=10 | mass_unload=false | осталось 1 из 1 ваг.
    ПРИЧИНА: квота ДМЗИ исчерпана — все Load-дуги с доступным спросом идут на дороги с выбранным лимитом:
      · дорога ЗАБ, период 10: использовано 5 из 5 ваг.
  [s_idx  509] Шопоков | тип=БК | ЕТСНГ=011005 | period=10 | mass_unload=false | осталось 1 из 1 ваг.
    ПРИЧИНА: квота ДМЗИ исчерпана — все Load-дуги с доступным спросом идут на дороги с выбранным лимитом:
      · дорога ЗАБ, период 10: использовано 5 из 5 ваг.
  [s_idx  511] Шопоков | тип=Т | ЕТСНГ=011005 | period=10 | mass_unload=false | осталось 3 из 3 ваг.
    ПРИЧИНА: квота ДМЗИ исчерпана — все Load-дуги с доступным спросом идут на дороги с выбранным лимитом:
      · дорога ЗАБ, период 10: использовано 5 из 5 ваг.
  [s_idx  513] Позимь | тип=БК | ЕТСНГ=542239 | period=10 | mass_unload=false | осталось 2 из 2 ваг.
    ПРИЧИНА: доступны только Wash-дуги (36 шт., мин. стоимость 278003 руб./ваг.). В модели Wash не имеет штрафа за незаполнение,
             а excess_supply бесплатный — отправка только увеличила бы obj, MIP корректно оставил вагоны в остатке.
  [s_idx  514] Гори | тип=БК | ЕТСНГ=018112 | period=10 | mass_unload=false | осталось 1 из 1 ваг.
    ПРИЧИНА: квота ДМЗИ исчерпана — все Load-дуги с доступным спросом идут на дороги с выбранным лимитом:
      · дорога ЗАБ, период 10: использовано 5 из 5 ваг.
  [s_idx  515] Толмачево | тип=БКТ | ЕТСНГ=542239 | period=10 | mass_unload=false | осталось 3 из 3 ваг.
    ПРИЧИНА: доступны только Wash-дуги (36 шт., мин. стоимость 266828 руб./ваг.). В модели Wash не имеет штрафа за незаполнение,
             а excess_supply бесплатный — отправка только увеличила бы obj, MIP корректно оставил вагоны в остатке.
  [s_idx  516] Черниковка | тип=БК | ЕТСНГ=018112 | period=10 | mass_unload=false | осталось 2 из 2 ваг.
    ПРИЧИНА: квота ДМЗИ исчерпана — все Load-дуги с доступным спросом идут на дороги с выбранным лимитом:
      · дорога ЗАБ, период 10: использовано 5 из 5 ваг.
  [s_idx  517] Бологое-Московское | тип=БКТ | ЕТСНГ=421195 | period=10 | mass_unload=false | осталось 1 из 1 ваг.
    ПРИЧИНА: квота ДМЗИ исчерпана — все Load-дуги с доступным спросом идут на дороги с выбранным лимитом:
      · дорога ЗАБ, период 10: использовано 5 из 5 ваг.
  [s_idx  518] Бардино | тип=Т | ЕТСНГ=542239 | period=10 | mass_unload=false | осталось 1 из 1 ваг.
    ПРИЧИНА: доступны только Wash-дуги (36 шт., мин. стоимость 278876 руб./ваг.). В модели Wash не имеет штрафа за незаполнение,
             а excess_supply бесплатный — отправка только увеличила бы obj, MIP корректно оставил вагоны в остатке.
  [s_idx  519] Гыпджак | тип=БКТ | ЕТСНГ=542050 | period=10 | mass_unload=false | осталось 3 из 3 ваг.
    ПРИЧИНА: доступны только Wash-дуги (36 шт., мин. стоимость 516064 руб./ваг.). В модели Wash не имеет штрафа за незаполнение,
             а excess_supply бесплатный — отправка только увеличила бы obj, MIP корректно оставил вагоны в остатке.
  [s_idx  520] Дунайка | тип=БК | ЕТСНГ=018112 | period=10 | mass_unload=false | осталось 1 из 1 ваг.
    ПРИЧИНА: квота ДМЗИ исчерпана — все Load-дуги с доступным спросом идут на дороги с выбранным лимитом:
      · дорога ЗАБ, период 10: использовано 5 из 5 ваг.
  [s_idx  521] Сендега | тип=Т | ЕТСНГ=542239 | period=10 | mass_unload=false | осталось 3 из 3 ваг.
    ПРИЧИНА: доступны только Wash-дуги (36 шт., мин. стоимость 236828 руб./ваг.). В модели Wash не имеет штрафа за незаполнение,
             а excess_supply бесплатный — отправка только увеличила бы obj, MIP корректно оставил вагоны в остатке.
  [s_idx  522] Янгийул | тип=БКТ | ЕТСНГ=542050 | period=10 | mass_unload=false | осталось 3 из 3 ваг.
    ПРИЧИНА: квота ДМЗИ исчерпана — все Load-дуги с доступным спросом идут на дороги с выбранным лимитом:
      · дорога ЗАБ, период 10: использовано 5 из 5 ваг.
  [s_idx  523] Асака | тип=БКТ | ЕТСНГ=542050 | period=10 | mass_unload=false | осталось 1 из 1 ваг.
    ПРИЧИНА: квота ДМЗИ исчерпана — все Load-дуги с доступным спросом идут на дороги с выбранным лимитом:
      · дорога ЗАБ, период 10: использовано 5 из 5 ваг.
  [s_idx  524] Порт Оля (Экспорт) | тип=Т | ЕТСНГ=— | period=10 | mass_unload=false | осталось 2 из 2 ваг.
    ПРИЧИНА: доступны только Wash-дуги (36 шт., мин. стоимость 242679 руб./ваг.). В модели Wash не имеет штрафа за незаполнение,
             а excess_supply бесплатный — отправка только увеличила бы obj, MIP корректно оставил вагоны в остатке.
  [s_idx  525] Правый Берег | тип=Т | ЕТСНГ=542224 | period=10 | mass_unload=false | осталось 1 из 1 ваг.
    ПРИЧИНА: доступны только Wash-дуги (36 шт., мин. стоимость 203949 руб./ваг.). В модели Wash не имеет штрафа за незаполнение,
             а excess_supply бесплатный — отправка только увеличила бы obj, MIP корректно оставил вагоны в остатке.
  [s_idx  526] Колодезная | тип=БКТ | ЕТСНГ=542239 | period=10 | mass_unload=false | осталось 2 из 2 ваг.
    ПРИЧИНА: доступны только Wash-дуги (36 шт., мин. стоимость 202276 руб./ваг.). В модели Wash не имеет штрафа за незаполнение,
             а excess_supply бесплатный — отправка только увеличила бы obj, MIP корректно оставил вагоны в остатке.
  [s_idx  527] Дрогичин | тип=Т | ЕТСНГ=542239 | period=10 | mass_unload=false | осталось 1 из 1 ваг.
    ПРИЧИНА: квота ДМЗИ исчерпана — все Load-дуги с доступным спросом идут на дороги с выбранным лимитом:
      · дорога ЗАБ, период 10: использовано 5 из 5 ваг.
  [s_idx  528] Холщевики | тип=Т | ЕТСНГ=011005 | period=10 | mass_unload=false | осталось 3 из 3 ваг.
    ПРИЧИНА: квота ДМЗИ исчерпана — все Load-дуги с доступным спросом идут на дороги с выбранным лимитом:
      · дорога ЗАБ, период 10: использовано 5 из 5 ваг.
  [s_idx  529] Береза-картузская | тип=БК | ЕТСНГ=542239 | period=10 | mass_unload=false | осталось 1 из 1 ваг.
    ПРИЧИНА: квота ДМЗИ исчерпана — все Load-дуги с доступным спросом идут на дороги с выбранным лимитом:
      · дорога ЗАБ, период 10: использовано 5 из 5 ваг.
  [s_idx  530] Ровустон | тип=БКТ | ЕТСНГ=542050 | period=10 | mass_unload=false | осталось 1 из 1 ваг.
    ПРИЧИНА: квота ДМЗИ исчерпана — все Load-дуги с доступным спросом идут на дороги с выбранным лимитом:
      · дорога ЗАБ, период 10: использовано 5 из 5 ваг.
  [s_idx  531] Абакан | тип=Т | ЕТСНГ=018112 | period=10 | mass_unload=false | осталось 1 из 1 ваг.
    ПРИЧИНА: квота ДМЗИ исчерпана — все Load-дуги с доступным спросом идут на дороги с выбранным лимитом:
      · дорога ЗАБ, период 10: использовано 5 из 5 ваг.
  [s_idx  532] Лиепая (Экспорт) | тип=БК | ЕТСНГ=542101 | period=10 | mass_unload=false | осталось 3 из 3 ваг.
    ПРИЧИНА: квота ДМЗИ исчерпана — все Load-дуги с доступным спросом идут на дороги с выбранным лимитом:
      · дорога ЗАБ, период 10: использовано 5 из 5 ваг.
  [s_idx  533] Похвистнево | тип=Т | ЕТСНГ=421034 | period=10 | mass_unload=false | осталось 1 из 1 ваг.
    ПРИЧИНА: квота ДМЗИ исчерпана — все Load-дуги с доступным спросом идут на дороги с выбранным лимитом:
      · дорога ЗАБ, период 10: использовано 5 из 5 ваг.
  [s_idx  534] Цильна | тип=БКТ | ЕТСНГ=011005 | period=10 | mass_unload=false | осталось 3 из 3 ваг.
    ПРИЧИНА: квота ДМЗИ исчерпана — все Load-дуги с доступным спросом идут на дороги с выбранным лимитом:
      · дорога ЗАБ, период 10: использовано 5 из 5 ваг.
  [s_idx  535] Поярково | тип=Т | ЕТСНГ=— | period=10 | mass_unload=false | осталось 2 из 2 ваг.
    ПРИЧИНА: квота ДМЗИ исчерпана — все Load-дуги с доступным спросом идут на дороги с выбранным лимитом:
      · дорога ЗАБ, период 10: использовано 5 из 5 ваг.
  [s_idx  536] Мальта | тип=БК | ЕТСНГ=542239 | period=10 | mass_unload=false | осталось 1 из 1 ваг.
    ПРИЧИНА: доступны только Wash-дуги (36 шт., мин. стоимость 202310 руб./ваг.). В модели Wash не имеет штрафа за незаполнение,
             а excess_supply бесплатный — отправка только увеличила бы obj, MIP корректно оставил вагоны в остатке.
  [s_idx  537] Уруссу | тип=Т | ЕТСНГ=421034 | period=10 | mass_unload=false | осталось 1 из 1 ваг.
    ПРИЧИНА: квота ДМЗИ исчерпана — все Load-дуги с доступным спросом идут на дороги с выбранным лимитом:
      · дорога ЗАБ, период 10: использовано 5 из 5 ваг.
  [s_idx  538] Ош | тип=Т | ЕТСНГ=011005 | period=10 | mass_unload=false | осталось 1 из 1 ваг.
    ПРИЧИНА: квота ДМЗИ исчерпана — все Load-дуги с доступным спросом идут на дороги с выбранным лимитом:
      · дорога ЗАБ, период 10: использовано 5 из 5 ваг.
  [s_idx  539] Медведчиково | тип=Т | ЕТСНГ=021083 | period=10 | mass_unload=false | осталось 2 из 2 ваг.
    ПРИЧИНА: квота ДМЗИ исчерпана — все Load-дуги с доступным спросом идут на дороги с выбранным лимитом:
      · дорога ЗАБ, период 10: использовано 5 из 5 ваг.
  [s_idx  540] Мурманские Ворота | тип=Т | ЕТСНГ=011005 | period=10 | mass_unload=false | осталось 1 из 1 ваг.
    ПРИЧИНА: квота ДМЗИ исчерпана — все Load-дуги с доступным спросом идут на дороги с выбранным лимитом:
      · дорога ЗАБ, период 10: использовано 5 из 5 ваг.
  [s_idx  543] Коченево | тип=БКТ | ЕТСНГ=542239 | period=10 | mass_unload=false | осталось 1 из 1 ваг.
    ПРИЧИНА: доступны только Wash-дуги (36 шт., мин. стоимость 202918 руб./ваг.). В модели Wash не имеет штрафа за незаполнение,
             а excess_supply бесплатный — отправка только увеличила бы obj, MIP корректно оставил вагоны в остатке.
  [s_idx  544] Медведчиково | тип=БКТ | ЕТСНГ=021083 | period=10 | mass_unload=false | осталось 1 из 1 ваг.
    ПРИЧИНА: квота ДМЗИ исчерпана — все Load-дуги с доступным спросом идут на дороги с выбранным лимитом:
      · дорога ЗАБ, период 10: использовано 5 из 5 ваг.
  [s_idx  545] Металлист | тип=БКТ | ЕТСНГ=542239 | period=10 | mass_unload=false | осталось 1 из 1 ваг.
    ПРИЧИНА: доступны только Wash-дуги (36 шт., мин. стоимость 239116 руб./ваг.). В модели Wash не имеет штрафа за незаполнение,
             а excess_supply бесплатный — отправка только увеличила бы obj, MIP корректно оставил вагоны в остатке.
  [s_idx  546] Прохоровка | тип=БК | ЕТСНГ=— | period=10 | mass_unload=false | осталось 1 из 1 ваг.
    ПРИЧИНА: квота ДМЗИ исчерпана — все Load-дуги с доступным спросом идут на дороги с выбранным лимитом:
      · дорога ЗАБ, период 10: использовано 5 из 5 ваг.
  [s_idx  547] Владимир | тип=БКТ | ЕТСНГ=011005 | period=10 | mass_unload=false | осталось 1 из 1 ваг.
    ПРИЧИНА: квота ДМЗИ исчерпана — все Load-дуги с доступным спросом идут на дороги с выбранным лимитом:
      · дорога ЗАБ, период 10: использовано 5 из 5 ваг.
  [s_idx  548] Худжанд | тип=БК | ЕТСНГ=542050 | period=10 | mass_unload=false | осталось 1 из 1 ваг.
    ПРИЧИНА: квота ДМЗИ исчерпана — все Load-дуги с доступным спросом идут на дороги с выбранным лимитом:
      · дорога ЗАБ, период 10: использовано 5 из 5 ваг.
  [s_idx  549] Дрогичин | тип=БК | ЕТСНГ=542239 | period=10 | mass_unload=false | осталось 1 из 1 ваг.
    ПРИЧИНА: квота ДМЗИ исчерпана — все Load-дуги с доступным спросом идут на дороги с выбранным лимитом:
      · дорога ЗАБ, период 10: использовано 5 из 5 ваг.
  [s_idx  550] Нижний Ломов | тип=БК | ЕТСНГ=— | period=10 | mass_unload=false | осталось 1 из 1 ваг.
    ПРИЧИНА: доступны только Wash-дуги (36 шт., мин. стоимость 281817 руб./ваг.). В модели Wash не имеет штрафа за незаполнение,
             а excess_supply бесплатный — отправка только увеличила бы obj, MIP корректно оставил вагоны в остатке.
  [s_idx  551] Порт Оля (Экспорт) | тип=БК | ЕТСНГ=542224 | period=10 | mass_unload=false | осталось 1 из 1 ваг.
    ПРИЧИНА: квота ДМЗИ исчерпана — все Load-дуги с доступным спросом идут на дороги с выбранным лимитом:
      · дорога ЗАБ, период 10: использовано 5 из 5 ваг.
  [s_idx  552] Зорат | тип=БКТ | ЕТСНГ=542224 | period=10 | mass_unload=false | осталось 1 из 1 ваг.
    ПРИЧИНА: квота ДМЗИ исчерпана — все Load-дуги с доступным спросом идут на дороги с выбранным лимитом:
      · дорога ЗАБ, период 10: использовано 5 из 5 ваг.
  [s_idx  553] Нижний Ломов | тип=БКТ | ЕТСНГ=— | period=10 | mass_unload=false | осталось 1 из 1 ваг.
    ПРИЧИНА: доступны только Wash-дуги (36 шт., мин. стоимость 281817 руб./ваг.). В модели Wash не имеет штрафа за незаполнение,
             а excess_supply бесплатный — отправка только увеличила бы obj, MIP корректно оставил вагоны в остатке.
  [s_idx  554] Беломестная | тип=БКТ | ЕТСНГ=421034 | period=10 | mass_unload=false | осталось 1 из 1 ваг.
    ПРИЧИНА: квота ДМЗИ исчерпана — все Load-дуги с доступным спросом идут на дороги с выбранным лимитом:
      · дорога ЗАБ, период 10: использовано 5 из 5 ваг.
  [s_idx  555] Денежниково | тип=Т | ЕТСНГ=542239 | period=10 | mass_unload=false | осталось 1 из 1 ваг.
    ПРИЧИНА: доступны только Wash-дуги (36 шт., мин. стоимость 239116 руб./ваг.). В модели Wash не имеет штрафа за незаполнение,
             а excess_supply бесплатный — отправка только увеличила бы obj, MIP корректно оставил вагоны в остатке.
  [s_idx  556] Брянск-Восточный | тип=БКТ | ЕТСНГ=421208 | period=10 | mass_unload=false | осталось 1 из 1 ваг.
    ПРИЧИНА: квота ДМЗИ исчерпана — все Load-дуги с доступным спросом идут на дороги с выбранным лимитом:
      · дорога ЗАБ, период 10: использовано 5 из 5 ваг.

  СВОДКА ПО ПРИЧИНАМ:
    квота ДМЗИ исчерпана                узлов: 332, вагонов: 2279
    нет допустимых дуг                  узлов:   3, вагонов:   25
    доступны только Wash-дуги           узлов:  53, вагонов:  179
---------------------------------
MIP нашёл глобальный оптимум (gap=0.0033%) — фаза ALNS пропущена.
--- ДИАГНОСТИКА UNMET DEMAND (64 ваг. в 11 узлах) ---
  [d_idx    1] Белогорск 2 (ЗАБ) | тип=Прочие | ЕТСНГ=542224 | период=1 | отправка=Повагонная | не закрыто 4 из 4 ваг.
    ПРИЧИНА: квота ДМЗИ исчерпана — все дуги со свободным предложением идут на дороги с выбранным лимитом:
      · дорога ЗАБ, период 10: использовано 5 из 5 ваг.
  [d_idx    2] Белогорск 2 (ЗАБ) | тип=Прочие | ЕТСНГ=542224 | период=1 | отправка=Повагонная | не закрыто 3 из 3 ваг.
    ПРИЧИНА: квота ДМЗИ исчерпана — все дуги со свободным предложением идут на дороги с выбранным лимитом:
      · дорога ЗАБ, период 10: использовано 5 из 5 ваг.
  [d_idx   21] Белогорск 2 (ЗАБ) | тип=Прочие | ЕТСНГ=542224 | период=2 | отправка=Повагонная | не закрыто 3 из 3 ваг.
    ПРИЧИНА: квота ДМЗИ исчерпана — все дуги со свободным предложением идут на дороги с выбранным лимитом:
      · дорога ЗАБ, период 10: использовано 5 из 5 ваг.
  [d_idx   22] Белогорск 2 (ЗАБ) | тип=Прочие | ЕТСНГ=542224 | период=2 | отправка=Повагонная | не закрыто 2 из 2 ваг.
    ПРИЧИНА: квота ДМЗИ исчерпана — все дуги со свободным предложением идут на дороги с выбранным лимитом:
      · дорога ЗАБ, период 10: использовано 5 из 5 ваг.
  [d_idx   37] Маргуцек (ЗАБ) | тип=Прочие | ЕТСНГ=013000 | период=2 | отправка=Повагонная | не закрыто 2 из 5 ваг.
    ПРИЧИНА: квота ДМЗИ исчерпана — все дуги со свободным предложением идут на дороги с выбранным лимитом:
      · дорога ЗАБ, период 10: использовано 5 из 5 ваг.
  [d_idx   38] Маргуцек (ЗАБ) | тип=Прочие | ЕТСНГ=018019 | период=2 | отправка=Повагонная | не закрыто 5 из 15 ваг.
    ПРИЧИНА: квота ДМЗИ исчерпана — все дуги со свободным предложением идут на дороги с выбранным лимитом:
      · дорога ЗАБ, период 10: использовано 5 из 5 ваг.
  [d_idx   47] Белогорск 2 (ЗАБ) | тип=Прочие | ЕТСНГ=018023 | период=3 | отправка=Повагонная | не закрыто 3 из 4 ваг.
    ПРИЧИНА: квота ДМЗИ исчерпана — все дуги со свободным предложением идут на дороги с выбранным лимитом:
      · дорога ЗАБ, период 10: использовано 5 из 5 ваг.
  [d_idx   48] Белогорск 2 (ЗАБ) | тип=Прочие | ЕТСНГ=542224 | период=3 | отправка=Повагонная | не закрыто 2 из 4 ваг.
    ПРИЧИНА: квота ДМЗИ исчерпана — все дуги со свободным предложением идут на дороги с выбранным лимитом:
      · дорога ЗАБ, период 10: использовано 5 из 5 ваг.
  [d_idx   73] Белогорск 2 (ЗАБ) | тип=Прочие | ЕТСНГ=011005 | период=4 | отправка=Повагонная | не закрыто 3 из 3 ваг.
    ПРИЧИНА: квота ДМЗИ исчерпана — все дуги со свободным предложением идут на дороги с выбранным лимитом:
      · дорога ЗАБ, период 10: использовано 5 из 5 ваг.
  [d_idx   75] Белогорск 2 (ЗАБ) | тип=Прочие | ЕТСНГ=018023 | период=4 | отправка=Повагонная | не закрыто 10 из 10 ваг.
    ПРИЧИНА: квота ДМЗИ исчерпана — все дуги со свободным предложением идут на дороги с выбранным лимитом:
      · дорога ЗАБ, период 10: использовано 5 из 5 ваг.
  [d_idx   96] Поздеевка (ЗАБ) | тип=Прочие | ЕТСНГ=018023 | период=4 | отправка=Повагонная | не закрыто 27 из 27 ваг.
    ПРИЧИНА: квота ДМЗИ исчерпана — все дуги со свободным предложением идут на дороги с выбранным лимитом:
      · дорога ЗАБ, период 10: использовано 5 из 5 ваг.

  СВОДКА ПО ПРИЧИНАМ:
    квота ДМЗИ исчерпана (инфраструктура)  узлов:  11, вагонов:   64

  ЗАКРЫВАЕМОСТЬ (по реальному связывающему ограничению):
    структурно недостижимо (нет дуг):             0 ваг.  — нужны новые тарифы / смягчение жёстких фильтров
    упёрто в квоту ДМЗИ (инфраструктура):         64 ваг.  — поможет только повышение квоты на дороге
    держит MIN_BATCH (квота ДМЗИ ещё есть):        0 ваг.  — поможет смягчение партии (middle 0 / масс. 0 / маршр. 0)
    прочее (конкуренция / экономика штрафа):       0 ваг.
--------------------------------
--- УТИЛИЗАЦИЯ КВОТ ДМЗИ ---
  ВСБ  период  1:    0 из   10 ваг.
  ВСБ  период 10:    0 из    2 ваг.
  ГОР  период  1:    3 из  379 ваг.
  ГОР  период 10:    0 из   80 ваг.
  ЗАБ  период  1:   25 из   25 ваг.
  ЗАБ  период 10:    5 из    5 ваг.
  ЗСБ  период  1:   34 из  347 ваг.
  ЗСБ  период 10:   31 из   70 ваг.
  КБШ  период  1:   25 из  398 ваг.
  КБШ  период 10:    0 из   80 ваг.
  КРС  период  1:   22 из   40 ваг.
  КРС  период 10:    8 из    8 ваг.
  МСК  период  1:   13 из  394 ваг.
  МСК  период 10:    0 из   80 ваг.
  ОКТ  период  1:    0 из  293 ваг.
  ОКТ  период 10:    0 из   60 ваг.
  ПРВ  период  1:  113 из  310 ваг.
  ПРВ  период 10:    0 из   63 ваг.
  СВР  период  1:   17 из  570 ваг.
  СВР  период 10:    0 из  117 ваг.
  СЕВ  период  1:    5 из   75 ваг.
  СЕВ  период 10:    0 из   15 ваг.
  ЮВС  период  1:   37 из  200 ваг.
  ЮВС  период 10:    0 из   40 ваг.
  ЮУР  период  1:   69 из  100 ваг.
  ЮУР  период 10:    0 из   20 ваг.
----------------------------
Тарифов до отстоя:           949 (станций излишка 141, станций отстоя 10)
В отстой: 108 из 2483 ваг. излишка → 8 станций отстоя, тариф 957702 руб.; не размещено 2375 ваг. (нет тарифа / ёмкость исчерпана)
Тарифов до путей погрузки:   8710 (станций излишка 133, станций погрузки 80)
На пути погрузки: 2350 из 2375 ваг. остатка → 51 станций (≥5 ваг./станция), тариф 81313133 руб.; не размещено 25 ваг.
Баланс отчёта оптимизации:   OK (3031 ваг. в записях = 3031 ваг. предложения)
Записей в отчёте (Excel):    734 (654 оптим. + 48 по факту + 32 в ремонт) / 3193 вагонов
  → в POST АПИ (период 1):   266 записей / 616 вагонов
  → исключено (предл. 10, дислокация): 468 записей / 2577 вагонов
Чекпоинт сохранён:           tmp/checkpoint_2026-06-18_13-53-41.xlsx

======= РЕЗУЛЬТАТЫ ОПТИМИЗАЦИИ =======
Статус решателя:      MIP Optimal (gap=0.003%)
Назначено вагонов:    548
Избыток предложения:  2483 ваг. (dummy-спрос)
  остаток по периодам предложения: p1=1 p10=2482 прочие=0
  из них в отстой (этап 2): 108 ваг.
  из них на пути погрузки (этап 3): 2350 ваг.
Неудовл. спрос:       64 ваг. (dummy-предложение)
Суммарная стоимость:  28845454 руб.
======================================

Результат сохранён:          tmp/result_20260618_135341.json
[SUCCESS] railoptim завершил работу успешно.
