[Ср 17 июн 2026 11:05:00 MSK] Запуск: /home/atretyakov/railoptim/app/bin/railoptim (env=prod, MIP_WARM_START=on)
stations_geo: 19494 записей, data/stations/stations_geo.sqlite (baltic=671, china_mongolia=339, cis=6263, ru=11848, south_caucasus=373)
Получено узлов спроса (погрузка): 89 или 641 вагонов
Получено узлов предложения 1 сут.:  133 или 521 вагонов
Получено узлов предложения всего:  133 или 521 вагонов
  свободных для назначения:  102 или 453 вагонов
  требуют ремонта (В ремонт):10 или 12 вагонов
  по факту (Assigned):       21 или 56 вагонов
Дороги без промывки (NoCleaningRoads): 8
Коды «уже промыт/ремонт» (WashedEmptyEtsngCodes): 2
Узлов спроса (промывка):     36 или мощность в период 5 суток 2795 вагонов
  предложений с ЕТСНГ из списка промывки: 18 вагонов (освобождены по NoCleaningRoads: 29; из них есть узел погрузки с тем же ЕТСНГ на любой станции — альтернатива промывке по спросу: 18 вагонов)
Получено тарифов:            3616
Загружено ремонтных станций: 102
Тарифов до ремонтных ст.:    769
Тарифов до промывки (с надбавкой 10000+40000=50000 руб.): 136
Ограничения ДМЗИ:            13 дорог (76 записей Ostatok)
  ВСБ  период 1 ≤   10, период 10 ≤    2 ваг.
  ГОР  период 1 ≤  377, период 10 ≤   80 ваг.
  ЗАБ  период 1 ≤   20, период 10 ≤    5 ваг.
  ЗСБ  период 1 ≤  349, период 10 ≤   70 ваг.
  КБШ  период 1 ≤  392, период 10 ≤   80 ваг.
  КРС  период 1 ≤   40, период 10 ≤    8 ваг.
  МСК  период 1 ≤  398, период 10 ≤   80 ваг.
  ОКТ  период 1 ≤  298, период 10 ≤   60 ваг.
  ПРВ  период 1 ≤  315, период 10 ≤   63 ваг.
  СВР  период 1 ≤  468, период 10 ≤  117 ваг.
  СЕВ  период 1 ≤   75, период 10 ≤   15 ваг.
  ЮВС  период 1 ≤  171, период 10 ≤   40 ваг.
  ЮУР  период 1 ≤   98, период 10 ≤   20 ваг.
БД отстоя обновлена:         получено 38 / записано 38 / без etran_id 0
Узлы отстоя (резервы):       18 узлов / ёмкость 629 ваг. (записей в БД 21, дублей 0, отфильтровано 3)
Всего пар supply×demand:     12750
  без тарифа:                        3424 (26.9%)
  нарушение срока (жёстко):          0 (0.0%)
  несовм. тип вагона:                280 (2.2%)
  грязный вагон → чужой ЕТСНГ:       656 (5.1%)
  допустимых дуг со штрафом за срок:   5250 (41.2%)
  допустимых дуг всего в LP:      8390 (65.8%)
Ограничения партии (MIN_BATCH): массовая выгрузка — 0 дуг / 0 пар; средние станции — 2403 дуг / 261 пар (станций образования: 14, погрузки: 19)
  маршрутные отправки (B=10): 48 дуг / 14 пар (станций образования: 14, маршрутных станций погрузки: 1)
--- АНАЛИЗ РЕСУРСОВ ---
Предложение: 453 ваг.
Спрос (погрузка): 641 ваг.
Ёмкость промывки (верх): 2795 ваг.
Статус: ДЕФИЦИТ  (188 ваг. — штрафные дуги)
-----------------------
--- ЖАДНОЕ РЕШЕНИЕ ---
Назначений:            157 шт.
Назначено вагонов:     453 / 641 спрос (погрузка), 453 предложение
Суммарная стоимость:   22504104.04 руб.
Неудовлетворён спрос:  188 ваг.
Избыток предложения:   0 ваг.
Покрытие спроса (погр.): 70.7%
----------------------
MIP warm-start: ON (greedy) (управляется env MIP_WARM_START={on|off}, по умолч. on)
--- MIP РЕШЕНИЕ ---
Статус:                MIP Optimal (gap=0.000%)
Назначено вагонов:     453 / 641 спрос (погрузка), 453 предложение
Суммарная стоимость:   21270566.66 руб.
Неудовлетворён спрос:  188 ваг.
Избыток предложения:   -0 ваг.
Покрытие спроса (погр.): 70.7%
-------------------
MIP время: 0.67 сек (warm-start: ON)
MIP диагностика: status=Optimal, gap=0.0003%, undist=188 (unmet=188, excess=0), real_cost=21270566.66
MIP vs greedy:   greedy undist=188 (unmet=188, excess=0), real_cost=22504104.04  →  Δundist=+0, Δcost=-1233537.38
  ВНИМАНИЕ: MIP не закрыл 188 ваг. спроса на погрузку (unmet > 0). Возможные причины:
           (а) PENALTY_UNMET ниже стоимости единственно допустимых плеч,
           (б) HiGHS остановился по rel_gap до закрытия всего спроса.
MIP нашёл глобальный оптимум (gap=0.0003%) — фаза ALNS пропущена.
--- ДИАГНОСТИКА UNMET DEMAND (188 ваг. в 37 узлах) ---
  [d_idx    0] Красный Кут (ПРВ) | тип=Прочие | ЕТСНГ=011005 | период=1 | отправка=Повагонная | не закрыто 4 из 4 ваг.
    ПРИЧИНА: дуги есть (94 шт.), но все совместимые узлы предложения исчерпаны — вагоны ушли на другие заявки (конкуренция за предложение).
  [d_idx    1] Барабинск (ЗСБ) | тип=Прочие | ЕТСНГ=018023 | период=1 | отправка=Повагонная | не закрыто 1 из 1 ваг.
    ПРИЧИНА: дуги есть (94 шт.), но все совместимые узлы предложения исчерпаны — вагоны ушли на другие заявки (конкуренция за предложение).
  [d_idx    2] Ишим (СВР) | тип=Прочие | ЕТСНГ=011005 | период=1 | отправка=Повагонная | не закрыто 2 из 2 ваг.
    ПРИЧИНА: дуги есть (94 шт.), но все совместимые узлы предложения исчерпаны — вагоны ушли на другие заявки (конкуренция за предложение).
  [d_idx   10] Белогорск 2 (ЗАБ) | тип=Прочие | ЕТСНГ=542224 | период=1 | отправка=Повагонная | не закрыто 3 из 4 ваг.
    ПРИЧИНА: дуги есть (94 шт.), но все совместимые узлы предложения исчерпаны — вагоны ушли на другие заявки (конкуренция за предложение).
  [d_idx   12] Белогорск 2 (ЗАБ) | тип=Прочие | ЕТСНГ=542224 | период=1 | отправка=Повагонная | не закрыто 4 из 4 ваг.
    ПРИЧИНА: дуги есть (94 шт.), но все совместимые узлы предложения исчерпаны — вагоны ушли на другие заявки (конкуренция за предложение).
  [d_idx   13] Стрела (ЗСБ) | тип=Прочие | ЕТСНГ=011005 | период=1 | отправка=Повагонная | не закрыто 2 из 2 ваг.
    ПРИЧИНА: дуги есть (93 шт.), но все совместимые узлы предложения исчерпаны — вагоны ушли на другие заявки (конкуренция за предложение).
  [d_idx   17] Пикетное (ЗСБ) | тип=Прочие | ЕТСНГ=011005 | период=1 | отправка=Повагонная | не закрыто 1 из 1 ваг.
    ПРИЧИНА: дуги есть (94 шт.), но все совместимые узлы предложения исчерпаны — вагоны ушли на другие заявки (конкуренция за предложение).
  [d_idx   19] Любовка (ЗСБ) | тип=Прочие | ЕТСНГ=011005 | период=1 | отправка=Повагонная | не закрыто 3 из 4 ваг.
    ПРИЧИНА: дуги есть (94 шт.), но все совместимые узлы предложения исчерпаны — вагоны ушли на другие заявки (конкуренция за предложение).
  [d_idx   21] Ишим (СВР) | тип=Прочие | ЕТСНГ=011005 | период=2 | отправка=Повагонная | не закрыто 3 из 3 ваг.
    ПРИЧИНА: дуги есть (94 шт.), но все совместимые узлы предложения исчерпаны — вагоны ушли на другие заявки (конкуренция за предложение).
  [d_idx   24] Мариановка (ЗСБ) | тип=Прочие | ЕТСНГ=011005 | период=2 | отправка=Повагонная | не закрыто 5 из 5 ваг.
    ПРИЧИНА: дуги есть (94 шт.), но все совместимые узлы предложения исчерпаны — вагоны ушли на другие заявки (конкуренция за предложение).
  [d_idx   25] Маслов Кут (СКВ) | тип=БКТ | ЕТСНГ=011005 | период=2 | отправка=Повагонная | не закрыто 3 из 4 ваг.
    ПРИЧИНА: дуги есть (24 шт.), но все совместимые узлы предложения исчерпаны — вагоны ушли на другие заявки (конкуренция за предложение).
  [d_idx   27] Белогорск 2 (ЗАБ) | тип=Прочие | ЕТСНГ=542224 | период=2 | отправка=Повагонная | не закрыто 3 из 3 ваг.
    ПРИЧИНА: дуги есть (94 шт.), но все совместимые узлы предложения исчерпаны — вагоны ушли на другие заявки (конкуренция за предложение).
  [d_idx   29] Белогорск 2 (ЗАБ) | тип=Прочие | ЕТСНГ=542224 | период=2 | отправка=Повагонная | не закрыто 2 из 2 ваг.
    ПРИЧИНА: дуги есть (94 шт.), но все совместимые узлы предложения исчерпаны — вагоны ушли на другие заявки (конкуренция за предложение).
  [d_idx   31] Карбышево I (ЗСБ) | тип=Прочие | ЕТСНГ=011005 | период=2 | отправка=Повагонная | не закрыто 5 из 6 ваг.
    ПРИЧИНА: дуги есть (94 шт.), но все совместимые узлы предложения исчерпаны — вагоны ушли на другие заявки (конкуренция за предложение).
  [d_idx   32] Маргуцек (ЗАБ) | тип=Прочие | ЕТСНГ=018019 | период=2 | отправка=Повагонная | не закрыто 10 из 10 ваг.
    ПРИЧИНА: дуги есть (94 шт.), но все совместимые узлы предложения исчерпаны — вагоны ушли на другие заявки (конкуренция за предложение).
  [d_idx   36] Гогино (ЮУР) | тип=БКТ | ЕТСНГ=011005 | период=3 | отправка=Повагонная | не закрыто 21 из 21 ваг.
    ПРИЧИНА: дуги есть (24 шт.), но все совместимые узлы предложения исчерпаны — вагоны ушли на другие заявки (конкуренция за предложение).
  [d_idx   40] Безенчук (КБШ) | тип=Прочие | ЕТСНГ=542239 | период=3 | отправка=Повагонная | не закрыто 1 из 2 ваг.
    ПРИЧИНА: дуги есть (102 шт.), но все совместимые узлы предложения исчерпаны — вагоны ушли на другие заявки (конкуренция за предложение).
  [d_idx   45] Шайкорык (КЗХ) | тип=Прочие | ЕТСНГ=436025 | период=3 | отправка=Повагонная | не закрыто 2 из 24 ваг.
    ПРИЧИНА: дуги есть (89 шт.), но все совместимые узлы предложения исчерпаны — вагоны ушли на другие заявки (конкуренция за предложение).
  [d_idx   47] Мариановка (ЗСБ) | тип=Прочие | ЕТСНГ=011005 | период=3 | отправка=Повагонная | не закрыто 7 из 7 ваг.
    ПРИЧИНА: дуги есть (94 шт.), но все совместимые узлы предложения исчерпаны — вагоны ушли на другие заявки (конкуренция за предложение).
  [d_idx   53] Белогорск 2 (ЗАБ) | тип=Прочие | ЕТСНГ=018023 | период=3 | отправка=Повагонная | не закрыто 4 из 4 ваг.
    ПРИЧИНА: дуги есть (94 шт.), но все совместимые узлы предложения исчерпаны — вагоны ушли на другие заявки (конкуренция за предложение).
  [d_idx   55] Борзя (ЗАБ) | тип=Прочие | ЕТСНГ=013000 | период=3 | отправка=Повагонная | не закрыто 2 из 2 ваг.
    ПРИЧИНА: дуги есть (94 шт.), но все совместимые узлы предложения исчерпаны — вагоны ушли на другие заявки (конкуренция за предложение).
  [d_idx   56] Борзя (ЗАБ) | тип=Прочие | ЕТСНГ=018019 | период=3 | отправка=Повагонная | не закрыто 5 из 5 ваг.
    ПРИЧИНА: дуги есть (94 шт.), но все совместимые узлы предложения исчерпаны — вагоны ушли на другие заявки (конкуренция за предложение).
  [d_idx   59] Карбышево I (ЗСБ) | тип=Прочие | ЕТСНГ=011005 | период=3 | отправка=Повагонная | не закрыто 5 из 5 ваг.
    ПРИЧИНА: дуги есть (94 шт.), но все совместимые узлы предложения исчерпаны — вагоны ушли на другие заявки (конкуренция за предложение).
  [d_idx   60] Маргуцек (ЗАБ) | тип=Прочие | ЕТСНГ=013000 | период=3 | отправка=Повагонная | не закрыто 5 из 5 ваг.
    ПРИЧИНА: дуги есть (94 шт.), но все совместимые узлы предложения исчерпаны — вагоны ушли на другие заявки (конкуренция за предложение).
  [d_idx   61] Маргуцек (ЗАБ) | тип=Прочие | ЕТСНГ=018019 | период=3 | отправка=Повагонная | не закрыто 5 из 5 ваг.
    ПРИЧИНА: дуги есть (94 шт.), но все совместимые узлы предложения исчерпаны — вагоны ушли на другие заявки (конкуренция за предложение).
  [d_idx   64] Тюмень (СВР) | тип=Прочие | ЕТСНГ=011005 | период=3 | отправка=Повагонная | не закрыто 4 из 4 ваг.
    ПРИЧИНА: дуги есть (94 шт.), но все совместимые узлы предложения исчерпаны — вагоны ушли на другие заявки (конкуренция за предложение).
  [d_idx   65] Любовка (ЗСБ) | тип=Прочие | ЕТСНГ=011005 | период=3 | отправка=Повагонная | не закрыто 13 из 13 ваг.
    ПРИЧИНА: дуги есть (94 шт.), но все совместимые узлы предложения исчерпаны — вагоны ушли на другие заявки (конкуренция за предложение).
  [d_idx   66] Тобол (КЗХ) | тип=Прочие | ЕТСНГ=021079 | период=4 | отправка=Повагонная | не закрыто 4 из 9 ваг.
    ПРИЧИНА: дуги есть (91 шт.), но все совместимые узлы предложения исчерпаны — вагоны ушли на другие заявки (конкуренция за предложение).
  [d_idx   67] Теренсай (ЮУР) | тип=Прочие | ЕТСНГ=011005 | период=4 | отправка=Повагонная | не закрыто 5 из 15 ваг.
    ПРИЧИНА: дуги есть (94 шт.), но все совместимые узлы предложения исчерпаны — вагоны ушли на другие заявки (конкуренция за предложение).
  [d_idx   68] Орск (ЮУР) | тип=Прочие | ЕТСНГ=011005 | период=4 | отправка=Повагонная | не закрыто 5 из 6 ваг.
    ПРИЧИНА: дуги есть (94 шт.), но все совместимые узлы предложения исчерпаны — вагоны ушли на другие заявки (конкуренция за предложение).
  [d_idx   77] Белогорск 2 (ЗАБ) | тип=Прочие | ЕТСНГ=011005 | период=4 | отправка=Повагонная | не закрыто 3 из 3 ваг.
    ПРИЧИНА: дуги есть (94 шт.), но все совместимые узлы предложения исчерпаны — вагоны ушли на другие заявки (конкуренция за предложение).
  [d_idx   78] Белогорск 2 (ЗАБ) | тип=Прочие | ЕТСНГ=542224 | период=4 | отправка=Повагонная | не закрыто 3 из 3 ваг.
    ПРИЧИНА: дуги есть (94 шт.), но все совместимые узлы предложения исчерпаны — вагоны ушли на другие заявки (конкуренция за предложение).
  [d_idx   83] Товарково (МСК) | тип=Прочие | ЕТСНГ=014003 | период=4 | отправка=Повагонная | не закрыто 3 из 4 ваг.
    ПРИЧИНА: дуги есть (94 шт.), но все совместимые узлы предложения исчерпаны — вагоны ушли на другие заявки (конкуренция за предложение).
  [d_idx   84] Елец (ЮВС) | тип=Прочие | ЕТСНГ=542224 | период=4 | отправка=Повагонная | не закрыто 1 из 5 ваг.
    ПРИЧИНА: дуги есть (94 шт.), но все совместимые узлы предложения исчерпаны — вагоны ушли на другие заявки (конкуренция за предложение).
  [d_idx   85] Никифоровка (ЮВС) | тип=Прочие | ЕТСНГ=014003 | период=4 | отправка=Повагонная | не закрыто 27 из 31 ваг.
    ПРИЧИНА: дуги есть (94 шт.), но все совместимые узлы предложения исчерпаны — вагоны ушли на другие заявки (конкуренция за предложение).
  [d_idx   87] Аркалык (КЗХ) | тип=Прочие | ЕТСНГ=021079 | период=4 | отправка=Повагонная | не закрыто 2 из 14 ваг.
    ПРИЧИНА: дуги есть (92 шт.), но все совместимые узлы предложения исчерпаны — вагоны ушли на другие заявки (конкуренция за предложение).
  [d_idx   88] Хохольская (ЮВС) | тип=Прочие | ЕТСНГ=014003 | период=4 | отправка=Повагонная | не закрыто 10 из 10 ваг.
    ПРИЧИНА: дуги есть (94 шт.), но все совместимые узлы предложения исчерпаны — вагоны ушли на другие заявки (конкуренция за предложение).

  СВОДКА ПО ПРИЧИНАМ:
    источники предложения исчерпаны        узлов:  37, вагонов:  188

  ЗАКРЫВАЕМОСТЬ (по реальному связывающему ограничению):
    структурно недостижимо (нет дуг):             0 ваг.  — нужны новые тарифы / смягчение жёстких фильтров
    упёрто в квоту ДМЗИ (инфраструктура):          0 ваг.  — поможет только повышение квоты на дороге
    держит MIN_BATCH (квота ДМЗИ ещё есть):        0 ваг.  — поможет смягчение партии (middle 0 / масс. 0 / маршр. 0)
    прочее (конкуренция / экономика штрафа):     188 ваг.
--------------------------------
--- УТИЛИЗАЦИЯ КВОТ ДМЗИ ---
  ВСБ  период  1:    0 из   10 ваг.
  ВСБ  период 10:    0 из    2 ваг.
  ГОР  период  1:    3 из  377 ваг.
  ГОР  период 10:    0 из   80 ваг.
  ЗАБ  период  1:   20 из   20 ваг.
  ЗАБ  период 10:    0 из    5 ваг.
  ЗСБ  период  1:   44 из  349 ваг.
  ЗСБ  период 10:    0 из   70 ваг.
  КБШ  период  1:   21 из  392 ваг.
  КБШ  период 10:    0 из   80 ваг.
  КРС  период  1:   19 из   40 ваг.
  КРС  период 10:    0 из    8 ваг.
  МСК  период  1:   24 из  398 ваг.
  МСК  период 10:    0 из   80 ваг.
  ОКТ  период  1:    0 из  298 ваг.
  ОКТ  период 10:    0 из   60 ваг.
  ПРВ  период  1:   88 из  315 ваг.
  ПРВ  период 10:    0 из   63 ваг.
  СВР  период  1:    0 из  468 ваг.
  СВР  период 10:    0 из  117 ваг.
  СЕВ  период  1:    0 из   75 ваг.
  СЕВ  период 10:    0 из   15 ваг.
  ЮВС  период  1:    8 из  171 ваг.
  ЮВС  период 10:    0 из   40 ваг.
  ЮУР  период  1:   34 из   98 ваг.
  ЮУР  период 10:    0 из   20 ваг.
----------------------------
Баланс отчёта оптимизации:   OK (453 ваг. в записях = 453 ваг. предложения)
Записей в отчёте (Excel):    173 (139 оптим. + 24 по факту + 10 в ремонт) / 521 вагонов
  → в POST АПИ (период 1):   173 записей / 521 вагонов
Чекпоинт сохранён:           tmp/checkpoint_2026-06-17_11-09-06.xlsx

======= РЕЗУЛЬТАТЫ ОПТИМИЗАЦИИ =======
Статус решателя:      MIP Optimal (gap=0.000%)
Назначено вагонов:    453
Неудовл. спрос:       188 ваг. (dummy-предложение)
Суммарная стоимость:  21270567 руб.
======================================

Результат сохранён:          tmp/result_20260617_110906.json
[SUCCESS] railoptim завершил работу успешно.
[Ср 17 июн 2026 12:54:44 MSK] Запуск: /home/atretyakov/railoptim/app/bin/railoptim (env=prod, MIP_WARM_START=on)
stations_geo: 19494 записей, data/stations/stations_geo.sqlite (baltic=671, china_mongolia=339, cis=6263, ru=11848, south_caucasus=373)
Получено узлов спроса (погрузка): 89 или 617 вагонов
Получено узлов предложения 1 сут.:  133 или 521 вагонов
  узлов дислокации (2-10 сут., период 10): 446 или 2606 вагонов
Получено узлов предложения всего:  579 или 3127 вагонов
  свободных для назначения:  520 или 3018 вагонов
  требуют ремонта (В ремонт):38 или 53 вагонов
  по факту (Assigned):       21 или 56 вагонов
Дороги без промывки (NoCleaningRoads): 8
Коды «уже промыт/ремонт» (WashedEmptyEtsngCodes): 2
Узлов спроса (промывка):     36 или мощность в период 5 суток 2795 вагонов
  предложений с ЕТСНГ из списка промывки: 305 вагонов (освобождены по NoCleaningRoads: 198; из них есть узел погрузки с тем же ЕТСНГ на любой станции — альтернатива промывке по спросу: 293 вагонов)
Получено тарифов:            10577
Загружено ремонтных станций: 102
Тарифов до ремонтных ст.:    3073
Тарифов до промывки (с надбавкой 10000+40000=50000 руб.): 1326
Ограничения ДМЗИ:            13 дорог (76 записей Ostatok)
  ВСБ  период 1 ≤   10, период 10 ≤    2 ваг.
  ГОР  период 1 ≤  377, период 10 ≤   80 ваг.
  ЗАБ  период 1 ≤   20, период 10 ≤    5 ваг.
  ЗСБ  период 1 ≤  349, период 10 ≤   70 ваг.
  КБШ  период 1 ≤  392, период 10 ≤   80 ваг.
  КРС  период 1 ≤   40, период 10 ≤    8 ваг.
  МСК  период 1 ≤  398, период 10 ≤   80 ваг.
  ОКТ  период 1 ≤  298, период 10 ≤   60 ваг.
  ПРВ  период 1 ≤  315, период 10 ≤   63 ваг.
  СВР  период 1 ≤  468, период 10 ≤  117 ваг.
  СЕВ  период 1 ≤   75, период 10 ≤   15 ваг.
  ЮВС  период 1 ≤  171, период 10 ≤   40 ваг.
  ЮУР  период 1 ≤   98, период 10 ≤   20 ваг.
БД отстоя обновлена:         получено 38 / записано 38 / без etran_id 0
Узлы отстоя (резервы):       18 узлов / ёмкость 629 ваг. (записей в БД 21, дублей 0, отфильтровано 3)
Всего пар supply×demand:     65000
  без тарифа:                        18074 (27.8%)
  нарушение срока (жёстко):          0 (0.0%)
  несовм. тип вагона:                1002 (1.5%)
  грязный вагон → чужой ЕТСНГ:       7370 (11.3%)
  допустимых дуг со штрафом за срок:   29169 (44.9%)
  допустимых дуг всего в LP:      38554 (59.3%)
Ограничения партии (MIN_BATCH): массовая выгрузка — 4411 дуг / 306 пар; средние станции — 11578 дуг / 1014 пар (станций образования: 60, погрузки: 18)
  маршрутные отправки (B=10): 291 дуг / 64 пар (станций образования: 64, маршрутных станций погрузки: 1)
--- АНАЛИЗ РЕСУРСОВ ---
Предложение: 3018 ваг.
Спрос (погрузка): 617 ваг.
Ёмкость промывки (верх): 2795 ваг.
Статус: ПРОФИЦИТ к погрузке (+2401 ваг.)
-----------------------
--- ЖАДНОЕ РЕШЕНИЕ ---
Назначений:            298 шт.
Назначено вагонов:     847 / 617 спрос (погрузка), 3018 предложение
Суммарная стоимость:   115838668.81 руб.
Неудовлетворён спрос:  54 ваг.
Избыток предложения:   2171 ваг.
Покрытие спроса (погр.): 137.3%
----------------------
MIP warm-start: ON (greedy) (управляется env MIP_WARM_START={on|off}, по умолч. on)
--- MIP РЕШЕНИЕ ---
Статус:                MIP Optimal (gap=0.002%)
Назначено вагонов:     573 / 617 спрос (погрузка), 3018 предложение
Суммарная стоимость:   36936485.53 руб.
Неудовлетворён спрос:  44 ваг.
Избыток предложения:   2445 ваг.
Покрытие спроса (погр.): 92.9%
-------------------
MIP время: 7.36 сек (warm-start: ON)
MIP диагностика: status=Optimal, gap=0.0016%, undist=2489 (unmet=44, excess=2445), real_cost=36936485.53
MIP vs greedy:   greedy undist=2225 (unmet=54, excess=2171), real_cost=115838668.81  →  Δundist=+264, Δcost=-78902183.28
  ВНИМАНИЕ: MIP не закрыл 44 ваг. спроса на погрузку (unmet > 0). Возможные причины:
           (а) PENALTY_UNMET ниже стоимости единственно допустимых плеч,
           (б) HiGHS остановился по rel_gap до закрытия всего спроса.
--- ДИАГНОСТИКА EXCESS SUPPLY (2445 ваг. в 387 узлах) ---
  [s_idx   35] Владивосток (Экспорт) | тип=Прочие | ЕТСНГ=011005 | period=1 | mass_unload=true | осталось 7 из 12 ваг.
    ПРИЧИНА: квота ДМЗИ исчерпана — все Load-дуги с доступным спросом идут на дороги с выбранным лимитом:
      · дорога ЗАБ, период 1: использовано 20 из 20 ваг.
  [s_idx   36] Владивосток (Экспорт) | тип=БКТ | ЕТСНГ=011005 | period=1 | mass_unload=true | осталось 23 из 28 ваг.
    ПРИЧИНА: квота ДМЗИ исчерпана — все Load-дуги с доступным спросом идут на дороги с выбранным лимитом:
      · дорога ЗАБ, период 1: использовано 20 из 20 ваг.
  [s_idx   37] Владивосток (Экспорт) | тип=Т | ЕТСНГ=011005 | period=1 | mass_unload=true | осталось 12 из 12 ваг.
    ПРИЧИНА: квота ДМЗИ исчерпана — все Load-дуги с доступным спросом идут на дороги с выбранным лимитом:
      · дорога ЗАБ, период 1: использовано 20 из 20 ваг.
  [s_idx   38] Владивосток (Экспорт) | тип=БК | ЕТСНГ=011005 | period=1 | mass_unload=true | осталось 7 из 8 ваг.
    ПРИЧИНА: квота ДМЗИ исчерпана — все Load-дуги с доступным спросом идут на дороги с выбранным лимитом:
      · дорога ЗАБ, период 1: использовано 20 из 20 ваг.
  [s_idx  102] Блюхер (Экспорт) | тип=БКТ | ЕТСНГ=018038 | period=10 | mass_unload=false | осталось 18 из 18 ваг.
    ПРИЧИНА: квота ДМЗИ исчерпана — все Load-дуги с доступным спросом идут на дороги с выбранным лимитом:
      · дорога ЗАБ, период 10: использовано 5 из 5 ваг.
  [s_idx  103] Забайкальск (Экспорт на КЖД [Китай]) | тип=БКТ | ЕТСНГ=013000 | period=10 | mass_unload=true | осталось 22 из 22 ваг.
    ПРИЧИНА: квота ДМЗИ исчерпана — все Load-дуги с доступным спросом идут на дороги с выбранным лимитом:
      · дорога ЗАБ, период 10: использовано 5 из 5 ваг.
  [s_idx  104] Парнас | тип=БК | ЕТСНГ=014003 | period=10 | mass_unload=false | осталось 3 из 3 ваг.
    ПРИЧИНА: квота ДМЗИ исчерпана — все Load-дуги с доступным спросом идут на дороги с выбранным лимитом:
      · дорога ЗАБ, период 10: использовано 5 из 5 ваг.
  [s_idx  105] Порт Оля (Экспорт) | тип=БКТ | ЕТСНГ=542239 | period=10 | mass_unload=false | осталось 16 из 16 ваг.
    ПРИЧИНА: доступны только Wash-дуги (36 шт., мин. стоимость 242679 руб./ваг.). В модели Wash не имеет штрафа за незаполнение,
             а excess_supply бесплатный — отправка только увеличила бы obj, MIP корректно оставил вагоны в остатке.
  [s_idx  106] Поярково | тип=БКТ | ЕТСНГ=— | period=10 | mass_unload=false | осталось 1 из 1 ваг.
    ПРИЧИНА: квота ДМЗИ исчерпана — все Load-дуги с доступным спросом идут на дороги с выбранным лимитом:
      · дорога ЗАБ, период 10: использовано 5 из 5 ваг.
  [s_idx  107] Владивосток (Экспорт) | тип=БКТ | ЕТСНГ=542239 | period=10 | mass_unload=true | осталось 20 из 20 ваг.
    ПРИЧИНА: доступны только Wash-дуги (36 шт., мин. стоимость 278927 руб./ваг.). В модели Wash не имеет штрафа за незаполнение,
             а excess_supply бесплатный — отправка только увеличила бы obj, MIP корректно оставил вагоны в остатке.
  [s_idx  108] Красноярск-Северный | тип=БКТ | ЕТСНГ=— | period=10 | mass_unload=false | осталось 15 из 15 ваг.
    ПРИЧИНА: квота ДМЗИ исчерпана — все Load-дуги с доступным спросом идут на дороги с выбранным лимитом:
      · дорога ЗАБ, период 10: использовано 5 из 5 ваг.
  [s_idx  109] Блюхер (Экспорт) | тип=БКТ | ЕТСНГ=011005 | period=10 | mass_unload=false | осталось 19 из 19 ваг.
    ПРИЧИНА: квота ДМЗИ исчерпана — все Load-дуги с доступным спросом идут на дороги с выбранным лимитом:
      · дорога ЗАБ, период 10: использовано 5 из 5 ваг.
  [s_idx  110] Валуйки | тип=БК | ЕТСНГ=421195 | period=10 | mass_unload=false | осталось 1 из 1 ваг.
    ПРИЧИНА: квота ДМЗИ исчерпана — все Load-дуги с доступным спросом идут на дороги с выбранным лимитом:
      · дорога ЗАБ, период 10: использовано 5 из 5 ваг.
  [s_idx  111] Новороссийск (Экспорт) | тип=БК | ЕТСНГ=011005 | period=10 | mass_unload=true | осталось 42 из 42 ваг.
    ПРИЧИНА: квота ДМЗИ исчерпана — все Load-дуги с доступным спросом идут на дороги с выбранным лимитом:
      · дорога ЗАБ, период 10: использовано 5 из 5 ваг.
  [s_idx  112] Абакан | тип=БКТ | ЕТСНГ=421208 | period=10 | mass_unload=false | осталось 14 из 14 ваг.
    ПРИЧИНА: квота ДМЗИ исчерпана — все Load-дуги с доступным спросом идут на дороги с выбранным лимитом:
      · дорога ЗАБ, период 10: использовано 5 из 5 ваг.
  [s_idx  113] Воскресенск | тип=БК | ЕТСНГ=421208 | period=10 | mass_unload=false | осталось 1 из 1 ваг.
    ПРИЧИНА: квота ДМЗИ исчерпана — все Load-дуги с доступным спросом идут на дороги с выбранным лимитом:
      · дорога ЗАБ, период 10: использовано 5 из 5 ваг.
  [s_idx  114] Новый Порт (Экспорт) | тип=БКТ | ЕТСНГ=021079 | period=10 | mass_unload=false | осталось 48 из 48 ваг.
    ПРИЧИНА: квота ДМЗИ исчерпана — все Load-дуги с доступным спросом идут на дороги с выбранным лимитом:
      · дорога ЗАБ, период 10: использовано 5 из 5 ваг.
  [s_idx  115] Койданово | тип=БК | ЕТСНГ=542239 | period=10 | mass_unload=false | осталось 2 из 2 ваг.
    ПРИЧИНА: квота ДМЗИ исчерпана — все Load-дуги с доступным спросом идут на дороги с выбранным лимитом:
      · дорога ЗАБ, период 10: использовано 5 из 5 ваг.
  [s_idx  116] Текстильный | тип=БКТ | ЕТСНГ=018112 | period=10 | mass_unload=false | осталось 3 из 3 ваг.
    ПРИЧИНА: квота ДМЗИ исчерпана — все Load-дуги с доступным спросом идут на дороги с выбранным лимитом:
      · дорога ЗАБ, период 10: использовано 5 из 5 ваг.
  [s_idx  117] Невель 1 | тип=БК | ЕТСНГ=014003 | period=10 | mass_unload=false | осталось 3 из 3 ваг.
    ПРИЧИНА: квота ДМЗИ исчерпана — все Load-дуги с доступным спросом идут на дороги с выбранным лимитом:
      · дорога ЗАБ, период 10: использовано 5 из 5 ваг.
  [s_idx  118] Новый Порт (Экспорт) | тип=Т | ЕТСНГ=021079 | period=10 | mass_unload=false | осталось 16 из 16 ваг.
    ПРИЧИНА: квота ДМЗИ исчерпана — все Load-дуги с доступным спросом идут на дороги с выбранным лимитом:
      · дорога ЗАБ, период 10: использовано 5 из 5 ваг.
  [s_idx  120] Клевенка | тип=БК | ЕТСНГ=421034 | period=10 | mass_unload=false | осталось 3 из 3 ваг.
    ПРИЧИНА: нет ни одной допустимой дуги (нет тарифа, несовм. тип вагона или грязный груз).
  [s_idx  121] Гродеково (Экспорт на КЖД [Китай]) | тип=БК | ЕТСНГ=011005 | period=10 | mass_unload=false | осталось 11 из 11 ваг.
    ПРИЧИНА: квота ДМЗИ исчерпана — все Load-дуги с доступным спросом идут на дороги с выбранным лимитом:
      · дорога ЗАБ, период 10: использовано 5 из 5 ваг.
  [s_idx  122] Чапчачи | тип=БКТ | ЕТСНГ=421034 | period=10 | mass_unload=false | осталось 5 из 5 ваг.
    ПРИЧИНА: квота ДМЗИ исчерпана — все Load-дуги с доступным спросом идут на дороги с выбранным лимитом:
      · дорога ЗАБ, период 10: использовано 5 из 5 ваг.
  [s_idx  123] Дунайка | тип=БКТ | ЕТСНГ=014003 | period=10 | mass_unload=false | осталось 25 из 25 ваг.
    ПРИЧИНА: квота ДМЗИ исчерпана — все Load-дуги с доступным спросом идут на дороги с выбранным лимитом:
      · дорога ЗАБ, период 10: использовано 5 из 5 ваг.
  [s_idx  124] Вентспилс (Экспорт) | тип=БКТ | ЕТСНГ=021079 | period=10 | mass_unload=true | осталось 18 из 18 ваг.
    ПРИЧИНА: квота ДМЗИ исчерпана — все Load-дуги с доступным спросом идут на дороги с выбранным лимитом:
      · дорога ЗАБ, период 10: использовано 5 из 5 ваг.
  [s_idx  125] Невдубстрой | тип=Т | ЕТСНГ=011005 | period=10 | mass_unload=true | осталось 30 из 30 ваг.
    ПРИЧИНА: квота ДМЗИ исчерпана — все Load-дуги с доступным спросом идут на дороги с выбранным лимитом:
      · дорога ЗАБ, период 10: использовано 5 из 5 ваг.
  [s_idx  126] Новороссийск (Экспорт) | тип=БКТ | ЕТСНГ=011005 | period=10 | mass_unload=true | осталось 167 из 167 ваг.
    ПРИЧИНА: квота ДМЗИ исчерпана — все Load-дуги с доступным спросом идут на дороги с выбранным лимитом:
      · дорога ЗАБ, период 10: использовано 5 из 5 ваг.
  [s_idx  127] Правый Берег | тип=БК | ЕТСНГ=014003 | period=10 | mass_unload=true | осталось 4 из 4 ваг.
    ПРИЧИНА: квота ДМЗИ исчерпана — все Load-дуги с доступным спросом идут на дороги с выбранным лимитом:
      · дорога ЗАБ, период 10: использовано 5 из 5 ваг.
  [s_idx  128] Правый Берег | тип=БК | ЕТСНГ=— | period=10 | mass_unload=true | осталось 1 из 7 ваг.
    ПРИЧИНА: квота ДМЗИ исчерпана — все Load-дуги с доступным спросом идут на дороги с выбранным лимитом:
      · дорога ЗАБ, период 10: использовано 5 из 5 ваг.
  [s_idx  129] Мерке | тип=БК | ЕТСНГ=521054 | period=10 | mass_unload=false | осталось 6 из 6 ваг.
    ПРИЧИНА: квота ДМЗИ исчерпана — все Load-дуги с доступным спросом идут на дороги с выбранным лимитом:
      · дорога ЗАБ, период 10: использовано 5 из 5 ваг.
  [s_idx  130] Забайкальск (Экспорт на КЖД [Китай]) | тип=БКТ | ЕТСНГ=014003 | period=10 | mass_unload=true | осталось 27 из 27 ваг.
    ПРИЧИНА: квота ДМЗИ исчерпана — все Load-дуги с доступным спросом идут на дороги с выбранным лимитом:
      · дорога ЗАБ, период 10: использовано 5 из 5 ваг.
  [s_idx  131] Клевенка | тип=Т | ЕТСНГ=421034 | period=10 | mass_unload=false | осталось 7 из 7 ваг.
    ПРИЧИНА: нет ни одной допустимой дуги (нет тарифа, несовм. тип вагона или грязный груз).
  [s_idx  132] Вайвара | тип=Т | ЕТСНГ=542224 | period=10 | mass_unload=false | осталось 8 из 8 ваг.
    ПРИЧИНА: квота ДМЗИ исчерпана — все Load-дуги с доступным спросом идут на дороги с выбранным лимитом:
      · дорога ЗАБ, период 10: использовано 5 из 5 ваг.
  [s_idx  133] Пишля | тип=Т | ЕТСНГ=421034 | period=10 | mass_unload=false | осталось 8 из 8 ваг.
    ПРИЧИНА: нет ни одной допустимой дуги (нет тарифа, несовм. тип вагона или грязный груз).
  [s_idx  135] Галич | тип=Т | ЕТСНГ=011005 | period=10 | mass_unload=false | осталось 18 из 18 ваг.
    ПРИЧИНА: квота ДМЗИ исчерпана — все Load-дуги с доступным спросом идут на дороги с выбранным лимитом:
      · дорога ЗАБ, период 10: использовано 5 из 5 ваг.
  [s_idx  136] Бишкек 1 | тип=БКТ | ЕТСНГ=011005 | period=10 | mass_unload=false | осталось 7 из 7 ваг.
    ПРИЧИНА: квота ДМЗИ исчерпана — все Load-дуги с доступным спросом идут на дороги с выбранным лимитом:
      · дорога ЗАБ, период 10: использовано 5 из 5 ваг.
  [s_idx  137] Гардабани | тип=БК | ЕТСНГ=421034 | period=10 | mass_unload=false | осталось 5 из 5 ваг.
    ПРИЧИНА: квота ДМЗИ исчерпана — все Load-дуги с доступным спросом идут на дороги с выбранным лимитом:
      · дорога ЗАБ, период 10: использовано 5 из 5 ваг.
  [s_idx  138] Мерке | тип=БКТ | ЕТСНГ=521054 | period=10 | mass_unload=false | осталось 4 из 33 ваг.
    ПРИЧИНА: квота ДМЗИ исчерпана — все Load-дуги с доступным спросом идут на дороги с выбранным лимитом:
      · дорога ЗАБ, период 10: использовано 5 из 5 ваг.
  [s_idx  139] Невдубстрой | тип=БКТ | ЕТСНГ=015006 | period=10 | mass_unload=true | осталось 41 из 41 ваг.
    ПРИЧИНА: квота ДМЗИ исчерпана — все Load-дуги с доступным спросом идут на дороги с выбранным лимитом:
      · дорога ЗАБ, период 10: использовано 5 из 5 ваг.
  [s_idx  140] Вайвара | тип=БКТ | ЕТСНГ=542224 | period=10 | mass_unload=false | осталось 11 из 11 ваг.
    ПРИЧИНА: квота ДМЗИ исчерпана — все Load-дуги с доступным спросом идут на дороги с выбранным лимитом:
      · дорога ЗАБ, период 10: использовано 5 из 5 ваг.
  [s_idx  141] Переволоки | тип=БКТ | ЕТСНГ=421034 | period=10 | mass_unload=false | осталось 15 из 15 ваг.
    ПРИЧИНА: квота ДМЗИ исчерпана — все Load-дуги с доступным спросом идут на дороги с выбранным лимитом:
      · дорога ЗАБ, период 10: использовано 5 из 5 ваг.
  [s_idx  142] Клевенка | тип=БКТ | ЕТСНГ=421034 | period=10 | mass_unload=false | осталось 15 из 15 ваг.
    ПРИЧИНА: нет ни одной допустимой дуги (нет тарифа, несовм. тип вагона или грязный груз).
  [s_idx  143] Томылово | тип=БКТ | ЕТСНГ=421034 | period=10 | mass_unload=false | осталось 16 из 16 ваг.
    ПРИЧИНА: нет ни одной допустимой дуги (нет тарифа, несовм. тип вагона или грязный груз).
  [s_idx  144] Глазов | тип=БКТ | ЕТСНГ=542239 | period=10 | mass_unload=false | осталось 4 из 4 ваг.
    ПРИЧИНА: доступны только Wash-дуги (36 шт., мин. стоимость 290301 руб./ваг.). В модели Wash не имеет штрафа за незаполнение,
             а excess_supply бесплатный — отправка только увеличила бы obj, MIP корректно оставил вагоны в остатке.
  [s_idx  145] Тополек | тип=БКТ | ЕТСНГ=421034 | period=10 | mass_unload=false | осталось 20 из 20 ваг.
    ПРИЧИНА: квота ДМЗИ исчерпана — все Load-дуги с доступным спросом идут на дороги с выбранным лимитом:
      · дорога ЗАБ, период 10: использовано 5 из 5 ваг.
  [s_idx  146] Пишля | тип=БКТ | ЕТСНГ=421034 | period=10 | mass_unload=false | осталось 14 из 14 ваг.
    ПРИЧИНА: нет ни одной допустимой дуги (нет тарифа, несовм. тип вагона или грязный груз).
  [s_idx  147] Налейка | тип=БКТ | ЕТСНГ=421034 | period=10 | mass_unload=false | осталось 17 из 17 ваг.
    ПРИЧИНА: нет ни одной допустимой дуги (нет тарифа, несовм. тип вагона или грязный груз).
  [s_idx  148] Владивосток (Экспорт) | тип=БКТ | ЕТСНГ=014003 | period=10 | mass_unload=true | осталось 15 из 15 ваг.
    ПРИЧИНА: квота ДМЗИ исчерпана — все Load-дуги с доступным спросом идут на дороги с выбранным лимитом:
      · дорога ЗАБ, период 10: использовано 5 из 5 ваг.
  [s_idx  149] Эльтон | тип=БКТ | ЕТСНГ=421034 | period=10 | mass_unload=false | осталось 8 из 8 ваг.
    ПРИЧИНА: нет ни одной допустимой дуги (нет тарифа, несовм. тип вагона или грязный груз).
  [s_idx  150] Аламедин | тип=БКТ | ЕТСНГ=011005 | period=10 | mass_unload=false | осталось 7 из 7 ваг.
    ПРИЧИНА: квота ДМЗИ исчерпана — все Load-дуги с доступным спросом идут на дороги с выбранным лимитом:
      · дорога ЗАБ, период 10: использовано 5 из 5 ваг.
  [s_idx  151] Жилево | тип=БКТ | ЕТСНГ=011005 | period=10 | mass_unload=false | осталось 8 из 8 ваг.
    ПРИЧИНА: квота ДМЗИ исчерпана — все Load-дуги с доступным спросом идут на дороги с выбранным лимитом:
      · дорога ЗАБ, период 10: использовано 5 из 5 ваг.
  [s_idx  152] Гардабани | тип=БКТ | ЕТСНГ=421034 | period=10 | mass_unload=false | осталось 13 из 13 ваг.
    ПРИЧИНА: квота ДМЗИ исчерпана — все Load-дуги с доступным спросом идут на дороги с выбранным лимитом:
      · дорога ЗАБ, период 10: использовано 5 из 5 ваг.
  [s_idx  153] Автово (Экспорт) | тип=БК | ЕТСНГ=436025 | period=10 | mass_unload=false | осталось 10 из 10 ваг.
    ПРИЧИНА: квота ДМЗИ исчерпана — все Load-дуги с доступным спросом идут на дороги с выбранным лимитом:
      · дорога ЗАБ, период 10: использовано 5 из 5 ваг.
  [s_idx  154] Блюхер (Экспорт) | тип=Т | ЕТСНГ=018038 | period=10 | mass_unload=false | осталось 7 из 7 ваг.
    ПРИЧИНА: квота ДМЗИ исчерпана — все Load-дуги с доступным спросом идут на дороги с выбранным лимитом:
      · дорога ЗАБ, период 10: использовано 5 из 5 ваг.
  [s_idx  155] Вентспилс (Экспорт) | тип=Т | ЕТСНГ=021079 | period=10 | mass_unload=true | осталось 23 из 23 ваг.
    ПРИЧИНА: квота ДМЗИ исчерпана — все Load-дуги с доступным спросом идут на дороги с выбранным лимитом:
      · дорога ЗАБ, период 10: использовано 5 из 5 ваг.
  [s_idx  156] Хованщина | тип=БК | ЕТСНГ=421034 | period=10 | mass_unload=false | осталось 6 из 6 ваг.
    ПРИЧИНА: квота ДМЗИ исчерпана — все Load-дуги с доступным спросом идут на дороги с выбранным лимитом:
      · дорога ЗАБ, период 10: использовано 5 из 5 ваг.
  [s_idx  157] Цильна | тип=БК | ЕТСНГ=011005 | period=10 | mass_unload=false | осталось 1 из 1 ваг.
    ПРИЧИНА: квота ДМЗИ исчерпана — все Load-дуги с доступным спросом идут на дороги с выбранным лимитом:
      · дорога ЗАБ, период 10: использовано 5 из 5 ваг.
  [s_idx  158] Гыпджак | тип=БК | ЕТСНГ=542050 | period=10 | mass_unload=false | осталось 4 из 4 ваг.
    ПРИЧИНА: доступны только Wash-дуги (36 шт., мин. стоимость 516064 руб./ваг.). В модели Wash не имеет штрафа за незаполнение,
             а excess_supply бесплатный — отправка только увеличила бы obj, MIP корректно оставил вагоны в остатке.
  [s_idx  159] Моршанск | тип=Т | ЕТСНГ=421034 | period=10 | mass_unload=false | осталось 2 из 2 ваг.
    ПРИЧИНА: квота ДМЗИ исчерпана — все Load-дуги с доступным спросом идут на дороги с выбранным лимитом:
      · дорога ЗАБ, период 10: использовано 5 из 5 ваг.
  [s_idx  160] Вентспилс (Экспорт) | тип=БКТ | ЕТСНГ=021083 | period=10 | mass_unload=true | осталось 16 из 16 ваг.
    ПРИЧИНА: квота ДМЗИ исчерпана — все Load-дуги с доступным спросом идут на дороги с выбранным лимитом:
      · дорога ЗАБ, период 10: использовано 5 из 5 ваг.
  [s_idx  161] Пронино | тип=Т | ЕТСНГ=421034 | period=10 | mass_unload=false | осталось 9 из 9 ваг.
    ПРИЧИНА: квота ДМЗИ исчерпана — все Load-дуги с доступным спросом идут на дороги с выбранным лимитом:
      · дорога ЗАБ, период 10: использовано 5 из 5 ваг.
  [s_idx  162] Новороссийск (Экспорт) | тип=Т | ЕТСНГ=011005 | period=10 | mass_unload=true | осталось 67 из 67 ваг.
    ПРИЧИНА: квота ДМЗИ исчерпана — все Load-дуги с доступным спросом идут на дороги с выбранным лимитом:
      · дорога ЗАБ, период 10: использовано 5 из 5 ваг.
  [s_idx  163] Невдубстрой | тип=Т | ЕТСНГ=015006 | period=10 | mass_unload=true | осталось 9 из 9 ваг.
    ПРИЧИНА: квота ДМЗИ исчерпана — все Load-дуги с доступным спросом идут на дороги с выбранным лимитом:
      · дорога ЗАБ, период 10: использовано 5 из 5 ваг.
  [s_idx  164] Забайкальск (Экспорт на КЖД [Китай]) | тип=Т | ЕТСНГ=014003 | period=10 | mass_unload=true | осталось 7 из 7 ваг.
    ПРИЧИНА: квота ДМЗИ исчерпана — все Load-дуги с доступным спросом идут на дороги с выбранным лимитом:
      · дорога ЗАБ, период 10: использовано 5 из 5 ваг.
  [s_idx  165] Ереван | тип=БК | ЕТСНГ=011005 | period=10 | mass_unload=false | осталось 6 из 6 ваг.
    ПРИЧИНА: квота ДМЗИ исчерпана — все Load-дуги с доступным спросом идут на дороги с выбранным лимитом:
      · дорога ЗАБ, период 10: использовано 5 из 5 ваг.
  [s_idx  166] Можга | тип=БКТ | ЕТСНГ=— | period=10 | mass_unload=false | осталось 4 из 4 ваг.
    ПРИЧИНА: квота ДМЗИ исчерпана — все Load-дуги с доступным спросом идут на дороги с выбранным лимитом:
      · дорога ЗАБ, период 10: использовано 5 из 5 ваг.
  [s_idx  168] Владивосток (Экспорт) | тип=БК | ЕТСНГ=542239 | period=10 | mass_unload=true | осталось 2 из 2 ваг.
    ПРИЧИНА: доступны только Wash-дуги (36 шт., мин. стоимость 278927 руб./ваг.). В модели Wash не имеет штрафа за незаполнение,
             а excess_supply бесплатный — отправка только увеличила бы obj, MIP корректно оставил вагоны в остатке.
  [s_idx  169] Сероглазово | тип=БК | ЕТСНГ=421034 | period=10 | mass_unload=false | осталось 5 из 5 ваг.
    ПРИЧИНА: квота ДМЗИ исчерпана — все Load-дуги с доступным спросом идут на дороги с выбранным лимитом:
      · дорога ЗАБ, период 10: использовано 5 из 5 ваг.
  [s_idx  170] Бишкек 1 | тип=Т | ЕТСНГ=011005 | period=10 | mass_unload=false | осталось 9 из 9 ваг.
    ПРИЧИНА: квота ДМЗИ исчерпана — все Load-дуги с доступным спросом идут на дороги с выбранным лимитом:
      · дорога ЗАБ, период 10: использовано 5 из 5 ваг.
  [s_idx  171] Блюхер (Экспорт) | тип=Т | ЕТСНГ=011005 | period=10 | mass_unload=false | осталось 10 из 10 ваг.
    ПРИЧИНА: квота ДМЗИ исчерпана — все Load-дуги с доступным спросом идут на дороги с выбранным лимитом:
      · дорога ЗАБ, период 10: использовано 5 из 5 ваг.
  [s_idx  172] Куликово Поле | тип=БКТ | ЕТСНГ=421034 | period=10 | mass_unload=false | осталось 11 из 11 ваг.
    ПРИЧИНА: квота ДМЗИ исчерпана — все Load-дуги с доступным спросом идут на дороги с выбранным лимитом:
      · дорога ЗАБ, период 10: использовано 5 из 5 ваг.
  [s_idx  173] Пронино | тип=БК | ЕТСНГ=421034 | period=10 | mass_unload=false | осталось 4 из 4 ваг.
    ПРИЧИНА: квота ДМЗИ исчерпана — все Load-дуги с доступным спросом идут на дороги с выбранным лимитом:
      · дорога ЗАБ, период 10: использовано 5 из 5 ваг.
  [s_idx  174] Клин | тип=БК | ЕТСНГ=018112 | period=10 | mass_unload=false | осталось 1 из 1 ваг.
    ПРИЧИНА: квота ДМЗИ исчерпана — все Load-дуги с доступным спросом идут на дороги с выбранным лимитом:
      · дорога ЗАБ, период 10: использовано 5 из 5 ваг.
  [s_idx  175] Тула 1-Курская | тип=Т | ЕТСНГ=421195 | period=10 | mass_unload=false | осталось 1 из 1 ваг.
    ПРИЧИНА: квота ДМЗИ исчерпана — все Load-дуги с доступным спросом идут на дороги с выбранным лимитом:
      · дорога ЗАБ, период 10: использовано 5 из 5 ваг.
  [s_idx  176] Дунайка | тип=БК | ЕТСНГ=014003 | period=10 | mass_unload=false | осталось 9 из 9 ваг.
    ПРИЧИНА: квота ДМЗИ исчерпана — все Load-дуги с доступным спросом идут на дороги с выбранным лимитом:
      · дорога ЗАБ, период 10: использовано 5 из 5 ваг.
  [s_idx  177] Ростов-Западный | тип=Т | ЕТСНГ=014003 | period=10 | mass_unload=false | осталось 2 из 2 ваг.
    ПРИЧИНА: квота ДМЗИ исчерпана — все Load-дуги с доступным спросом идут на дороги с выбранным лимитом:
      · дорога ЗАБ, период 10: использовано 5 из 5 ваг.
  [s_idx  178] Чапчачи | тип=Т | ЕТСНГ=421034 | period=10 | mass_unload=false | осталось 7 из 7 ваг.
    ПРИЧИНА: квота ДМЗИ исчерпана — все Load-дуги с доступным спросом идут на дороги с выбранным лимитом:
      · дорога ЗАБ, период 10: использовано 5 из 5 ваг.
  [s_idx  179] Парнас | тип=БКТ | ЕТСНГ=014003 | period=10 | mass_unload=false | осталось 7 из 7 ваг.
    ПРИЧИНА: квота ДМЗИ исчерпана — все Load-дуги с доступным спросом идут на дороги с выбранным лимитом:
      · дорога ЗАБ, период 10: использовано 5 из 5 ваг.
  [s_idx  180] Поярково | тип=Т | ЕТСНГ=018023 | period=10 | mass_unload=false | осталось 6 из 8 ваг.
    ПРИЧИНА: квота ДМЗИ исчерпана — все Load-дуги с доступным спросом идут на дороги с выбранным лимитом:
      · дорога ЗАБ, период 10: использовано 5 из 5 ваг.
  [s_idx  181] Санкт-Петербург-Товарный-Московский | тип=БКТ | ЕТСНГ=011005 | period=10 | mass_unload=false | осталось 14 из 14 ваг.
    ПРИЧИНА: квота ДМЗИ исчерпана — все Load-дуги с доступным спросом идут на дороги с выбранным лимитом:
      · дорога ЗАБ, период 10: использовано 5 из 5 ваг.
  [s_idx  182] Алексеевская | тип=Т | ЕТСНГ=018112 | period=10 | mass_unload=false | осталось 1 из 2 ваг.
    ПРИЧИНА: квота ДМЗИ исчерпана — все Load-дуги с доступным спросом идут на дороги с выбранным лимитом:
      · дорога ЗАБ, период 10: использовано 5 из 5 ваг.
  [s_idx  183] Расшеватка | тип=БКТ | ЕТСНГ=011005 | period=10 | mass_unload=false | осталось 3 из 5 ваг.
    ПРИЧИНА: квота ДМЗИ исчерпана — все Load-дуги с доступным спросом идут на дороги с выбранным лимитом:
      · дорога ЗАБ, период 10: использовано 5 из 5 ваг.
  [s_idx  184] Невдубстрой | тип=БКТ | ЕТСНГ=011005 | period=10 | mass_unload=true | осталось 57 из 57 ваг.
    ПРИЧИНА: квота ДМЗИ исчерпана — все Load-дуги с доступным спросом идут на дороги с выбранным лимитом:
      · дорога ЗАБ, период 10: использовано 5 из 5 ваг.
  [s_idx  185] Галич | тип=БКТ | ЕТСНГ=011005 | period=10 | mass_unload=false | осталось 22 из 22 ваг.
    ПРИЧИНА: квота ДМЗИ исчерпана — все Load-дуги с доступным спросом идут на дороги с выбранным лимитом:
      · дорога ЗАБ, период 10: использовано 5 из 5 ваг.
  [s_idx  186] Невдубстрой | тип=БКТ | ЕТСНГ=021100 | period=10 | mass_unload=true | осталось 26 из 26 ваг.
    ПРИЧИНА: квота ДМЗИ исчерпана — все Load-дуги с доступным спросом идут на дороги с выбранным лимитом:
      · дорога ЗАБ, период 10: использовано 5 из 5 ваг.
  [s_idx  187] Сенцово | тип=БКТ | ЕТСНГ=021083 | period=10 | mass_unload=false | осталось 21 из 27 ваг.
    ПРИЧИНА: квота ДМЗИ исчерпана — все Load-дуги с доступным спросом идут на дороги с выбранным лимитом:
      · дорога ЗАБ, период 10: использовано 5 из 5 ваг.
  [s_idx  188] Рощино | тип=БКТ | ЕТСНГ=011005 | period=10 | mass_unload=false | осталось 23 из 23 ваг.
    ПРИЧИНА: квота ДМЗИ исчерпана — все Load-дуги с доступным спросом идут на дороги с выбранным лимитом:
      · дорога ЗАБ, период 10: использовано 5 из 5 ваг.
  [s_idx  189] Моршанск | тип=БКТ | ЕТСНГ=421034 | period=10 | mass_unload=false | осталось 12 из 12 ваг.
    ПРИЧИНА: квота ДМЗИ исчерпана — все Load-дуги с доступным спросом идут на дороги с выбранным лимитом:
      · дорога ЗАБ, период 10: использовано 5 из 5 ваг.
  [s_idx  190] Хованщина | тип=БКТ | ЕТСНГ=421034 | period=10 | mass_unload=false | осталось 16 из 16 ваг.
    ПРИЧИНА: квота ДМЗИ исчерпана — все Load-дуги с доступным спросом идут на дороги с выбранным лимитом:
      · дорога ЗАБ, период 10: использовано 5 из 5 ваг.
  [s_idx  191] Новоперелюбская | тип=БКТ | ЕТСНГ=421034 | period=10 | mass_unload=false | осталось 5 из 5 ваг.
    ПРИЧИНА: квота ДМЗИ исчерпана — все Load-дуги с доступным спросом идут на дороги с выбранным лимитом:
      · дорога ЗАБ, период 10: использовано 5 из 5 ваг.
  [s_idx  192] Вентспилс (Экспорт) | тип=Т | ЕТСНГ=021083 | period=10 | mass_unload=true | осталось 1 из 1 ваг.
    ПРИЧИНА: квота ДМЗИ исчерпана — все Load-дуги с доступным спросом идут на дороги с выбранным лимитом:
      · дорога ЗАБ, период 10: использовано 5 из 5 ваг.
  [s_idx  193] Наушки (Экспорт АО «УБЖД»: участок Улаанбаатар (вкл.) и далее) | тип=БКТ | ЕТСНГ=011005 | period=10 | mass_unload=false | осталось 13 из 13 ваг.
    ПРИЧИНА: квота ДМЗИ исчерпана — все Load-дуги с доступным спросом идут на дороги с выбранным лимитом:
      · дорога ЗАБ, период 10: использовано 5 из 5 ваг.
  [s_idx  194] Правый Берег | тип=Т | ЕТСНГ=— | period=10 | mass_unload=true | осталось 7 из 7 ваг.
    ПРИЧИНА: квота ДМЗИ исчерпана — все Load-дуги с доступным спросом идут на дороги с выбранным лимитом:
      · дорога ЗАБ, период 10: использовано 5 из 5 ваг.
  [s_idx  195] Беломестная | тип=Т | ЕТСНГ=421034 | period=10 | mass_unload=false | осталось 3 из 3 ваг.
    ПРИЧИНА: квота ДМЗИ исчерпана — все Load-дуги с доступным спросом идут на дороги с выбранным лимитом:
      · дорога ЗАБ, период 10: использовано 5 из 5 ваг.
  [s_idx  196] Переволоки | тип=Т | ЕТСНГ=421034 | period=10 | mass_unload=false | осталось 13 из 13 ваг.
    ПРИЧИНА: квота ДМЗИ исчерпана — все Load-дуги с доступным спросом идут на дороги с выбранным лимитом:
      · дорога ЗАБ, период 10: использовано 5 из 5 ваг.
  [s_idx  197] Порт Оля (Экспорт) | тип=БКТ | ЕТСНГ=— | period=10 | mass_unload=false | осталось 6 из 6 ваг.
    ПРИЧИНА: доступны только Wash-дуги (36 шт., мин. стоимость 242679 руб./ваг.). В модели Wash не имеет штрафа за незаполнение,
             а excess_supply бесплатный — отправка только увеличила бы obj, MIP корректно оставил вагоны в остатке.
  [s_idx  198] Правый Берег | тип=Т | ЕТСНГ=014003 | period=10 | mass_unload=true | осталось 9 из 9 ваг.
    ПРИЧИНА: квота ДМЗИ исчерпана — все Load-дуги с доступным спросом идут на дороги с выбранным лимитом:
      · дорога ЗАБ, период 10: использовано 5 из 5 ваг.
  [s_idx  199] Аламедин | тип=Т | ЕТСНГ=011005 | period=10 | mass_unload=false | осталось 4 из 4 ваг.
    ПРИЧИНА: квота ДМЗИ исчерпана — все Load-дуги с доступным спросом идут на дороги с выбранным лимитом:
      · дорога ЗАБ, период 10: использовано 5 из 5 ваг.
  [s_idx  200] Правый Берег (Экспорт) | тип=БКТ | ЕТСНГ=542224 | period=10 | mass_unload=false | осталось 7 из 7 ваг.
    ПРИЧИНА: квота ДМЗИ исчерпана — все Load-дуги с доступным спросом идут на дороги с выбранным лимитом:
      · дорога ЗАБ, период 10: использовано 5 из 5 ваг.
  [s_idx  201] Пронино | тип=БКТ | ЕТСНГ=421034 | period=10 | mass_unload=false | осталось 10 из 10 ваг.
    ПРИЧИНА: квота ДМЗИ исчерпана — все Load-дуги с доступным спросом идут на дороги с выбранным лимитом:
      · дорога ЗАБ, период 10: использовано 5 из 5 ваг.
  [s_idx  202] Шопоков | тип=БКТ | ЕТСНГ=011005 | period=10 | mass_unload=false | осталось 8 из 8 ваг.
    ПРИЧИНА: квота ДМЗИ исчерпана — все Load-дуги с доступным спросом идут на дороги с выбранным лимитом:
      · дорога ЗАБ, период 10: использовано 5 из 5 ваг.
  [s_idx  203] Невдубстрой | тип=Т | ЕТСНГ=021100 | period=10 | mass_unload=true | осталось 15 из 15 ваг.
    ПРИЧИНА: квота ДМЗИ исчерпана — все Load-дуги с доступным спросом идут на дороги с выбранным лимитом:
      · дорога ЗАБ, период 10: использовано 5 из 5 ваг.
  [s_idx  204] Касторная-Новая | тип=БКТ | ЕТСНГ=018023 | period=10 | mass_unload=false | осталось 12 из 12 ваг.
    ПРИЧИНА: квота ДМЗИ исчерпана — все Load-дуги с доступным спросом идут на дороги с выбранным лимитом:
      · дорога ЗАБ, период 10: использовано 5 из 5 ваг.
  [s_idx  205] Даларик | тип=БКТ | ЕТСНГ=011005 | period=10 | mass_unload=false | осталось 6 из 6 ваг.
    ПРИЧИНА: квота ДМЗИ исчерпана — все Load-дуги с доступным спросом идут на дороги с выбранным лимитом:
      · дорога ЗАБ, период 10: использовано 5 из 5 ваг.
  [s_idx  206] Куликово Поле | тип=БК | ЕТСНГ=421034 | period=10 | mass_unload=false | осталось 3 из 7 ваг.
    ПРИЧИНА: квота ДМЗИ исчерпана — все Load-дуги с доступным спросом идут на дороги с выбранным лимитом:
      · дорога ЗАБ, период 10: использовано 5 из 5 ваг.
  [s_idx  207] Латная | тип=БК | ЕТСНГ=— | period=10 | mass_unload=false | осталось 1 из 7 ваг.
    ПРИЧИНА: квота ДМЗИ исчерпана — все Load-дуги с доступным спросом идут на дороги с выбранным лимитом:
      · дорога ЗАБ, период 10: использовано 5 из 5 ваг.
  [s_idx  208] Налейка | тип=Т | ЕТСНГ=421034 | period=10 | mass_unload=false | осталось 4 из 4 ваг.
    ПРИЧИНА: нет ни одной допустимой дуги (нет тарифа, несовм. тип вагона или грязный груз).
  [s_idx  209] Суровикино | тип=БКТ | ЕТСНГ=421034 | period=10 | mass_unload=false | осталось 6 из 6 ваг.
    ПРИЧИНА: квота ДМЗИ исчерпана — все Load-дуги с доступным спросом идут на дороги с выбранным лимитом:
      · дорога ЗАБ, период 10: использовано 5 из 5 ваг.
  [s_idx  210] Придонская | тип=БКТ | ЕТСНГ=— | period=10 | mass_unload=false | осталось 5 из 5 ваг.
    ПРИЧИНА: доступны только Wash-дуги (36 шт., мин. стоимость 204987 руб./ваг.). В модели Wash не имеет штрафа за незаполнение,
             а excess_supply бесплатный — отправка только увеличила бы obj, MIP корректно оставил вагоны в остатке.
  [s_idx  211] Алексеевская | тип=БК | ЕТСНГ=018112 | period=10 | mass_unload=false | осталось 7 из 7 ваг.
    ПРИЧИНА: квота ДМЗИ исчерпана — все Load-дуги с доступным спросом идут на дороги с выбранным лимитом:
      · дорога ЗАБ, период 10: использовано 5 из 5 ваг.
  [s_idx  212] Позимь | тип=БКТ | ЕТСНГ=542239 | period=10 | mass_unload=false | осталось 3 из 3 ваг.
    ПРИЧИНА: доступны только Wash-дуги (36 шт., мин. стоимость 278003 руб./ваг.). В модели Wash не имеет штрафа за незаполнение,
             а excess_supply бесплатный — отправка только увеличила бы obj, MIP корректно оставил вагоны в остатке.
  [s_idx  213] Лиепая (Экспорт) | тип=БКТ | ЕТСНГ=542239 | period=10 | mass_unload=false | осталось 4 из 4 ваг.
    ПРИЧИНА: квота ДМЗИ исчерпана — все Load-дуги с доступным спросом идут на дороги с выбранным лимитом:
      · дорога ЗАБ, период 10: использовано 5 из 5 ваг.
  [s_idx  214] Гротовский | тип=БКТ | ЕТСНГ=421034 | period=10 | mass_unload=false | осталось 7 из 7 ваг.
    ПРИЧИНА: квота ДМЗИ исчерпана — все Load-дуги с доступным спросом идут на дороги с выбранным лимитом:
      · дорога ЗАБ, период 10: использовано 5 из 5 ваг.
  [s_idx  215] Худжанд | тип=Т | ЕТСНГ=542224 | period=10 | mass_unload=false | осталось 1 из 1 ваг.
    ПРИЧИНА: квота ДМЗИ исчерпана — все Load-дуги с доступным спросом идут на дороги с выбранным лимитом:
      · дорога ЗАБ, период 10: использовано 5 из 5 ваг.
  [s_idx  216] Невдубстрой | тип=БК | ЕТСНГ=011005 | period=10 | mass_unload=true | осталось 10 из 10 ваг.
    ПРИЧИНА: квота ДМЗИ исчерпана — все Load-дуги с доступным спросом идут на дороги с выбранным лимитом:
      · дорога ЗАБ, период 10: использовано 5 из 5 ваг.
  [s_idx  217] Даларик | тип=БК | ЕТСНГ=011005 | period=10 | mass_unload=false | осталось 4 из 4 ваг.
    ПРИЧИНА: квота ДМЗИ исчерпана — все Load-дуги с доступным спросом идут на дороги с выбранным лимитом:
      · дорога ЗАБ, период 10: использовано 5 из 5 ваг.
  [s_idx  218] Прудбой | тип=БК | ЕТСНГ=421034 | period=10 | mass_unload=false | осталось 1 из 2 ваг.
    ПРИЧИНА: квота ДМЗИ исчерпана — все Load-дуги с доступным спросом идут на дороги с выбранным лимитом:
      · дорога ЗАБ, период 10: использовано 5 из 5 ваг.
  [s_idx  219] Правый Берег | тип=БКТ | ЕТСНГ=— | period=10 | mass_unload=true | осталось 14 из 14 ваг.
    ПРИЧИНА: квота ДМЗИ исчерпана — все Load-дуги с доступным спросом идут на дороги с выбранным лимитом:
      · дорога ЗАБ, период 10: использовано 5 из 5 ваг.
  [s_idx  220] Тополек | тип=Т | ЕТСНГ=421034 | period=10 | mass_unload=false | осталось 4 из 4 ваг.
    ПРИЧИНА: квота ДМЗИ исчерпана — все Load-дуги с доступным спросом идут на дороги с выбранным лимитом:
      · дорога ЗАБ, период 10: использовано 5 из 5 ваг.
  [s_idx  221] Забайкальск (Экспорт на КЖД [Китай]) | тип=Т | ЕТСНГ=013000 | period=10 | mass_unload=true | осталось 12 из 12 ваг.
    ПРИЧИНА: квота ДМЗИ исчерпана — все Load-дуги с доступным спросом идут на дороги с выбранным лимитом:
      · дорога ЗАБ, период 10: использовано 5 из 5 ваг.
  [s_idx  222] Азов | тип=БК | ЕТСНГ=505028 | period=10 | mass_unload=false | осталось 1 из 1 ваг.
    ПРИЧИНА: доступны только Wash-дуги (36 шт., мин. стоимость 239774 руб./ваг.). В модели Wash не имеет штрафа за незаполнение,
             а excess_supply бесплатный — отправка только увеличила бы obj, MIP корректно оставил вагоны в остатке.
  [s_idx  223] Лужская (Экспорт) | тип=Т | ЕТСНГ=011005 | period=10 | mass_unload=false | осталось 3 из 3 ваг.
    ПРИЧИНА: квота ДМЗИ исчерпана — все Load-дуги с доступным спросом идут на дороги с выбранным лимитом:
      · дорога ЗАБ, период 10: использовано 5 из 5 ваг.
  [s_idx  224] Налейка | тип=БК | ЕТСНГ=421034 | period=10 | mass_unload=false | осталось 4 из 4 ваг.
    ПРИЧИНА: нет ни одной допустимой дуги (нет тарифа, несовм. тип вагона или грязный груз).
  [s_idx  225] Вентспилс (Экспорт) | тип=БК | ЕТСНГ=021079 | period=10 | mass_unload=true | осталось 10 из 10 ваг.
    ПРИЧИНА: квота ДМЗИ исчерпана — все Load-дуги с доступным спросом идут на дороги с выбранным лимитом:
      · дорога ЗАБ, период 10: использовано 5 из 5 ваг.
  [s_idx  226] Вентспилс (Экспорт) | тип=БК | ЕТСНГ=021083 | period=10 | mass_unload=true | осталось 7 из 7 ваг.
    ПРИЧИНА: квота ДМЗИ исчерпана — все Load-дуги с доступным спросом идут на дороги с выбранным лимитом:
      · дорога ЗАБ, период 10: использовано 5 из 5 ваг.
  [s_idx  227] Залари | тип=БКТ | ЕТСНГ=— | period=10 | mass_unload=false | осталось 8 из 8 ваг.
    ПРИЧИНА: квота ДМЗИ исчерпана — все Load-дуги с доступным спросом идут на дороги с выбранным лимитом:
      · дорога ЗАБ, период 10: использовано 5 из 5 ваг.
  [s_idx  228] Сенцово | тип=БК | ЕТСНГ=021083 | period=10 | mass_unload=false | осталось 11 из 11 ваг.
    ПРИЧИНА: квота ДМЗИ исчерпана — все Load-дуги с доступным спросом идут на дороги с выбранным лимитом:
      · дорога ЗАБ, период 10: использовано 5 из 5 ваг.
  [s_idx  229] Суровикино | тип=Т | ЕТСНГ=421034 | period=10 | mass_unload=false | осталось 4 из 4 ваг.
    ПРИЧИНА: квота ДМЗИ исчерпана — все Load-дуги с доступным спросом идут на дороги с выбранным лимитом:
      · дорога ЗАБ, период 10: использовано 5 из 5 ваг.
  [s_idx  230] Невдубстрой | тип=БК | ЕТСНГ=015006 | period=10 | mass_unload=true | осталось 18 из 18 ваг.
    ПРИЧИНА: квота ДМЗИ исчерпана — все Load-дуги с доступным спросом идут на дороги с выбранным лимитом:
      · дорога ЗАБ, период 10: использовано 5 из 5 ваг.
  [s_idx  231] Блюхер (Экспорт) | тип=БК | ЕТСНГ=018038 | period=10 | mass_unload=false | осталось 6 из 6 ваг.
    ПРИЧИНА: квота ДМЗИ исчерпана — все Load-дуги с доступным спросом идут на дороги с выбранным лимитом:
      · дорога ЗАБ, период 10: использовано 5 из 5 ваг.
  [s_idx  232] Ростов-Западный | тип=БК | ЕТСНГ=014003 | period=10 | mass_unload=false | осталось 3 из 3 ваг.
    ПРИЧИНА: квота ДМЗИ исчерпана — все Load-дуги с доступным спросом идут на дороги с выбранным лимитом:
      · дорога ЗАБ, период 10: использовано 5 из 5 ваг.
  [s_idx  233] Мерке | тип=Т | ЕТСНГ=521054 | period=10 | mass_unload=false | осталось 11 из 11 ваг.
    ПРИЧИНА: квота ДМЗИ исчерпана — все Load-дуги с доступным спросом идут на дороги с выбранным лимитом:
      · дорога ЗАБ, период 10: использовано 5 из 5 ваг.
  [s_idx  234] Гродеково (Экспорт на КЖД [Китай]) | тип=БКТ | ЕТСНГ=011005 | period=10 | mass_unload=false | осталось 12 из 12 ваг.
    ПРИЧИНА: квота ДМЗИ исчерпана — все Load-дуги с доступным спросом идут на дороги с выбранным лимитом:
      · дорога ЗАБ, период 10: использовано 5 из 5 ваг.
  [s_idx  235] Владивосток (Экспорт) | тип=Т | ЕТСНГ=014003 | period=10 | mass_unload=true | осталось 6 из 6 ваг.
    ПРИЧИНА: квота ДМЗИ исчерпана — все Load-дуги с доступным спросом идут на дороги с выбранным лимитом:
      · дорога ЗАБ, период 10: использовано 5 из 5 ваг.
  [s_idx  236] Владивосток (Экспорт) | тип=БК | ЕТСНГ=014003 | period=10 | mass_unload=true | осталось 5 из 5 ваг.
    ПРИЧИНА: квота ДМЗИ исчерпана — все Load-дуги с доступным спросом идут на дороги с выбранным лимитом:
      · дорога ЗАБ, период 10: использовано 5 из 5 ваг.
  [s_idx  237] Новый Порт (Экспорт) | тип=БК | ЕТСНГ=021079 | period=10 | mass_unload=false | осталось 9 из 9 ваг.
    ПРИЧИНА: квота ДМЗИ исчерпана — все Load-дуги с доступным спросом идут на дороги с выбранным лимитом:
      · дорога ЗАБ, период 10: использовано 5 из 5 ваг.
  [s_idx  238] Автово (Экспорт) | тип=БКТ | ЕТСНГ=436025 | period=10 | mass_unload=false | осталось 27 из 27 ваг.
    ПРИЧИНА: квота ДМЗИ исчерпана — все Load-дуги с доступным спросом идут на дороги с выбранным лимитом:
      · дорога ЗАБ, период 10: использовано 5 из 5 ваг.
  [s_idx  241] Толмачево | тип=БК | ЕТСНГ=542239 | period=10 | mass_unload=false | осталось 4 из 4 ваг.
    ПРИЧИНА: доступны только Wash-дуги (36 шт., мин. стоимость 266828 руб./ваг.). В модели Wash не имеет штрафа за незаполнение,
             а excess_supply бесплатный — отправка только увеличила бы obj, MIP корректно оставил вагоны в остатке.
  [s_idx  242] Алексеевская | тип=БКТ | ЕТСНГ=018112 | period=10 | mass_unload=false | осталось 18 из 18 ваг.
    ПРИЧИНА: квота ДМЗИ исчерпана — все Load-дуги с доступным спросом идут на дороги с выбранным лимитом:
      · дорога ЗАБ, период 10: использовано 5 из 5 ваг.
  [s_idx  243] Забайкальск (Экспорт на КЖД [Китай]) | тип=БКТ | ЕТСНГ=018038 | period=10 | mass_unload=true | осталось 5 из 5 ваг.
    ПРИЧИНА: квота ДМЗИ исчерпана — все Load-дуги с доступным спросом идут на дороги с выбранным лимитом:
      · дорога ЗАБ, период 10: использовано 5 из 5 ваг.
  [s_idx  244] Парнас | тип=БКТ | ЕТСНГ=018112 | period=10 | mass_unload=false | осталось 5 из 5 ваг.
    ПРИЧИНА: квота ДМЗИ исчерпана — все Load-дуги с доступным спросом идут на дороги с выбранным лимитом:
      · дорога ЗАБ, период 10: использовано 5 из 5 ваг.
  [s_idx  245] Воронеж-Курский | тип=БК | ЕТСНГ=— | period=10 | mass_unload=false | осталось 1 из 1 ваг.
    ПРИЧИНА: квота ДМЗИ исчерпана — все Load-дуги с доступным спросом идут на дороги с выбранным лимитом:
      · дорога ЗАБ, период 10: использовано 5 из 5 ваг.
  [s_idx  249] Новосибирск-Западный | тип=БКТ | ЕТСНГ=018112 | period=10 | mass_unload=false | осталось 2 из 11 ваг.
    ПРИЧИНА: квота ДМЗИ исчерпана — все Load-дуги с доступным спросом идут на дороги с выбранным лимитом:
      · дорога ЗАБ, период 10: использовано 5 из 5 ваг.
  [s_idx  250] Воронеж-Курский | тип=БК | ЕТСНГ=018112 | period=10 | mass_unload=false | осталось 3 из 3 ваг.
    ПРИЧИНА: квота ДМЗИ исчерпана — все Load-дуги с доступным спросом идут на дороги с выбранным лимитом:
      · дорога ЗАБ, период 10: использовано 5 из 5 ваг.
  [s_idx  251] Алексеевская | тип=БК | ЕТСНГ=— | period=10 | mass_unload=false | осталось 2 из 2 ваг.
    ПРИЧИНА: квота ДМЗИ исчерпана — все Load-дуги с доступным спросом идут на дороги с выбранным лимитом:
      · дорога ЗАБ, период 10: использовано 5 из 5 ваг.
  [s_idx  252] Поярково | тип=БКТ | ЕТСНГ=018023 | period=10 | mass_unload=false | осталось 22 из 23 ваг.
    ПРИЧИНА: квота ДМЗИ исчерпана — все Load-дуги с доступным спросом идут на дороги с выбранным лимитом:
      · дорога ЗАБ, период 10: использовано 5 из 5 ваг.
  [s_idx  253] Залари | тип=Т | ЕТСНГ=— | period=10 | mass_unload=false | осталось 2 из 2 ваг.
    ПРИЧИНА: квота ДМЗИ исчерпана — все Load-дуги с доступным спросом идут на дороги с выбранным лимитом:
      · дорога ЗАБ, период 10: использовано 5 из 5 ваг.
  [s_idx  255] Клин | тип=БКТ | ЕТСНГ=018112 | period=10 | mass_unload=false | осталось 7 из 7 ваг.
    ПРИЧИНА: квота ДМЗИ исчерпана — все Load-дуги с доступным спросом идут на дороги с выбранным лимитом:
      · дорога ЗАБ, период 10: использовано 5 из 5 ваг.
  [s_idx  256] Забайкальск (Экспорт на КЖД [Китай]) | тип=БК | ЕТСНГ=013000 | period=10 | mass_unload=true | осталось 7 из 7 ваг.
    ПРИЧИНА: квота ДМЗИ исчерпана — все Load-дуги с доступным спросом идут на дороги с выбранным лимитом:
      · дорога ЗАБ, период 10: использовано 5 из 5 ваг.
  [s_idx  259] Зиемельблазма (Экспорт) | тип=БКТ | ЕТСНГ=542239 | period=10 | mass_unload=false | осталось 9 из 9 ваг.
    ПРИЧИНА: квота ДМЗИ исчерпана — все Load-дуги с доступным спросом идут на дороги с выбранным лимитом:
      · дорога ЗАБ, период 10: использовано 5 из 5 ваг.
  [s_idx  260] Тыреть | тип=БКТ | ЕТСНГ=421034 | period=10 | mass_unload=false | осталось 3 из 3 ваг.
    ПРИЧИНА: нет ни одной допустимой дуги (нет тарифа, несовм. тип вагона или грязный груз).
  [s_idx  261] Красноярск-Северный | тип=Т | ЕТСНГ=— | period=10 | mass_unload=false | осталось 3 из 3 ваг.
    ПРИЧИНА: квота ДМЗИ исчерпана — все Load-дуги с доступным спросом идут на дороги с выбранным лимитом:
      · дорога ЗАБ, период 10: использовано 5 из 5 ваг.
  [s_idx  262] Невдубстрой | тип=БКТ | ЕТСНГ=542239 | period=10 | mass_unload=true | осталось 3 из 3 ваг.
    ПРИЧИНА: доступны только Wash-дуги (36 шт., мин. стоимость 200759 руб./ваг.). В модели Wash не имеет штрафа за незаполнение,
             а excess_supply бесплатный — отправка только увеличила бы obj, MIP корректно оставил вагоны в остатке.
  [s_idx  263] Почеп | тип=БК | ЕТСНГ=542224 | period=10 | mass_unload=false | осталось 5 из 5 ваг.
    ПРИЧИНА: квота ДМЗИ исчерпана — все Load-дуги с доступным спросом идут на дороги с выбранным лимитом:
      · дорога ЗАБ, период 10: использовано 5 из 5 ваг.
  [s_idx  264] Готня | тип=БКТ | ЕТСНГ=542239 | period=10 | mass_unload=false | осталось 4 из 4 ваг.
    ПРИЧИНА: доступны только Wash-дуги (36 шт., мин. стоимость 276366 руб./ваг.). В модели Wash не имеет штрафа за незаполнение,
             а excess_supply бесплатный — отправка только увеличила бы obj, MIP корректно оставил вагоны в остатке.
  [s_idx  265] Абакан | тип=Т | ЕТСНГ=421208 | period=10 | mass_unload=false | осталось 6 из 6 ваг.
    ПРИЧИНА: квота ДМЗИ исчерпана — все Load-дуги с доступным спросом идут на дороги с выбранным лимитом:
      · дорога ЗАБ, период 10: использовано 5 из 5 ваг.
  [s_idx  266] Невель 1 | тип=БК | ЕТСНГ=011005 | period=10 | mass_unload=false | осталось 1 из 1 ваг.
    ПРИЧИНА: квота ДМЗИ исчерпана — все Load-дуги с доступным спросом идут на дороги с выбранным лимитом:
      · дорога ЗАБ, период 10: использовано 5 из 5 ваг.
  [s_idx  267] Абакан | тип=БК | ЕТСНГ=421208 | period=10 | mass_unload=false | осталось 5 из 5 ваг.
    ПРИЧИНА: квота ДМЗИ исчерпана — все Load-дуги с доступным спросом идут на дороги с выбранным лимитом:
      · дорога ЗАБ, период 10: использовано 5 из 5 ваг.
  [s_idx  268] Невель 1 | тип=Т | ЕТСНГ=011005 | period=10 | mass_unload=false | осталось 3 из 3 ваг.
    ПРИЧИНА: квота ДМЗИ исчерпана — все Load-дуги с доступным спросом идут на дороги с выбранным лимитом:
      · дорога ЗАБ, период 10: использовано 5 из 5 ваг.
  [s_idx  269] Мурманские Ворота | тип=БКТ | ЕТСНГ=011005 | period=10 | mass_unload=false | осталось 3 из 3 ваг.
    ПРИЧИНА: квота ДМЗИ исчерпана — все Load-дуги с доступным спросом идут на дороги с выбранным лимитом:
      · дорога ЗАБ, период 10: использовано 5 из 5 ваг.
  [s_idx  270] Койданово | тип=БКТ | ЕТСНГ=542239 | period=10 | mass_unload=false | осталось 1 из 1 ваг.
    ПРИЧИНА: квота ДМЗИ исчерпана — все Load-дуги с доступным спросом идут на дороги с выбранным лимитом:
      · дорога ЗАБ, период 10: использовано 5 из 5 ваг.
  [s_idx  271] Дрогичин | тип=БКТ | ЕТСНГ=542239 | period=10 | mass_unload=false | осталось 1 из 1 ваг.
    ПРИЧИНА: квота ДМЗИ исчерпана — все Load-дуги с доступным спросом идут на дороги с выбранным лимитом:
      · дорога ЗАБ, период 10: использовано 5 из 5 ваг.
  [s_idx  272] Новоельня | тип=БКТ | ЕТСНГ=542239 | period=10 | mass_unload=false | осталось 3 из 3 ваг.
    ПРИЧИНА: квота ДМЗИ исчерпана — все Load-дуги с доступным спросом идут на дороги с выбранным лимитом:
      · дорога ЗАБ, период 10: использовано 5 из 5 ваг.
  [s_idx  273] Жердевка | тип=БК | ЕТСНГ=542239 | period=10 | mass_unload=false | осталось 11 из 11 ваг.
    ПРИЧИНА: доступны только Wash-дуги (36 шт., мин. стоимость 238802 руб./ваг.). В модели Wash не имеет штрафа за незаполнение,
             а excess_supply бесплатный — отправка только увеличила бы obj, MIP корректно оставил вагоны в остатке.
  [s_idx  274] Столбцы | тип=БК | ЕТСНГ=542239 | period=10 | mass_unload=false | осталось 1 из 1 ваг.
    ПРИЧИНА: квота ДМЗИ исчерпана — все Load-дуги с доступным спросом идут на дороги с выбранным лимитом:
      · дорога ЗАБ, период 10: использовано 5 из 5 ваг.
  [s_idx  276] Автово (Экспорт) | тип=Т | ЕТСНГ=436025 | period=10 | mass_unload=false | осталось 12 из 12 ваг.
    ПРИЧИНА: квота ДМЗИ исчерпана — все Load-дуги с доступным спросом идут на дороги с выбранным лимитом:
      · дорога ЗАБ, период 10: использовано 5 из 5 ваг.
  [s_idx  277] Смоленск | тип=БК | ЕТСНГ=542239 | period=10 | mass_unload=false | осталось 3 из 3 ваг.
    ПРИЧИНА: доступны только Wash-дуги (36 шт., мин. стоимость 245210 руб./ваг.). В модели Wash не имеет штрафа за незаполнение,
             а excess_supply бесплатный — отправка только увеличила бы obj, MIP корректно оставил вагоны в остатке.
  [s_idx  278] Прохоровка | тип=Т | ЕТСНГ=018023 | period=10 | mass_unload=false | осталось 3 из 3 ваг.
    ПРИЧИНА: квота ДМЗИ исчерпана — все Load-дуги с доступным спросом идут на дороги с выбранным лимитом:
      · дорога ЗАБ, период 10: использовано 5 из 5 ваг.
  [s_idx  279] Прохоровка | тип=БКТ | ЕТСНГ=— | period=10 | mass_unload=false | осталось 1 из 1 ваг.
    ПРИЧИНА: квота ДМЗИ исчерпана — все Load-дуги с доступным спросом идут на дороги с выбранным лимитом:
      · дорога ЗАБ, период 10: использовано 5 из 5 ваг.
  [s_idx  280] Денежниково | тип=БК | ЕТСНГ=542239 | period=10 | mass_unload=false | осталось 4 из 4 ваг.
    ПРИЧИНА: доступны только Wash-дуги (36 шт., мин. стоимость 239116 руб./ваг.). В модели Wash не имеет штрафа за незаполнение,
             а excess_supply бесплатный — отправка только увеличила бы obj, MIP корректно оставил вагоны в остатке.
  [s_idx  281] Перелешино | тип=Т | ЕТСНГ=421208 | period=10 | mass_unload=false | осталось 1 из 1 ваг.
    ПРИЧИНА: квота ДМЗИ исчерпана — все Load-дуги с доступным спросом идут на дороги с выбранным лимитом:
      · дорога ЗАБ, период 10: использовано 5 из 5 ваг.
  [s_idx  282] Правый Берег | тип=БК | ЕТСНГ=542224 | period=10 | mass_unload=true | осталось 14 из 14 ваг.
    ПРИЧИНА: квота ДМЗИ исчерпана — все Load-дуги с доступным спросом идут на дороги с выбранным лимитом:
      · дорога ЗАБ, период 10: использовано 5 из 5 ваг.
  [s_idx  283] Вайвара | тип=БК | ЕТСНГ=542224 | period=10 | mass_unload=false | осталось 4 из 4 ваг.
    ПРИЧИНА: квота ДМЗИ исчерпана — все Load-дуги с доступным спросом идут на дороги с выбранным лимитом:
      · дорога ЗАБ, период 10: использовано 5 из 5 ваг.
  [s_idx  284] Жердевка | тип=БКТ | ЕТСНГ=542239 | period=10 | mass_unload=false | осталось 6 из 6 ваг.
    ПРИЧИНА: доступны только Wash-дуги (36 шт., мин. стоимость 238802 руб./ваг.). В модели Wash не имеет штрафа за незаполнение,
             а excess_supply бесплатный — отправка только увеличила бы obj, MIP корректно оставил вагоны в остатке.
  [s_idx  285] Пламя | тип=БК | ЕТСНГ=— | period=10 | mass_unload=false | осталось 5 из 5 ваг.
    ПРИЧИНА: квота ДМЗИ исчерпана — все Load-дуги с доступным спросом идут на дороги с выбранным лимитом:
      · дорога ЗАБ, период 10: использовано 5 из 5 ваг.
  [s_idx  286] Бологое-Московское | тип=БКТ | ЕТСНГ=421034 | period=10 | mass_unload=false | осталось 1 из 1 ваг.
    ПРИЧИНА: квота ДМЗИ исчерпана — все Load-дуги с доступным спросом идут на дороги с выбранным лимитом:
      · дорога ЗАБ, период 10: использовано 5 из 5 ваг.
  [s_idx  287] Алексеевская | тип=БКТ | ЕТСНГ=— | period=10 | mass_unload=false | осталось 5 из 5 ваг.
    ПРИЧИНА: квота ДМЗИ исчерпана — все Load-дуги с доступным спросом идут на дороги с выбранным лимитом:
      · дорога ЗАБ, период 10: использовано 5 из 5 ваг.
  [s_idx  288] Лиепая (Экспорт) | тип=БКТ | ЕТСНГ=542188 | period=10 | mass_unload=false | осталось 3 из 3 ваг.
    ПРИЧИНА: квота ДМЗИ исчерпана — все Load-дуги с доступным спросом идут на дороги с выбранным лимитом:
      · дорога ЗАБ, период 10: использовано 5 из 5 ваг.
  [s_idx  289] Правый Берег | тип=БКТ | ЕТСНГ=542224 | period=10 | mass_unload=true | осталось 29 из 29 ваг.
    ПРИЧИНА: квота ДМЗИ исчерпана — все Load-дуги с доступным спросом идут на дороги с выбранным лимитом:
      · дорога ЗАБ, период 10: использовано 5 из 5 ваг.
  [s_idx  290] Зиемельблазма (Экспорт) | тип=БК | ЕТСНГ=542239 | period=10 | mass_unload=false | осталось 9 из 9 ваг.
    ПРИЧИНА: квота ДМЗИ исчерпана — все Load-дуги с доступным спросом идут на дороги с выбранным лимитом:
      · дорога ЗАБ, период 10: использовано 5 из 5 ваг.
  [s_idx  291] Порт Оля (Экспорт) | тип=БК | ЕТСНГ=— | period=10 | mass_unload=false | осталось 5 из 5 ваг.
    ПРИЧИНА: доступны только Wash-дуги (36 шт., мин. стоимость 242679 руб./ваг.). В модели Wash не имеет штрафа за незаполнение,
             а excess_supply бесплатный — отправка только увеличила бы obj, MIP корректно оставил вагоны в остатке.
  [s_idx  292] Ружино | тип=Т | ЕТСНГ=421208 | period=10 | mass_unload=false | осталось 3 из 3 ваг.
    ПРИЧИНА: квота ДМЗИ исчерпана — все Load-дуги с доступным спросом идут на дороги с выбранным лимитом:
      · дорога ЗАБ, период 10: использовано 5 из 5 ваг.
  [s_idx  293] Лиепая (Экспорт) | тип=БК | ЕТСНГ=542239 | period=10 | mass_unload=false | осталось 6 из 6 ваг.
    ПРИЧИНА: квота ДМЗИ исчерпана — все Load-дуги с доступным спросом идут на дороги с выбранным лимитом:
      · дорога ЗАБ, период 10: использовано 5 из 5 ваг.
  [s_idx  294] Тверь | тип=БКТ | ЕТСНГ=011005 | period=10 | mass_unload=false | осталось 4 из 4 ваг.
    ПРИЧИНА: квота ДМЗИ исчерпана — все Load-дуги с доступным спросом идут на дороги с выбранным лимитом:
      · дорога ЗАБ, период 10: использовано 5 из 5 ваг.
  [s_idx  295] Правый Берег (Экспорт) | тип=БКТ | ЕТСНГ=— | period=10 | mass_unload=false | осталось 3 из 3 ваг.
    ПРИЧИНА: доступны только Wash-дуги (36 шт., мин. стоимость 204385 руб./ваг.). В модели Wash не имеет штрафа за незаполнение,
             а excess_supply бесплатный — отправка только увеличила бы obj, MIP корректно оставил вагоны в остатке.
  [s_idx  296] Богоявленск | тип=БКТ | ЕТСНГ=542239 | period=10 | mass_unload=false | осталось 1 из 1 ваг.
    ПРИЧИНА: доступны только Wash-дуги (36 шт., мин. стоимость 237101 руб./ваг.). В модели Wash не имеет штрафа за незаполнение,
             а excess_supply бесплатный — отправка только увеличила бы obj, MIP корректно оставил вагоны в остатке.
  [s_idx  297] Данилов | тип=БКТ | ЕТСНГ=542239 | period=10 | mass_unload=false | осталось 2 из 2 ваг.
    ПРИЧИНА: доступны только Wash-дуги (36 шт., мин. стоимость 242247 руб./ваг.). В модели Wash не имеет штрафа за незаполнение,
             а excess_supply бесплатный — отправка только увеличила бы obj, MIP корректно оставил вагоны в остатке.
  [s_idx  298] Правый Берег (Экспорт) | тип=Т | ЕТСНГ=542224 | period=10 | mass_unload=false | осталось 5 из 5 ваг.
    ПРИЧИНА: квота ДМЗИ исчерпана — все Load-дуги с доступным спросом идут на дороги с выбранным лимитом:
      · дорога ЗАБ, период 10: использовано 5 из 5 ваг.
  [s_idx  299] Рощино | тип=БК | ЕТСНГ=011005 | period=10 | mass_unload=false | осталось 1 из 1 ваг.
    ПРИЧИНА: квота ДМЗИ исчерпана — все Load-дуги с доступным спросом идут на дороги с выбранным лимитом:
      · дорога ЗАБ, период 10: использовано 5 из 5 ваг.
  [s_idx  300] Наушки (Экспорт АО «УБЖД»: участок Улаанбаатар (вкл.) и далее) | тип=БК | ЕТСНГ=011005 | period=10 | mass_unload=false | осталось 14 из 14 ваг.
    ПРИЧИНА: квота ДМЗИ исчерпана — все Load-дуги с доступным спросом идут на дороги с выбранным лимитом:
      · дорога ЗАБ, период 10: использовано 5 из 5 ваг.
  [s_idx  301] Коченево | тип=Т | ЕТСНГ=542239 | period=10 | mass_unload=false | осталось 1 из 1 ваг.
    ПРИЧИНА: доступны только Wash-дуги (36 шт., мин. стоимость 202918 руб./ваг.). В модели Wash не имеет штрафа за незаполнение,
             а excess_supply бесплатный — отправка только увеличила бы obj, MIP корректно оставил вагоны в остатке.
  [s_idx  302] Сморгонь | тип=БКТ | ЕТСНГ=021083 | period=10 | mass_unload=false | осталось 3 из 3 ваг.
    ПРИЧИНА: квота ДМЗИ исчерпана — все Load-дуги с доступным спросом идут на дороги с выбранным лимитом:
      · дорога ЗАБ, период 10: использовано 5 из 5 ваг.
  [s_idx  303] Невдубстрой | тип=БК | ЕТСНГ=021100 | period=10 | mass_unload=true | осталось 2 из 2 ваг.
    ПРИЧИНА: квота ДМЗИ исчерпана — все Load-дуги с доступным спросом идут на дороги с выбранным лимитом:
      · дорога ЗАБ, период 10: использовано 5 из 5 ваг.
  [s_idx  304] Унеча | тип=БКТ | ЕТСНГ=421195 | period=10 | mass_unload=false | осталось 2 из 2 ваг.
    ПРИЧИНА: квота ДМЗИ исчерпана — все Load-дуги с доступным спросом идут на дороги с выбранным лимитом:
      · дорога ЗАБ, период 10: использовано 5 из 5 ваг.
  [s_idx  305] Старый Оскол | тип=Т | ЕТСНГ=421195 | period=10 | mass_unload=false | осталось 2 из 2 ваг.
    ПРИЧИНА: квота ДМЗИ исчерпана — все Load-дуги с доступным спросом идут на дороги с выбранным лимитом:
      · дорога ЗАБ, период 10: использовано 5 из 5 ваг.
  [s_idx  307] Правый Берег | тип=БКТ | ЕТСНГ=014003 | period=10 | mass_unload=true | осталось 11 из 11 ваг.
    ПРИЧИНА: квота ДМЗИ исчерпана — все Load-дуги с доступным спросом идут на дороги с выбранным лимитом:
      · дорога ЗАБ, период 10: использовано 5 из 5 ваг.
  [s_idx  308] Новоперелюбская | тип=Т | ЕТСНГ=421034 | period=10 | mass_unload=false | осталось 2 из 2 ваг.
    ПРИЧИНА: квота ДМЗИ исчерпана — все Load-дуги с доступным спросом идут на дороги с выбранным лимитом:
      · дорога ЗАБ, период 10: использовано 5 из 5 ваг.
  [s_idx  309] Эльтон | тип=БК | ЕТСНГ=421034 | period=10 | mass_unload=false | осталось 1 из 1 ваг.
    ПРИЧИНА: нет ни одной допустимой дуги (нет тарифа, несовм. тип вагона или грязный груз).
  [s_idx  310] Самаевка | тип=Т | ЕТСНГ=421034 | period=10 | mass_unload=false | осталось 2 из 2 ваг.
    ПРИЧИНА: нет ни одной допустимой дуги (нет тарифа, несовм. тип вагона или грязный груз).
  [s_idx  311] Ютаза | тип=БКТ | ЕТСНГ=421034 | period=10 | mass_unload=false | осталось 3 из 14 ваг.
    ПРИЧИНА: квота ДМЗИ исчерпана — все Load-дуги с доступным спросом идут на дороги с выбранным лимитом:
      · дорога ЗАБ, период 10: использовано 5 из 5 ваг.
  [s_idx  312] Дунайка | тип=Т | ЕТСНГ=014003 | period=10 | mass_unload=false | осталось 6 из 6 ваг.
    ПРИЧИНА: квота ДМЗИ исчерпана — все Load-дуги с доступным спросом идут на дороги с выбранным лимитом:
      · дорога ЗАБ, период 10: использовано 5 из 5 ваг.
  [s_idx  313] Забайкальск (Экспорт на КЖД [Китай]) | тип=БК | ЕТСНГ=014003 | period=10 | mass_unload=true | осталось 9 из 9 ваг.
    ПРИЧИНА: квота ДМЗИ исчерпана — все Load-дуги с доступным спросом идут на дороги с выбранным лимитом:
      · дорога ЗАБ, период 10: использовано 5 из 5 ваг.
  [s_idx  315] Балашов 1 | тип=БКТ | ЕТСНГ=— | period=10 | mass_unload=false | осталось 1 из 1 ваг.
    ПРИЧИНА: квота ДМЗИ исчерпана — все Load-дуги с доступным спросом идут на дороги с выбранным лимитом:
      · дорога ЗАБ, период 10: использовано 5 из 5 ваг.
  [s_idx  316] Бишкек 1 | тип=БК | ЕТСНГ=011005 | period=10 | mass_unload=false | осталось 10 из 10 ваг.
    ПРИЧИНА: квота ДМЗИ исчерпана — все Load-дуги с доступным спросом идут на дороги с выбранным лимитом:
      · дорога ЗАБ, период 10: использовано 5 из 5 ваг.
  [s_idx  317] Поярково | тип=БК | ЕТСНГ=018023 | period=10 | mass_unload=false | осталось 4 из 5 ваг.
    ПРИЧИНА: квота ДМЗИ исчерпана — все Load-дуги с доступным спросом идут на дороги с выбранным лимитом:
      · дорога ЗАБ, период 10: использовано 5 из 5 ваг.
  [s_idx  318] Гори | тип=Т | ЕТСНГ=018112 | period=10 | mass_unload=false | осталось 4 из 4 ваг.
    ПРИЧИНА: квота ДМЗИ исчерпана — все Load-дуги с доступным спросом идут на дороги с выбранным лимитом:
      · дорога ЗАБ, период 10: использовано 5 из 5 ваг.
  [s_idx  319] Токмово | тип=БК | ЕТСНГ=421034 | period=10 | mass_unload=false | осталось 5 из 5 ваг.
    ПРИЧИНА: квота ДМЗИ исчерпана — все Load-дуги с доступным спросом идут на дороги с выбранным лимитом:
      · дорога ЗАБ, период 10: использовано 5 из 5 ваг.
  [s_idx  320] Ростов-Западный | тип=БК | ЕТСНГ=018112 | period=10 | mass_unload=false | осталось 1 из 1 ваг.
    ПРИЧИНА: квота ДМЗИ исчерпана — все Load-дуги с доступным спросом идут на дороги с выбранным лимитом:
      · дорога ЗАБ, период 10: использовано 5 из 5 ваг.
  [s_idx  321] Смоленск | тип=БКТ | ЕТСНГ=542239 | period=10 | mass_unload=false | осталось 5 из 5 ваг.
    ПРИЧИНА: доступны только Wash-дуги (36 шт., мин. стоимость 245210 руб./ваг.). В модели Wash не имеет штрафа за незаполнение,
             а excess_supply бесплатный — отправка только увеличила бы obj, MIP корректно оставил вагоны в остатке.
  [s_idx  322] Куликово Поле | тип=Т | ЕТСНГ=421034 | period=10 | mass_unload=false | осталось 4 из 4 ваг.
    ПРИЧИНА: квота ДМЗИ исчерпана — все Load-дуги с доступным спросом идут на дороги с выбранным лимитом:
      · дорога ЗАБ, период 10: использовано 5 из 5 ваг.
  [s_idx  323] Прудбой | тип=БКТ | ЕТСНГ=421034 | period=10 | mass_unload=false | осталось 3 из 3 ваг.
    ПРИЧИНА: квота ДМЗИ исчерпана — все Load-дуги с доступным спросом идут на дороги с выбранным лимитом:
      · дорога ЗАБ, период 10: использовано 5 из 5 ваг.
  [s_idx  325] Токмово | тип=БКТ | ЕТСНГ=421034 | period=10 | mass_unload=false | осталось 7 из 7 ваг.
    ПРИЧИНА: квота ДМЗИ исчерпана — все Load-дуги с доступным спросом идут на дороги с выбранным лимитом:
      · дорога ЗАБ, период 10: использовано 5 из 5 ваг.
  [s_idx  326] Латная | тип=БКТ | ЕТСНГ=— | period=10 | mass_unload=false | осталось 3 из 3 ваг.
    ПРИЧИНА: квота ДМЗИ исчерпана — все Load-дуги с доступным спросом идут на дороги с выбранным лимитом:
      · дорога ЗАБ, период 10: использовано 5 из 5 ваг.
  [s_idx  327] Ростов-Западный | тип=БКТ | ЕТСНГ=014003 | period=10 | mass_unload=false | осталось 6 из 6 ваг.
    ПРИЧИНА: квота ДМЗИ исчерпана — все Load-дуги с доступным спросом идут на дороги с выбранным лимитом:
      · дорога ЗАБ, период 10: использовано 5 из 5 ваг.
  [s_idx  328] Сасово | тип=БКТ | ЕТСНГ=421195 | period=10 | mass_unload=false | осталось 4 из 4 ваг.
    ПРИЧИНА: квота ДМЗИ исчерпана — все Load-дуги с доступным спросом идут на дороги с выбранным лимитом:
      · дорога ЗАБ, период 10: использовано 5 из 5 ваг.
  [s_idx  329] Токмово | тип=Т | ЕТСНГ=421034 | period=10 | mass_unload=false | осталось 4 из 4 ваг.
    ПРИЧИНА: квота ДМЗИ исчерпана — все Load-дуги с доступным спросом идут на дороги с выбранным лимитом:
      · дорога ЗАБ, период 10: использовано 5 из 5 ваг.
  [s_idx  330] Ленинск | тип=БКТ | ЕТСНГ=421034 | period=10 | mass_unload=false | осталось 1 из 1 ваг.
    ПРИЧИНА: нет ни одной допустимой дуги (нет тарифа, несовм. тип вагона или грязный груз).
  [s_idx  331] Эльтон | тип=Т | ЕТСНГ=421034 | period=10 | mass_unload=false | осталось 4 из 4 ваг.
    ПРИЧИНА: нет ни одной допустимой дуги (нет тарифа, несовм. тип вагона или грязный груз).
  [s_idx  332] Ютаза | тип=БК | ЕТСНГ=421034 | period=10 | mass_unload=false | осталось 4 из 4 ваг.
    ПРИЧИНА: квота ДМЗИ исчерпана — все Load-дуги с доступным спросом идут на дороги с выбранным лимитом:
      · дорога ЗАБ, период 10: использовано 5 из 5 ваг.
  [s_idx  333] Уруссу | тип=БКТ | ЕТСНГ=421034 | period=10 | mass_unload=false | осталось 2 из 2 ваг.
    ПРИЧИНА: квота ДМЗИ исчерпана — все Load-дуги с доступным спросом идут на дороги с выбранным лимитом:
      · дорога ЗАБ, период 10: использовано 5 из 5 ваг.
  [s_idx  334] Воронеж-Курский | тип=БКТ | ЕТСНГ=018112 | period=10 | mass_unload=false | осталось 4 из 4 ваг.
    ПРИЧИНА: квота ДМЗИ исчерпана — все Load-дуги с доступным спросом идут на дороги с выбранным лимитом:
      · дорога ЗАБ, период 10: использовано 5 из 5 ваг.
  [s_idx  336] Залари | тип=БК | ЕТСНГ=— | period=10 | mass_unload=false | осталось 4 из 4 ваг.
    ПРИЧИНА: квота ДМЗИ исчерпана — все Load-дуги с доступным спросом идут на дороги с выбранным лимитом:
      · дорога ЗАБ, период 10: использовано 5 из 5 ваг.
  [s_idx  337] Порт Оля (Экспорт) | тип=БК | ЕТСНГ=542239 | period=10 | mass_unload=false | осталось 15 из 15 ваг.
    ПРИЧИНА: доступны только Wash-дуги (36 шт., мин. стоимость 242679 руб./ваг.). В модели Wash не имеет штрафа за незаполнение,
             а excess_supply бесплатный — отправка только увеличила бы obj, MIP корректно оставил вагоны в остатке.
  [s_idx  338] Черниковка | тип=БК | ЕТСНГ=018112 | period=10 | mass_unload=false | осталось 4 из 4 ваг.
    ПРИЧИНА: квота ДМЗИ исчерпана — все Load-дуги с доступным спросом идут на дороги с выбранным лимитом:
      · дорога ЗАБ, период 10: использовано 5 из 5 ваг.
  [s_idx  339] Парнас | тип=БК | ЕТСНГ=018112 | period=10 | mass_unload=false | осталось 5 из 5 ваг.
    ПРИЧИНА: квота ДМЗИ исчерпана — все Load-дуги с доступным спросом идут на дороги с выбранным лимитом:
      · дорога ЗАБ, период 10: использовано 5 из 5 ваг.
  [s_idx  341] Хабаровск 1 | тип=БКТ | ЕТСНГ=018112 | period=10 | mass_unload=false | осталось 3 из 3 ваг.
    ПРИЧИНА: квота ДМЗИ исчерпана — все Load-дуги с доступным спросом идут на дороги с выбранным лимитом:
      · дорога ЗАБ, период 10: использовано 5 из 5 ваг.
  [s_idx  342] Невель 1 | тип=БКТ | ЕТСНГ=014003 | period=10 | mass_unload=false | осталось 1 из 1 ваг.
    ПРИЧИНА: квота ДМЗИ исчерпана — все Load-дуги с доступным спросом идут на дороги с выбранным лимитом:
      · дорога ЗАБ, период 10: использовано 5 из 5 ваг.
  [s_idx  343] Текстильный | тип=БК | ЕТСНГ=014003 | period=10 | mass_unload=false | осталось 1 из 1 ваг.
    ПРИЧИНА: квота ДМЗИ исчерпана — все Load-дуги с доступным спросом идут на дороги с выбранным лимитом:
      · дорога ЗАБ, период 10: использовано 5 из 5 ваг.
  [s_idx  344] Ульяновск-Центральный | тип=БКТ | ЕТСНГ=018112 | period=10 | mass_unload=false | осталось 4 из 4 ваг.
    ПРИЧИНА: квота ДМЗИ исчерпана — все Load-дуги с доступным спросом идут на дороги с выбранным лимитом:
      · дорога ЗАБ, период 10: использовано 5 из 5 ваг.
  [s_idx  345] Ростов-Западный | тип=БКТ | ЕТСНГ=018112 | period=10 | mass_unload=false | осталось 2 из 2 ваг.
    ПРИЧИНА: квота ДМЗИ исчерпана — все Load-дуги с доступным спросом идут на дороги с выбранным лимитом:
      · дорога ЗАБ, период 10: использовано 5 из 5 ваг.
  [s_idx  346] Бардино | тип=БКТ | ЕТСНГ=542239 | period=10 | mass_unload=false | осталось 1 из 1 ваг.
    ПРИЧИНА: доступны только Wash-дуги (36 шт., мин. стоимость 278876 руб./ваг.). В модели Wash не имеет штрафа за незаполнение,
             а excess_supply бесплатный — отправка только увеличила бы obj, MIP корректно оставил вагоны в остатке.
  [s_idx  348] Тверь | тип=Т | ЕТСНГ=011005 | period=10 | mass_unload=false | осталось 3 из 3 ваг.
    ПРИЧИНА: квота ДМЗИ исчерпана — все Load-дуги с доступным спросом идут на дороги с выбранным лимитом:
      · дорога ЗАБ, период 10: использовано 5 из 5 ваг.
  [s_idx  349] Холщевики | тип=БК | ЕТСНГ=011005 | period=10 | mass_unload=false | осталось 4 из 4 ваг.
    ПРИЧИНА: квота ДМЗИ исчерпана — все Load-дуги с доступным спросом идут на дороги с выбранным лимитом:
      · дорога ЗАБ, период 10: использовано 5 из 5 ваг.
  [s_idx  350] Порт Оля (Экспорт) | тип=БКТ | ЕТСНГ=542224 | period=10 | mass_unload=false | осталось 2 из 2 ваг.
    ПРИЧИНА: квота ДМЗИ исчерпана — все Load-дуги с доступным спросом идут на дороги с выбранным лимитом:
      · дорога ЗАБ, период 10: использовано 5 из 5 ваг.
  [s_idx  351] Красное Знамя | тип=БКТ | ЕТСНГ=421034 | period=10 | mass_unload=false | осталось 11 из 11 ваг.
    ПРИЧИНА: квота ДМЗИ исчерпана — все Load-дуги с доступным спросом идут на дороги с выбранным лимитом:
      · дорога ЗАБ, период 10: использовано 5 из 5 ваг.
  [s_idx  352] Невель 1 | тип=БКТ | ЕТСНГ=011005 | period=10 | mass_unload=false | осталось 8 из 8 ваг.
    ПРИЧИНА: квота ДМЗИ исчерпана — все Load-дуги с доступным спросом идут на дороги с выбранным лимитом:
      · дорога ЗАБ, период 10: использовано 5 из 5 ваг.
  [s_idx  353] Блюхер (Экспорт) | тип=БК | ЕТСНГ=011005 | period=10 | mass_unload=false | осталось 5 из 5 ваг.
    ПРИЧИНА: квота ДМЗИ исчерпана — все Load-дуги с доступным спросом идут на дороги с выбранным лимитом:
      · дорога ЗАБ, период 10: использовано 5 из 5 ваг.
  [s_idx  354] Правый Берег | тип=Т | ЕТСНГ=542224 | period=10 | mass_unload=true | осталось 1 из 1 ваг.
    ПРИЧИНА: квота ДМЗИ исчерпана — все Load-дуги с доступным спросом идут на дороги с выбранным лимитом:
      · дорога ЗАБ, период 10: использовано 5 из 5 ваг.
  [s_idx  355] Селикса | тип=БК | ЕТСНГ=542224 | period=10 | mass_unload=false | осталось 1 из 1 ваг.
    ПРИЧИНА: квота ДМЗИ исчерпана — все Load-дуги с доступным спросом идут на дороги с выбранным лимитом:
      · дорога ЗАБ, период 10: использовано 5 из 5 ваг.
  [s_idx  356] Придонская | тип=БК | ЕТСНГ=— | period=10 | mass_unload=false | осталось 3 из 3 ваг.
    ПРИЧИНА: доступны только Wash-дуги (36 шт., мин. стоимость 204987 руб./ваг.). В модели Wash не имеет штрафа за незаполнение,
             а excess_supply бесплатный — отправка только увеличила бы obj, MIP корректно оставил вагоны в остатке.
  [s_idx  357] Почеп | тип=БКТ | ЕТСНГ=542224 | period=10 | mass_unload=false | осталось 1 из 1 ваг.
    ПРИЧИНА: квота ДМЗИ исчерпана — все Load-дуги с доступным спросом идут на дороги с выбранным лимитом:
      · дорога ЗАБ, период 10: использовано 5 из 5 ваг.
  [s_idx  358] Лев Толстой | тип=БКТ | ЕТСНГ=542224 | period=10 | mass_unload=false | осталось 2 из 2 ваг.
    ПРИЧИНА: квота ДМЗИ исчерпана — все Load-дуги с доступным спросом идут на дороги с выбранным лимитом:
      · дорога ЗАБ, период 10: использовано 5 из 5 ваг.
  [s_idx  359] Порт Оля (Экспорт) | тип=Т | ЕТСНГ=542239 | period=10 | mass_unload=false | осталось 1 из 1 ваг.
    ПРИЧИНА: доступны только Wash-дуги (36 шт., мин. стоимость 242679 руб./ваг.). В модели Wash не имеет штрафа за незаполнение,
             а excess_supply бесплатный — отправка только увеличила бы obj, MIP корректно оставил вагоны в остатке.
  [s_idx  360] Правый Берег | тип=БКТ | ЕТСНГ=542224 | period=10 | mass_unload=true | осталось 2 из 2 ваг.
    ПРИЧИНА: квота ДМЗИ исчерпана — все Load-дуги с доступным спросом идут на дороги с выбранным лимитом:
      · дорога ЗАБ, период 10: использовано 5 из 5 ваг.
  [s_idx  361] Сендега | тип=БК | ЕТСНГ=542239 | period=10 | mass_unload=false | осталось 1 из 1 ваг.
    ПРИЧИНА: доступны только Wash-дуги (36 шт., мин. стоимость 236828 руб./ваг.). В модели Wash не имеет штрафа за незаполнение,
             а excess_supply бесплатный — отправка только увеличила бы obj, MIP корректно оставил вагоны в остатке.
  [s_idx  362] Невель 1 | тип=Т | ЕТСНГ=014003 | period=10 | mass_unload=false | осталось 1 из 1 ваг.
    ПРИЧИНА: квота ДМЗИ исчерпана — все Load-дуги с доступным спросом идут на дороги с выбранным лимитом:
      · дорога ЗАБ, период 10: использовано 5 из 5 ваг.
  [s_idx  363] Тербуны | тип=БКТ | ЕТСНГ=542239 | period=10 | mass_unload=false | осталось 1 из 1 ваг.
    ПРИЧИНА: доступны только Wash-дуги (36 шт., мин. стоимость 237899 руб./ваг.). В модели Wash не имеет штрафа за незаполнение,
             а excess_supply бесплатный — отправка только увеличила бы obj, MIP корректно оставил вагоны в остатке.
  [s_idx  364] Красное Знамя | тип=БК | ЕТСНГ=421034 | period=10 | mass_unload=false | осталось 4 из 7 ваг.
    ПРИЧИНА: квота ДМЗИ исчерпана — все Load-дуги с доступным спросом идут на дороги с выбранным лимитом:
      · дорога ЗАБ, период 10: использовано 5 из 5 ваг.
  [s_idx  366] Душанбе 2 | тип=БК | ЕТСНГ=542050 | period=10 | mass_unload=false | осталось 1 из 1 ваг.
    ПРИЧИНА: квота ДМЗИ исчерпана — все Load-дуги с доступным спросом идут на дороги с выбранным лимитом:
      · дорога ЗАБ, период 10: использовано 5 из 5 ваг.
  [s_idx  367] Зиемельблазма (Экспорт) | тип=Т | ЕТСНГ=542072 | period=10 | mass_unload=false | осталось 1 из 1 ваг.
    ПРИЧИНА: квота ДМЗИ исчерпана — все Load-дуги с доступным спросом идут на дороги с выбранным лимитом:
      · дорога ЗАБ, период 10: использовано 5 из 5 ваг.
  [s_idx  368] Охангарон | тип=БК | ЕТСНГ=542050 | period=10 | mass_unload=false | осталось 2 из 2 ваг.
    ПРИЧИНА: квота ДМЗИ исчерпана — все Load-дуги с доступным спросом идут на дороги с выбранным лимитом:
      · дорога ЗАБ, период 10: использовано 5 из 5 ваг.
  [s_idx  369] Уза | тип=Т | ЕТСНГ=542239 | period=10 | mass_unload=false | осталось 2 из 2 ваг.
    ПРИЧИНА: квота ДМЗИ исчерпана — все Load-дуги с доступным спросом идут на дороги с выбранным лимитом:
      · дорога ЗАБ, период 10: использовано 5 из 5 ваг.
  [s_idx  370] Металлист | тип=Т | ЕТСНГ=542239 | period=10 | mass_unload=false | осталось 2 из 2 ваг.
    ПРИЧИНА: доступны только Wash-дуги (36 шт., мин. стоимость 239116 руб./ваг.). В модели Wash не имеет штрафа за незаполнение,
             а excess_supply бесплатный — отправка только увеличила бы obj, MIP корректно оставил вагоны в остатке.
  [s_idx  371] Подберезье | тип=Т | ЕТСНГ=542239 | period=10 | mass_unload=false | осталось 1 из 1 ваг.
    ПРИЧИНА: доступны только Wash-дуги (36 шт., мин. стоимость 236689 руб./ваг.). В модели Wash не имеет штрафа за незаполнение,
             а excess_supply бесплатный — отправка только увеличила бы obj, MIP корректно оставил вагоны в остатке.
  [s_idx  372] Правый Берег (Экспорт) | тип=Т | ЕТСНГ=— | period=10 | mass_unload=false | осталось 4 из 4 ваг.
    ПРИЧИНА: квота ДМЗИ исчерпана — все Load-дуги с доступным спросом идут на дороги с выбранным лимитом:
      · дорога ЗАБ, период 10: использовано 5 из 5 ваг.
  [s_idx  373] Готня | тип=БК | ЕТСНГ=542239 | period=10 | mass_unload=false | осталось 4 из 4 ваг.
    ПРИЧИНА: доступны только Wash-дуги (36 шт., мин. стоимость 276366 руб./ваг.). В модели Wash не имеет штрафа за незаполнение,
             а excess_supply бесплатный — отправка только увеличила бы obj, MIP корректно оставил вагоны в остатке.
  [s_idx  374] Худжанд | тип=БКТ | ЕТСНГ=542050 | period=10 | mass_unload=false | осталось 3 из 3 ваг.
    ПРИЧИНА: квота ДМЗИ исчерпана — все Load-дуги с доступным спросом идут на дороги с выбранным лимитом:
      · дорога ЗАБ, период 10: использовано 5 из 5 ваг.
  [s_idx  375] Охангарон | тип=БКТ | ЕТСНГ=542050 | period=10 | mass_unload=false | осталось 3 из 3 ваг.
    ПРИЧИНА: квота ДМЗИ исчерпана — все Load-дуги с доступным спросом идут на дороги с выбранным лимитом:
      · дорога ЗАБ, период 10: использовано 5 из 5 ваг.
  [s_idx  376] Денежниково | тип=БКТ | ЕТСНГ=542239 | period=10 | mass_unload=false | осталось 4 из 4 ваг.
    ПРИЧИНА: доступны только Wash-дуги (36 шт., мин. стоимость 239116 руб./ваг.). В модели Wash не имеет штрафа за незаполнение,
             а excess_supply бесплатный — отправка только увеличила бы obj, MIP корректно оставил вагоны в остатке.
  [s_idx  377] Самаевка | тип=БК | ЕТСНГ=421034 | period=10 | mass_unload=false | осталось 1 из 1 ваг.
    ПРИЧИНА: нет ни одной допустимой дуги (нет тарифа, несовм. тип вагона или грязный груз).
  [s_idx  378] Суровикино | тип=БК | ЕТСНГ=421034 | period=10 | mass_unload=false | осталось 5 из 5 ваг.
    ПРИЧИНА: квота ДМЗИ исчерпана — все Load-дуги с доступным спросом идут на дороги с выбранным лимитом:
      · дорога ЗАБ, период 10: использовано 5 из 5 ваг.
  [s_idx  379] Прудбой | тип=Т | ЕТСНГ=421034 | period=10 | mass_unload=false | осталось 1 из 1 ваг.
    ПРИЧИНА: квота ДМЗИ исчерпана — все Load-дуги с доступным спросом идут на дороги с выбранным лимитом:
      · дорога ЗАБ, период 10: использовано 5 из 5 ваг.
  [s_idx  380] Гори | тип=БКТ | ЕТСНГ=018112 | period=10 | mass_unload=false | осталось 7 из 7 ваг.
    ПРИЧИНА: квота ДМЗИ исчерпана — все Load-дуги с доступным спросом идут на дороги с выбранным лимитом:
      · дорога ЗАБ, период 10: использовано 5 из 5 ваг.
  [s_idx  381] Томылово | тип=Т | ЕТСНГ=421034 | period=10 | mass_unload=false | осталось 5 из 5 ваг.
    ПРИЧИНА: нет ни одной допустимой дуги (нет тарифа, несовм. тип вагона или грязный груз).
  [s_idx  382] Мурманские Ворота | тип=БК | ЕТСНГ=011005 | period=10 | mass_unload=false | осталось 1 из 1 ваг.
    ПРИЧИНА: квота ДМЗИ исчерпана — все Load-дуги с доступным спросом идут на дороги с выбранным лимитом:
      · дорога ЗАБ, период 10: использовано 5 из 5 ваг.
  [s_idx  383] Пишля | тип=БК | ЕТСНГ=421034 | period=10 | mass_unload=false | осталось 2 из 2 ваг.
    ПРИЧИНА: нет ни одной допустимой дуги (нет тарифа, несовм. тип вагона или грязный груз).
  [s_idx  384] Лужская (Экспорт) | тип=БКТ | ЕТСНГ=011005 | period=10 | mass_unload=false | осталось 5 из 5 ваг.
    ПРИЧИНА: квота ДМЗИ исчерпана — все Load-дуги с доступным спросом идут на дороги с выбранным лимитом:
      · дорога ЗАБ, период 10: использовано 5 из 5 ваг.
  [s_idx  385] Новороссийск | тип=БКТ | ЕТСНГ=018038 | period=10 | mass_unload=false | осталось 4 из 4 ваг.
    ПРИЧИНА: квота ДМЗИ исчерпана — все Load-дуги с доступным спросом идут на дороги с выбранным лимитом:
      · дорога ЗАБ, период 10: использовано 5 из 5 ваг.
  [s_idx  386] Ереван | тип=БКТ | ЕТСНГ=011005 | period=10 | mass_unload=false | осталось 13 из 13 ваг.
    ПРИЧИНА: квота ДМЗИ исчерпана — все Load-дуги с доступным спросом идут на дороги с выбранным лимитом:
      · дорога ЗАБ, период 10: использовано 5 из 5 ваг.
  [s_idx  387] Сероглазово | тип=БКТ | ЕТСНГ=421034 | period=10 | mass_unload=false | осталось 9 из 9 ваг.
    ПРИЧИНА: квота ДМЗИ исчерпана — все Load-дуги с доступным спросом идут на дороги с выбранным лимитом:
      · дорога ЗАБ, период 10: использовано 5 из 5 ваг.
  [s_idx  388] Алексеевка | тип=БКТ | ЕТСНГ=018023 | period=10 | mass_unload=false | осталось 5 из 5 ваг.
    ПРИЧИНА: квота ДМЗИ исчерпана — все Load-дуги с доступным спросом идут на дороги с выбранным лимитом:
      · дорога ЗАБ, период 10: использовано 5 из 5 ваг.
  [s_idx  390] Кара-Балта | тип=Т | ЕТСНГ=011005 | period=10 | mass_unload=false | осталось 1 из 1 ваг.
    ПРИЧИНА: квота ДМЗИ исчерпана — все Load-дуги с доступным спросом идут на дороги с выбранным лимитом:
      · дорога ЗАБ, период 10: использовано 5 из 5 ваг.
  [s_idx  391] Тихорецкая | тип=БКТ | ЕТСНГ=018112 | period=10 | mass_unload=false | осталось 2 из 2 ваг.
    ПРИЧИНА: квота ДМЗИ исчерпана — все Load-дуги с доступным спросом идут на дороги с выбранным лимитом:
      · дорога ЗАБ, период 10: использовано 5 из 5 ваг.
  [s_idx  392] Моршанск | тип=БК | ЕТСНГ=421034 | period=10 | mass_unload=false | осталось 4 из 4 ваг.
    ПРИЧИНА: квота ДМЗИ исчерпана — все Load-дуги с доступным спросом идут на дороги с выбранным лимитом:
      · дорога ЗАБ, период 10: использовано 5 из 5 ваг.
  [s_idx  393] Хованщина | тип=Т | ЕТСНГ=421034 | period=10 | mass_unload=false | осталось 3 из 4 ваг.
    ПРИЧИНА: квота ДМЗИ исчерпана — все Load-дуги с доступным спросом идут на дороги с выбранным лимитом:
      · дорога ЗАБ, период 10: использовано 5 из 5 ваг.
  [s_idx  394] Худжанд | тип=БКТ | ЕТСНГ=542224 | period=10 | mass_unload=false | осталось 1 из 1 ваг.
    ПРИЧИНА: квота ДМЗИ исчерпана — все Load-дуги с доступным спросом идут на дороги с выбранным лимитом:
      · дорога ЗАБ, период 10: использовано 5 из 5 ваг.
  [s_idx  395] Жилево | тип=Т | ЕТСНГ=011005 | period=10 | mass_unload=false | осталось 3 из 3 ваг.
    ПРИЧИНА: квота ДМЗИ исчерпана — все Load-дуги с доступным спросом идут на дороги с выбранным лимитом:
      · дорога ЗАБ, период 10: использовано 5 из 5 ваг.
  [s_idx  396] Аламедин | тип=БК | ЕТСНГ=011005 | period=10 | mass_unload=false | осталось 3 из 3 ваг.
    ПРИЧИНА: квота ДМЗИ исчерпана — все Load-дуги с доступным спросом идут на дороги с выбранным лимитом:
      · дорога ЗАБ, период 10: использовано 5 из 5 ваг.
  [s_idx  397] Перелешино | тип=БКТ | ЕТСНГ=421208 | period=10 | mass_unload=false | осталось 4 из 4 ваг.
    ПРИЧИНА: квота ДМЗИ исчерпана — все Load-дуги с доступным спросом идут на дороги с выбранным лимитом:
      · дорога ЗАБ, период 10: использовано 5 из 5 ваг.
  [s_idx  398] Переволоки | тип=БК | ЕТСНГ=421034 | period=10 | mass_unload=false | осталось 1 из 1 ваг.
    ПРИЧИНА: квота ДМЗИ исчерпана — все Load-дуги с доступным спросом идут на дороги с выбранным лимитом:
      · дорога ЗАБ, период 10: использовано 5 из 5 ваг.
  [s_idx  399] Галич | тип=БК | ЕТСНГ=011005 | period=10 | mass_unload=false | осталось 4 из 4 ваг.
    ПРИЧИНА: квота ДМЗИ исчерпана — все Load-дуги с доступным спросом идут на дороги с выбранным лимитом:
      · дорога ЗАБ, период 10: использовано 5 из 5 ваг.
  [s_idx  400] Правый Берег (Экспорт) | тип=БК | ЕТСНГ=542224 | period=10 | mass_unload=false | осталось 3 из 3 ваг.
    ПРИЧИНА: квота ДМЗИ исчерпана — все Load-дуги с доступным спросом идут на дороги с выбранным лимитом:
      · дорога ЗАБ, период 10: использовано 5 из 5 ваг.
  [s_idx  402] Сосыка-Ейская | тип=БК | ЕТСНГ=421208 | period=10 | mass_unload=false | осталось 8 из 8 ваг.
    ПРИЧИНА: квота ДМЗИ исчерпана — все Load-дуги с доступным спросом идут на дороги с выбранным лимитом:
      · дорога ЗАБ, период 10: использовано 5 из 5 ваг.
  [s_idx  404] Хабаровск 1 | тип=БК | ЕТСНГ=018112 | period=10 | mass_unload=false | осталось 1 из 2 ваг.
    ПРИЧИНА: квота ДМЗИ исчерпана — все Load-дуги с доступным спросом идут на дороги с выбранным лимитом:
      · дорога ЗАБ, период 10: использовано 5 из 5 ваг.
  [s_idx  406] Воронеж-Курский | тип=БКТ | ЕТСНГ=— | period=10 | mass_unload=false | осталось 2 из 2 ваг.
    ПРИЧИНА: квота ДМЗИ исчерпана — все Load-дуги с доступным спросом идут на дороги с выбранным лимитом:
      · дорога ЗАБ, период 10: использовано 5 из 5 ваг.
  [s_idx  407] Забайкальск (Экспорт на КЖД [Китай]) | тип=БК | ЕТСНГ=018038 | period=10 | mass_unload=true | осталось 1 из 1 ваг.
    ПРИЧИНА: квота ДМЗИ исчерпана — все Load-дуги с доступным спросом идут на дороги с выбранным лимитом:
      · дорога ЗАБ, период 10: использовано 5 из 5 ваг.
  [s_idx  408] Клин | тип=БКТ | ЕТСНГ=011005 | period=10 | mass_unload=false | осталось 2 из 2 ваг.
    ПРИЧИНА: квота ДМЗИ исчерпана — все Load-дуги с доступным спросом идут на дороги с выбранным лимитом:
      · дорога ЗАБ, период 10: использовано 5 из 5 ваг.
  [s_idx  410] Ростов-Западный | тип=Т | ЕТСНГ=018112 | period=10 | mass_unload=false | осталось 2 из 2 ваг.
    ПРИЧИНА: квота ДМЗИ исчерпана — все Load-дуги с доступным спросом идут на дороги с выбранным лимитом:
      · дорога ЗАБ, период 10: использовано 5 из 5 ваг.
  [s_idx  411] Воронеж-Курский | тип=Т | ЕТСНГ=— | period=10 | mass_unload=false | осталось 1 из 1 ваг.
    ПРИЧИНА: квота ДМЗИ исчерпана — все Load-дуги с доступным спросом идут на дороги с выбранным лимитом:
      · дорога ЗАБ, период 10: использовано 5 из 5 ваг.
  [s_idx  412] Черниковка | тип=БК | ЕТСНГ=018112 | period=10 | mass_unload=false | осталось 1 из 1 ваг.
    ПРИЧИНА: квота ДМЗИ исчерпана — все Load-дуги с доступным спросом идут на дороги с выбранным лимитом:
      · дорога ЗАБ, период 10: использовано 5 из 5 ваг.
  [s_idx  413] Мальта | тип=БКТ | ЕТСНГ=542239 | period=10 | mass_unload=false | осталось 2 из 2 ваг.
    ПРИЧИНА: доступны только Wash-дуги (36 шт., мин. стоимость 202310 руб./ваг.). В модели Wash не имеет штрафа за незаполнение,
             а excess_supply бесплатный — отправка только увеличила бы obj, MIP корректно оставил вагоны в остатке.
  [s_idx  414] Кара-Балта | тип=БКТ | ЕТСНГ=011005 | period=10 | mass_unload=false | осталось 5 из 5 ваг.
    ПРИЧИНА: квота ДМЗИ исчерпана — все Load-дуги с доступным спросом идут на дороги с выбранным лимитом:
      · дорога ЗАБ, период 10: использовано 5 из 5 ваг.
  [s_idx  416] Глазов | тип=БКТ | ЕТСНГ=— | period=10 | mass_unload=false | осталось 2 из 2 ваг.
    ПРИЧИНА: квота ДМЗИ исчерпана — все Load-дуги с доступным спросом идут на дороги с выбранным лимитом:
      · дорога ЗАБ, период 10: использовано 5 из 5 ваг.
  [s_idx  417] Старый Оскол | тип=БК | ЕТСНГ=421195 | period=10 | mass_unload=false | осталось 4 из 4 ваг.
    ПРИЧИНА: квота ДМЗИ исчерпана — все Load-дуги с доступным спросом идут на дороги с выбранным лимитом:
      · дорога ЗАБ, период 10: использовано 5 из 5 ваг.
  [s_idx  418] Старый Оскол | тип=БКТ | ЕТСНГ=421195 | period=10 | mass_unload=false | осталось 1 из 1 ваг.
    ПРИЧИНА: квота ДМЗИ исчерпана — все Load-дуги с доступным спросом идут на дороги с выбранным лимитом:
      · дорога ЗАБ, период 10: использовано 5 из 5 ваг.
  [s_idx  419] Холщевики | тип=БКТ | ЕТСНГ=011005 | period=10 | mass_unload=false | осталось 3 из 3 ваг.
    ПРИЧИНА: квота ДМЗИ исчерпана — все Load-дуги с доступным спросом идут на дороги с выбранным лимитом:
      · дорога ЗАБ, период 10: использовано 5 из 5 ваг.
  [s_idx  420] Прохоровка | тип=БКТ | ЕТСНГ=018023 | period=10 | mass_unload=false | осталось 6 из 6 ваг.
    ПРИЧИНА: квота ДМЗИ исчерпана — все Load-дуги с доступным спросом идут на дороги с выбранным лимитом:
      · дорога ЗАБ, период 10: использовано 5 из 5 ваг.
  [s_idx  421] Лев Толстой | тип=БК | ЕТСНГ=542224 | period=10 | mass_unload=false | осталось 2 из 2 ваг.
    ПРИЧИНА: квота ДМЗИ исчерпана — все Load-дуги с доступным спросом идут на дороги с выбранным лимитом:
      · дорога ЗАБ, период 10: использовано 5 из 5 ваг.
  [s_idx  422] Столбцы | тип=БКТ | ЕТСНГ=542239 | period=10 | mass_unload=false | осталось 2 из 2 ваг.
    ПРИЧИНА: квота ДМЗИ исчерпана — все Load-дуги с доступным спросом идут на дороги с выбранным лимитом:
      · дорога ЗАБ, период 10: использовано 5 из 5 ваг.
  [s_idx  423] Селикса | тип=БКТ | ЕТСНГ=542224 | period=10 | mass_unload=false | осталось 3 из 3 ваг.
    ПРИЧИНА: квота ДМЗИ исчерпана — все Load-дуги с доступным спросом идут на дороги с выбранным лимитом:
      · дорога ЗАБ, период 10: использовано 5 из 5 ваг.
  [s_idx  424] Невдубстрой | тип=Т | ЕТСНГ=542239 | period=10 | mass_unload=true | осталось 2 из 2 ваг.
    ПРИЧИНА: доступны только Wash-дуги (36 шт., мин. стоимость 200759 руб./ваг.). В модели Wash не имеет штрафа за незаполнение,
             а excess_supply бесплатный — отправка только увеличила бы obj, MIP корректно оставил вагоны в остатке.
  [s_idx  425] Позимь | тип=БК | ЕТСНГ=— | period=10 | mass_unload=false | осталось 2 из 2 ваг.
    ПРИЧИНА: доступны только Wash-дуги (36 шт., мин. стоимость 278003 руб./ваг.). В модели Wash не имеет штрафа за незаполнение,
             а excess_supply бесплатный — отправка только увеличила бы obj, MIP корректно оставил вагоны в остатке.
  [s_idx  426] Асака | тип=БК | ЕТСНГ=542050 | period=10 | mass_unload=false | осталось 1 из 1 ваг.
    ПРИЧИНА: квота ДМЗИ исчерпана — все Load-дуги с доступным спросом идут на дороги с выбранным лимитом:
      · дорога ЗАБ, период 10: использовано 5 из 5 ваг.
  [s_idx  427] Подберезье | тип=БКТ | ЕТСНГ=542239 | period=10 | mass_unload=false | осталось 2 из 2 ваг.
    ПРИЧИНА: доступны только Wash-дуги (36 шт., мин. стоимость 236689 руб./ваг.). В модели Wash не имеет штрафа за незаполнение,
             а excess_supply бесплатный — отправка только увеличила бы obj, MIP корректно оставил вагоны в остатке.
  [s_idx  429] Текстильный | тип=БК | ЕТСНГ=018112 | period=10 | mass_unload=false | осталось 1 из 1 ваг.
    ПРИЧИНА: квота ДМЗИ исчерпана — все Load-дуги с доступным спросом идут на дороги с выбранным лимитом:
      · дорога ЗАБ, период 10: использовано 5 из 5 ваг.
  [s_idx  430] Сендега | тип=БКТ | ЕТСНГ=542239 | period=10 | mass_unload=false | осталось 3 из 3 ваг.
    ПРИЧИНА: доступны только Wash-дуги (36 шт., мин. стоимость 236828 руб./ваг.). В модели Wash не имеет штрафа за незаполнение,
             а excess_supply бесплатный — отправка только увеличила бы obj, MIP корректно оставил вагоны в остатке.
  [s_idx  431] Сморгонь | тип=БК | ЕТСНГ=021083 | period=10 | mass_unload=false | осталось 1 из 1 ваг.
    ПРИЧИНА: квота ДМЗИ исчерпана — все Load-дуги с доступным спросом идут на дороги с выбранным лимитом:
      · дорога ЗАБ, период 10: использовано 5 из 5 ваг.
  [s_idx  432] Томылово | тип=БК | ЕТСНГ=421034 | period=10 | mass_unload=false | осталось 2 из 2 ваг.
    ПРИЧИНА: нет ни одной допустимой дуги (нет тарифа, несовм. тип вагона или грязный груз).
  [s_idx  433] Гродеково (Экспорт на КЖД [Китай]) | тип=Т | ЕТСНГ=011005 | period=10 | mass_unload=false | осталось 2 из 2 ваг.
    ПРИЧИНА: квота ДМЗИ исчерпана — все Load-дуги с доступным спросом идут на дороги с выбранным лимитом:
      · дорога ЗАБ, период 10: использовано 5 из 5 ваг.
  [s_idx  434] Туапсе-Сортировочная (Экспорт) | тип=Т | ЕТСНГ=011005 | period=10 | mass_unload=false | осталось 1 из 1 ваг.
    ПРИЧИНА: квота ДМЗИ исчерпана — все Load-дуги с доступным спросом идут на дороги с выбранным лимитом:
      · дорога ЗАБ, период 10: использовано 5 из 5 ваг.
  [s_idx  435] Ютаза | тип=Т | ЕТСНГ=421034 | period=10 | mass_unload=false | осталось 6 из 8 ваг.
    ПРИЧИНА: квота ДМЗИ исчерпана — все Load-дуги с доступным спросом идут на дороги с выбранным лимитом:
      · дорога ЗАБ, период 10: использовано 5 из 5 ваг.
  [s_idx  436] Рощино | тип=Т | ЕТСНГ=011005 | period=10 | mass_unload=false | осталось 5 из 5 ваг.
    ПРИЧИНА: квота ДМЗИ исчерпана — все Load-дуги с доступным спросом идут на дороги с выбранным лимитом:
      · дорога ЗАБ, период 10: использовано 5 из 5 ваг.
  [s_idx  437] Сморгонь | тип=Т | ЕТСНГ=021083 | period=10 | mass_unload=false | осталось 3 из 3 ваг.
    ПРИЧИНА: квота ДМЗИ исчерпана — все Load-дуги с доступным спросом идут на дороги с выбранным лимитом:
      · дорога ЗАБ, период 10: использовано 5 из 5 ваг.
  [s_idx  438] Новороссийск | тип=Т | ЕТСНГ=018038 | period=10 | mass_unload=false | осталось 3 из 3 ваг.
    ПРИЧИНА: квота ДМЗИ исчерпана — все Load-дуги с доступным спросом идут на дороги с выбранным лимитом:
      · дорога ЗАБ, период 10: использовано 5 из 5 ваг.
  [s_idx  439] Наушки (Экспорт АО «УБЖД»: участок Улаанбаатар (вкл.) и далее) | тип=Т | ЕТСНГ=011005 | period=10 | mass_unload=false | осталось 7 из 7 ваг.
    ПРИЧИНА: квота ДМЗИ исчерпана — все Load-дуги с доступным спросом идут на дороги с выбранным лимитом:
      · дорога ЗАБ, период 10: использовано 5 из 5 ваг.
  [s_idx  441] Балашов 1 | тип=БКТ | ЕТСНГ=011005 | period=10 | mass_unload=false | осталось 1 из 1 ваг.
    ПРИЧИНА: квота ДМЗИ исчерпана — все Load-дуги с доступным спросом идут на дороги с выбранным лимитом:
      · дорога ЗАБ, период 10: использовано 5 из 5 ваг.
  [s_idx  442] Ош | тип=БКТ | ЕТСНГ=011005 | period=10 | mass_unload=false | осталось 2 из 2 ваг.
    ПРИЧИНА: квота ДМЗИ исчерпана — все Load-дуги с доступным спросом идут на дороги с выбранным лимитом:
      · дорога ЗАБ, период 10: использовано 5 из 5 ваг.
  [s_idx  443] Красноярск-Северный | тип=БК | ЕТСНГ=— | period=10 | mass_unload=false | осталось 2 из 2 ваг.
    ПРИЧИНА: квота ДМЗИ исчерпана — все Load-дуги с доступным спросом идут на дороги с выбранным лимитом:
      · дорога ЗАБ, период 10: использовано 5 из 5 ваг.
  [s_idx  444] Клин | тип=Т | ЕТСНГ=505028 | period=10 | mass_unload=false | осталось 1 из 1 ваг.
    ПРИЧИНА: доступны только Wash-дуги (36 шт., мин. стоимость 276763 руб./ваг.). В модели Wash не имеет штрафа за незаполнение,
             а excess_supply бесплатный — отправка только увеличила бы obj, MIP корректно оставил вагоны в остатке.
  [s_idx  445] Парнас | тип=Т | ЕТСНГ=014003 | period=10 | mass_unload=false | осталось 3 из 3 ваг.
    ПРИЧИНА: квота ДМЗИ исчерпана — все Load-дуги с доступным спросом идут на дороги с выбранным лимитом:
      · дорога ЗАБ, период 10: использовано 5 из 5 ваг.
  [s_idx  447] Абакан | тип=БК | ЕТСНГ=018112 | period=10 | mass_unload=false | осталось 1 из 1 ваг.
    ПРИЧИНА: квота ДМЗИ исчерпана — все Load-дуги с доступным спросом идут на дороги с выбранным лимитом:
      · дорога ЗАБ, период 10: использовано 5 из 5 ваг.
  [s_idx  449] Богоявленск | тип=БК | ЕТСНГ=542239 | period=10 | mass_unload=false | осталось 1 из 1 ваг.
    ПРИЧИНА: доступны только Wash-дуги (36 шт., мин. стоимость 237101 руб./ваг.). В модели Wash не имеет штрафа за незаполнение,
             а excess_supply бесплатный — отправка только увеличила бы obj, MIP корректно оставил вагоны в остатке.
  [s_idx  450] Селикса | тип=БКТ | ЕТСНГ=542239 | period=10 | mass_unload=false | осталось 1 из 1 ваг.
    ПРИЧИНА: доступны только Wash-дуги (36 шт., мин. стоимость 243187 руб./ваг.). В модели Wash не имеет штрафа за незаполнение,
             а excess_supply бесплатный — отправка только увеличила бы obj, MIP корректно оставил вагоны в остатке.
  [s_idx  451] Кара-Балта | тип=БК | ЕТСНГ=011005 | period=10 | mass_unload=false | осталось 1 из 1 ваг.
    ПРИЧИНА: квота ДМЗИ исчерпана — все Load-дуги с доступным спросом идут на дороги с выбранным лимитом:
      · дорога ЗАБ, период 10: использовано 5 из 5 ваг.
  [s_idx  452] Металлист | тип=БК | ЕТСНГ=542239 | period=10 | mass_unload=false | осталось 2 из 2 ваг.
    ПРИЧИНА: доступны только Wash-дуги (36 шт., мин. стоимость 239116 руб./ваг.). В модели Wash не имеет штрафа за незаполнение,
             а excess_supply бесплатный — отправка только увеличила бы obj, MIP корректно оставил вагоны в остатке.
  [s_idx  453] Прохоровка | тип=Т | ЕТСНГ=— | period=10 | mass_unload=false | осталось 1 из 1 ваг.
    ПРИЧИНА: квота ДМЗИ исчерпана — все Load-дуги с доступным спросом идут на дороги с выбранным лимитом:
      · дорога ЗАБ, период 10: использовано 5 из 5 ваг.
  [s_idx  454] Правый Берег (Экспорт) | тип=БК | ЕТСНГ=— | period=10 | mass_unload=false | осталось 1 из 1 ваг.
    ПРИЧИНА: доступны только Wash-дуги (36 шт., мин. стоимость 204385 руб./ваг.). В модели Wash не имеет штрафа за незаполнение,
             а excess_supply бесплатный — отправка только увеличила бы obj, MIP корректно оставил вагоны в остатке.
  [s_idx  455] Селикса | тип=БК | ЕТСНГ=— | period=10 | mass_unload=false | осталось 1 из 1 ваг.
    ПРИЧИНА: доступны только Wash-дуги (36 шт., мин. стоимость 243187 руб./ваг.). В модели Wash не имеет штрафа за незаполнение,
             а excess_supply бесплатный — отправка только увеличила бы obj, MIP корректно оставил вагоны в остатке.
  [s_idx  456] Красное Знамя | тип=Т | ЕТСНГ=421034 | period=10 | mass_unload=false | осталось 1 из 1 ваг.
    ПРИЧИНА: квота ДМЗИ исчерпана — все Load-дуги с доступным спросом идут на дороги с выбранным лимитом:
      · дорога ЗАБ, период 10: использовано 5 из 5 ваг.
  [s_idx  457] Ружино | тип=БКТ | ЕТСНГ=421208 | period=10 | mass_unload=false | осталось 4 из 4 ваг.
    ПРИЧИНА: квота ДМЗИ исчерпана — все Load-дуги с доступным спросом идут на дороги с выбранным лимитом:
      · дорога ЗАБ, период 10: использовано 5 из 5 ваг.
  [s_idx  458] Зиемельблазма (Экспорт) | тип=БКТ | ЕТСНГ=542072 | period=10 | mass_unload=false | осталось 1 из 1 ваг.
    ПРИЧИНА: квота ДМЗИ исчерпана — все Load-дуги с доступным спросом идут на дороги с выбранным лимитом:
      · дорога ЗАБ, период 10: использовано 5 из 5 ваг.
  [s_idx  459] Душанбе 2 | тип=БКТ | ЕТСНГ=542050 | period=10 | mass_unload=false | осталось 2 из 2 ваг.
    ПРИЧИНА: квота ДМЗИ исчерпана — все Load-дуги с доступным спросом идут на дороги с выбранным лимитом:
      · дорога ЗАБ, период 10: использовано 5 из 5 ваг.
  [s_idx  460] Хабаровск 1 | тип=БК | ЕТСНГ=014003 | period=10 | mass_unload=false | осталось 2 из 2 ваг.
    ПРИЧИНА: квота ДМЗИ исчерпана — все Load-дуги с доступным спросом идут на дороги с выбранным лимитом:
      · дорога ЗАБ, период 10: использовано 5 из 5 ваг.
  [s_idx  461] Иваново-Сортировочное | тип=БКТ | ЕТСНГ=421208 | period=10 | mass_unload=false | осталось 1 из 1 ваг.
    ПРИЧИНА: квота ДМЗИ исчерпана — все Load-дуги с доступным спросом идут на дороги с выбранным лимитом:
      · дорога ЗАБ, период 10: использовано 5 из 5 ваг.
  [s_idx  462] Россошь | тип=БКТ | ЕТСНГ=431089 | period=10 | mass_unload=false | осталось 1 из 1 ваг.
    ПРИЧИНА: квота ДМЗИ исчерпана — все Load-дуги с доступным спросом идут на дороги с выбранным лимитом:
      · дорога ЗАБ, период 10: использовано 5 из 5 ваг.
  [s_idx  463] Лиепая (Экспорт) | тип=БКТ | ЕТСНГ=542101 | period=10 | mass_unload=false | осталось 1 из 1 ваг.
    ПРИЧИНА: квота ДМЗИ исчерпана — все Load-дуги с доступным спросом идут на дороги с выбранным лимитом:
      · дорога ЗАБ, период 10: использовано 5 из 5 ваг.
  [s_idx  464] Сероглазово | тип=Т | ЕТСНГ=421034 | period=10 | mass_unload=false | осталось 1 из 1 ваг.
    ПРИЧИНА: квота ДМЗИ исчерпана — все Load-дуги с доступным спросом идут на дороги с выбранным лимитом:
      · дорога ЗАБ, период 10: использовано 5 из 5 ваг.
  [s_idx  465] Ейск | тип=БКТ | ЕТСНГ=505028 | period=10 | mass_unload=false | осталось 3 из 3 ваг.
    ПРИЧИНА: доступны только Wash-дуги (36 шт., мин. стоимость 239154 руб./ваг.). В модели Wash не имеет штрафа за незаполнение,
             а excess_supply бесплатный — отправка только увеличила бы obj, MIP корректно оставил вагоны в остатке.
  [s_idx  466] Шопоков | тип=БК | ЕТСНГ=011005 | period=10 | mass_unload=false | осталось 1 из 1 ваг.
    ПРИЧИНА: квота ДМЗИ исчерпана — все Load-дуги с доступным спросом идут на дороги с выбранным лимитом:
      · дорога ЗАБ, период 10: использовано 5 из 5 ваг.
  [s_idx  467] Хабаровск 1 | тип=Т | ЕТСНГ=014003 | period=10 | mass_unload=false | осталось 1 из 1 ваг.
    ПРИЧИНА: квота ДМЗИ исчерпана — все Load-дуги с доступным спросом идут на дороги с выбранным лимитом:
      · дорога ЗАБ, период 10: использовано 5 из 5 ваг.
  [s_idx  468] Шопоков | тип=Т | ЕТСНГ=011005 | period=10 | mass_unload=false | осталось 3 из 3 ваг.
    ПРИЧИНА: квота ДМЗИ исчерпана — все Load-дуги с доступным спросом идут на дороги с выбранным лимитом:
      · дорога ЗАБ, период 10: использовано 5 из 5 ваг.
  [s_idx  469] Позимь | тип=БК | ЕТСНГ=542239 | period=10 | mass_unload=false | осталось 2 из 2 ваг.
    ПРИЧИНА: доступны только Wash-дуги (36 шт., мин. стоимость 278003 руб./ваг.). В модели Wash не имеет штрафа за незаполнение,
             а excess_supply бесплатный — отправка только увеличила бы obj, MIP корректно оставил вагоны в остатке.
  [s_idx  470] Мурманские Ворота | тип=Т | ЕТСНГ=011005 | period=10 | mass_unload=false | осталось 3 из 3 ваг.
    ПРИЧИНА: квота ДМЗИ исчерпана — все Load-дуги с доступным спросом идут на дороги с выбранным лимитом:
      · дорога ЗАБ, период 10: использовано 5 из 5 ваг.
  [s_idx  471] Хабаровск 1 | тип=БКТ | ЕТСНГ=014003 | period=10 | mass_unload=false | осталось 2 из 2 ваг.
    ПРИЧИНА: квота ДМЗИ исчерпана — все Load-дуги с доступным спросом идут на дороги с выбранным лимитом:
      · дорога ЗАБ, период 10: использовано 5 из 5 ваг.
  [s_idx  472] Гори | тип=БК | ЕТСНГ=018112 | period=10 | mass_unload=false | осталось 1 из 1 ваг.
    ПРИЧИНА: квота ДМЗИ исчерпана — все Load-дуги с доступным спросом идут на дороги с выбранным лимитом:
      · дорога ЗАБ, период 10: использовано 5 из 5 ваг.
  [s_idx  474] Толмачево | тип=БКТ | ЕТСНГ=542239 | period=10 | mass_unload=false | осталось 3 из 3 ваг.
    ПРИЧИНА: доступны только Wash-дуги (36 шт., мин. стоимость 266828 руб./ваг.). В модели Wash не имеет штрафа за незаполнение,
             а excess_supply бесплатный — отправка только увеличила бы obj, MIP корректно оставил вагоны в остатке.
  [s_idx  475] Бологое-Московское | тип=БКТ | ЕТСНГ=421195 | period=10 | mass_unload=false | осталось 1 из 1 ваг.
    ПРИЧИНА: квота ДМЗИ исчерпана — все Load-дуги с доступным спросом идут на дороги с выбранным лимитом:
      · дорога ЗАБ, период 10: использовано 5 из 5 ваг.
  [s_idx  476] Бардино | тип=Т | ЕТСНГ=542239 | period=10 | mass_unload=false | осталось 1 из 1 ваг.
    ПРИЧИНА: доступны только Wash-дуги (36 шт., мин. стоимость 278876 руб./ваг.). В модели Wash не имеет штрафа за незаполнение,
             а excess_supply бесплатный — отправка только увеличила бы obj, MIP корректно оставил вагоны в остатке.
  [s_idx  477] Гыпджак | тип=БКТ | ЕТСНГ=542050 | period=10 | mass_unload=false | осталось 3 из 3 ваг.
    ПРИЧИНА: доступны только Wash-дуги (36 шт., мин. стоимость 516064 руб./ваг.). В модели Wash не имеет штрафа за незаполнение,
             а excess_supply бесплатный — отправка только увеличила бы obj, MIP корректно оставил вагоны в остатке.
  [s_idx  478] Дунайка | тип=БК | ЕТСНГ=018112 | period=10 | mass_unload=false | осталось 1 из 1 ваг.
    ПРИЧИНА: квота ДМЗИ исчерпана — все Load-дуги с доступным спросом идут на дороги с выбранным лимитом:
      · дорога ЗАБ, период 10: использовано 5 из 5 ваг.
  [s_idx  479] Подберезье | тип=БК | ЕТСНГ=542239 | period=10 | mass_unload=false | осталось 1 из 1 ваг.
    ПРИЧИНА: доступны только Wash-дуги (36 шт., мин. стоимость 236689 руб./ваг.). В модели Wash не имеет штрафа за незаполнение,
             а excess_supply бесплатный — отправка только увеличила бы obj, MIP корректно оставил вагоны в остатке.
  [s_idx  480] Сендега | тип=Т | ЕТСНГ=542239 | period=10 | mass_unload=false | осталось 3 из 3 ваг.
    ПРИЧИНА: доступны только Wash-дуги (36 шт., мин. стоимость 236828 руб./ваг.). В модели Wash не имеет штрафа за незаполнение,
             а excess_supply бесплатный — отправка только увеличила бы obj, MIP корректно оставил вагоны в остатке.
  [s_idx  481] Янгийул | тип=БКТ | ЕТСНГ=542050 | period=10 | mass_unload=false | осталось 3 из 3 ваг.
    ПРИЧИНА: квота ДМЗИ исчерпана — все Load-дуги с доступным спросом идут на дороги с выбранным лимитом:
      · дорога ЗАБ, период 10: использовано 5 из 5 ваг.
  [s_idx  482] Асака | тип=БКТ | ЕТСНГ=542050 | period=10 | mass_unload=false | осталось 1 из 1 ваг.
    ПРИЧИНА: квота ДМЗИ исчерпана — все Load-дуги с доступным спросом идут на дороги с выбранным лимитом:
      · дорога ЗАБ, период 10: использовано 5 из 5 ваг.
  [s_idx  483] Порт Оля (Экспорт) | тип=Т | ЕТСНГ=— | period=10 | mass_unload=false | осталось 2 из 2 ваг.
    ПРИЧИНА: доступны только Wash-дуги (36 шт., мин. стоимость 242679 руб./ваг.). В модели Wash не имеет штрафа за незаполнение,
             а excess_supply бесплатный — отправка только увеличила бы obj, MIP корректно оставил вагоны в остатке.
  [s_idx  484] Правый Берег | тип=Т | ЕТСНГ=542224 | period=10 | mass_unload=true | осталось 1 из 1 ваг.
    ПРИЧИНА: доступны только Wash-дуги (36 шт., мин. стоимость 203949 руб./ваг.). В модели Wash не имеет штрафа за незаполнение,
             а excess_supply бесплатный — отправка только увеличила бы obj, MIP корректно оставил вагоны в остатке.
  [s_idx  485] Колодезная | тип=БКТ | ЕТСНГ=542239 | period=10 | mass_unload=false | осталось 2 из 2 ваг.
    ПРИЧИНА: доступны только Wash-дуги (36 шт., мин. стоимость 202276 руб./ваг.). В модели Wash не имеет штрафа за незаполнение,
             а excess_supply бесплатный — отправка только увеличила бы obj, MIP корректно оставил вагоны в остатке.
  [s_idx  486] Дрогичин | тип=Т | ЕТСНГ=542239 | period=10 | mass_unload=false | осталось 1 из 1 ваг.
    ПРИЧИНА: квота ДМЗИ исчерпана — все Load-дуги с доступным спросом идут на дороги с выбранным лимитом:
      · дорога ЗАБ, период 10: использовано 5 из 5 ваг.
  [s_idx  487] Ровустон | тип=БКТ | ЕТСНГ=542050 | period=10 | mass_unload=false | осталось 1 из 1 ваг.
    ПРИЧИНА: квота ДМЗИ исчерпана — все Load-дуги с доступным спросом идут на дороги с выбранным лимитом:
      · дорога ЗАБ, период 10: использовано 5 из 5 ваг.
  [s_idx  488] Лиепая (Экспорт) | тип=БК | ЕТСНГ=542101 | period=10 | mass_unload=false | осталось 3 из 3 ваг.
    ПРИЧИНА: квота ДМЗИ исчерпана — все Load-дуги с доступным спросом идут на дороги с выбранным лимитом:
      · дорога ЗАБ, период 10: использовано 5 из 5 ваг.
  [s_idx  489] Похвистнево | тип=Т | ЕТСНГ=421034 | period=10 | mass_unload=false | осталось 1 из 1 ваг.
    ПРИЧИНА: нет ни одной допустимой дуги (нет тарифа, несовм. тип вагона или грязный груз).
  [s_idx  490] Мальта | тип=БК | ЕТСНГ=542239 | period=10 | mass_unload=false | осталось 1 из 1 ваг.
    ПРИЧИНА: доступны только Wash-дуги (36 шт., мин. стоимость 202310 руб./ваг.). В модели Wash не имеет штрафа за незаполнение,
             а excess_supply бесплатный — отправка только увеличила бы obj, MIP корректно оставил вагоны в остатке.
  [s_idx  491] Цильна | тип=БКТ | ЕТСНГ=011005 | period=10 | mass_unload=false | осталось 3 из 3 ваг.
    ПРИЧИНА: квота ДМЗИ исчерпана — все Load-дуги с доступным спросом идут на дороги с выбранным лимитом:
      · дорога ЗАБ, период 10: использовано 5 из 5 ваг.
  [s_idx  492] Уруссу | тип=Т | ЕТСНГ=421034 | period=10 | mass_unload=false | осталось 1 из 1 ваг.
    ПРИЧИНА: квота ДМЗИ исчерпана — все Load-дуги с доступным спросом идут на дороги с выбранным лимитом:
      · дорога ЗАБ, период 10: использовано 5 из 5 ваг.
  [s_idx  493] Ош | тип=Т | ЕТСНГ=011005 | period=10 | mass_unload=false | осталось 1 из 1 ваг.
    ПРИЧИНА: квота ДМЗИ исчерпана — все Load-дуги с доступным спросом идут на дороги с выбранным лимитом:
      · дорога ЗАБ, период 10: использовано 5 из 5 ваг.
  [s_idx  494] Медведчиково | тип=Т | ЕТСНГ=021083 | period=10 | mass_unload=false | осталось 2 из 2 ваг.
    ПРИЧИНА: квота ДМЗИ исчерпана — все Load-дуги с доступным спросом идут на дороги с выбранным лимитом:
      · дорога ЗАБ, период 10: использовано 5 из 5 ваг.
  [s_idx  496] Усолье-Сибирское | тип=БКТ | ЕТСНГ=421034 | period=10 | mass_unload=false | осталось 1 из 1 ваг.
    ПРИЧИНА: квота ДМЗИ исчерпана — все Load-дуги с доступным спросом идут на дороги с выбранным лимитом:
      · дорога ЗАБ, период 10: использовано 5 из 5 ваг.
  [s_idx  500] Коченево | тип=БКТ | ЕТСНГ=542239 | period=10 | mass_unload=false | осталось 1 из 1 ваг.
    ПРИЧИНА: доступны только Wash-дуги (36 шт., мин. стоимость 202918 руб./ваг.). В модели Wash не имеет штрафа за незаполнение,
             а excess_supply бесплатный — отправка только увеличила бы obj, MIP корректно оставил вагоны в остатке.
  [s_idx  501] Металлист | тип=БКТ | ЕТСНГ=542239 | period=10 | mass_unload=false | осталось 1 из 1 ваг.
    ПРИЧИНА: доступны только Wash-дуги (36 шт., мин. стоимость 239116 руб./ваг.). В модели Wash не имеет штрафа за незаполнение,
             а excess_supply бесплатный — отправка только увеличила бы obj, MIP корректно оставил вагоны в остатке.
  [s_idx  502] Холщевики | тип=Т | ЕТСНГ=011005 | period=10 | mass_unload=false | осталось 3 из 3 ваг.
    ПРИЧИНА: квота ДМЗИ исчерпана — все Load-дуги с доступным спросом идут на дороги с выбранным лимитом:
      · дорога ЗАБ, период 10: использовано 5 из 5 ваг.
  [s_idx  503] Прохоровка | тип=БК | ЕТСНГ=— | period=10 | mass_unload=false | осталось 1 из 1 ваг.
    ПРИЧИНА: квота ДМЗИ исчерпана — все Load-дуги с доступным спросом идут на дороги с выбранным лимитом:
      · дорога ЗАБ, период 10: использовано 5 из 5 ваг.
  [s_idx  504] Нижний Ломов | тип=БК | ЕТСНГ=— | period=10 | mass_unload=false | осталось 1 из 1 ваг.
    ПРИЧИНА: доступны только Wash-дуги (36 шт., мин. стоимость 281817 руб./ваг.). В модели Wash не имеет штрафа за незаполнение,
             а excess_supply бесплатный — отправка только увеличила бы obj, MIP корректно оставил вагоны в остатке.
  [s_idx  505] Худжанд | тип=БК | ЕТСНГ=542050 | period=10 | mass_unload=false | осталось 1 из 1 ваг.
    ПРИЧИНА: квота ДМЗИ исчерпана — все Load-дуги с доступным спросом идут на дороги с выбранным лимитом:
      · дорога ЗАБ, период 10: использовано 5 из 5 ваг.
  [s_idx  506] Ружино | тип=БК | ЕТСНГ=421208 | period=10 | mass_unload=false | осталось 1 из 1 ваг.
    ПРИЧИНА: квота ДМЗИ исчерпана — все Load-дуги с доступным спросом идут на дороги с выбранным лимитом:
      · дорога ЗАБ, период 10: использовано 5 из 5 ваг.
  [s_idx  507] Порт Оля (Экспорт) | тип=БК | ЕТСНГ=542224 | period=10 | mass_unload=false | осталось 1 из 1 ваг.
    ПРИЧИНА: квота ДМЗИ исчерпана — все Load-дуги с доступным спросом идут на дороги с выбранным лимитом:
      · дорога ЗАБ, период 10: использовано 5 из 5 ваг.
  [s_idx  508] Зорат | тип=БКТ | ЕТСНГ=542224 | period=10 | mass_unload=false | осталось 1 из 1 ваг.
    ПРИЧИНА: квота ДМЗИ исчерпана — все Load-дуги с доступным спросом идут на дороги с выбранным лимитом:
      · дорога ЗАБ, период 10: использовано 5 из 5 ваг.
  [s_idx  509] Нижний Ломов | тип=БКТ | ЕТСНГ=— | period=10 | mass_unload=false | осталось 1 из 1 ваг.
    ПРИЧИНА: доступны только Wash-дуги (36 шт., мин. стоимость 281817 руб./ваг.). В модели Wash не имеет штрафа за незаполнение,
             а excess_supply бесплатный — отправка только увеличила бы obj, MIP корректно оставил вагоны в остатке.
  [s_idx  510] Валуйки | тип=БКТ | ЕТСНГ=421195 | period=10 | mass_unload=false | осталось 1 из 1 ваг.
    ПРИЧИНА: квота ДМЗИ исчерпана — все Load-дуги с доступным спросом идут на дороги с выбранным лимитом:
      · дорога ЗАБ, период 10: использовано 5 из 5 ваг.
  [s_idx  511] Воскресенск | тип=БК | ЕТСНГ=421195 | period=10 | mass_unload=false | осталось 1 из 1 ваг.
    ПРИЧИНА: квота ДМЗИ исчерпана — все Load-дуги с доступным спросом идут на дороги с выбранным лимитом:
      · дорога ЗАБ, период 10: использовано 5 из 5 ваг.
  [s_idx  512] Беломестная | тип=БКТ | ЕТСНГ=421034 | period=10 | mass_unload=false | осталось 1 из 1 ваг.
    ПРИЧИНА: квота ДМЗИ исчерпана — все Load-дуги с доступным спросом идут на дороги с выбранным лимитом:
      · дорога ЗАБ, период 10: использовано 5 из 5 ваг.
  [s_idx  513] Туапсе-Сортировочная (Экспорт) | тип=БКТ | ЕТСНГ=011005 | period=10 | mass_unload=false | осталось 1 из 1 ваг.
    ПРИЧИНА: квота ДМЗИ исчерпана — все Load-дуги с доступным спросом идут на дороги с выбранным лимитом:
      · дорога ЗАБ, период 10: использовано 5 из 5 ваг.
  [s_idx  515] Селикса | тип=БК | ЕТСНГ=542239 | period=10 | mass_unload=false | осталось 1 из 1 ваг.
    ПРИЧИНА: доступны только Wash-дуги (36 шт., мин. стоимость 243187 руб./ваг.). В модели Wash не имеет штрафа за незаполнение,
             а excess_supply бесплатный — отправка только увеличила бы obj, MIP корректно оставил вагоны в остатке.
  [s_idx  516] Денежниково | тип=Т | ЕТСНГ=542239 | period=10 | mass_unload=false | осталось 1 из 1 ваг.
    ПРИЧИНА: доступны только Wash-дуги (36 шт., мин. стоимость 239116 руб./ваг.). В модели Wash не имеет штрафа за незаполнение,
             а excess_supply бесплатный — отправка только увеличила бы obj, MIP корректно оставил вагоны в остатке.
  [s_idx  517] Дрогичин | тип=БК | ЕТСНГ=542239 | period=10 | mass_unload=false | осталось 1 из 1 ваг.
    ПРИЧИНА: квота ДМЗИ исчерпана — все Load-дуги с доступным спросом идут на дороги с выбранным лимитом:
      · дорога ЗАБ, период 10: использовано 5 из 5 ваг.
  [s_idx  518] Березки | тип=БК | ЕТСНГ=421034 | period=10 | mass_unload=false | осталось 1 из 1 ваг.
    ПРИЧИНА: доступны только Wash-дуги (36 шт., мин. стоимость 274023 руб./ваг.). В модели Wash не имеет штрафа за незаполнение,
             а excess_supply бесплатный — отправка только увеличила бы obj, MIP корректно оставил вагоны в остатке.
  [s_idx  519] Брянск-Восточный | тип=БКТ | ЕТСНГ=421208 | period=10 | mass_unload=false | осталось 1 из 1 ваг.
    ПРИЧИНА: квота ДМЗИ исчерпана — все Load-дуги с доступным спросом идут на дороги с выбранным лимитом:
      · дорога ЗАБ, период 10: использовано 5 из 5 ваг.

  СВОДКА ПО ПРИЧИНАМ:
    квота ДМЗИ исчерпана                узлов: 306, вагонов: 2134
    нет допустимых дуг                  узлов:  20, вагонов:  118
    доступны только Wash-дуги           узлов:  61, вагонов:  193
---------------------------------
MIP нашёл глобальный оптимум (gap=0.0016%) — фаза ALNS пропущена.
--- ДИАГНОСТИКА UNMET DEMAND (44 ваг. в 10 узлах) ---
  [d_idx   23] Белогорск 2 (ЗАБ) | тип=Прочие | ЕТСНГ=542224 | период=2 | отправка=Повагонная | не закрыто 2 из 3 ваг.
    ПРИЧИНА: квота ДМЗИ исчерпана — все дуги со свободным предложением идут на дороги с выбранным лимитом:
      · дорога ЗАБ, период 1: использовано 20 из 20 ваг.
      · дорога ЗАБ, период 10: использовано 5 из 5 ваг.
  [d_idx   24] Белогорск 2 (ЗАБ) | тип=Прочие | ЕТСНГ=018023 | период=2 | отправка=Повагонная | не закрыто 2 из 2 ваг.
    ПРИЧИНА: квота ДМЗИ исчерпана — все дуги со свободным предложением идут на дороги с выбранным лимитом:
      · дорога ЗАБ, период 1: использовано 20 из 20 ваг.
      · дорога ЗАБ, период 10: использовано 5 из 5 ваг.
  [d_idx   31] Маргуцек (ЗАБ) | тип=Прочие | ЕТСНГ=018019 | период=2 | отправка=Повагонная | не закрыто 10 из 10 ваг.
    ПРИЧИНА: квота ДМЗИ исчерпана — все дуги со свободным предложением идут на дороги с выбранным лимитом:
      · дорога ЗАБ, период 1: использовано 20 из 20 ваг.
      · дорога ЗАБ, период 10: использовано 5 из 5 ваг.
  [d_idx   37] Белогорск 2 (ЗАБ) | тип=Прочие | ЕТСНГ=018023 | период=3 | отправка=Повагонная | не закрыто 3 из 4 ваг.
    ПРИЧИНА: квота ДМЗИ исчерпана — все дуги со свободным предложением идут на дороги с выбранным лимитом:
      · дорога ЗАБ, период 1: использовано 20 из 20 ваг.
      · дорога ЗАБ, период 10: использовано 5 из 5 ваг.
  [d_idx   39] Борзя (ЗАБ) | тип=Прочие | ЕТСНГ=013000 | период=3 | отправка=Повагонная | не закрыто 2 из 2 ваг.
    ПРИЧИНА: квота ДМЗИ исчерпана — все дуги со свободным предложением идут на дороги с выбранным лимитом:
      · дорога ЗАБ, период 1: использовано 20 из 20 ваг.
      · дорога ЗАБ, период 10: использовано 5 из 5 ваг.
  [d_idx   40] Борзя (ЗАБ) | тип=Прочие | ЕТСНГ=018019 | период=3 | отправка=Повагонная | не закрыто 5 из 5 ваг.
    ПРИЧИНА: квота ДМЗИ исчерпана — все дуги со свободным предложением идут на дороги с выбранным лимитом:
      · дорога ЗАБ, период 1: использовано 20 из 20 ваг.
      · дорога ЗАБ, период 10: использовано 5 из 5 ваг.
  [d_idx   59] Маргуцек (ЗАБ) | тип=Прочие | ЕТСНГ=013000 | период=3 | отправка=Повагонная | не закрыто 5 из 5 ваг.
    ПРИЧИНА: квота ДМЗИ исчерпана — все дуги со свободным предложением идут на дороги с выбранным лимитом:
      · дорога ЗАБ, период 1: использовано 20 из 20 ваг.
      · дорога ЗАБ, период 10: использовано 5 из 5 ваг.
  [d_idx   60] Маргуцек (ЗАБ) | тип=Прочие | ЕТСНГ=018019 | период=3 | отправка=Повагонная | не закрыто 5 из 5 ваг.
    ПРИЧИНА: квота ДМЗИ исчерпана — все дуги со свободным предложением идут на дороги с выбранным лимитом:
      · дорога ЗАБ, период 1: использовано 20 из 20 ваг.
      · дорога ЗАБ, период 10: использовано 5 из 5 ваг.
  [d_idx   69] Белогорск 2 (ЗАБ) | тип=Прочие | ЕТСНГ=011005 | период=4 | отправка=Повагонная | не закрыто 1 из 3 ваг.
    ПРИЧИНА: квота ДМЗИ исчерпана — все дуги со свободным предложением идут на дороги с выбранным лимитом:
      · дорога ЗАБ, период 1: использовано 20 из 20 ваг.
      · дорога ЗАБ, период 10: использовано 5 из 5 ваг.
  [d_idx   71] Белогорск 2 (ЗАБ) | тип=Прочие | ЕТСНГ=018023 | период=4 | отправка=Повагонная | не закрыто 9 из 10 ваг.
    ПРИЧИНА: квота ДМЗИ исчерпана — все дуги со свободным предложением идут на дороги с выбранным лимитом:
      · дорога ЗАБ, период 1: использовано 20 из 20 ваг.
      · дорога ЗАБ, период 10: использовано 5 из 5 ваг.

  СВОДКА ПО ПРИЧИНАМ:
    квота ДМЗИ исчерпана (инфраструктура)  узлов:  10, вагонов:   44

  ЗАКРЫВАЕМОСТЬ (по реальному связывающему ограничению):
    структурно недостижимо (нет дуг):             0 ваг.  — нужны новые тарифы / смягчение жёстких фильтров
    упёрто в квоту ДМЗИ (инфраструктура):         44 ваг.  — поможет только повышение квоты на дороге
    держит MIN_BATCH (квота ДМЗИ ещё есть):        0 ваг.  — поможет смягчение партии (middle 0 / масс. 0 / маршр. 0)
    прочее (конкуренция / экономика штрафа):       0 ваг.
--------------------------------
--- УТИЛИЗАЦИЯ КВОТ ДМЗИ ---
  ВСБ  период  1:    0 из   10 ваг.
  ВСБ  период 10:    0 из    2 ваг.
  ГОР  период  1:    3 из  377 ваг.
  ГОР  период 10:    0 из   80 ваг.
  ЗАБ  период  1:   20 из   20 ваг.
  ЗАБ  период 10:    5 из    5 ваг.
  ЗСБ  период  1:   25 из  349 ваг.
  ЗСБ  период 10:   59 из   70 ваг.
  КБШ  период  1:   17 из  392 ваг.
  КБШ  период 10:    7 из   80 ваг.
  КРС  период  1:   15 из   40 ваг.
  КРС  период 10:    1 из    8 ваг.
  МСК  период  1:   23 из  398 ваг.
  МСК  период 10:    4 из   80 ваг.
  ОКТ  период  1:    0 из  298 ваг.
  ОКТ  период 10:    0 из   60 ваг.
  ПРВ  период  1:   91 из  315 ваг.
  ПРВ  период 10:    1 из   63 ваг.
  СВР  период  1:    8 из  468 ваг.
  СВР  период 10:    1 из  117 ваг.
  СЕВ  период  1:    0 из   75 ваг.
  СЕВ  период 10:    0 из   15 ваг.
  ЮВС  период  1:   11 из  171 ваг.
  ЮВС  период 10:   31 из   40 ваг.
  ЮУР  период  1:   48 из   98 ваг.
  ЮУР  период 10:   20 из   20 ваг.
----------------------------
Тарифов до отстоя:           614 (станций излишка 143, станций отстоя 6)
В отстой: 629 из 2445 ваг. излишка → 6 станций отстоя, тариф 22022107 руб.; не размещено 1816 ваг. (нет тарифа / ёмкость исчерпана)
Баланс отчёта оптимизации:   OK (3018 ваг. в записях = 3018 ваг. предложения)
Записей в отчёте (Excel):    663 (601 оптим. + 24 по факту + 38 в ремонт) / 3127 вагонов
  → в POST АПИ (период 1):   174 записей / 521 вагонов
  → исключено (предл. 10, дислокация): 489 записей / 2606 вагонов
Чекпоинт сохранён:           tmp/checkpoint_2026-06-17_12-59-00.xlsx

======= РЕЗУЛЬТАТЫ ОПТИМИЗАЦИИ =======
Статус решателя:      MIP Optimal (gap=0.002%)
Назначено вагонов:    573
Избыток предложения:  2445 ваг. (dummy-спрос)
  остаток по периодам предложения: p1=49 p10=2396 прочие=0
  из них в отстой (этап 2): 629 ваг.
Неудовл. спрос:       44 ваг. (dummy-предложение)
Суммарная стоимость:  36936486 руб.
======================================

Результат сохранён:          tmp/result_20260617_125900.json
[SUCCESS] railoptim завершил работу успешно.
