[Пт 04 сен 2026 11:05:00 MSK] Запуск: /home/atretyakov/railoptim/app/bin/railoptim (env=prod, MIP_WARM_START=on)
stations_geo: 19494 записей, data/stations/stations_geo.sqlite (baltic=671, china_mongolia=339, cis=6263, ru=11848, south_caucasus=373)
Получено узлов спроса (погрузка): 341 или 4695 вагонов
Получено узлов предложения 1 сут.:  214 или 1565 вагонов
Получено узлов предложения всего:  214 или 1565 вагонов
  свободных для назначения:  146 или 1418 вагонов
  требуют ремонта (В ремонт):16 или 22 вагонов
  по факту (Assigned):       52 или 125 вагонов
Дороги без промывки (NoCleaningRoads): 8
Коды «уже промыт/ремонт» (WashedEmptyEtsngCodes): 2
Ban-list чужих владельцев отстоя (reserve_owners.json): 4 пар (станция+ОКПО)
Узлов спроса (промывка):     36 или мощность в период 5 суток 2795 вагонов
  предложений с ЕТСНГ из списка промывки: 8 вагонов (освобождены по NoCleaningRoads: 25; из них есть узел погрузки с тем же ЕТСНГ на любой станции — альтернатива промывке по спросу: 8 вагонов)
Получено тарифов:            13649
Загружено ремонтных станций: 102
Тарифов до ремонтных ст.:    981
Тарифов до промывки (с надбавкой 10000+40000=50000 руб.): 136
Ограничения ДМЗИ:            13 дорог (90 записей Ostatok)
  ВСБ  период 1 ≤    5, период 10 ≤    7 ваг.
  ГОР  период 1 ≤  397, период 10 ≤  557 ваг.
  ЗАБ  период 1 ≤   22, период 10 ≤   32 ваг.
  ЗСБ  период 1 ≤  710, период 10 ≤ 1018 ваг.
  КБШ  период 1 ≤  989, период 10 ≤ 1397 ваг.
  КРС  период 1 ≤    4, период 10 ≤    6 ваг.
  МСК  период 1 ≤  745, период 10 ≤ 1045 ваг.
  ОКТ  период 1 ≤  315, период 10 ≤  445 ваг.
  ПРВ  период 1 ≤  939, период 10 ≤ 1315 ваг.
  СВР  период 1 ≤  468, период 10 ≤  702 ваг.
  СЕВ  период 1 ≤   15, период 10 ≤   21 ваг.
  ЮВС  период 1 ≤ 1508, период 10 ≤ 2130 ваг.
  ЮУР  период 1 ≤  750, период 10 ≤ 1050 ваг.
БД отстоя обновлена:         получено 24 / записано 24 / без etran_id 0
Узлы отстоя (резервы):       64 узлов / ёмкость 1659 ваг. (записей в БД 193, дублей 0, отфильтровано 129, чужих по ban-list 394)
FREE_LOADROADS_STATS={"date_from": "2026-03-04", "date_to": "2026-09-04", "load_station_codes": 490, "cars_on_station_rows": 1905, "cars_total": 82268}
Свободные ёмкости путей:     79 крупных станций -> data/load_stations_free_capacity.json
Всего пар supply×demand:     55042
  без тарифа:                        7774 (14.1%)
  нарушение срока (жёстко):          0 (0.0%)
  несовм. тип вагона:                1150 (2.1%)
  грязный вагон → чужой ЕТСНГ:       1974 (3.6%)
  грязный: дальняя погрузка дороже промывки → в промывку: 33 (0.1%)
  допустимых дуг со штрафом за срок:   21791 (39.6%)
  допустимых дуг всего в LP:      44111 (80.1%)
Ограничения партии (MIN_BATCH): массовая выгрузка — 636 дуг / 291 пар; средние станции — 16160 дуг / 1763 пар (станций образования: 16, погрузки: 113)
  маршрутные отправки (B=10): 621 дуг / 143 пар (станций образования: 18, маршрутных станций погрузки: 8)
--- АНАЛИЗ РЕСУРСОВ ---
Предложение: 1418 ваг.
Спрос (погрузка): 4695 ваг.
Ёмкость промывки (верх): 2795 ваг.
Статус: ДЕФИЦИТ  (3277 ваг. — штрафные дуги)
-----------------------
--- ЖАДНОЕ РЕШЕНИЕ ---
Назначений:            292 шт.
Назначено вагонов:     1387 / 4695 спрос (погрузка), 1418 предложение
Суммарная стоимость:   72093116.74 руб.
Неудовлетворён спрос:  3309 ваг.
Избыток предложения:   31 ваг.
Покрытие спроса (погр.): 29.5%
----------------------
MIP warm-start: ON (greedy) (управляется env MIP_WARM_START={on|off}, по умолч. on)
--- MIP РЕШЕНИЕ ---
Статус:                MIP Optimal (gap=0.000%)
Назначено вагонов:     1386 / 4695 спрос (погрузка), 1418 предложение
Суммарная стоимость:   71308133.68 руб.
Неудовлетворён спрос:  3309 ваг.
Избыток предложения:   32 ваг.
Покрытие спроса (погр.): 29.5%
-------------------
MIP время: 5.45 сек (warm-start: ON)
MIP диагностика: status=Optimal, gap=0.0000%, undist=3341 (unmet=3309, excess=32), real_cost=71308133.68
MIP vs greedy:   greedy undist=3340 (unmet=3309, excess=31), real_cost=72093116.74  →  Δundist=+1, Δcost=-784983.06
  ВНИМАНИЕ: MIP не закрыл 3309 ваг. спроса на погрузку (unmet > 0). Возможные причины:
           (а) PENALTY_UNMET ниже стоимости единственно допустимых плеч,
           (б) HiGHS остановился по rel_gap до закрытия всего спроса.
--- ДИАГНОСТИКА EXCESS SUPPLY (32 ваг. в 6 узлах) ---
  [s_idx   52] Кутулик | тип=Прочие | ЕТСНГ=421034 | period=1 | mass_unload=false | осталось 6 из 6 ваг.
    ПРИЧИНА: нет ни одной допустимой дуги (нет тарифа, несовм. тип вагона или грязный груз).
  [s_idx   53] Кутулик | тип=БК | ЕТСНГ=421034 | period=1 | mass_unload=false | осталось 12 из 12 ваг.
    ПРИЧИНА: нет ни одной допустимой дуги (нет тарифа, несовм. тип вагона или грязный груз).
  [s_idx   54] Кутулик | тип=Т | ЕТСНГ=421034 | period=1 | mass_unload=false | осталось 4 из 4 ваг.
    ПРИЧИНА: нет ни одной допустимой дуги (нет тарифа, несовм. тип вагона или грязный груз).
  [s_idx   55] Кутулик | тип=БКТ | ЕТСНГ=421034 | period=1 | mass_unload=false | осталось 6 из 6 ваг.
    ПРИЧИНА: нет ни одной допустимой дуги (нет тарифа, несовм. тип вагона или грязный груз).
  [s_idx   56] Кутулик | тип=Прочие | ЕТСНГ=421208 | period=1 | mass_unload=false | осталось 3 из 3 ваг.
    ПРИЧИНА: нет ни одной допустимой дуги (нет тарифа, несовм. тип вагона или грязный груз).
  [s_idx   82] Евсино | тип=БК | ЕТСНГ=542239 | period=1 | mass_unload=false | осталось 1 из 1 ваг.
    ПРИЧИНА: доступны только Wash-дуги (36 шт., мин. стоимость 53609 руб./ваг.). В модели Wash не имеет штрафа за незаполнение,
             а excess_supply бесплатный — отправка только увеличила бы obj, MIP корректно оставил вагоны в остатке.

  СВОДКА ПО ПРИЧИНАМ:
    нет допустимых дуг                  узлов:   5, вагонов:   31
    доступны только Wash-дуги           узлов:   1, вагонов:    1
---------------------------------
MIP нашёл глобальный оптимум (gap=0.0000%) — фаза ALNS пропущена.
--- ДИАГНОСТИКА UNMET DEMAND (3309 ваг. в 231 узлах) ---
  [d_idx    0] Ак-Куль (КЗХ) | тип=Прочие | ЕТСНГ=018131 | период=1 | отправка=Повагонная | не закрыто 8 из 10 ваг.
    ПРИЧИНА: дуги есть (125 шт.), но все совместимые узлы предложения исчерпаны — вагоны ушли на другие заявки (конкуренция за предложение).
  [d_idx    3] Нурлат (КБШ) | тип=Прочие | ЕТСНГ=011005 | период=1 | отправка=Повагонная | не закрыто 3 из 3 ваг.
    ПРИЧИНА: дуги есть (135 шт.), но все совместимые узлы предложения исчерпаны — вагоны ушли на другие заявки (конкуренция за предложение).
  [d_idx    6] Белое Озеро (КБШ) | тип=Прочие | ЕТСНГ=011005 | период=1 | отправка=Повагонная | не закрыто 8 из 8 ваг.
    ПРИЧИНА: дуги есть (135 шт.), но все совместимые узлы предложения исчерпаны — вагоны ушли на другие заявки (конкуренция за предложение).
  [d_idx   11] Студенец (КБШ) | тип=Прочие | ЕТСНГ=011005 | период=1 | отправка=Повагонная | не закрыто 7 из 7 ваг.
    ПРИЧИНА: дуги есть (135 шт.), но все совместимые узлы предложения исчерпаны — вагоны ушли на другие заявки (конкуренция за предложение).
  [d_idx   13] Асекеево (КБШ) | тип=Прочие | ЕТСНГ=011005 | период=1 | отправка=Повагонная | не закрыто 7 из 7 ваг.
    ПРИЧИНА: дуги есть (124 шт.), но все совместимые узлы предложения исчерпаны — вагоны ушли на другие заявки (конкуренция за предложение).
  [d_idx   14] Кандры (КБШ) | тип=Прочие | ЕТСНГ=011005 | период=1 | отправка=Повагонная | не закрыто 13 из 13 ваг.
    ПРИЧИНА: дуги есть (134 шт.), но все совместимые узлы предложения исчерпаны — вагоны ушли на другие заявки (конкуренция за предложение).
  [d_idx   15] Алексеевка (ЮВС) | тип=Прочие | ЕТСНГ=542239 | период=1 | отправка=Повагонная | не закрыто 5 из 5 ваг.
    ПРИЧИНА: дуги есть (137 шт.), но все совместимые узлы предложения исчерпаны — вагоны ушли на другие заявки (конкуренция за предложение).
  [d_idx   17] Среднесибирская (ЗСБ) | тип=Прочие | ЕТСНГ=011005 | период=1 | отправка=Повагонная | не закрыто 2 из 2 ваг.
    ПРИЧИНА: дуги есть (113 шт.), но все совместимые узлы предложения исчерпаны — вагоны ушли на другие заявки (конкуренция за предложение).
  [d_idx   18] Золотухино (МСК) | тип=Прочие | ЕТСНГ=014003 | период=1 | отправка=Повагонная | не закрыто 19 из 19 ваг.
    ПРИЧИНА: дуги есть (135 шт.), но все совместимые узлы предложения исчерпаны — вагоны ушли на другие заявки (конкуренция за предложение).
  [d_idx   19] Змиевка (МСК) | тип=Прочие | ЕТСНГ=018112 | период=1 | отправка=Повагонная | не закрыто 1 из 1 ваг.
    ПРИЧИНА: дуги есть (135 шт.), но все совместимые узлы предложения исчерпаны — вагоны ушли на другие заявки (конкуренция за предложение).
  [d_idx   20] Измалково (МСК) | тип=БКТ | ЕТСНГ=011005 | период=1 | отправка=Групповая | не закрыто 24 из 24 ваг.
    ПРИЧИНА: дуги есть (38 шт.), но все совместимые узлы предложения исчерпаны — вагоны ушли на другие заявки (конкуренция за предложение).
  [d_idx   21] Придача (ЮВС) | тип=Прочие | ЕТСНГ=011005 | период=1 | отправка=Маршрутная | не закрыто 20 из 20 ваг.
    ПРИЧИНА: дуги есть (132 шт.), но все совместимые узлы предложения исчерпаны — вагоны ушли на другие заявки (конкуренция за предложение).
  [d_idx   22] Пачелма (КБШ) | тип=Прочие | ЕТСНГ=011005 | период=1 | отправка=Повагонная | не закрыто 16 из 16 ваг.
    ПРИЧИНА: дуги есть (135 шт.), но все совместимые узлы предложения исчерпаны — вагоны ушли на другие заявки (конкуренция за предложение).
  [d_idx   23] Пачелма (КБШ) | тип=Прочие | ЕТСНГ=011005 | период=1 | отправка=Повагонная | не закрыто 10 из 10 ваг.
    ПРИЧИНА: дуги есть (135 шт.), но все совместимые узлы предложения исчерпаны — вагоны ушли на другие заявки (конкуренция за предложение).
  [d_idx   24] Заинск (КБШ) | тип=Прочие | ЕТСНГ=011005 | период=1 | отправка=Повагонная | не закрыто 29 из 29 ваг.
    ПРИЧИНА: дуги есть (135 шт.), но все совместимые узлы предложения исчерпаны — вагоны ушли на другие заявки (конкуренция за предложение).
  [d_idx   27] Охотничья (КБШ) | тип=Прочие | ЕТСНГ=011005 | период=1 | отправка=Повагонная | не закрыто 3 из 3 ваг.
    ПРИЧИНА: дуги есть (135 шт.), но все совместимые узлы предложения исчерпаны — вагоны ушли на другие заявки (конкуренция за предложение).
  [d_idx   28] Кантемировка (ЮВС) | тип=Прочие | ЕТСНГ=011005 | период=1 | отправка=Повагонная | не закрыто 6 из 6 ваг.
    ПРИЧИНА: дуги есть (135 шт.), но все совместимые узлы предложения исчерпаны — вагоны ушли на другие заявки (конкуренция за предложение).
  [d_idx   31] Ак-Куль (КЗХ) | тип=Прочие | ЕТСНГ=018131 | период=2 | отправка=Повагонная | не закрыто 7 из 7 ваг.
    ПРИЧИНА: дуги есть (125 шт.), но все совместимые узлы предложения исчерпаны — вагоны ушли на другие заявки (конкуренция за предложение).
  [d_idx   32] Курорт-Боровое (КЗХ) | тип=Прочие | ЕТСНГ=018131 | период=2 | отправка=Повагонная | не закрыто 13 из 13 ваг.
    ПРИЧИНА: дуги есть (133 шт.), но все совместимые узлы предложения исчерпаны — вагоны ушли на другие заявки (конкуренция за предложение).
  [d_idx   33] Жердевка (ЮВС) | тип=Прочие | ЕТСНГ=011005 | период=2 | отправка=Повагонная | не закрыто 21 из 21 ваг.
    ПРИЧИНА: дуги есть (135 шт.), но все совместимые узлы предложения исчерпаны — вагоны ушли на другие заявки (конкуренция за предложение).
  [d_idx   34] Обоянь (ЮВС) | тип=Прочие | ЕТСНГ=011005 | период=2 | отправка=Повагонная | не закрыто 11 из 11 ваг.
    ПРИЧИНА: дуги есть (135 шт.), но все совместимые узлы предложения исчерпаны — вагоны ушли на другие заявки (конкуренция за предложение).
  [d_idx   35] Бударино (ПРВ) | тип=Прочие | ЕТСНГ=011005 | период=2 | отправка=Повагонная | не закрыто 2 из 2 ваг.
    ПРИЧИНА: дуги есть (133 шт.), но все совместимые узлы предложения исчерпаны — вагоны ушли на другие заявки (конкуренция за предложение).
  [d_idx   36] Карламан (КБШ) | тип=Прочие | ЕТСНГ=011005 | период=2 | отправка=Повагонная | не закрыто 8 из 8 ваг.
    ПРИЧИНА: дуги есть (135 шт.), но все совместимые узлы предложения исчерпаны — вагоны ушли на другие заявки (конкуренция за предложение).
  [d_idx   38] Белое Озеро (КБШ) | тип=Прочие | ЕТСНГ=011005 | период=2 | отправка=Повагонная | не закрыто 16 из 16 ваг.
    ПРИЧИНА: дуги есть (135 шт.), но все совместимые узлы предложения исчерпаны — вагоны ушли на другие заявки (конкуренция за предложение).
  [d_idx   39] Чердаклы (КБШ) | тип=Прочие | ЕТСНГ=011005 | период=2 | отправка=Повагонная | не закрыто 2 из 2 ваг.
    ПРИЧИНА: дуги есть (135 шт.), но все совместимые узлы предложения исчерпаны — вагоны ушли на другие заявки (конкуренция за предложение).
  [d_idx   40] Ольха (ЮВС) | тип=Прочие | ЕТСНГ=542072 | период=2 | отправка=Повагонная | не закрыто 4 из 4 ваг.
    ПРИЧИНА: дуги есть (135 шт.), но все совместимые узлы предложения исчерпаны — вагоны ушли на другие заявки (конкуренция за предложение).
  [d_idx   42] Битюг (ЮВС) | тип=Прочие | ЕТСНГ=011005 | период=2 | отправка=Повагонная | не закрыто 5 из 5 ваг.
    ПРИЧИНА: дуги есть (135 шт.), но все совместимые узлы предложения исчерпаны — вагоны ушли на другие заявки (конкуренция за предложение).
  [d_idx   43] Сампур (ЮВС) | тип=Прочие | ЕТСНГ=014003 | период=2 | отправка=Повагонная | не закрыто 3 из 3 ваг.
    ПРИЧИНА: дуги есть (135 шт.), но все совместимые узлы предложения исчерпаны — вагоны ушли на другие заявки (конкуренция за предложение).
  [d_idx   44] Челгаши (КЗХ) | тип=Прочие | ЕТСНГ=018131 | период=2 | отправка=Повагонная | не закрыто 13 из 13 ваг.
    ПРИЧИНА: дуги есть (111 шт.), но все совместимые узлы предложения исчерпаны — вагоны ушли на другие заявки (конкуренция за предложение).
  [d_idx   45] Платоновка (ЮВС) | тип=Прочие | ЕТСНГ=011005 | период=2 | отправка=Повагонная | не закрыто 1 из 1 ваг.
    ПРИЧИНА: дуги есть (135 шт.), но все совместимые узлы предложения исчерпаны — вагоны ушли на другие заявки (конкуренция за предложение).
  [d_idx   46] Янко (КЗХ) | тип=Прочие | ЕТСНГ=018131 | период=2 | отправка=Повагонная | не закрыто 7 из 8 ваг.
    ПРИЧИНА: дуги есть (135 шт.), но все совместимые узлы предложения исчерпаны — вагоны ушли на другие заявки (конкуренция за предложение).
  [d_idx   49] Романовка (ЮВС) | тип=Прочие | ЕТСНГ=014003 | период=2 | отправка=Повагонная | не закрыто 2 из 2 ваг.
    ПРИЧИНА: дуги есть (135 шт.), но все совместимые узлы предложения исчерпаны — вагоны ушли на другие заявки (конкуренция за предложение).
  [d_idx   52] Студенец (КБШ) | тип=Прочие | ЕТСНГ=011005 | период=2 | отправка=Повагонная | не закрыто 13 из 13 ваг.
    ПРИЧИНА: дуги есть (135 шт.), но все совместимые узлы предложения исчерпаны — вагоны ушли на другие заявки (конкуренция за предложение).
  [d_idx   54] Асекеево (КБШ) | тип=Прочие | ЕТСНГ=011005 | период=2 | отправка=Повагонная | не закрыто 20 из 20 ваг.
    ПРИЧИНА: дуги есть (124 шт.), но все совместимые узлы предложения исчерпаны — вагоны ушли на другие заявки (конкуренция за предложение).
  [d_idx   55] Буздяк (КБШ) | тип=Прочие | ЕТСНГ=011005 | период=2 | отправка=Повагонная | не закрыто 4 из 4 ваг.
    ПРИЧИНА: дуги есть (127 шт.), но все совместимые узлы предложения исчерпаны — вагоны ушли на другие заявки (конкуренция за предложение).
  [d_idx   56] Урюпино (ПРВ) | тип=Прочие | ЕТСНГ=542239 | период=2 | отправка=Повагонная | не закрыто 1 из 5 ваг.
    ПРИЧИНА: дуги есть (139 шт.), но все совместимые узлы предложения исчерпаны — вагоны ушли на другие заявки (конкуренция за предложение).
  [d_idx   58] Кандры (КБШ) | тип=Прочие | ЕТСНГ=011005 | период=2 | отправка=Повагонная | не закрыто 10 из 10 ваг.
    ПРИЧИНА: дуги есть (134 шт.), но все совместимые узлы предложения исчерпаны — вагоны ушли на другие заявки (конкуренция за предложение).
  [d_idx   59] Алексеевка (ЮВС) | тип=Прочие | ЕТСНГ=542239 | период=2 | отправка=Повагонная | не закрыто 10 из 10 ваг.
    ПРИЧИНА: дуги есть (139 шт.), но все совместимые узлы предложения исчерпаны — вагоны ушли на другие заявки (конкуренция за предложение).
  [d_idx   61] Приютово (КБШ) | тип=БКТ | ЕТСНГ=011005 | период=2 | отправка=Повагонная | не закрыто 3 из 10 ваг.
    ПРИЧИНА: дуги есть (38 шт.), но все совместимые узлы предложения исчерпаны — вагоны ушли на другие заявки (конкуренция за предложение).
  [d_idx   62] Среднесибирская (ЗСБ) | тип=Прочие | ЕТСНГ=011005 | период=2 | отправка=Повагонная | не закрыто 10 из 10 ваг.
    ПРИЧИНА: дуги есть (113 шт.), но все совместимые узлы предложения исчерпаны — вагоны ушли на другие заявки (конкуренция за предложение).
  [d_idx   63] Аксуат (КЗХ) | тип=Прочие | ЕТСНГ=018131 | период=2 | отправка=Повагонная | не закрыто 10 из 10 ваг.
    ПРИЧИНА: дуги есть (124 шт.), но все совместимые узлы предложения исчерпаны — вагоны ушли на другие заявки (конкуренция за предложение).
  [d_idx   67] Койбагар (КЗХ) | тип=Прочие | ЕТСНГ=018131 | период=2 | отправка=Повагонная | не закрыто 3 из 3 ваг.
    ПРИЧИНА: дуги есть (133 шт.), но все совместимые узлы предложения исчерпаны — вагоны ушли на другие заявки (конкуренция за предложение).
  [d_idx   68] Калачинская (ЗСБ) | тип=Прочие | ЕТСНГ=014003 | период=2 | отправка=Повагонная | не закрыто 2 из 8 ваг.
    ПРИЧИНА: дуги есть (135 шт.), но все совместимые узлы предложения исчерпаны — вагоны ушли на другие заявки (конкуренция за предложение).
  [d_idx   69] Эртиль (ЮВС) | тип=Прочие | ЕТСНГ=542072 | период=2 | отправка=Повагонная | не закрыто 6 из 6 ваг.
    ПРИЧИНА: дуги есть (108 шт.), но все совместимые узлы предложения исчерпаны — вагоны ушли на другие заявки (конкуренция за предложение).
  [d_idx   70] Воробьевка (ЮВС) | тип=Прочие | ЕТСНГ=011005 | период=2 | отправка=Повагонная | не закрыто 5 из 5 ваг.
    ПРИЧИНА: дуги есть (129 шт.), но все совместимые узлы предложения исчерпаны — вагоны ушли на другие заявки (конкуренция за предложение).
  [d_idx   71] Святославка (ЮВС) | тип=Прочие | ЕТСНГ=011005 | период=2 | отправка=Повагонная | не закрыто 4 из 4 ваг.
    ПРИЧИНА: дуги есть (135 шт.), но все совместимые узлы предложения исчерпаны — вагоны ушли на другие заявки (конкуренция за предложение).
  [d_idx   72] Шемордан (ГОР) | тип=Прочие | ЕТСНГ=014003 | период=2 | отправка=Повагонная | не закрыто 11 из 11 ваг.
    ПРИЧИНА: дуги есть (135 шт.), но все совместимые узлы предложения исчерпаны — вагоны ушли на другие заявки (конкуренция за предложение).
  [d_idx   78] Краснозерское (ЗСБ) | тип=Прочие | ЕТСНГ=011005 | период=2 | отправка=Повагонная | не закрыто 2 из 2 ваг.
    ПРИЧИНА: дуги есть (135 шт.), но все совместимые узлы предложения исчерпаны — вагоны ушли на другие заявки (конкуренция за предложение).
  [d_idx   81] Алейская (ЗСБ) | тип=Прочие | ЕТСНГ=011005 | период=2 | отправка=Повагонная | не закрыто 5 из 5 ваг.
    ПРИЧИНА: дуги есть (135 шт.), но все совместимые узлы предложения исчерпаны — вагоны ушли на другие заявки (конкуренция за предложение).
  [d_idx   82] Раевка (КБШ) | тип=Прочие | ЕТСНГ=011005 | период=2 | отправка=Повагонная | не закрыто 12 из 12 ваг.
    ПРИЧИНА: дуги есть (135 шт.), но все совместимые узлы предложения исчерпаны — вагоны ушли на другие заявки (конкуренция за предложение).
  [d_idx   83] Плес (ПРВ) | тип=Прочие | ЕТСНГ=011005 | период=2 | отправка=Повагонная | не закрыто 7 из 7 ваг.
    ПРИЧИНА: дуги есть (113 шт.), но все совместимые узлы предложения исчерпаны — вагоны ушли на другие заявки (конкуренция за предложение).
  [d_idx   86] Атбасар (КЗХ) | тип=Прочие | ЕТСНГ=018131 | период=2 | отправка=Повагонная | не закрыто 14 из 14 ваг.
    ПРИЧИНА: дуги есть (133 шт.), но все совместимые узлы предложения исчерпаны — вагоны ушли на другие заявки (конкуренция за предложение).
  [d_idx   88] Пачелма (КБШ) | тип=Прочие | ЕТСНГ=011005 | период=2 | отправка=Повагонная | не закрыто 28 из 28 ваг.
    ПРИЧИНА: дуги есть (135 шт.), но все совместимые узлы предложения исчерпаны — вагоны ушли на другие заявки (конкуренция за предложение).
  [d_idx   91] Заинск (КБШ) | тип=Прочие | ЕТСНГ=011005 | период=2 | отправка=Повагонная | не закрыто 21 из 21 ваг.
    ПРИЧИНА: дуги есть (135 шт.), но все совместимые узлы предложения исчерпаны — вагоны ушли на другие заявки (конкуренция за предложение).
  [d_idx   92] Карламан (КБШ) | тип=Прочие | ЕТСНГ=011005 | период=2 | отправка=Повагонная | не закрыто 4 из 4 ваг.
    ПРИЧИНА: дуги есть (135 шт.), но все совместимые узлы предложения исчерпаны — вагоны ушли на другие заявки (конкуренция за предложение).
  [d_idx   94] Славгород (ЗСБ) | тип=Прочие | ЕТСНГ=014003 | период=2 | отправка=Повагонная | не закрыто 1 из 2 ваг.
    ПРИЧИНА: дуги есть (135 шт.), но все совместимые узлы предложения исчерпаны — вагоны ушли на другие заявки (конкуренция за предложение).
  [d_idx   95] Чернышков (ПРВ) | тип=Прочие | ЕТСНГ=011005 | период=2 | отправка=Повагонная | не закрыто 58 из 60 ваг.
    ПРИЧИНА: дуги есть (135 шт.), но все совместимые узлы предложения исчерпаны — вагоны ушли на другие заявки (конкуренция за предложение).
  [d_idx   97] Охотничья (КБШ) | тип=Прочие | ЕТСНГ=011005 | период=2 | отправка=Повагонная | не закрыто 11 из 11 ваг.
    ПРИЧИНА: дуги есть (135 шт.), но все совместимые узлы предложения исчерпаны — вагоны ушли на другие заявки (конкуренция за предложение).
  [d_idx   98] Аллагуват (КБШ) | тип=Прочие | ЕТСНГ=014003 | период=2 | отправка=Повагонная | не закрыто 8 из 8 ваг.
    ПРИЧИНА: дуги есть (135 шт.), но все совместимые узлы предложения исчерпаны — вагоны ушли на другие заявки (конкуренция за предложение).
  [d_idx  100] Курорт-Боровое (КЗХ) | тип=Прочие | ЕТСНГ=018131 | период=3 | отправка=Повагонная | не закрыто 1 из 2 ваг.
    ПРИЧИНА: дуги есть (133 шт.), но все совместимые узлы предложения исчерпаны — вагоны ушли на другие заявки (конкуренция за предложение).
  [d_idx  102] Обоянь (ЮВС) | тип=Прочие | ЕТСНГ=011005 | период=3 | отправка=Повагонная | не закрыто 10 из 10 ваг.
    ПРИЧИНА: дуги есть (135 шт.), но все совместимые узлы предложения исчерпаны — вагоны ушли на другие заявки (конкуренция за предложение).
  [d_idx  103] Елань-Камышинская (ЮВС) | тип=Прочие | ЕТСНГ=011005 | период=3 | отправка=Повагонная | не закрыто 13 из 13 ваг.
    ПРИЧИНА: дуги есть (128 шт.), но все совместимые узлы предложения исчерпаны — вагоны ушли на другие заявки (конкуренция за предложение).
  [d_idx  104] Карламан (КБШ) | тип=Прочие | ЕТСНГ=011005 | период=3 | отправка=Повагонная | не закрыто 16 из 16 ваг.
    ПРИЧИНА: дуги есть (135 шт.), но все совместимые узлы предложения исчерпаны — вагоны ушли на другие заявки (конкуренция за предложение).
  [d_idx  105] Оренбург (ЮУР) | тип=Прочие | ЕТСНГ=011005 | период=3 | отправка=Повагонная | не закрыто 2 из 2 ваг.
    ПРИЧИНА: дуги есть (135 шт.), но все совместимые узлы предложения исчерпаны — вагоны ушли на другие заявки (конкуренция за предложение).
  [d_idx  109] Янко (КЗХ) | тип=Прочие | ЕТСНГ=018131 | период=3 | отправка=Повагонная | не закрыто 1 из 1 ваг.
    ПРИЧИНА: дуги есть (135 шт.), но все совместимые узлы предложения исчерпаны — вагоны ушли на другие заявки (конкуренция за предложение).
  [d_idx  113] Хомутово (МСК) | тип=Прочие | ЕТСНГ=011005 | период=3 | отправка=Повагонная | не закрыто 1 из 6 ваг.
    ПРИЧИНА: дуги есть (135 шт.), но все совместимые узлы предложения исчерпаны — вагоны ушли на другие заявки (конкуренция за предложение).
  [d_idx  114] Асекеево (КБШ) | тип=БКТ | ЕТСНГ=011005 | период=3 | отправка=Повагонная | не закрыто 3 из 3 ваг.
    ПРИЧИНА: дуги есть (34 шт.), но все совместимые узлы предложения исчерпаны — вагоны ушли на другие заявки (конкуренция за предложение).
  [d_idx  115] Москаленки (ЗСБ) | тип=Прочие | ЕТСНГ=011005 | период=3 | отправка=Повагонная | не закрыто 1 из 1 ваг.
    ПРИЧИНА: дуги есть (135 шт.), но все совместимые узлы предложения исчерпаны — вагоны ушли на другие заявки (конкуренция за предложение).
  [d_idx  117] Петровск-Саратовский (ПРВ) | тип=Прочие | ЕТСНГ=011005 | период=3 | отправка=Повагонная | не закрыто 4 из 4 ваг.
    ПРИЧИНА: дуги есть (135 шт.), но все совместимые узлы предложения исчерпаны — вагоны ушли на другие заявки (конкуренция за предложение).
  [d_idx  118] Кандры (КБШ) | тип=Прочие | ЕТСНГ=011005 | период=3 | отправка=Повагонная | не закрыто 10 из 10 ваг.
    ПРИЧИНА: дуги есть (134 шт.), но все совместимые узлы предложения исчерпаны — вагоны ушли на другие заявки (конкуренция за предложение).
  [d_idx  121] Алексеевка (ЮВС) | тип=Прочие | ЕТСНГ=542239 | период=3 | отправка=Повагонная | не закрыто 10 из 10 ваг.
    ПРИЧИНА: дуги есть (139 шт.), но все совместимые узлы предложения исчерпаны — вагоны ушли на другие заявки (конкуренция за предложение).
  [d_idx  124] Среднесибирская (ЗСБ) | тип=Прочие | ЕТСНГ=011005 | период=3 | отправка=Повагонная | не закрыто 5 из 5 ваг.
    ПРИЧИНА: дуги есть (113 шт.), но все совместимые узлы предложения исчерпаны — вагоны ушли на другие заявки (конкуренция за предложение).
  [d_idx  126] Аксуат (КЗХ) | тип=Прочие | ЕТСНГ=018131 | период=3 | отправка=Повагонная | не закрыто 10 из 10 ваг.
    ПРИЧИНА: дуги есть (124 шт.), но все совместимые узлы предложения исчерпаны — вагоны ушли на другие заявки (конкуренция за предложение).
  [d_idx  128] Калачинская (ЗСБ) | тип=Прочие | ЕТСНГ=011005 | период=3 | отправка=Повагонная | не закрыто 1 из 1 ваг.
    ПРИЧИНА: дуги есть (135 шт.), но все совместимые узлы предложения исчерпаны — вагоны ушли на другие заявки (конкуренция за предложение).
  [d_idx  129] Калачинская (ЗСБ) | тип=Прочие | ЕТСНГ=011005 | период=3 | отправка=Повагонная | не закрыто 9 из 9 ваг.
    ПРИЧИНА: дуги есть (135 шт.), но все совместимые узлы предложения исчерпаны — вагоны ушли на другие заявки (конкуренция за предложение).
  [d_idx  130] Воробьевка (ЮВС) | тип=Прочие | ЕТСНГ=011005 | период=3 | отправка=Повагонная | не закрыто 10 из 10 ваг.
    ПРИЧИНА: дуги есть (129 шт.), но все совместимые узлы предложения исчерпаны — вагоны ушли на другие заявки (конкуренция за предложение).
  [d_idx  131] Кормиловка (ЗСБ) | тип=Прочие | ЕТСНГ=011005 | период=3 | отправка=Повагонная | не закрыто 1 из 1 ваг.
    ПРИЧИНА: дуги есть (135 шт.), но все совместимые узлы предложения исчерпаны — вагоны ушли на другие заявки (конкуренция за предложение).
  [d_idx  134] Кривецкая (ЮВС) | тип=Прочие | ЕТСНГ=542072 | период=3 | отправка=Повагонная | не закрыто 20 из 20 ваг.
    ПРИЧИНА: дуги есть (127 шт.), но все совместимые узлы предложения исчерпаны — вагоны ушли на другие заявки (конкуренция за предложение).
  [d_idx  139] Раевка (КБШ) | тип=Прочие | ЕТСНГ=011005 | период=3 | отправка=Повагонная | не закрыто 7 из 7 ваг.
    ПРИЧИНА: дуги есть (135 шт.), но все совместимые узлы предложения исчерпаны — вагоны ушли на другие заявки (конкуренция за предложение).
  [d_idx  141] Атбасар (КЗХ) | тип=Прочие | ЕТСНГ=018131 | период=3 | отправка=Повагонная | не закрыто 15 из 15 ваг.
    ПРИЧИНА: дуги есть (133 шт.), но все совместимые узлы предложения исчерпаны — вагоны ушли на другие заявки (конкуренция за предложение).
  [d_idx  142] Пачелма (КБШ) | тип=Прочие | ЕТСНГ=011005 | период=3 | отправка=Повагонная | не закрыто 6 из 6 ваг.
    ПРИЧИНА: дуги есть (135 шт.), но все совместимые узлы предложения исчерпаны — вагоны ушли на другие заявки (конкуренция за предложение).
  [d_idx  143] Пачелма (КБШ) | тип=Прочие | ЕТСНГ=011005 | период=3 | отправка=Повагонная | не закрыто 6 из 6 ваг.
    ПРИЧИНА: дуги есть (135 шт.), но все совместимые узлы предложения исчерпаны — вагоны ушли на другие заявки (конкуренция за предложение).
  [d_idx  144] Заинск (КБШ) | тип=Прочие | ЕТСНГ=011005 | период=3 | отправка=Повагонная | не закрыто 13 из 14 ваг.
    ПРИЧИНА: дуги есть (135 шт.), но все совместимые узлы предложения исчерпаны — вагоны ушли на другие заявки (конкуренция за предложение).
  [d_idx  145] Карламан (КБШ) | тип=Прочие | ЕТСНГ=011005 | период=3 | отправка=Повагонная | не закрыто 2 из 2 ваг.
    ПРИЧИНА: дуги есть (135 шт.), но все совместимые узлы предложения исчерпаны — вагоны ушли на другие заявки (конкуренция за предложение).
  [d_idx  147] Охотничья (КБШ) | тип=Прочие | ЕТСНГ=011005 | период=3 | отправка=Повагонная | не закрыто 11 из 11 ваг.
    ПРИЧИНА: дуги есть (135 шт.), но все совместимые узлы предложения исчерпаны — вагоны ушли на другие заявки (конкуренция за предложение).
  [d_idx  148] Избердей (ЮВС) | тип=Прочие | ЕТСНГ=011005 | период=3 | отправка=Маршрутная | не закрыто 31 из 37 ваг.
    ПРИЧИНА: дуги есть (135 шт.), но все совместимые узлы предложения исчерпаны — вагоны ушли на другие заявки (конкуренция за предложение).
  [d_idx  149] Кантемировка (ЮВС) | тип=Прочие | ЕТСНГ=011005 | период=3 | отправка=Повагонная | не закрыто 16 из 16 ваг.
    ПРИЧИНА: дуги есть (135 шт.), но все совместимые узлы предложения исчерпаны — вагоны ушли на другие заявки (конкуренция за предложение).
  [d_idx  151] Тобол (КЗХ) | тип=Прочие | ЕТСНГ=018131 | период=4 | отправка=Повагонная | не закрыто 26 из 30 ваг.
    ПРИЧИНА: дуги есть (130 шт.), но все совместимые узлы предложения исчерпаны — вагоны ушли на другие заявки (конкуренция за предложение).
  [d_idx  153] Ак-Куль (КЗХ) | тип=Прочие | ЕТСНГ=018131 | период=4 | отправка=Повагонная | не закрыто 4 из 10 ваг.
    ПРИЧИНА: дуги есть (125 шт.), но все совместимые узлы предложения исчерпаны — вагоны ушли на другие заявки (конкуренция за предложение).
  [d_idx  154] Курорт-Боровое (КЗХ) | тип=Прочие | ЕТСНГ=018131 | период=4 | отправка=Повагонная | не закрыто 24 из 24 ваг.
    ПРИЧИНА: дуги есть (133 шт.), но все совместимые узлы предложения исчерпаны — вагоны ушли на другие заявки (конкуренция за предложение).
  [d_idx  155] Балаково (ПРВ) | тип=Прочие | ЕТСНГ=542239 | период=4 | отправка=Повагонная | не закрыто 3 из 3 ваг.
    ПРИЧИНА: дуги есть (139 шт.), но все совместимые узлы предложения исчерпаны — вагоны ушли на другие заявки (конкуренция за предложение).
  [d_idx  156] Балаково (ПРВ) | тип=Прочие | ЕТСНГ=542239 | период=4 | отправка=Повагонная | не закрыто 16 из 18 ваг.
    ПРИЧИНА: дуги есть (139 шт.), но все совместимые узлы предложения исчерпаны — вагоны ушли на другие заявки (конкуренция за предложение).
  [d_idx  157] Балаково (ПРВ) | тип=Прочие | ЕТСНГ=542239 | период=4 | отправка=Повагонная | не закрыто 5 из 5 ваг.
    ПРИЧИНА: дуги есть (139 шт.), но все совместимые узлы предложения исчерпаны — вагоны ушли на другие заявки (конкуренция за предложение).
  [d_idx  158] Блохино (МСК) | тип=Прочие | ЕТСНГ=542072 | период=4 | отправка=Повагонная | не закрыто 3 из 3 ваг.
    ПРИЧИНА: дуги есть (127 шт.), но все совместимые узлы предложения исчерпаны — вагоны ушли на другие заявки (конкуренция за предложение).
  [d_idx  161] Жердевка (ЮВС) | тип=Прочие | ЕТСНГ=011005 | период=4 | отправка=Повагонная | не закрыто 10 из 10 ваг.
    ПРИЧИНА: дуги есть (135 шт.), но все совместимые узлы предложения исчерпаны — вагоны ушли на другие заявки (конкуренция за предложение).
  [d_idx  162] Жердевка (ЮВС) | тип=Прочие | ЕТСНГ=014003 | период=4 | отправка=Повагонная | не закрыто 5 из 5 ваг.
    ПРИЧИНА: дуги есть (135 шт.), но все совместимые узлы предложения исчерпаны — вагоны ушли на другие заявки (конкуренция за предложение).
  [d_idx  163] Обоянь (ЮВС) | тип=Прочие | ЕТСНГ=011005 | период=4 | отправка=Повагонная | не закрыто 26 из 26 ваг.
    ПРИЧИНА: дуги есть (135 шт.), но все совместимые узлы предложения исчерпаны — вагоны ушли на другие заявки (конкуренция за предложение).
  [d_idx  164] Ржакса (ЮВС) | тип=Прочие | ЕТСНГ=011005 | период=4 | отправка=Повагонная | не закрыто 30 из 30 ваг.
    ПРИЧИНА: дуги есть (118 шт.), но все совместимые узлы предложения исчерпаны — вагоны ушли на другие заявки (конкуренция за предложение).
  [d_idx  165] Чаглинка (КЗХ) | тип=Прочие | ЕТСНГ=018131 | период=4 | отправка=Повагонная | не закрыто 20 из 20 ваг.
    ПРИЧИНА: дуги есть (131 шт.), но все совместимые узлы предложения исчерпаны — вагоны ушли на другие заявки (конкуренция за предложение).
  [d_idx  166] Кшень (МСК) | тип=Прочие | ЕТСНГ=542072 | период=4 | отправка=Повагонная | не закрыто 20 из 20 ваг.
    ПРИЧИНА: дуги есть (135 шт.), но все совместимые узлы предложения исчерпаны — вагоны ушли на другие заявки (конкуренция за предложение).
  [d_idx  167] Улусарка (ЮВС) | тип=БКТ | ЕТСНГ=011005 | период=4 | отправка=Маршрутная | не закрыто 64 из 64 ваг.
    ПРИЧИНА: дуги есть (38 шт.), но все совместимые узлы предложения исчерпаны — вагоны ушли на другие заявки (конкуренция за предложение).
  [d_idx  169] Шильда (ЮУР) | тип=Прочие | ЕТСНГ=011005 | период=4 | отправка=Повагонная | не закрыто 1 из 1 ваг.
    ПРИЧИНА: дуги есть (133 шт.), но все совместимые узлы предложения исчерпаны — вагоны ушли на другие заявки (конкуренция за предложение).
  [d_idx  170] Елань-Камышинская (ЮВС) | тип=Прочие | ЕТСНГ=011005 | период=4 | отправка=Повагонная | не закрыто 50 из 50 ваг.
    ПРИЧИНА: дуги есть (128 шт.), но все совместимые узлы предложения исчерпаны — вагоны ушли на другие заявки (конкуренция за предложение).
  [d_idx  171] Бударино (ПРВ) | тип=Прочие | ЕТСНГ=011005 | период=4 | отправка=Повагонная | не закрыто 7 из 7 ваг.
    ПРИЧИНА: дуги есть (133 шт.), но все совместимые узлы предложения исчерпаны — вагоны ушли на другие заявки (конкуренция за предложение).
  [d_idx  173] Карламан (КБШ) | тип=Прочие | ЕТСНГ=011005 | период=4 | отправка=Повагонная | не закрыто 25 из 25 ваг.
    ПРИЧИНА: дуги есть (135 шт.), но все совместимые узлы предложения исчерпаны — вагоны ушли на другие заявки (конкуренция за предложение).
  [d_idx  174] Зензеватка (ПРВ) | тип=Прочие | ЕТСНГ=011005 | период=4 | отправка=Повагонная | не закрыто 1 из 1 ваг.
    ПРИЧИНА: дуги есть (125 шт.), но все совместимые узлы предложения исчерпаны — вагоны ушли на другие заявки (конкуренция за предложение).
  [d_idx  175] Шадринск (ЮУР) | тип=Прочие | ЕТСНГ=012008 | период=4 | отправка=Повагонная | не закрыто 10 из 10 ваг.
    ПРИЧИНА: дуги есть (135 шт.), но все совместимые узлы предложения исчерпаны — вагоны ушли на другие заявки (конкуренция за предложение).
  [d_idx  176] Оренбург (ЮУР) | тип=Прочие | ЕТСНГ=011005 | период=4 | отправка=Повагонная | не закрыто 15 из 15 ваг.
    ПРИЧИНА: дуги есть (135 шт.), но все совместимые узлы предложения исчерпаны — вагоны ушли на другие заявки (конкуренция за предложение).
  [d_idx  179] Белое Озеро (КБШ) | тип=Прочие | ЕТСНГ=011005 | период=4 | отправка=Повагонная | не закрыто 5 из 5 ваг.
    ПРИЧИНА: дуги есть (135 шт.), но все совместимые узлы предложения исчерпаны — вагоны ушли на другие заявки (конкуренция за предложение).
  [d_idx  180] Заречная (СКВ) | тип=Прочие | ЕТСНГ=011005 | период=4 | отправка=Повагонная | не закрыто 33 из 33 ваг.
    ПРИЧИНА: дуги есть (132 шт.), но все совместимые узлы предложения исчерпаны — вагоны ушли на другие заявки (конкуренция за предложение).
  [d_idx  181] Заречная (СКВ) | тип=Прочие | ЕТСНГ=011005 | период=4 | отправка=Повагонная | не закрыто 72 из 72 ваг.
    ПРИЧИНА: дуги есть (132 шт.), но все совместимые узлы предложения исчерпаны — вагоны ушли на другие заявки (конкуренция за предложение).
  [d_idx  182] Заречная (СКВ) | тип=Прочие | ЕТСНГ=011005 | период=4 | отправка=Повагонная | не закрыто 18 из 18 ваг.
    ПРИЧИНА: дуги есть (132 шт.), но все совместимые узлы предложения исчерпаны — вагоны ушли на другие заявки (конкуренция за предложение).
  [d_idx  183] Заречная (СКВ) | тип=Прочие | ЕТСНГ=011005 | период=4 | отправка=Повагонная | не закрыто 75 из 75 ваг.
    ПРИЧИНА: дуги есть (132 шт.), но все совместимые узлы предложения исчерпаны — вагоны ушли на другие заявки (конкуренция за предложение).
  [d_idx  184] Ольха (ЮВС) | тип=Прочие | ЕТСНГ=542072 | период=4 | отправка=Повагонная | не закрыто 8 из 8 ваг.
    ПРИЧИНА: дуги есть (135 шт.), но все совместимые узлы предложения исчерпаны — вагоны ушли на другие заявки (конкуренция за предложение).
  [d_idx  186] Битюг (ЮВС) | тип=Прочие | ЕТСНГ=011005 | период=4 | отправка=Повагонная | не закрыто 7 из 7 ваг.
    ПРИЧИНА: дуги есть (135 шт.), но все совместимые узлы предложения исчерпаны — вагоны ушли на другие заявки (конкуренция за предложение).
  [d_idx  187] Сампур (ЮВС) | тип=Прочие | ЕТСНГ=011005 | период=4 | отправка=Повагонная | не закрыто 20 из 20 ваг.
    ПРИЧИНА: дуги есть (135 шт.), но все совместимые узлы предложения исчерпаны — вагоны ушли на другие заявки (конкуренция за предложение).
  [d_idx  188] Новохоперск (ЮВС) | тип=Прочие | ЕТСНГ=011005 | период=4 | отправка=Повагонная | не закрыто 14 из 14 ваг.
    ПРИЧИНА: дуги есть (97 шт.), но все совместимые узлы предложения исчерпаны — вагоны ушли на другие заявки (конкуренция за предложение).
  [d_idx  190] Платоновка (ЮВС) | тип=Прочие | ЕТСНГ=011005 | период=4 | отправка=Повагонная | не закрыто 18 из 18 ваг.
    ПРИЧИНА: дуги есть (135 шт.), но все совместимые узлы предложения исчерпаны — вагоны ушли на другие заявки (конкуренция за предложение).
  [d_idx  191] Колония (ЗСБ) | тип=Прочие | ЕТСНГ=011005 | период=4 | отправка=Повагонная | не закрыто 25 из 25 ваг.
    ПРИЧИНА: дуги есть (135 шт.), но все совместимые узлы предложения исчерпаны — вагоны ушли на другие заявки (конкуренция за предложение).
  [d_idx  192] Сенцово (ЮВС) | тип=Прочие | ЕТСНГ=542224 | период=4 | отправка=Повагонная | не закрыто 1 из 1 ваг.
    ПРИЧИНА: дуги есть (131 шт.), но все совместимые узлы предложения исчерпаны — вагоны ушли на другие заявки (конкуренция за предложение).
  [d_idx  194] Пермь 2 (СВР) | тип=Прочие | ЕТСНГ=505028 | период=4 | отправка=Повагонная | не закрыто 1 из 1 ваг.
    ПРИЧИНА: дуги есть (124 шт.), но все совместимые узлы предложения исчерпаны — вагоны ушли на другие заявки (конкуренция за предложение).
  [d_idx  195] Янко (КЗХ) | тип=Прочие | ЕТСНГ=018131 | период=4 | отправка=Повагонная | не закрыто 9 из 9 ваг.
    ПРИЧИНА: дуги есть (135 шт.), но все совместимые узлы предложения исчерпаны — вагоны ушли на другие заявки (конкуренция за предложение).
  [d_idx  196] Алексиково (ПРВ) | тип=Прочие | ЕТСНГ=011005 | период=4 | отправка=Групповая | не закрыто 98 из 98 ваг.
    ПРИЧИНА: дуги есть (135 шт.), но все совместимые узлы предложения исчерпаны — вагоны ушли на другие заявки (конкуренция за предложение).
  [d_idx  197] Алексиково (ПРВ) | тип=Прочие | ЕТСНГ=011005 | период=4 | отправка=Повагонная | не закрыто 3 из 3 ваг.
    ПРИЧИНА: дуги есть (135 шт.), но все совместимые узлы предложения исчерпаны — вагоны ушли на другие заявки (конкуренция за предложение).
  [d_idx  198] Удобрительная (МСК) | тип=Прочие | ЕТСНГ=011005 | период=4 | отправка=Маршрутная | не закрыто 85 из 85 ваг.
    ПРИЧИНА: дуги есть (135 шт.), но все совместимые узлы предложения исчерпаны — вагоны ушли на другие заявки (конкуренция за предложение).
  [d_idx  203] Жутово (ПРВ) | тип=Прочие | ЕТСНГ=011005 | период=4 | отправка=Маршрутная | не закрыто 2 из 2 ваг.
    ПРИЧИНА: дуги есть (135 шт.), но все совместимые узлы предложения исчерпаны — вагоны ушли на другие заявки (конкуренция за предложение).
  [d_idx  204] Ишим (СВР) | тип=Прочие | ЕТСНГ=011005 | период=4 | отправка=Повагонная | не закрыто 17 из 17 ваг.
    ПРИЧИНА: дуги есть (135 шт.), но все совместимые узлы предложения исчерпаны — вагоны ушли на другие заявки (конкуренция за предложение).
  [d_idx  205] Янаул (ГОР) | тип=Прочие | ЕТСНГ=011005 | период=4 | отправка=Повагонная | не закрыто 18 из 18 ваг.
    ПРИЧИНА: дуги есть (135 шт.), но все совместимые узлы предложения исчерпаны — вагоны ушли на другие заявки (конкуренция за предложение).
  [d_idx  206] Студенец (КБШ) | тип=Прочие | ЕТСНГ=011005 | период=4 | отправка=Повагонная | не закрыто 18 из 18 ваг.
    ПРИЧИНА: дуги есть (135 шт.), но все совместимые узлы предложения исчерпаны — вагоны ушли на другие заявки (конкуренция за предложение).
  [d_idx  207] Теренсай (ЮУР) | тип=Прочие | ЕТСНГ=014003 | период=4 | отправка=Повагонная | не закрыто 5 из 5 ваг.
    ПРИЧИНА: дуги есть (135 шт.), но все совместимые узлы предложения исчерпаны — вагоны ушли на другие заявки (конкуренция за предложение).
  [d_idx  208] Теренсай (ЮУР) | тип=Прочие | ЕТСНГ=014003 | период=4 | отправка=Повагонная | не закрыто 5 из 5 ваг.
    ПРИЧИНА: дуги есть (135 шт.), но все совместимые узлы предложения исчерпаны — вагоны ушли на другие заявки (конкуренция за предложение).
  [d_idx  209] Орск (ЮУР) | тип=Прочие | ЕТСНГ=011005 | период=4 | отправка=Повагонная | не закрыто 6 из 6 ваг.
    ПРИЧИНА: дуги есть (135 шт.), но все совместимые узлы предложения исчерпаны — вагоны ушли на другие заявки (конкуренция за предложение).
  [d_idx  210] Орск (ЮУР) | тип=Прочие | ЕТСНГ=011005 | период=4 | отправка=Повагонная | не закрыто 10 из 10 ваг.
    ПРИЧИНА: дуги есть (135 шт.), но все совместимые узлы предложения исчерпаны — вагоны ушли на другие заявки (конкуренция за предложение).
  [d_idx  211] Асекеево (КБШ) | тип=БКТ | ЕТСНГ=011005 | период=4 | отправка=Повагонная | не закрыто 18 из 18 ваг.
    ПРИЧИНА: дуги есть (34 шт.), но все совместимые узлы предложения исчерпаны — вагоны ушли на другие заявки (конкуренция за предложение).
  [d_idx  212] Буздяк (КБШ) | тип=Прочие | ЕТСНГ=011005 | период=4 | отправка=Повагонная | не закрыто 14 из 14 ваг.
    ПРИЧИНА: дуги есть (127 шт.), но все совместимые узлы предложения исчерпаны — вагоны ушли на другие заявки (конкуренция за предложение).
  [d_idx  213] Димитровград (КБШ) | тип=Прочие | ЕТСНГ=011005 | период=4 | отправка=Маршрутная | не закрыто 43 из 43 ваг.
    ПРИЧИНА: дуги есть (135 шт.), но все совместимые узлы предложения исчерпаны — вагоны ушли на другие заявки (конкуренция за предложение).
  [d_idx  214] Димитровград (КБШ) | тип=Прочие | ЕТСНГ=011005 | период=4 | отправка=Повагонная | не закрыто 18 из 18 ваг.
    ПРИЧИНА: дуги есть (135 шт.), но все совместимые узлы предложения исчерпаны — вагоны ушли на другие заявки (конкуренция за предложение).
  [d_idx  215] Урюпино (ПРВ) | тип=Прочие | ЕТСНГ=542239 | период=4 | отправка=Повагонная | не закрыто 8 из 8 ваг.
    ПРИЧИНА: дуги есть (139 шт.), но все совместимые узлы предложения исчерпаны — вагоны ушли на другие заявки (конкуренция за предложение).
  [d_idx  216] Москаленки (ЗСБ) | тип=Прочие | ЕТСНГ=011005 | период=4 | отправка=Повагонная | не закрыто 7 из 7 ваг.
    ПРИЧИНА: дуги есть (135 шт.), но все совместимые узлы предложения исчерпаны — вагоны ушли на другие заявки (конкуренция за предложение).
  [d_idx  217] Москаленки (ЗСБ) | тип=Прочие | ЕТСНГ=011005 | период=4 | отправка=Повагонная | не закрыто 10 из 10 ваг.
    ПРИЧИНА: дуги есть (135 шт.), но все совместимые узлы предложения исчерпаны — вагоны ушли на другие заявки (конкуренция за предложение).
  [d_idx  218] Москаленки (ЗСБ) | тип=Прочие | ЕТСНГ=011005 | период=4 | отправка=Повагонная | не закрыто 20 из 20 ваг.
    ПРИЧИНА: дуги есть (135 шт.), но все совместимые узлы предложения исчерпаны — вагоны ушли на другие заявки (конкуренция за предложение).
  [d_idx  219] Верховье (МСК) | тип=Прочие | ЕТСНГ=011005 | период=4 | отправка=Повагонная | не закрыто 13 из 36 ваг.
    ПРИЧИНА: дуги есть (135 шт.), но все совместимые узлы предложения исчерпаны — вагоны ушли на другие заявки (конкуренция за предложение).
  [d_idx  222] Любовка (ЗСБ) | тип=Прочие | ЕТСНГ=011005 | период=4 | отправка=Повагонная | не закрыто 10 из 10 ваг.
    ПРИЧИНА: дуги есть (135 шт.), но все совместимые узлы предложения исчерпаны — вагоны ушли на другие заявки (конкуренция за предложение).
  [d_idx  223] Любовка (ЗСБ) | тип=Прочие | ЕТСНГ=011005 | период=4 | отправка=Повагонная | не закрыто 6 из 6 ваг.
    ПРИЧИНА: дуги есть (135 шт.), но все совместимые узлы предложения исчерпаны — вагоны ушли на другие заявки (конкуренция за предложение).
  [d_idx  224] Любинская (ЗСБ) | тип=БКТ | ЕТСНГ=011005 | период=4 | отправка=Групповая | не закрыто 5 из 5 ваг.
    ПРИЧИНА: дуги есть (38 шт.), но все совместимые узлы предложения исчерпаны — вагоны ушли на другие заявки (конкуренция за предложение).
  [d_idx  225] Кандры (КБШ) | тип=Прочие | ЕТСНГ=011005 | период=4 | отправка=Повагонная | не закрыто 8 из 8 ваг.
    ПРИЧИНА: дуги есть (134 шт.), но все совместимые узлы предложения исчерпаны — вагоны ушли на другие заявки (конкуренция за предложение).
  [d_idx  226] Мальчевская (СКВ) | тип=Прочие | ЕТСНГ=011005 | период=4 | отправка=Повагонная | не закрыто 40 из 40 ваг.
    ПРИЧИНА: дуги есть (105 шт.), но все совместимые узлы предложения исчерпаны — вагоны ушли на другие заявки (конкуренция за предложение).
  [d_idx  227] Хохольская (ЮВС) | тип=БКТ | ЕТСНГ=011005 | период=4 | отправка=Повагонная | не закрыто 18 из 18 ваг.
    ПРИЧИНА: дуги есть (38 шт.), но все совместимые узлы предложения исчерпаны — вагоны ушли на другие заявки (конкуренция за предложение).
  [d_idx  229] Алексеевка (ЮВС) | тип=Прочие | ЕТСНГ=542239 | период=4 | отправка=Повагонная | не закрыто 22 из 22 ваг.
    ПРИЧИНА: дуги есть (137 шт.), но все совместимые узлы предложения исчерпаны — вагоны ушли на другие заявки (конкуренция за предложение).
  [d_idx  231] Зимовники (СКВ) | тип=Прочие | ЕТСНГ=011005 | период=4 | отправка=Повагонная | не закрыто 32 из 32 ваг.
    ПРИЧИНА: дуги есть (135 шт.), но все совместимые узлы предложения исчерпаны — вагоны ушли на другие заявки (конкуренция за предложение).
  [d_idx  232] Зимовники (СКВ) | тип=Прочие | ЕТСНГ=011005 | период=4 | отправка=Повагонная | не закрыто 18 из 18 ваг.
    ПРИЧИНА: дуги есть (135 шт.), но все совместимые узлы предложения исчерпаны — вагоны ушли на другие заявки (конкуренция за предложение).
  [d_idx  233] Приютово (КБШ) | тип=БКТ | ЕТСНГ=011005 | период=4 | отправка=Повагонная | не закрыто 30 из 30 ваг.
    ПРИЧИНА: дуги есть (38 шт.), но все совместимые узлы предложения исчерпаны — вагоны ушли на другие заявки (конкуренция за предложение).
  [d_idx  234] Приютово (КБШ) | тип=Прочие | ЕТСНГ=011005 | период=4 | отправка=Повагонная | не закрыто 5 из 5 ваг.
    ПРИЧИНА: дуги есть (135 шт.), но все совместимые узлы предложения исчерпаны — вагоны ушли на другие заявки (конкуренция за предложение).
  [d_idx  235] Приютово (КБШ) | тип=Прочие | ЕТСНГ=011005 | период=4 | отправка=Повагонная | не закрыто 7 из 7 ваг.
    ПРИЧИНА: дуги есть (135 шт.), но все совместимые узлы предложения исчерпаны — вагоны ушли на другие заявки (конкуренция за предложение).
  [d_idx  236] Кулунда (ЗСБ) | тип=Прочие | ЕТСНГ=011005 | период=4 | отправка=Повагонная | не закрыто 6 из 17 ваг.
    ПРИЧИНА: дуги есть (128 шт.), но все совместимые узлы предложения исчерпаны — вагоны ушли на другие заявки (конкуренция за предложение).
  [d_idx  237] Кулунда (ЗСБ) | тип=Прочие | ЕТСНГ=011005 | период=4 | отправка=Повагонная | не закрыто 13 из 13 ваг.
    ПРИЧИНА: дуги есть (128 шт.), но все совместимые узлы предложения исчерпаны — вагоны ушли на другие заявки (конкуренция за предложение).
  [d_idx  238] Сорочинская (ЮУР) | тип=Прочие | ЕТСНГ=542239 | период=4 | отправка=Повагонная | не закрыто 17 из 18 ваг.
    ПРИЧИНА: дуги есть (138 шт.), но все совместимые узлы предложения исчерпаны — вагоны ушли на другие заявки (конкуренция за предложение).
  [d_idx  239] Среднесибирская (ЗСБ) | тип=Прочие | ЕТСНГ=011005 | период=4 | отправка=Повагонная | не закрыто 5 из 5 ваг.
    ПРИЧИНА: дуги есть (113 шт.), но все совместимые узлы предложения исчерпаны — вагоны ушли на другие заявки (конкуренция за предложение).
  [d_idx  243] Халилово (ЮУР) | тип=Прочие | ЕТСНГ=011005 | период=4 | отправка=Повагонная | не закрыто 5 из 5 ваг.
    ПРИЧИНА: дуги есть (133 шт.), но все совместимые узлы предложения исчерпаны — вагоны ушли на другие заявки (конкуренция за предложение).
  [d_idx  244] Арбузовка (ЗСБ) | тип=Прочие | ЕТСНГ=011005 | период=4 | отправка=Повагонная | не закрыто 9 из 28 ваг.
    ПРИЧИНА: дуги есть (135 шт.), но все совместимые узлы предложения исчерпаны — вагоны ушли на другие заявки (конкуренция за предложение).
  [d_idx  245] Солодча (ПРВ) | тип=Прочие | ЕТСНГ=011005 | период=4 | отправка=Повагонная | не закрыто 9 из 9 ваг.
    ПРИЧИНА: дуги есть (135 шт.), но все совместимые узлы предложения исчерпаны — вагоны ушли на другие заявки (конкуренция за предложение).
  [d_idx  246] Аксуат (КЗХ) | тип=Прочие | ЕТСНГ=018131 | период=4 | отправка=Повагонная | не закрыто 20 из 20 ваг.
    ПРИЧИНА: дуги есть (124 шт.), но все совместимые узлы предложения исчерпаны — вагоны ушли на другие заявки (конкуренция за предложение).
  [d_idx  253] Тамала (ЮВС) | тип=БКТ | ЕТСНГ=011005 | период=4 | отправка=Повагонная | не закрыто 29 из 29 ваг.
    ПРИЧИНА: дуги есть (38 шт.), но все совместимые узлы предложения исчерпаны — вагоны ушли на другие заявки (конкуренция за предложение).
  [d_idx  254] Новосергиевская (ЮУР) | тип=Прочие | ЕТСНГ=011005 | период=4 | отправка=Повагонная | не закрыто 1 из 1 ваг.
    ПРИЧИНА: дуги есть (135 шт.), но все совместимые узлы предложения исчерпаны — вагоны ушли на другие заявки (конкуренция за предложение).
  [d_idx  255] Новосергиевская (ЮУР) | тип=Прочие | ЕТСНГ=011005 | период=4 | отправка=Повагонная | не закрыто 20 из 20 ваг.
    ПРИЧИНА: дуги есть (135 шт.), но все совместимые узлы предложения исчерпаны — вагоны ушли на другие заявки (конкуренция за предложение).
  [d_idx  256] Азат (КЗХ) | тип=Прочие | ЕТСНГ=018131 | период=4 | отправка=Повагонная | не закрыто 1 из 3 ваг.
    ПРИЧИНА: дуги есть (133 шт.), но все совместимые узлы предложения исчерпаны — вагоны ушли на другие заявки (конкуренция за предложение).
  [d_idx  259] Новоперелюбская (ПРВ) | тип=Прочие | ЕТСНГ=011005 | период=4 | отправка=Повагонная | не закрыто 13 из 13 ваг.
    ПРИЧИНА: дуги есть (18 шт.), но все совместимые узлы предложения исчерпаны — вагоны ушли на другие заявки (конкуренция за предложение).
  [d_idx  260] Новоперелюбская (ПРВ) | тип=Прочие | ЕТСНГ=011005 | период=4 | отправка=Повагонная | не закрыто 13 из 13 ваг.
    ПРИЧИНА: дуги есть (18 шт.), но все совместимые узлы предложения исчерпаны — вагоны ушли на другие заявки (конкуренция за предложение).
  [d_idx  261] Калачинская (ЗСБ) | тип=Прочие | ЕТСНГ=011005 | период=4 | отправка=Повагонная | не закрыто 8 из 8 ваг.
    ПРИЧИНА: дуги есть (135 шт.), но все совместимые узлы предложения исчерпаны — вагоны ушли на другие заявки (конкуренция за предложение).
  [d_idx  262] Эртиль (ЮВС) | тип=Прочие | ЕТСНГ=542072 | период=4 | отправка=Повагонная | не закрыто 15 из 15 ваг.
    ПРИЧИНА: дуги есть (108 шт.), но все совместимые узлы предложения исчерпаны — вагоны ушли на другие заявки (конкуренция за предложение).
  [d_idx  263] Сулы (КЗХ) | тип=Прочие | ЕТСНГ=018131 | период=4 | отправка=Повагонная | не закрыто 2 из 2 ваг.
    ПРИЧИНА: дуги есть (135 шт.), но все совместимые узлы предложения исчерпаны — вагоны ушли на другие заявки (конкуренция за предложение).
  [d_idx  264] Воробьевка (ЮВС) | тип=Прочие | ЕТСНГ=011005 | период=4 | отправка=Повагонная | не закрыто 15 из 15 ваг.
    ПРИЧИНА: дуги есть (129 шт.), но все совместимые узлы предложения исчерпаны — вагоны ушли на другие заявки (конкуренция за предложение).
  [d_idx  265] Кормиловка (ЗСБ) | тип=Прочие | ЕТСНГ=011005 | период=4 | отправка=Повагонная | не закрыто 2 из 2 ваг.
    ПРИЧИНА: дуги есть (135 шт.), но все совместимые узлы предложения исчерпаны — вагоны ушли на другие заявки (конкуренция за предложение).
  [d_idx  266] Курганная (СКВ) | тип=Прочие | ЕТСНГ=011005 | период=4 | отправка=Повагонная | не закрыто 3 из 20 ваг.
    ПРИЧИНА: дуги есть (132 шт.), но все совместимые узлы предложения исчерпаны — вагоны ушли на другие заявки (конкуренция за предложение).
  [d_idx  267] Святославка (ЮВС) | тип=Прочие | ЕТСНГ=011005 | период=4 | отправка=Повагонная | не закрыто 15 из 15 ваг.
    ПРИЧИНА: дуги есть (135 шт.), но все совместимые узлы предложения исчерпаны — вагоны ушли на другие заявки (конкуренция за предложение).
  [d_idx  269] Красногвардеец (ЮУР) | тип=Прочие | ЕТСНГ=011005 | период=4 | отправка=Повагонная | не закрыто 45 из 45 ваг.
    ПРИЧИНА: дуги есть (135 шт.), но все совместимые узлы предложения исчерпаны — вагоны ушли на другие заявки (конкуренция за предложение).
  [d_idx  270] Красногвардеец (ЮУР) | тип=Прочие | ЕТСНГ=011005 | период=4 | отправка=Повагонная | не закрыто 7 из 7 ваг.
    ПРИЧИНА: дуги есть (135 шт.), но все совместимые узлы предложения исчерпаны — вагоны ушли на другие заявки (конкуренция за предложение).
  [d_idx  271] Дубиновка (ЮУР) | тип=Прочие | ЕТСНГ=011005 | период=4 | отправка=Повагонная | не закрыто 6 из 6 ваг.
    ПРИЧИНА: дуги есть (133 шт.), но все совместимые узлы предложения исчерпаны — вагоны ушли на другие заявки (конкуренция за предложение).
  [d_idx  273] Кривецкая (ЮВС) | тип=Прочие | ЕТСНГ=542072 | период=4 | отправка=Повагонная | не закрыто 20 из 20 ваг.
    ПРИЧИНА: дуги есть (127 шт.), но все совместимые узлы предложения исчерпаны — вагоны ушли на другие заявки (конкуренция за предложение).
  [d_idx  274] Чистоозерная (ЗСБ) | тип=Прочие | ЕТСНГ=011005 | период=4 | отправка=Повагонная | не закрыто 11 из 11 ваг.
    ПРИЧИНА: дуги есть (131 шт.), но все совместимые узлы предложения исчерпаны — вагоны ушли на другие заявки (конкуренция за предложение).
  [d_idx  275] Золотухино (МСК) | тип=Прочие | ЕТСНГ=011005 | период=4 | отправка=Повагонная | не закрыто 35 из 35 ваг.
    ПРИЧИНА: дуги есть (135 шт.), но все совместимые узлы предложения исчерпаны — вагоны ушли на другие заявки (конкуренция за предложение).
  [d_idx  276] Золотухино (МСК) | тип=Прочие | ЕТСНГ=011005 | период=4 | отправка=Повагонная | не закрыто 20 из 20 ваг.
    ПРИЧИНА: дуги есть (135 шт.), но все совместимые узлы предложения исчерпаны — вагоны ушли на другие заявки (конкуренция за предложение).
  [d_idx  278] Есиль (КЗХ) | тип=Прочие | ЕТСНГ=018131 | период=4 | отправка=Повагонная | не закрыто 7 из 7 ваг.
    ПРИЧИНА: дуги есть (132 шт.), но все совместимые узлы предложения исчерпаны — вагоны ушли на другие заявки (конкуренция за предложение).
  [d_idx  279] Макушино (ЮУР) | тип=Прочие | ЕТСНГ=011005 | период=4 | отправка=Повагонная | не закрыто 32 из 32 ваг.
    ПРИЧИНА: дуги есть (125 шт.), но все совместимые узлы предложения исчерпаны — вагоны ушли на другие заявки (конкуренция за предложение).
  [d_idx  281] Острогожск (ЮВС) | тип=БКТ | ЕТСНГ=011005 | период=4 | отправка=Повагонная | не закрыто 19 из 19 ваг.
    ПРИЧИНА: дуги есть (38 шт.), но все совместимые узлы предложения исчерпаны — вагоны ушли на другие заявки (конкуренция за предложение).
  [d_idx  282] Краснозерское (ЗСБ) | тип=Прочие | ЕТСНГ=011005 | период=4 | отправка=Повагонная | не закрыто 26 из 26 ваг.
    ПРИЧИНА: дуги есть (135 шт.), но все совместимые узлы предложения исчерпаны — вагоны ушли на другие заявки (конкуренция за предложение).
  [d_idx  283] Краснозерское (ЗСБ) | тип=Прочие | ЕТСНГ=011005 | период=4 | отправка=Повагонная | не закрыто 8 из 8 ваг.
    ПРИЧИНА: дуги есть (135 шт.), но все совместимые узлы предложения исчерпаны — вагоны ушли на другие заявки (конкуренция за предложение).
  [d_idx  286] Измалково (МСК) | тип=Прочие | ЕТСНГ=011005 | период=4 | отправка=Групповая | не закрыто 1 из 1 ваг.
    ПРИЧИНА: дуги есть (135 шт.), но все совместимые узлы предложения исчерпаны — вагоны ушли на другие заявки (конкуренция за предложение).
  [d_idx  287] Красный Узел (ГОР) | тип=Прочие | ЕТСНГ=014003 | период=4 | отправка=Повагонная | не закрыто 7 из 7 ваг.
    ПРИЧИНА: дуги есть (135 шт.), но все совместимые узлы предложения исчерпаны — вагоны ушли на другие заявки (конкуренция за предложение).
  [d_idx  288] Ключики (КБШ) | тип=Прочие | ЕТСНГ=011005 | период=4 | отправка=Повагонная | не закрыто 3 из 3 ваг.
    ПРИЧИНА: дуги есть (128 шт.), но все совместимые узлы предложения исчерпаны — вагоны ушли на другие заявки (конкуренция за предложение).
  [d_idx  289] Обшаровка (КБШ) | тип=Прочие | ЕТСНГ=011005 | период=4 | отправка=Повагонная | не закрыто 16 из 16 ваг.
    ПРИЧИНА: дуги есть (135 шт.), но все совместимые узлы предложения исчерпаны — вагоны ушли на другие заявки (конкуренция за предложение).
  [d_idx  290] Обшаровка (КБШ) | тип=Прочие | ЕТСНГ=011005 | период=4 | отправка=Повагонная | не закрыто 20 из 20 ваг.
    ПРИЧИНА: дуги есть (135 шт.), но все совместимые узлы предложения исчерпаны — вагоны ушли на другие заявки (конкуренция за предложение).
  [d_idx  291] Обшаровка (КБШ) | тип=Прочие | ЕТСНГ=011005 | период=4 | отправка=Повагонная | не закрыто 1 из 1 ваг.
    ПРИЧИНА: дуги есть (135 шт.), но все совместимые узлы предложения исчерпаны — вагоны ушли на другие заявки (конкуренция за предложение).
  [d_idx  292] Новоспасское (КБШ) | тип=Прочие | ЕТСНГ=011005 | период=4 | отправка=Повагонная | не закрыто 26 из 26 ваг.
    ПРИЧИНА: дуги есть (135 шт.), но все совместимые узлы предложения исчерпаны — вагоны ушли на другие заявки (конкуренция за предложение).
  [d_idx  293] Новоспасское (КБШ) | тип=Прочие | ЕТСНГ=011005 | период=4 | отправка=Повагонная | не закрыто 24 из 24 ваг.
    ПРИЧИНА: дуги есть (135 шт.), но все совместимые узлы предложения исчерпаны — вагоны ушли на другие заявки (конкуренция за предложение).
  [d_idx  294] Алейская (ЗСБ) | тип=Прочие | ЕТСНГ=011005 | период=4 | отправка=Повагонная | не закрыто 10 из 10 ваг.
    ПРИЧИНА: дуги есть (135 шт.), но все совместимые узлы предложения исчерпаны — вагоны ушли на другие заявки (конкуренция за предложение).
  [d_idx  295] Алейская (ЗСБ) | тип=Прочие | ЕТСНГ=011005 | период=4 | отправка=Повагонная | не закрыто 8 из 15 ваг.
    ПРИЧИНА: дуги есть (135 шт.), но все совместимые узлы предложения исчерпаны — вагоны ушли на другие заявки (конкуренция за предложение).
  [d_idx  296] Раевка (КБШ) | тип=Прочие | ЕТСНГ=011005 | период=4 | отправка=Повагонная | не закрыто 14 из 14 ваг.
    ПРИЧИНА: дуги есть (135 шт.), но все совместимые узлы предложения исчерпаны — вагоны ушли на другие заявки (конкуренция за предложение).
  [d_idx  299] Меновой Двор (ЮУР) | тип=Прочие | ЕТСНГ=011005 | период=4 | отправка=Повагонная | не закрыто 7 из 7 ваг.
    ПРИЧИНА: дуги есть (133 шт.), но все совместимые узлы предложения исчерпаны — вагоны ушли на другие заявки (конкуренция за предложение).
  [d_idx  300] Меновой Двор (ЮУР) | тип=Прочие | ЕТСНГ=011005 | период=4 | отправка=Повагонная | не закрыто 11 из 11 ваг.
    ПРИЧИНА: дуги есть (133 шт.), но все совместимые узлы предложения исчерпаны — вагоны ушли на другие заявки (конкуренция за предложение).
  [d_idx  301] Атбасар (КЗХ) | тип=Прочие | ЕТСНГ=018131 | период=4 | отправка=Повагонная | не закрыто 13 из 15 ваг.
    ПРИЧИНА: дуги есть (133 шт.), но все совместимые узлы предложения исчерпаны — вагоны ушли на другие заявки (конкуренция за предложение).
  [d_idx  302] Себряково (ПРВ) | тип=Прочие | ЕТСНГ=011005 | период=4 | отправка=Повагонная | не закрыто 6 из 6 ваг.
    ПРИЧИНА: дуги есть (135 шт.), но все совместимые узлы предложения исчерпаны — вагоны ушли на другие заявки (конкуренция за предложение).
  [d_idx  305] Карбышево 1 (ЗСБ) | тип=Прочие | ЕТСНГ=011005 | период=4 | отправка=Повагонная | не закрыто 14 из 14 ваг.
    ПРИЧИНА: дуги есть (135 шт.), но все совместимые узлы предложения исчерпаны — вагоны ушли на другие заявки (конкуренция за предложение).
  [d_idx  306] Карбышево 1 (ЗСБ) | тип=Прочие | ЕТСНГ=011005 | период=4 | отправка=Повагонная | не закрыто 8 из 8 ваг.
    ПРИЧИНА: дуги есть (135 шт.), но все совместимые узлы предложения исчерпаны — вагоны ушли на другие заявки (конкуренция за предложение).
  [d_idx  307] Алтата (ПРВ) | тип=Прочие | ЕТСНГ=011005 | период=4 | отправка=Повагонная | не закрыто 1 из 1 ваг.
    ПРИЧИНА: дуги есть (113 шт.), но все совместимые узлы предложения исчерпаны — вагоны ушли на другие заявки (конкуренция за предложение).
  [d_idx  308] Кротовка (КБШ) | тип=Прочие | ЕТСНГ=011005 | период=4 | отправка=Повагонная | не закрыто 26 из 26 ваг.
    ПРИЧИНА: дуги есть (132 шт.), но все совместимые узлы предложения исчерпаны — вагоны ушли на другие заявки (конкуренция за предложение).
  [d_idx  309] Пачелма (КБШ) | тип=Прочие | ЕТСНГ=011005 | период=4 | отправка=Повагонная | не закрыто 32 из 32 ваг.
    ПРИЧИНА: дуги есть (135 шт.), но все совместимые узлы предложения исчерпаны — вагоны ушли на другие заявки (конкуренция за предложение).
  [d_idx  310] Пачелма (КБШ) | тип=Прочие | ЕТСНГ=011005 | период=4 | отправка=Повагонная | не закрыто 14 из 14 ваг.
    ПРИЧИНА: дуги есть (135 шт.), но все совместимые узлы предложения исчерпаны — вагоны ушли на другие заявки (конкуренция за предложение).
  [d_idx  314] Жана-Есиль (КЗХ) | тип=Прочие | ЕТСНГ=018131 | период=4 | отправка=Повагонная | не закрыто 11 из 11 ваг.
    ПРИЧИНА: дуги есть (133 шт.), но все совместимые узлы предложения исчерпаны — вагоны ушли на другие заявки (конкуренция за предложение).
  [d_idx  315] Заинск (КБШ) | тип=Прочие | ЕТСНГ=011005 | период=4 | отправка=Повагонная | не закрыто 10 из 10 ваг.
    ПРИЧИНА: дуги есть (135 шт.), но все совместимые узлы предложения исчерпаны — вагоны ушли на другие заявки (конкуренция за предложение).
  [d_idx  316] Маслянская (СВР) | тип=Прочие | ЕТСНГ=011005 | период=4 | отправка=Повагонная | не закрыто 15 из 15 ваг.
    ПРИЧИНА: дуги есть (121 шт.), но все совместимые узлы предложения исчерпаны — вагоны ушли на другие заявки (конкуренция за предложение).
  [d_idx  317] Карламан (КБШ) | тип=Прочие | ЕТСНГ=011005 | период=4 | отправка=Повагонная | не закрыто 28 из 28 ваг.
    ПРИЧИНА: дуги есть (135 шт.), но все совместимые узлы предложения исчерпаны — вагоны ушли на другие заявки (конкуренция за предложение).
  [d_idx  318] Славгород (ЗСБ) | тип=Прочие | ЕТСНГ=011005 | период=4 | отправка=Повагонная | не закрыто 2 из 2 ваг.
    ПРИЧИНА: дуги есть (135 шт.), но все совместимые узлы предложения исчерпаны — вагоны ушли на другие заявки (конкуренция за предложение).
  [d_idx  319] Славгород (ЗСБ) | тип=Прочие | ЕТСНГ=014003 | период=4 | отправка=Повагонная | не закрыто 10 из 10 ваг.
    ПРИЧИНА: дуги есть (135 шт.), но все совместимые узлы предложения исчерпаны — вагоны ушли на другие заявки (конкуренция за предложение).
  [d_idx  320] Никифоровка (ЮВС) | тип=Прочие | ЕТСНГ=011005 | период=4 | отправка=Повагонная | не закрыто 2 из 2 ваг.
    ПРИЧИНА: дуги есть (135 шт.), но все совместимые узлы предложения исчерпаны — вагоны ушли на другие заявки (конкуренция за предложение).
  [d_idx  321] Латная (ЮВС) | тип=Прочие | ЕТСНГ=011005 | период=4 | отправка=Повагонная | не закрыто 7 из 7 ваг.
    ПРИЧИНА: дуги есть (135 шт.), но все совместимые узлы предложения исчерпаны — вагоны ушли на другие заявки (конкуренция за предложение).
  [d_idx  322] Курган (ЮУР) | тип=Прочие | ЕТСНГ=011005 | период=4 | отправка=Повагонная | не закрыто 5 из 5 ваг.
    ПРИЧИНА: дуги есть (133 шт.), но все совместимые узлы предложения исчерпаны — вагоны ушли на другие заявки (конкуренция за предложение).
  [d_idx  323] Чернышков (ПРВ) | тип=Прочие | ЕТСНГ=011005 | период=4 | отправка=Повагонная | не закрыто 65 из 65 ваг.
    ПРИЧИНА: дуги есть (135 шт.), но все совместимые узлы предложения исчерпаны — вагоны ушли на другие заявки (конкуренция за предложение).
  [d_idx  325] Пугачевск (ПРВ) | тип=Прочие | ЕТСНГ=011005 | период=4 | отправка=Повагонная | не закрыто 19 из 19 ваг.
    ПРИЧИНА: дуги есть (135 шт.), но все совместимые узлы предложения исчерпаны — вагоны ушли на другие заявки (конкуренция за предложение).
  [d_idx  326] Пугачевск (ПРВ) | тип=Прочие | ЕТСНГ=011005 | период=4 | отправка=Повагонная | не закрыто 9 из 9 ваг.
    ПРИЧИНА: дуги есть (135 шт.), но все совместимые узлы предложения исчерпаны — вагоны ушли на другие заявки (конкуренция за предложение).
  [d_idx  328] Тоцкая (ЮУР) | тип=Прочие | ЕТСНГ=011005 | период=4 | отправка=Повагонная | не закрыто 2 из 2 ваг.
    ПРИЧИНА: дуги есть (135 шт.), но все совместимые узлы предложения исчерпаны — вагоны ушли на другие заявки (конкуренция за предложение).
  [d_idx  329] Тоцкая (ЮУР) | тип=Прочие | ЕТСНГ=014003 | период=4 | отправка=Повагонная | не закрыто 18 из 18 ваг.
    ПРИЧИНА: дуги есть (135 шт.), но все совместимые узлы предложения исчерпаны — вагоны ушли на другие заявки (конкуренция за предложение).
  [d_idx  330] Тоцкая (ЮУР) | тип=Прочие | ЕТСНГ=011005 | период=4 | отправка=Повагонная | не закрыто 12 из 12 ваг.
    ПРИЧИНА: дуги есть (135 шт.), но все совместимые узлы предложения исчерпаны — вагоны ушли на другие заявки (конкуренция за предложение).
  [d_idx  331] Охотничья (КБШ) | тип=Прочие | ЕТСНГ=011005 | период=4 | отправка=Повагонная | не закрыто 20 из 20 ваг.
    ПРИЧИНА: дуги есть (135 шт.), но все совместимые узлы предложения исчерпаны — вагоны ушли на другие заявки (конкуренция за предложение).
  [d_idx  332] Охотничья (КБШ) | тип=Прочие | ЕТСНГ=011005 | период=4 | отправка=Повагонная | не закрыто 33 из 33 ваг.
    ПРИЧИНА: дуги есть (135 шт.), но все совместимые узлы предложения исчерпаны — вагоны ушли на другие заявки (конкуренция за предложение).
  [d_idx  333] Охотничья (КБШ) | тип=Прочие | ЕТСНГ=021100 | период=4 | отправка=Повагонная | не закрыто 7 из 7 ваг.
    ПРИЧИНА: дуги есть (135 шт.), но все совместимые узлы предложения исчерпаны — вагоны ушли на другие заявки (конкуренция за предложение).
  [d_idx  334] Избердей (ЮВС) | тип=Прочие | ЕТСНГ=011005 | период=4 | отправка=Маршрутная | не закрыто 1 из 1 ваг.
    ПРИЧИНА: дуги есть (135 шт.), но все совместимые узлы предложения исчерпаны — вагоны ушли на другие заявки (конкуренция за предложение).
  [d_idx  335] Избердей (ЮВС) | тип=Прочие | ЕТСНГ=011005 | период=4 | отправка=Маршрутная | не закрыто 150 из 150 ваг.
    ПРИЧИНА: дуги есть (135 шт.), но все совместимые узлы предложения исчерпаны — вагоны ушли на другие заявки (конкуренция за предложение).
  [d_idx  336] Сальск (СКВ) | тип=Прочие | ЕТСНГ=011005 | период=4 | отправка=Повагонная | не закрыто 9 из 35 ваг.
    ПРИЧИНА: дуги есть (135 шт.), но все совместимые узлы предложения исчерпаны — вагоны ушли на другие заявки (конкуренция за предложение).
  [d_idx  337] Кантемировка (ЮВС) | тип=Прочие | ЕТСНГ=011005 | период=4 | отправка=Повагонная | не закрыто 40 из 40 ваг.
    ПРИЧИНА: дуги есть (135 шт.), но все совместимые узлы предложения исчерпаны — вагоны ушли на другие заявки (конкуренция за предложение).
  [d_idx  338] Золотая Степь (ПРВ) | тип=Прочие | ЕТСНГ=011005 | период=4 | отправка=Повагонная | не закрыто 11 из 11 ваг.
    ПРИЧИНА: дуги есть (132 шт.), но все совместимые узлы предложения исчерпаны — вагоны ушли на другие заявки (конкуренция за предложение).

  СВОДКА ПО ПРИЧИНАМ:
    источники предложения исчерпаны        узлов: 231, вагонов: 3309

  ЗАКРЫВАЕМОСТЬ (по реальному связывающему ограничению):
    структурно недостижимо (нет дуг):             0 ваг.  — нужны новые тарифы / смягчение жёстких фильтров
    упёрто в квоту ДМЗИ (инфраструктура):          0 ваг.  — поможет только повышение квоты на дороге
    держит MIN_BATCH (квота ДМЗИ ещё есть):        0 ваг.  — поможет смягчение партии (middle 0 / масс. 0 / маршр. 0)
    прочее (конкуренция / экономика штрафа):    3309 ваг.
--------------------------------
--- УТИЛИЗАЦИЯ КВОТ ДМЗИ ---
  ВСБ  период  1:    0 из    5 ваг.
  ВСБ  период 10:    0 из    7 ваг.
  ГОР  период  1:   41 из  397 ваг.
  ГОР  период 10:    0 из  557 ваг.
  ЗАБ  период  1:    0 из   22 ваг.
  ЗАБ  период 10:    0 из   32 ваг.
  ЗСБ  период  1:   51 из  710 ваг.
  ЗСБ  период 10:    0 из 1018 ваг.
  КБШ  период  1:  140 из  989 ваг.
  КБШ  период 10:    0 из 1397 ваг.
  КРС  период  1:    0 из    4 ваг.
  КРС  период 10:    0 из    6 ваг.
  МСК  период  1:  372 из  745 ваг.
  МСК  период 10:    0 из 1045 ваг.
  ОКТ  период  1:    0 из  315 ваг.
  ОКТ  период 10:    0 из  445 ваг.
  ПРВ  период  1:   41 из  939 ваг.
  ПРВ  период 10:    0 из 1315 ваг.
  СВР  период  1:   12 из  468 ваг.
  СВР  период 10:    0 из  702 ваг.
  СЕВ  период  1:    3 из   15 ваг.
  СЕВ  период 10:    0 из   21 ваг.
  ЮВС  период  1:  376 из 1508 ваг.
  ЮВС  период 10:    0 из 2130 ваг.
  ЮУР  период  1:   39 из  750 ваг.
  ЮУР  период 10:    0 из 1050 ваг.
----------------------------
Тарифов до отстоя:           43 (станций излишка 2, станций отстоя 44)
В отстой: 1 из 32 ваг. излишка → 1 станций отстоя, тариф 100 руб.; не размещено 31 ваг. (нет тарифа / ёмкость исчерпана)
Тарифов до путей погрузки:   0 (станций излишка 1, станций погрузки 79)
На пути погрузки: 0 из 31 ваг. остатка → 0 станций (≥5 ваг./станция), тариф -0 руб.; не размещено 31 ваг.
Баланс отчёта оптимизации:   OK (1418 ваг. в записях = 1418 ваг. предложения)
Записей в отчёте (Excel):    316 (246 оптим. + 54 по факту + 16 в ремонт) / 1565 вагонов
  → в POST АПИ (период 1):   316 записей / 1565 вагонов
Чекпоинт сохранён:           tmp/checkpoint_2026-09-04_11-11-25.xlsx

======= РЕЗУЛЬТАТЫ ОПТИМИЗАЦИИ =======
Статус решателя:      MIP Optimal (gap=0.000%)
Назначено вагонов:    1386
Избыток предложения:  32 ваг. (dummy-спрос)
  остаток по периодам предложения: p1=32 p10=0 прочие=0
  из них в отстой (этап 2): 1 ваг.
Неудовл. спрос:       3309 ваг. (dummy-предложение)
Суммарная стоимость:  71308134 руб.
======================================

Результат сохранён:          tmp/result_20260904_111125.json
[SUCCESS] railoptim завершил работу успешно.
[Пт 04 сен 2026 12:30:06 MSK] Запуск: /home/atretyakov/railoptim/app/bin/railoptim (env=prod, MIP_WARM_START=on)
stations_geo: 19494 записей, data/stations/stations_geo.sqlite (baltic=671, china_mongolia=339, cis=6263, ru=11848, south_caucasus=373)
Получено узлов спроса (погрузка): 341 или 4695 вагонов
Получено узлов предложения 1 сут.:  241 или 1820 вагонов
  узлов дислокации (2-10 сут., период 10): 469 или 6420 вагонов
Получено узлов предложения всего:  710 или 8240 вагонов
  свободных для назначения:  605 или 7909 вагонов
  требуют ремонта (В ремонт):53 или 206 вагонов
  по факту (Assigned):       52 или 125 вагонов
Дороги без промывки (NoCleaningRoads): 8
Коды «уже промыт/ремонт» (WashedEmptyEtsngCodes): 2
Ban-list чужих владельцев отстоя (reserve_owners.json): 4 пар (станция+ОКПО)
Узлов спроса (промывка):     36 или мощность в период 5 суток 2795 вагонов
  предложений с ЕТСНГ из списка промывки: 267 вагонов (освобождены по NoCleaningRoads: 161; из них есть узел погрузки с тем же ЕТСНГ на любой станции — альтернатива промывке по спросу: 261 вагонов)
Получено тарифов:            34198
Загружено ремонтных станций: 102
Тарифов до ремонтных ст.:    3428
Тарифов до промывки (с надбавкой 10000+40000=50000 руб.): 1530
Ограничения ДМЗИ:            13 дорог (90 записей Ostatok)
  ВСБ  период 1 ≤    5, период 10 ≤    7 ваг.
  ГОР  период 1 ≤  397, период 10 ≤  557 ваг.
  ЗАБ  период 1 ≤   22, период 10 ≤   32 ваг.
  ЗСБ  период 1 ≤  710, период 10 ≤ 1018 ваг.
  КБШ  период 1 ≤  989, период 10 ≤ 1397 ваг.
  КРС  период 1 ≤    4, период 10 ≤    6 ваг.
  МСК  период 1 ≤  745, период 10 ≤ 1045 ваг.
  ОКТ  период 1 ≤  315, период 10 ≤  445 ваг.
  ПРВ  период 1 ≤  939, период 10 ≤ 1315 ваг.
  СВР  период 1 ≤  468, период 10 ≤  702 ваг.
  СЕВ  период 1 ≤   15, период 10 ≤   21 ваг.
  ЮВС  период 1 ≤ 1508, период 10 ≤ 2130 ваг.
  ЮУР  период 1 ≤  750, период 10 ≤ 1050 ваг.
БД отстоя обновлена:         получено 24 / записано 24 / без etran_id 0
Узлы отстоя (резервы):       64 узлов / ёмкость 1659 ваг. (записей в БД 193, дублей 0, отфильтровано 129, чужих по ban-list 394)
FREE_LOADROADS_STATS={"date_from": "2026-03-04", "date_to": "2026-09-04", "load_station_codes": 490, "cars_on_station_rows": 1905, "cars_total": 82276}
Свободные ёмкости путей:     79 крупных станций -> data/load_stations_free_capacity.json
Всего пар supply×demand:     228085
  без тарифа:                        23370 (10.2%)
  нарушение срока (жёстко):          0 (0.0%)
  несовм. тип вагона:                3722 (1.6%)
  грязный вагон → чужой ЕТСНГ:       28576 (12.5%)
  грязный: дальняя погрузка дороже промывки → в промывку: 461 (0.2%)
  допустимых дуг со штрафом за срок:   97655 (42.8%)
  допустимых дуг всего в LP:      171956 (75.4%)
Ограничения партии (MIN_BATCH): массовая выгрузка — 25325 дуг / 1480 пар; средние станции — 83438 дуг / 7631 пар (станций образования: 73, погрузки: 113)
  маршрутные отправки (B=10): 3928 дуг / 627 пар (станций образования: 79, маршрутных станций погрузки: 8)
--- АНАЛИЗ РЕСУРСОВ ---
Предложение: 7909 ваг.
Спрос (погрузка): 4695 ваг.
Ёмкость промывки (верх): 2795 ваг.
Статус: ПРОФИЦИТ к погрузке (+3214 ваг.)
-----------------------
--- ЖАДНОЕ РЕШЕНИЕ ---
Назначений:            986 шт.
Назначено вагонов:     4866 / 4695 спрос (погрузка), 7909 предложение
Суммарная стоимость:   268445668.18 руб.
Неудовлетворён спрос:  0 ваг.
Избыток предложения:   3043 ваг.
Покрытие спроса (погр.): 103.6%
----------------------
MIP warm-start: ON (greedy) (управляется env MIP_WARM_START={on|off}, по умолч. on)
--- MIP РЕШЕНИЕ ---
Статус:                MIP Optimal (gap=0.010%)
Назначено вагонов:     4695 / 4695 спрос (погрузка), 7909 предложение
Суммарная стоимость:   211118713.45 руб.
Неудовлетворён спрос:  -0 ваг.
Избыток предложения:   3214 ваг.
Покрытие спроса (погр.): 100.0%
-------------------
MIP время: 98.58 сек (warm-start: ON)
MIP диагностика: status=Optimal, gap=0.0099%, undist=3214 (unmet=0, excess=3214), real_cost=211118713.45
MIP vs greedy:   greedy undist=3043 (unmet=0, excess=3043), real_cost=268445668.18  →  Δundist=+171, Δcost=-57326954.73
--- ДИАГНОСТИКА EXCESS SUPPLY (3214 ваг. в 155 узлах) ---
  [s_idx   48] Гянджа | тип=БКТ | ЕТСНГ=011005 | period=1 | mass_unload=false | осталось 4 из 4 ваг.
    ПРИЧИНА: все Load-спросы уже закрыты (Load-дуг 341, Wash-дуг 0; везде rem_demand=0).
  [s_idx   49] Гянджа | тип=Т | ЕТСНГ=011005 | period=1 | mass_unload=false | осталось 1 из 1 ваг.
    ПРИЧИНА: все Load-спросы уже закрыты (Load-дуг 329, Wash-дуг 0; везде rem_demand=0).
  [s_idx   54] Астара (Экспорт) | тип=Т | ЕТСНГ=011005 | period=1 | mass_unload=false | осталось 1 из 1 ваг.
    ПРИЧИНА: все Load-спросы уже закрыты (Load-дуг 327, Wash-дуг 0; везде rem_demand=0).
  [s_idx   55] Астара (Экспорт) | тип=БКТ | ЕТСНГ=011005 | period=1 | mass_unload=false | осталось 6 из 6 ваг.
    ПРИЧИНА: все Load-спросы уже закрыты (Load-дуг 339, Wash-дуг 0; везде rem_demand=0).
  [s_idx   56] Астара (Экспорт) | тип=БКТ | ЕТСНГ=014003 | period=1 | mass_unload=false | осталось 2 из 2 ваг.
    ПРИЧИНА: все Load-спросы уже закрыты (Load-дуг 339, Wash-дуг 0; везде rem_demand=0).
  [s_idx   57] Астара (Экспорт) | тип=БК | ЕТСНГ=014003 | period=1 | mass_unload=false | осталось 2 из 2 ваг.
    ПРИЧИНА: все Load-спросы уже закрыты (Load-дуг 327, Wash-дуг 0; везде rem_demand=0).
  [s_idx   58] Астара (Экспорт) | тип=Прочие | ЕТСНГ=011005 | period=1 | mass_unload=false | осталось 1 из 1 ваг.
    ПРИЧИНА: все Load-спросы уже закрыты (Load-дуг 327, Wash-дуг 0; везде rem_demand=0).
  [s_idx   59] Астара (Экспорт) | тип=Т | ЕТСНГ=014003 | period=1 | mass_unload=false | осталось 2 из 2 ваг.
    ПРИЧИНА: все Load-спросы уже закрыты (Load-дуг 327, Wash-дуг 0; везде rem_demand=0).
  [s_idx   60] Ереван | тип=БКТ | ЕТСНГ=011005 | period=1 | mass_unload=false | осталось 3 из 3 ваг.
    ПРИЧИНА: все Load-спросы уже закрыты (Load-дуг 338, Wash-дуг 0; везде rem_demand=0).
  [s_idx   61] Ереван | тип=Т | ЕТСНГ=011005 | period=1 | mass_unload=false | осталось 3 из 3 ваг.
    ПРИЧИНА: все Load-спросы уже закрыты (Load-дуг 326, Wash-дуг 0; везде rem_demand=0).
  [s_idx   62] Ереван | тип=БК | ЕТСНГ=011005 | period=1 | mass_unload=false | осталось 1 из 1 ваг.
    ПРИЧИНА: все Load-спросы уже закрыты (Load-дуг 326, Wash-дуг 0; везде rem_demand=0).
  [s_idx   64] Поти (Порт, Экспорт) | тип=Т | ЕТСНГ=018131 | period=1 | mass_unload=true | осталось 6 из 7 ваг.
    ПРИЧИНА: все Load-спросы уже закрыты (Load-дуг 327, Wash-дуг 0; везде rem_demand=0).
  [s_idx   65] Поти (Порт, Экспорт) | тип=БК | ЕТСНГ=018131 | period=1 | mass_unload=true | осталось 12 из 17 ваг.
    ПРИЧИНА: все Load-спросы уже закрыты (Load-дуг 327, Wash-дуг 0; везде rem_demand=0).
  [s_idx   84] Кутулик | тип=БКТ | ЕТСНГ=421034 | period=1 | mass_unload=false | осталось 6 из 6 ваг.
    ПРИЧИНА: нет ни одной допустимой дуги (нет тарифа, несовм. тип вагона или грязный груз).
  [s_idx   85] Кутулик | тип=Прочие | ЕТСНГ=421034 | period=1 | mass_unload=false | осталось 6 из 6 ваг.
    ПРИЧИНА: нет ни одной допустимой дуги (нет тарифа, несовм. тип вагона или грязный груз).
  [s_idx   86] Кутулик | тип=БК | ЕТСНГ=421034 | period=1 | mass_unload=false | осталось 12 из 12 ваг.
    ПРИЧИНА: нет ни одной допустимой дуги (нет тарифа, несовм. тип вагона или грязный груз).
  [s_idx   87] Кутулик | тип=Т | ЕТСНГ=421034 | period=1 | mass_unload=false | осталось 4 из 4 ваг.
    ПРИЧИНА: нет ни одной допустимой дуги (нет тарифа, несовм. тип вагона или грязный груз).
  [s_idx   88] Кутулик | тип=Прочие | ЕТСНГ=421208 | period=1 | mass_unload=false | осталось 3 из 3 ваг.
    ПРИЧИНА: нет ни одной допустимой дуги (нет тарифа, несовм. тип вагона или грязный груз).
  [s_idx   92] Блюхер (Экспорт) | тип=Т | ЕТСНГ=011005 | period=1 | mass_unload=false | осталось 1 из 1 ваг.
    ПРИЧИНА: все Load-спросы уже закрыты (Load-дуг 326, Wash-дуг 0; везде rem_demand=0).
  [s_idx   93] Гродеково (Экспорт на КЖД [Китай]) | тип=БК | ЕТСНГ=015006 | period=1 | mass_unload=false | осталось 1 из 1 ваг.
    ПРИЧИНА: все Load-спросы уже закрыты (Load-дуг 327, Wash-дуг 0; везде rem_demand=0).
  [s_idx   94] Гродеково (Экспорт на КЖД [Китай]) | тип=Прочие | ЕТСНГ=015006 | period=1 | mass_unload=false | осталось 1 из 1 ваг.
    ПРИЧИНА: все Load-спросы уже закрыты (Load-дуг 327, Wash-дуг 0; везде rem_demand=0).
  [s_idx   95] Хабаровск 2 | тип=Прочие | ЕТСНГ=421034 | period=1 | mass_unload=false | осталось 1 из 1 ваг.
    ПРИЧИНА: все Load-спросы уже закрыты (Load-дуг 327, Wash-дуг 0; везде rem_demand=0).
  [s_idx   96] Уссурийск | тип=Прочие | ЕТСНГ=421034 | period=1 | mass_unload=false | осталось 1 из 1 ваг.
    ПРИЧИНА: все Load-спросы уже закрыты (Load-дуг 327, Wash-дуг 0; везде rem_demand=0).
  [s_idx   97] Уссурийск | тип=БКТ | ЕТСНГ=421034 | period=1 | mass_unload=false | осталось 1 из 1 ваг.
    ПРИЧИНА: все Load-спросы уже закрыты (Load-дуг 339, Wash-дуг 0; везде rem_demand=0).
  [s_idx   98] Уссурийск | тип=БК | ЕТСНГ=— | period=1 | mass_unload=false | осталось 1 из 1 ваг.
    ПРИЧИНА: все Load-спросы уже закрыты (Load-дуг 327, Wash-дуг 0; везде rem_demand=0).
  [s_idx   99] Блюхер (Экспорт) | тип=БК | ЕТСНГ=011005 | period=1 | mass_unload=false | осталось 1 из 1 ваг.
    ПРИЧИНА: все Load-спросы уже закрыты (Load-дуг 326, Wash-дуг 0; везде rem_demand=0).
  [s_idx  100] Хабаровск 2 | тип=БКТ | ЕТСНГ=421208 | period=1 | mass_unload=false | осталось 1 из 1 ваг.
    ПРИЧИНА: все Load-спросы уже закрыты (Load-дуг 339, Wash-дуг 0; везде rem_demand=0).
  [s_idx  101] Блюхер (Экспорт) | тип=БКТ | ЕТСНГ=011005 | period=1 | mass_unload=false | осталось 1 из 1 ваг.
    ПРИЧИНА: все Load-спросы уже закрыты (Load-дуг 338, Wash-дуг 0; везде rem_demand=0).
  [s_idx  102] Красная Речка | тип=БКТ | ЕТСНГ=— | period=1 | mass_unload=false | осталось 1 из 1 ваг.
    ПРИЧИНА: все Load-спросы уже закрыты (Load-дуг 339, Wash-дуг 0; везде rem_demand=0).
  [s_idx  103] Уссурийск | тип=БК | ЕТСНГ=421034 | period=1 | mass_unload=false | осталось 1 из 1 ваг.
    ПРИЧИНА: все Load-спросы уже закрыты (Load-дуг 327, Wash-дуг 0; везде rem_demand=0).
  [s_idx  104] Гродеково (Экспорт на КЖД [Китай]) | тип=Т | ЕТСНГ=011005 | period=1 | mass_unload=false | осталось 1 из 1 ваг.
    ПРИЧИНА: все Load-спросы уже закрыты (Load-дуг 327, Wash-дуг 0; везде rem_demand=0).
  [s_idx  105] Березовский-Восточный | тип=БКТ | ЕТСНГ=421034 | period=1 | mass_unload=false | осталось 1 из 1 ваг.
    ПРИЧИНА: все Load-спросы уже закрыты (Load-дуг 311, Wash-дуг 0; везде rem_demand=0).
  [s_idx  106] Белогорск 2 | тип=Т | ЕТСНГ=421195 | period=1 | mass_unload=false | осталось 1 из 1 ваг.
    ПРИЧИНА: все Load-спросы уже закрыты (Load-дуг 324, Wash-дуг 0; везде rem_demand=0).
  [s_idx  107] Борзя | тип=Т | ЕТСНГ=421034 | period=1 | mass_unload=false | осталось 1 из 1 ваг.
    ПРИЧИНА: все Load-спросы уже закрыты (Load-дуг 271, Wash-дуг 0; везде rem_demand=0).
  [s_idx  108] Борзя | тип=БК | ЕТСНГ=421034 | period=1 | mass_unload=false | осталось 1 из 1 ваг.
    ПРИЧИНА: все Load-спросы уже закрыты (Load-дуг 271, Wash-дуг 0; везде rem_demand=0).
  [s_idx  109] Борзя | тип=Прочие | ЕТСНГ=421195 | period=1 | mass_unload=false | осталось 1 из 1 ваг.
    ПРИЧИНА: все Load-спросы уже закрыты (Load-дуг 271, Wash-дуг 0; везде rem_demand=0).
  [s_idx  110] Белогорск | тип=БКТ | ЕТСНГ=421195 | period=1 | mass_unload=false | осталось 1 из 1 ваг.
    ПРИЧИНА: все Load-спросы уже закрыты (Load-дуг 334, Wash-дуг 0; везде rem_demand=0).
  [s_idx  111] Белогорск | тип=БК | ЕТСНГ=421195 | period=1 | mass_unload=false | осталось 2 из 2 ваг.
    ПРИЧИНА: все Load-спросы уже закрыты (Load-дуг 322, Wash-дуг 0; везде rem_demand=0).
  [s_idx  112] Белогорск | тип=Т | ЕТСНГ=421195 | period=1 | mass_unload=false | осталось 1 из 1 ваг.
    ПРИЧИНА: все Load-спросы уже закрыты (Load-дуг 322, Wash-дуг 0; везде rem_demand=0).
  [s_idx  113] Забайкальск | тип=БКТ | ЕТСНГ=421034 | period=1 | mass_unload=false | осталось 7 из 9 ваг.
    ПРИЧИНА: все Load-спросы уже закрыты (Load-дуг 327, Wash-дуг 0; везде rem_demand=0).
  [s_idx  114] Евсино | тип=БК | ЕТСНГ=542239 | period=1 | mass_unload=false | осталось 1 из 1 ваг.
    ПРИЧИНА: доступны только Wash-дуги (36 шт., мин. стоимость 53609 руб./ваг.). В модели Wash не имеет штрафа за незаполнение,
             а excess_supply бесплатный — отправка только увеличила бы obj, MIP корректно оставил вагоны в остатке.
  [s_idx  131] Новая Заимка | тип=БКТ | ЕТСНГ=542239 | period=1 | mass_unload=false | осталось 1 из 1 ваг.
    ПРИЧИНА: доступны только Wash-дуги (36 шт., мин. стоимость 73433 руб./ваг.). В модели Wash не имеет штрафа за незаполнение,
             а excess_supply бесплатный — отправка только увеличила бы obj, MIP корректно оставил вагоны в остатке.
  [s_idx  167] Лужская (Экспорт) | тип=— | ЕТСНГ=— | period=1 | mass_unload=true | осталось 289 из 627 ваг.
    ПРИЧИНА: все Load-спросы уже закрыты (Load-дуг 327, Wash-дуг 0; везде rem_demand=0).
  [s_idx  179] Высоцк (Экспорт) | тип=БК | ЕТСНГ=011005 | period=10 | mass_unload=true | осталось 10 из 92 ваг.
    ПРИЧИНА: все Load-спросы уже закрыты (Load-дуг 327, Wash-дуг 0; везде rem_demand=0).
  [s_idx  180] Поти (Порт, Экспорт) | тип=БКТ | ЕТСНГ=018131 | period=10 | mass_unload=true | осталось 169 из 169 ваг.
    ПРИЧИНА: все Load-спросы уже закрыты (Load-дуг 339, Wash-дуг 0; везде rem_demand=0).
  [s_idx  182] Лужская (Экспорт) | тип=БКТ | ЕТСНГ=011005 | period=10 | mass_unload=true | осталось 756 из 756 ваг.
    ПРИЧИНА: все Load-спросы уже закрыты (Load-дуг 339, Wash-дуг 0; везде rem_demand=0).
  [s_idx  185] Блюхер (Экспорт) | тип=Т | ЕТСНГ=011005 | period=10 | mass_unload=false | осталось 3 из 3 ваг.
    ПРИЧИНА: все Load-спросы уже закрыты (Load-дуг 326, Wash-дуг 0; везде rem_demand=0).
  [s_idx  186] Лиепая (Экспорт) | тип=БКТ | ЕТСНГ=011005 | period=10 | mass_unload=true | осталось 176 из 283 ваг.
    ПРИЧИНА: все Load-спросы уже закрыты (Load-дуг 341, Wash-дуг 0; везде rem_demand=0).
  [s_idx  188] Лужская (Экспорт) | тип=БК | ЕТСНГ=011005 | period=10 | mass_unload=true | осталось 278 из 278 ваг.
    ПРИЧИНА: все Load-спросы уже закрыты (Load-дуг 327, Wash-дуг 0; везде rem_demand=0).
  [s_idx  193] Лужская (Экспорт) | тип=Т | ЕТСНГ=011005 | period=10 | mass_unload=true | осталось 306 из 306 ваг.
    ПРИЧИНА: все Load-спросы уже закрыты (Load-дуг 327, Wash-дуг 0; везде rem_demand=0).
  [s_idx  194] Ардым | тип=БКТ | ЕТСНГ=542224 | period=10 | mass_unload=false | осталось 9 из 9 ваг.
    ПРИЧИНА: доступны только Wash-дуги (36 шт., мин. стоимость 125153 руб./ваг.). В модели Wash не имеет штрафа за незаполнение,
             а excess_supply бесплатный — отправка только увеличила бы obj, MIP корректно оставил вагоны в остатке.
  [s_idx  196] Лиепая (Экспорт) | тип=Т | ЕТСНГ=011005 | period=10 | mass_unload=true | осталось 95 из 120 ваг.
    ПРИЧИНА: все Load-спросы уже закрыты (Load-дуг 329, Wash-дуг 0; везде rem_demand=0).
  [s_idx  199] Поти (Порт, Экспорт) | тип=БК | ЕТСНГ=018131 | period=10 | mass_unload=true | осталось 66 из 66 ваг.
    ПРИЧИНА: все Load-спросы уже закрыты (Load-дуг 327, Wash-дуг 0; везде rem_demand=0).
  [s_idx  202] Высоцк (Экспорт) | тип=БКТ | ЕТСНГ=011005 | period=10 | mass_unload=true | осталось 254 из 307 ваг.
    ПРИЧИНА: все Load-спросы уже закрыты (Load-дуг 339, Wash-дуг 0; везде rem_demand=0).
  [s_idx  203] Лиепая (Экспорт) | тип=БК | ЕТСНГ=011005 | period=10 | mass_unload=true | осталось 71 из 91 ваг.
    ПРИЧИНА: все Load-спросы уже закрыты (Load-дуг 329, Wash-дуг 0; везде rem_demand=0).
  [s_idx  205] Денов | тип=БК | ЕТСНГ=011005 | period=10 | mass_unload=false | осталось 31 из 31 ваг.
    ПРИЧИНА: все Load-спросы уже закрыты (Load-дуг 262, Wash-дуг 0; везде rem_demand=0).
  [s_idx  206] Высоцк (Экспорт) | тип=Т | ЕТСНГ=011005 | period=10 | mass_unload=true | осталось 61 из 137 ваг.
    ПРИЧИНА: все Load-спросы уже закрыты (Load-дуг 327, Wash-дуг 0; везде rem_demand=0).
  [s_idx  207] Туапсе-Сортировочная (Экспорт) | тип=БК | ЕТСНГ=505028 | period=10 | mass_unload=false | осталось 9 из 9 ваг.
    ПРИЧИНА: доступны только Wash-дуги (36 шт., мин. стоимость 122610 руб./ваг.). В модели Wash не имеет штрафа за незаполнение,
             а excess_supply бесплатный — отправка только увеличила бы obj, MIP корректно оставил вагоны в остатке.
  [s_idx  210] Туапсе-Сортировочная (Экспорт) | тип=БКТ | ЕТСНГ=505028 | period=10 | mass_unload=false | осталось 21 из 21 ваг.
    ПРИЧИНА: доступны только Wash-дуги (36 шт., мин. стоимость 122610 руб./ваг.). В модели Wash не имеет штрафа за незаполнение,
             а excess_supply бесплатный — отправка только увеличила бы obj, MIP корректно оставил вагоны в остатке.
  [s_idx  224] Денов | тип=БКТ | ЕТСНГ=011005 | period=10 | mass_unload=false | осталось 48 из 48 ваг.
    ПРИЧИНА: все Load-спросы уже закрыты (Load-дуг 267, Wash-дуг 0; везде rem_demand=0).
  [s_idx  225] Даларик | тип=БКТ | ЕТСНГ=011005 | period=10 | mass_unload=false | осталось 14 из 14 ваг.
    ПРИЧИНА: все Load-спросы уже закрыты (Load-дуг 339, Wash-дуг 0; везде rem_demand=0).
  [s_idx  228] Лиепая (Экспорт) | тип=БКТ | ЕТСНГ=011005 | period=10 | mass_unload=true | осталось 17 из 30 ваг.
    ПРИЧИНА: все Load-спросы уже закрыты (Load-дуг 341, Wash-дуг 0; везде rem_demand=0).
  [s_idx  231] Вайвара (Экспорт) | тип=БК | ЕТСНГ=018131 | period=10 | mass_unload=true | осталось 4 из 17 ваг.
    ПРИЧИНА: все Load-спросы уже закрыты (Load-дуг 326, Wash-дуг 0; везде rem_demand=0).
  [s_idx  234] Вайвара (Экспорт) | тип=БКТ | ЕТСНГ=018131 | period=10 | mass_unload=true | осталось 32 из 66 ваг.
    ПРИЧИНА: все Load-спросы уже закрыты (Load-дуг 338, Wash-дуг 0; везде rem_demand=0).
  [s_idx  239] Блюхер (Экспорт) | тип=БК | ЕТСНГ=018038 | period=10 | mass_unload=false | осталось 4 из 4 ваг.
    ПРИЧИНА: все Load-спросы уже закрыты (Load-дуг 326, Wash-дуг 0; везде rem_demand=0).
  [s_idx  253] Выселки | тип=БКТ | ЕТСНГ=542224 | period=10 | mass_unload=false | осталось 8 из 8 ваг.
    ПРИЧИНА: доступны только Wash-дуги (36 шт., мин. стоимость 87719 руб./ваг.). В модели Wash не имеет штрафа за незаполнение,
             а excess_supply бесплатный — отправка только увеличила бы obj, MIP корректно оставил вагоны в остатке.
  [s_idx  254] Рыбинск-Товарный | тип=БКТ | ЕТСНГ=542224 | period=10 | mass_unload=false | осталось 1 из 1 ваг.
    ПРИЧИНА: доступны только Wash-дуги (36 шт., мин. стоимость 124247 руб./ваг.). В модели Wash не имеет штрафа за незаполнение,
             а excess_supply бесплатный — отправка только увеличила бы obj, MIP корректно оставил вагоны в остатке.
  [s_idx  255] Сангачалы | тип=БКТ | ЕТСНГ=011005 | period=10 | mass_unload=false | осталось 8 из 11 ваг.
    ПРИЧИНА: все Load-спросы уже закрыты (Load-дуг 340, Wash-дуг 0; везде rem_demand=0).
  [s_idx  257] Лиепая (Экспорт) | тип=Т | ЕТСНГ=011005 | period=10 | mass_unload=true | осталось 11 из 11 ваг.
    ПРИЧИНА: все Load-спросы уже закрыты (Load-дуг 329, Wash-дуг 0; везде rem_demand=0).
  [s_idx  259] Ардым | тип=БК | ЕТСНГ=542224 | period=10 | mass_unload=false | осталось 3 из 3 ваг.
    ПРИЧИНА: доступны только Wash-дуги (36 шт., мин. стоимость 125153 руб./ваг.). В модели Wash не имеет штрафа за незаполнение,
             а excess_supply бесплатный — отправка только увеличила бы obj, MIP корректно оставил вагоны в остатке.
  [s_idx  260] Зарафшон | тип=БКТ | ЕТСНГ=542050 | period=10 | mass_unload=false | осталось 1 из 1 ваг.
    ПРИЧИНА: все Load-спросы уже закрыты (Load-дуг 316, Wash-дуг 0; везде rem_demand=0).
  [s_idx  262] Гянджа | тип=БКТ | ЕТСНГ=011005 | period=10 | mass_unload=false | осталось 4 из 4 ваг.
    ПРИЧИНА: все Load-спросы уже закрыты (Load-дуг 341, Wash-дуг 0; везде rem_demand=0).
  [s_idx  270] Туапсе-Сортировочная (Экспорт) | тип=Т | ЕТСНГ=505028 | period=10 | mass_unload=false | осталось 13 из 13 ваг.
    ПРИЧИНА: доступны только Wash-дуги (36 шт., мин. стоимость 122610 руб./ваг.). В модели Wash не имеет штрафа за незаполнение,
             а excess_supply бесплатный — отправка только увеличила бы obj, MIP корректно оставил вагоны в остатке.
  [s_idx  272] Даларик | тип=БК | ЕТСНГ=011005 | period=10 | mass_unload=false | осталось 13 из 13 ваг.
    ПРИЧИНА: все Load-спросы уже закрыты (Load-дуг 327, Wash-дуг 0; везде rem_demand=0).
  [s_idx  283] Почеп | тип=БКТ | ЕТСНГ=542224 | period=10 | mass_unload=false | осталось 4 из 6 ваг.
    ПРИЧИНА: доступны только Wash-дуги (36 шт., мин. стоимость 85949 руб./ваг.). В модели Wash не имеет штрафа за незаполнение,
             а excess_supply бесплатный — отправка только увеличила бы obj, MIP корректно оставил вагоны в остатке.
  [s_idx  285] Блюхер (Экспорт) | тип=БКТ | ЕТСНГ=011005 | period=10 | mass_unload=false | осталось 16 из 16 ваг.
    ПРИЧИНА: все Load-спросы уже закрыты (Load-дуг 338, Wash-дуг 0; везде rem_demand=0).
  [s_idx  286] Гродеково (Экспорт на КЖД [Китай]) | тип=БКТ | ЕТСНГ=015006 | period=10 | mass_unload=false | осталось 6 из 6 ваг.
    ПРИЧИНА: все Load-спросы уже закрыты (Load-дуг 339, Wash-дуг 0; везде rem_demand=0).
  [s_idx  289] Блюхер (Экспорт) | тип=Т | ЕТСНГ=011005 | period=10 | mass_unload=false | осталось 6 из 6 ваг.
    ПРИЧИНА: все Load-спросы уже закрыты (Load-дуг 326, Wash-дуг 0; везде rem_demand=0).
  [s_idx  291] Поти (Порт, Экспорт) | тип=Т | ЕТСНГ=018131 | period=10 | mass_unload=true | осталось 51 из 51 ваг.
    ПРИЧИНА: все Load-спросы уже закрыты (Load-дуг 327, Wash-дуг 0; везде rem_demand=0).
  [s_idx  294] Новый Порт (Экспорт) | тип=БК | ЕТСНГ=542296 | period=10 | mass_unload=true | осталось 4 из 4 ваг.
    ПРИЧИНА: доступны только Wash-дуги (36 шт., мин. стоимость 113205 руб./ваг.). В модели Wash не имеет штрафа за незаполнение,
             а excess_supply бесплатный — отправка только увеличила бы obj, MIP корректно оставил вагоны в остатке.
  [s_idx  314] Душанбе 2 | тип=БКТ | ЕТСНГ=542050 | period=10 | mass_unload=false | осталось 1 из 1 ваг.
    ПРИЧИНА: все Load-спросы уже закрыты (Load-дуг 178, Wash-дуг 0; везде rem_demand=0).
  [s_idx  323] Асака | тип=БКТ | ЕТСНГ=542050 | period=10 | mass_unload=false | осталось 2 из 2 ваг.
    ПРИЧИНА: все Load-спросы уже закрыты (Load-дуг 326, Wash-дуг 0; везде rem_demand=0).
  [s_idx  330] Ереван | тип=БКТ | ЕТСНГ=014003 | period=10 | mass_unload=false | осталось 36 из 36 ваг.
    ПРИЧИНА: все Load-спросы уже закрыты (Load-дуг 338, Wash-дуг 0; везде rem_demand=0).
  [s_idx  337] Ереван | тип=Т | ЕТСНГ=014003 | period=10 | mass_unload=false | осталось 8 из 8 ваг.
    ПРИЧИНА: все Load-спросы уже закрыты (Load-дуг 326, Wash-дуг 0; везде rem_demand=0).
  [s_idx  339] Селикса | тип=БКТ | ЕТСНГ=542224 | period=10 | mass_unload=false | осталось 14 из 14 ваг.
    ПРИЧИНА: доступны только Wash-дуги (36 шт., мин. стоимость 125187 руб./ваг.). В модели Wash не имеет штрафа за незаполнение,
             а excess_supply бесплатный — отправка только увеличила бы obj, MIP корректно оставил вагоны в остатке.
  [s_idx  345] Гродеково (Экспорт на КЖД [Китай]) | тип=БК | ЕТСНГ=015006 | period=10 | mass_unload=false | осталось 5 из 5 ваг.
    ПРИЧИНА: все Load-спросы уже закрыты (Load-дуг 327, Wash-дуг 0; везде rem_demand=0).
  [s_idx  352] Готня | тип=БКТ | ЕТСНГ=542224 | period=10 | mass_unload=false | осталось 4 из 4 ваг.
    ПРИЧИНА: доступны только Wash-дуги (36 шт., мин. стоимость 158366 руб./ваг.). В модели Wash не имеет штрафа за незаполнение,
             а excess_supply бесплатный — отправка только увеличила бы obj, MIP корректно оставил вагоны в остатке.
  [s_idx  361] Ишим | тип=БКТ | ЕТСНГ=542239 | period=10 | mass_unload=false | осталось 2 из 2 ваг.
    ПРИЧИНА: доступны только Wash-дуги (36 шт., мин. стоимость 163487 руб./ваг.). В модели Wash не имеет штрафа за незаполнение,
             а excess_supply бесплатный — отправка только увеличила бы obj, MIP корректно оставил вагоны в остатке.
  [s_idx  369] Ереван | тип=БК | ЕТСНГ=011005 | period=10 | mass_unload=false | осталось 4 из 4 ваг.
    ПРИЧИНА: все Load-спросы уже закрыты (Load-дуг 326, Wash-дуг 0; везде rem_demand=0).
  [s_idx  373] Блюхер (Экспорт) | тип=БКТ | ЕТСНГ=018038 | period=10 | mass_unload=false | осталось 3 из 3 ваг.
    ПРИЧИНА: все Load-спросы уже закрыты (Load-дуг 338, Wash-дуг 0; везде rem_demand=0).
  [s_idx  376] Блюхер (Экспорт) | тип=БК | ЕТСНГ=011005 | period=10 | mass_unload=false | осталось 2 из 2 ваг.
    ПРИЧИНА: доступны только Wash-дуги (22 шт., мин. стоимость 160876 руб./ваг.). В модели Wash не имеет штрафа за незаполнение,
             а excess_supply бесплатный — отправка только увеличила бы obj, MIP корректно оставил вагоны в остатке.
  [s_idx  377] Поярково | тип=Т | ЕТСНГ=014003 | period=10 | mass_unload=false | осталось 1 из 1 ваг.
    ПРИЧИНА: все Load-спросы уже закрыты (Load-дуг 327, Wash-дуг 0; везде rem_demand=0).
  [s_idx  380] Базаиха | тип=БКТ | ЕТСНГ=542239 | period=10 | mass_unload=false | осталось 3 из 3 ваг.
    ПРИЧИНА: доступны только Wash-дуги (36 шт., мин. стоимость 84008 руб./ваг.). В модели Wash не имеет штрафа за незаполнение,
             а excess_supply бесплатный — отправка только увеличила бы obj, MIP корректно оставил вагоны в остатке.
  [s_idx  385] Селикса | тип=БК | ЕТСНГ=542224 | period=10 | mass_unload=false | осталось 5 из 5 ваг.
    ПРИЧИНА: доступны только Wash-дуги (36 шт., мин. стоимость 125187 руб./ваг.). В модели Wash не имеет штрафа за незаполнение,
             а excess_supply бесплатный — отправка только увеличила бы obj, MIP корректно оставил вагоны в остатке.
  [s_idx  386] Ереван | тип=БК | ЕТСНГ=014003 | period=10 | mass_unload=false | осталось 4 из 4 ваг.
    ПРИЧИНА: все Load-спросы уже закрыты (Load-дуг 326, Wash-дуг 0; везде rem_demand=0).
  [s_idx  389] Астара (Экспорт) | тип=БКТ | ЕТСНГ=014003 | period=10 | mass_unload=false | осталось 2 из 2 ваг.
    ПРИЧИНА: все Load-спросы уже закрыты (Load-дуг 339, Wash-дуг 0; везде rem_demand=0).
  [s_idx  390] Денов | тип=Т | ЕТСНГ=011005 | period=10 | mass_unload=false | осталось 5 из 5 ваг.
    ПРИЧИНА: все Load-спросы уже закрыты (Load-дуг 262, Wash-дуг 0; везде rem_demand=0).
  [s_idx  396] Хабаровск 1 | тип=БКТ | ЕТСНГ=018112 | period=10 | mass_unload=false | осталось 2 из 2 ваг.
    ПРИЧИНА: все Load-спросы уже закрыты (Load-дуг 339, Wash-дуг 0; везде rem_demand=0).
  [s_idx  398] Уссурийск | тип=БКТ | ЕТСНГ=011005 | period=10 | mass_unload=false | осталось 7 из 7 ваг.
    ПРИЧИНА: все Load-спросы уже закрыты (Load-дуг 339, Wash-дуг 0; везде rem_demand=0).
  [s_idx  400] Новый Порт | тип=БКТ | ЕТСНГ=505028 | period=10 | mass_unload=false | осталось 2 из 2 ваг.
    ПРИЧИНА: доступны только Wash-дуги (36 шт., мин. стоимость 113205 руб./ваг.). В модели Wash не имеет штрафа за незаполнение,
             а excess_supply бесплатный — отправка только увеличила бы obj, MIP корректно оставил вагоны в остатке.
  [s_idx  405] Входная | тип=БКТ | ЕТСНГ=— | period=10 | mass_unload=false | осталось 1 из 1 ваг.
    ПРИЧИНА: доступны только Wash-дуги (36 шт., мин. стоимость 122742 руб./ваг.). В модели Wash не имеет штрафа за незаполнение,
             а excess_supply бесплатный — отправка только увеличила бы obj, MIP корректно оставил вагоны в остатке.
  [s_idx  406] Евсино | тип=БК | ЕТСНГ=542239 | period=10 | mass_unload=false | осталось 1 из 1 ваг.
    ПРИЧИНА: доступны только Wash-дуги (36 шт., мин. стоимость 85609 руб./ваг.). В модели Wash не имеет штрафа за незаполнение,
             а excess_supply бесплатный — отправка только увеличила бы obj, MIP корректно оставил вагоны в остатке.
  [s_idx  407] Лиепая (Экспорт) | тип=Т | ЕТСНГ=542239 | period=10 | mass_unload=true | осталось 2 из 2 ваг.
    ПРИЧИНА: все Load-спросы уже закрыты (Load-дуг 329, Wash-дуг 0; везде rem_demand=0).
  [s_idx  412] Егвард | тип=БКТ | ЕТСНГ=011005 | period=10 | mass_unload=false | осталось 1 из 1 ваг.
    ПРИЧИНА: все Load-спросы уже закрыты (Load-дуг 322, Wash-дуг 0; везде rem_demand=0).
  [s_idx  414] Готня | тип=Т | ЕТСНГ=542224 | period=10 | mass_unload=false | осталось 1 из 1 ваг.
    ПРИЧИНА: доступны только Wash-дуги (36 шт., мин. стоимость 158366 руб./ваг.). В модели Wash не имеет штрафа за незаполнение,
             а excess_supply бесплатный — отправка только увеличила бы obj, MIP корректно оставил вагоны в остатке.
  [s_idx  416] Уссурийск | тип=БК | ЕТСНГ=011005 | period=10 | mass_unload=false | осталось 7 из 7 ваг.
    ПРИЧИНА: все Load-спросы уже закрыты (Load-дуг 327, Wash-дуг 0; везде rem_demand=0).
  [s_idx  419] Астара (Экспорт) | тип=БКТ | ЕТСНГ=011005 | period=10 | mass_unload=false | осталось 6 из 6 ваг.
    ПРИЧИНА: все Load-спросы уже закрыты (Load-дуг 339, Wash-дуг 0; везде rem_demand=0).
  [s_idx  428] Марнеули | тип=БК | ЕТСНГ=— | period=10 | mass_unload=false | осталось 1 из 1 ваг.
    ПРИЧИНА: все Load-спросы уже закрыты (Load-дуг 327, Wash-дуг 0; везде rem_demand=0).
  [s_idx  430] Блюхер (Экспорт) | тип=БК | ЕТСНГ=011005 | period=10 | mass_unload=false | осталось 6 из 6 ваг.
    ПРИЧИНА: все Load-спросы уже закрыты (Load-дуг 326, Wash-дуг 0; везде rem_demand=0).
  [s_idx  434] Курган | тип=БКТ | ЕТСНГ=542224 | period=10 | mass_unload=false | осталось 3 из 3 ваг.
    ПРИЧИНА: доступны только Wash-дуги (36 шт., мин. стоимость 124283 руб./ваг.). В модели Wash не имеет штрафа за незаполнение,
             а excess_supply бесплатный — отправка только увеличила бы obj, MIP корректно оставил вагоны в остатке.
  [s_idx  436] Уссурийск | тип=Т | ЕТСНГ=011005 | period=10 | mass_unload=false | осталось 1 из 1 ваг.
    ПРИЧИНА: все Load-спросы уже закрыты (Load-дуг 327, Wash-дуг 0; везде rem_demand=0).
  [s_idx  444] Порт Оля (Экспорт) | тип=БКТ | ЕТСНГ=542239 | period=10 | mass_unload=false | осталось 6 из 6 ваг.
    ПРИЧИНА: доступны только Wash-дуги (36 шт., мин. стоимость 124679 руб./ваг.). В модели Wash не имеет штрафа за незаполнение,
             а excess_supply бесплатный — отправка только увеличила бы obj, MIP корректно оставил вагоны в остатке.
  [s_idx  454] Азов | тип=БК | ЕТСНГ=505028 | period=10 | mass_unload=false | осталось 1 из 1 ваг.
    ПРИЧИНА: доступны только Wash-дуги (36 шт., мин. стоимость 121774 руб./ваг.). В модели Wash не имеет штрафа за незаполнение,
             а excess_supply бесплатный — отправка только увеличила бы obj, MIP корректно оставил вагоны в остатке.
  [s_idx  455] Лиепая (Экспорт) | тип=БКТ | ЕТСНГ=542239 | period=10 | mass_unload=true | осталось 9 из 9 ваг.
    ПРИЧИНА: все Load-спросы уже закрыты (Load-дуг 341, Wash-дуг 0; везде rem_demand=0).
  [s_idx  456] Селикса | тип=Т | ЕТСНГ=542224 | period=10 | mass_unload=false | осталось 3 из 3 ваг.
    ПРИЧИНА: доступны только Wash-дуги (36 шт., мин. стоимость 125187 руб./ваг.). В модели Wash не имеет штрафа за незаполнение,
             а excess_supply бесплатный — отправка только увеличила бы obj, MIP корректно оставил вагоны в остатке.
  [s_idx  458] Голышманово | тип=БК | ЕТСНГ=542224 | period=10 | mass_unload=false | осталось 2 из 2 ваг.
    ПРИЧИНА: доступны только Wash-дуги (36 шт., мин. стоимость 171135 руб./ваг.). В модели Wash не имеет штрафа за незаполнение,
             а excess_supply бесплатный — отправка только увеличила бы obj, MIP корректно оставил вагоны в остатке.
  [s_idx  469] Ханака | тип=Т | ЕТСНГ=542224 | period=10 | mass_unload=false | осталось 1 из 1 ваг.
    ПРИЧИНА: все Load-спросы уже закрыты (Load-дуг 263, Wash-дуг 0; везде rem_demand=0).
  [s_idx  472] Нижний Ломов | тип=БКТ | ЕТСНГ=542224 | period=10 | mass_unload=false | осталось 6 из 6 ваг.
    ПРИЧИНА: доступны только Wash-дуги (36 шт., мин. стоимость 163817 руб./ваг.). В модели Wash не имеет штрафа за незаполнение,
             а excess_supply бесплатный — отправка только увеличила бы obj, MIP корректно оставил вагоны в остатке.
  [s_idx  474] Курган | тип=БК | ЕТСНГ=542224 | period=10 | mass_unload=false | осталось 2 из 2 ваг.
    ПРИЧИНА: доступны только Wash-дуги (36 шт., мин. стоимость 124283 руб./ваг.). В модели Wash не имеет штрафа за незаполнение,
             а excess_supply бесплатный — отправка только увеличила бы obj, MIP корректно оставил вагоны в остатке.
  [s_idx  478] Астара (Экспорт) | тип=Т | ЕТСНГ=011005 | period=10 | mass_unload=false | осталось 1 из 1 ваг.
    ПРИЧИНА: все Load-спросы уже закрыты (Load-дуг 327, Wash-дуг 0; везде rem_demand=0).
  [s_idx  482] Егвард | тип=БК | ЕТСНГ=011005 | period=10 | mass_unload=false | осталось 7 из 7 ваг.
    ПРИЧИНА: все Load-спросы уже закрыты (Load-дуг 310, Wash-дуг 0; везде rem_demand=0).
  [s_idx  483] Астара (Экспорт) | тип=Т | ЕТСНГ=014003 | period=10 | mass_unload=false | осталось 2 из 2 ваг.
    ПРИЧИНА: все Load-спросы уже закрыты (Load-дуг 327, Wash-дуг 0; везде rem_demand=0).
  [s_idx  484] Блюхер (Экспорт) | тип=БКТ | ЕТСНГ=011005 | period=10 | mass_unload=false | осталось 4 из 4 ваг.
    ПРИЧИНА: доступны только Wash-дуги (36 шт., мин. стоимость 160876 руб./ваг.). В модели Wash не имеет штрафа за незаполнение,
             а excess_supply бесплатный — отправка только увеличила бы obj, MIP корректно оставил вагоны в остатке.
  [s_idx  494] Менделеево | тип=БКТ | ЕТСНГ=542239 | period=10 | mass_unload=false | осталось 1 из 1 ваг.
    ПРИЧИНА: доступны только Wash-дуги (36 шт., мин. стоимость 170560 руб./ваг.). В модели Wash не имеет штрафа за незаполнение,
             а excess_supply бесплатный — отправка только увеличила бы obj, MIP корректно оставил вагоны в остатке.
  [s_idx  495] Красная Речка | тип=БКТ | ЕТСНГ=015006 | period=10 | mass_unload=false | осталось 1 из 1 ваг.
    ПРИЧИНА: все Load-спросы уже закрыты (Load-дуг 339, Wash-дуг 0; везде rem_demand=0).
  [s_idx  500] Даларик | тип=Т | ЕТСНГ=011005 | period=10 | mass_unload=false | осталось 3 из 3 ваг.
    ПРИЧИНА: все Load-спросы уже закрыты (Load-дуг 327, Wash-дуг 0; везде rem_demand=0).
  [s_idx  503] Гродеково (Экспорт на КЖД [Китай]) | тип=Т | ЕТСНГ=015006 | period=10 | mass_unload=false | осталось 4 из 4 ваг.
    ПРИЧИНА: все Load-спросы уже закрыты (Load-дуг 327, Wash-дуг 0; везде rem_demand=0).
  [s_idx  510] Готня | тип=БК | ЕТСНГ=542224 | period=10 | mass_unload=false | осталось 2 из 2 ваг.
    ПРИЧИНА: доступны только Wash-дуги (36 шт., мин. стоимость 158366 руб./ваг.). В модели Wash не имеет штрафа за незаполнение,
             а excess_supply бесплатный — отправка только увеличила бы obj, MIP корректно оставил вагоны в остатке.
  [s_idx  511] Голышманово | тип=БКТ | ЕТСНГ=542224 | period=10 | mass_unload=false | осталось 3 из 3 ваг.
    ПРИЧИНА: доступны только Wash-дуги (36 шт., мин. стоимость 171135 руб./ваг.). В модели Wash не имеет штрафа за незаполнение,
             а excess_supply бесплатный — отправка только увеличила бы obj, MIP корректно оставил вагоны в остатке.
  [s_idx  516] Поярково | тип=БКТ | ЕТСНГ=014003 | period=10 | mass_unload=false | осталось 1 из 1 ваг.
    ПРИЧИНА: все Load-спросы уже закрыты (Load-дуг 339, Wash-дуг 0; везде rem_demand=0).
  [s_idx  519] Хабаровск 1 | тип=Т | ЕТСНГ=018112 | period=10 | mass_unload=false | осталось 1 из 1 ваг.
    ПРИЧИНА: все Load-спросы уже закрыты (Load-дуг 327, Wash-дуг 0; везде rem_demand=0).
  [s_idx  521] Ереван | тип=Т | ЕТСНГ=011005 | period=10 | mass_unload=false | осталось 3 из 3 ваг.
    ПРИЧИНА: все Load-спросы уже закрыты (Load-дуг 326, Wash-дуг 0; везде rem_demand=0).
  [s_idx  523] Уссурийск | тип=БК | ЕТСНГ=— | period=10 | mass_unload=false | осталось 1 из 1 ваг.
    ПРИЧИНА: все Load-спросы уже закрыты (Load-дуг 327, Wash-дуг 0; везде rem_demand=0).
  [s_idx  529] Галаба (Экспорт) | тип=БК | ЕТСНГ=015006 | period=10 | mass_unload=false | осталось 1 из 1 ваг.
    ПРИЧИНА: все Load-спросы уже закрыты (Load-дуг 300, Wash-дуг 0; везде rem_demand=0).
  [s_idx  542] Сургут | тип=БК | ЕТСНГ=542224 | period=10 | mass_unload=false | осталось 2 из 2 ваг.
    ПРИЧИНА: доступны только Wash-дуги (36 шт., мин. стоимость 219293 руб./ваг.). В модели Wash не имеет штрафа за незаполнение,
             а excess_supply бесплатный — отправка только увеличила бы obj, MIP корректно оставил вагоны в остатке.
  [s_idx  543] Хабаровск 1 | тип=БКТ | ЕТСНГ=— | period=10 | mass_unload=false | осталось 1 из 1 ваг.
    ПРИЧИНА: все Load-спросы уже закрыты (Load-дуг 339, Wash-дуг 0; везде rem_demand=0).
  [s_idx  545] Красная Речка | тип=БК | ЕТСНГ=015006 | period=10 | mass_unload=false | осталось 1 из 1 ваг.
    ПРИЧИНА: все Load-спросы уже закрыты (Load-дуг 327, Wash-дуг 0; везде rem_demand=0).
  [s_idx  547] Коченево | тип=БК | ЕТСНГ=542224 | period=10 | mass_unload=false | осталось 1 из 1 ваг.
    ПРИЧИНА: доступны только Wash-дуги (36 шт., мин. стоимость 84918 руб./ваг.). В модели Wash не имеет штрафа за незаполнение,
             а excess_supply бесплатный — отправка только увеличила бы obj, MIP корректно оставил вагоны в остатке.
  [s_idx  550] Невдубстрой | тип=БКТ | ЕТСНГ=542239 | period=10 | mass_unload=true | осталось 2 из 2 ваг.
    ПРИЧИНА: доступны только Wash-дуги (36 шт., мин. стоимость 82759 руб./ваг.). В модели Wash не имеет штрафа за незаполнение,
             а excess_supply бесплатный — отправка только увеличила бы obj, MIP корректно оставил вагоны в остатке.
  [s_idx  552] Забайкальск (Экспорт на КЖД [Китай]) | тип=БКТ | ЕТСНГ=013000 | period=10 | mass_unload=false | осталось 1 из 2 ваг.
    ПРИЧИНА: все Load-спросы уже закрыты (Load-дуг 339, Wash-дуг 0; везде rem_demand=0).
  [s_idx  553] Рыбинск-Товарный | тип=БК | ЕТСНГ=542224 | period=10 | mass_unload=false | осталось 3 из 3 ваг.
    ПРИЧИНА: доступны только Wash-дуги (36 шт., мин. стоимость 124247 руб./ваг.). В модели Wash не имеет штрафа за незаполнение,
             а excess_supply бесплатный — отправка только увеличила бы obj, MIP корректно оставил вагоны в остатке.
  [s_idx  558] Красная Речка | тип=БКТ | ЕТСНГ=015006 | period=10 | mass_unload=false | осталось 1 из 1 ваг.
    ПРИЧИНА: все Load-спросы уже закрыты (Load-дуг 339, Wash-дуг 0; везде rem_demand=0).
  [s_idx  562] Колышлей | тип=БК | ЕТСНГ=542224 | period=10 | mass_unload=false | осталось 3 из 3 ваг.
    ПРИЧИНА: доступны только Wash-дуги (36 шт., мин. стоимость 136886 руб./ваг.). В модели Wash не имеет штрафа за незаполнение,
             а excess_supply бесплатный — отправка только увеличила бы obj, MIP корректно оставил вагоны в остатке.
  [s_idx  563] Выселки | тип=БК | ЕТСНГ=542224 | period=10 | mass_unload=false | осталось 1 из 1 ваг.
    ПРИЧИНА: доступны только Wash-дуги (36 шт., мин. стоимость 87719 руб./ваг.). В модели Wash не имеет штрафа за незаполнение,
             а excess_supply бесплатный — отправка только увеличила бы obj, MIP корректно оставил вагоны в остатке.
  [s_idx  566] Уссурийск | тип=БКТ | ЕТСНГ=— | period=10 | mass_unload=false | осталось 1 из 1 ваг.
    ПРИЧИНА: все Load-спросы уже закрыты (Load-дуг 339, Wash-дуг 0; везде rem_demand=0).
  [s_idx  567] Ереван | тип=БКТ | ЕТСНГ=011005 | period=10 | mass_unload=false | осталось 3 из 3 ваг.
    ПРИЧИНА: все Load-спросы уже закрыты (Load-дуг 338, Wash-дуг 0; везде rem_demand=0).
  [s_idx  571] Порт Оля (Экспорт) | тип=БК | ЕТСНГ=542239 | period=10 | mass_unload=false | осталось 1 из 1 ваг.
    ПРИЧИНА: доступны только Wash-дуги (36 шт., мин. стоимость 124679 руб./ваг.). В модели Wash не имеет штрафа за незаполнение,
             а excess_supply бесплатный — отправка только увеличила бы obj, MIP корректно оставил вагоны в остатке.
  [s_idx  575] Гродеково (Экспорт на КЖД [Китай]) | тип=БКТ | ЕТСНГ=011005 | period=10 | mass_unload=false | осталось 1 из 1 ваг.
    ПРИЧИНА: все Load-спросы уже закрыты (Load-дуг 339, Wash-дуг 0; везде rem_demand=0).
  [s_idx  578] Новая Заимка | тип=БК | ЕТСНГ=542239 | period=10 | mass_unload=false | осталось 1 из 1 ваг.
    ПРИЧИНА: доступны только Wash-дуги (36 шт., мин. стоимость 165433 руб./ваг.). В модели Wash не имеет штрафа за незаполнение,
             а excess_supply бесплатный — отправка только увеличила бы obj, MIP корректно оставил вагоны в остатке.
  [s_idx  585] Базаиха | тип=Т | ЕТСНГ=542239 | period=10 | mass_unload=false | осталось 1 из 1 ваг.
    ПРИЧИНА: доступны только Wash-дуги (36 шт., мин. стоимость 84008 руб./ваг.). В модели Wash не имеет штрафа за незаполнение,
             а excess_supply бесплатный — отправка только увеличила бы obj, MIP корректно оставил вагоны в остатке.
  [s_idx  588] Ереван | тип=БКТ | ЕТСНГ=— | period=10 | mass_unload=false | осталось 1 из 1 ваг.
    ПРИЧИНА: все Load-спросы уже закрыты (Load-дуг 338, Wash-дуг 0; везде rem_demand=0).
  [s_idx  589] Гянджа | тип=Т | ЕТСНГ=011005 | period=10 | mass_unload=false | осталось 1 из 1 ваг.
    ПРИЧИНА: все Load-спросы уже закрыты (Load-дуг 329, Wash-дуг 0; везде rem_demand=0).
  [s_idx  599] Менделеево | тип=БК | ЕТСНГ=542239 | period=10 | mass_unload=false | осталось 1 из 1 ваг.
    ПРИЧИНА: доступны только Wash-дуги (36 шт., мин. стоимость 170560 руб./ваг.). В модели Wash не имеет штрафа за незаполнение,
             а excess_supply бесплатный — отправка только увеличила бы obj, MIP корректно оставил вагоны в остатке.
  [s_idx  600] Помары | тип=БК | ЕТСНГ=542224 | period=10 | mass_unload=false | осталось 1 из 1 ваг.
    ПРИЧИНА: доступны только Wash-дуги (36 шт., мин. стоимость 159638 руб./ваг.). В модели Wash не имеет штрафа за незаполнение,
             а excess_supply бесплатный — отправка только увеличила бы obj, MIP корректно оставил вагоны в остатке.
  [s_idx  604] Гродеково (Экспорт на КЖД [Китай]) | тип=БК | ЕТСНГ=011005 | period=10 | mass_unload=false | осталось 1 из 1 ваг.
    ПРИЧИНА: все Load-спросы уже закрыты (Load-дуг 327, Wash-дуг 0; везде rem_demand=0).

  СВОДКА ПО ПРИЧИНАМ:
    нет допустимых дуг                  узлов:   5, вагонов:   31
    доступны только Wash-дуги           узлов:  43, вагонов:  159
    все Load-адресаты закрыты           узлов: 107, вагонов: 3024
---------------------------------
MIP нашёл глобальный оптимум (gap=0.0099%) — фаза ALNS пропущена.
--- УТИЛИЗАЦИЯ КВОТ ДМЗИ ---
  ВСБ  период  1:    0 из    5 ваг.
  ВСБ  период 10:    0 из    7 ваг.
  ГОР  период  1:   46 из  397 ваг.
  ГОР  период 10:   31 из  557 ваг.
  ЗАБ  период  1:    0 из   22 ваг.
  ЗАБ  период 10:    0 из   32 ваг.
  ЗСБ  период  1:   36 из  710 ваг.
  ЗСБ  период 10:  277 из 1018 ваг.
  КБШ  период  1:  436 из  989 ваг.
  КБШ  период 10:  499 из 1397 ваг.
  КРС  период  1:    0 из    4 ваг.
  КРС  период 10:    0 из    6 ваг.
  МСК  период  1:  158 из  745 ваг.
  МСК  период 10:  436 из 1045 ваг.
  ОКТ  период  1:    0 из  315 ваг.
  ОКТ  период 10:    0 из  445 ваг.
  ПРВ  период  1:   38 из  939 ваг.
  ПРВ  период 10:  364 из 1315 ваг.
  СВР  период  1:   26 из  468 ваг.
  СВР  период 10:   19 из  702 ваг.
  СЕВ  период  1:    0 из   15 ваг.
  СЕВ  период 10:    3 из   21 ваг.
  ЮВС  период  1:  255 из 1508 ваг.
  ЮВС  период 10:  940 из 2130 ваг.
  ЮУР  период  1:   99 из  750 ваг.
  ЮУР  период 10:  182 из 1050 ваг.
----------------------------
Тарифов до отстоя:           2341 (станций излишка 57, станций отстоя 44)
В отстой: 1659 из 3214 ваг. излишка → 44 станций отстоя, тариф 82135738 руб.; не размещено 1555 ваг. (нет тарифа / ёмкость исчерпана)
Тарифов до путей погрузки:   1299 (станций излишка 18, станций погрузки 79)
На пути погрузки: 1524 из 1555 ваг. остатка → 25 станций (≥5 ваг./станция), тариф 101917257 руб.; не размещено 31 ваг.
Баланс отчёта оптимизации:   OK (7909 ваг. в записях = 7909 ваг. предложения)
Записей в отчёте (Excel):    1134 (1027 оптим. + 54 по факту + 53 в ремонт) / 8240 вагонов
  → в POST АПИ (период 1):   378 записей / 1820 вагонов
  → исключено (предл. 10, дислокация): 756 записей / 6420 вагонов
Чекпоинт сохранён:           tmp/checkpoint_2026-09-04_12-41-53.xlsx

======= РЕЗУЛЬТАТЫ ОПТИМИЗАЦИИ =======
Статус решателя:      MIP Optimal (gap=0.010%)
Назначено вагонов:    4695
Избыток предложения:  3214 ваг. (dummy-спрос)
  остаток по периодам предложения: p1=395 p10=2819 прочие=0
  из них в отстой (этап 2): 1659 ваг.
  из них на пути погрузки (этап 3): 1524 ваг.
Суммарная стоимость:  211118713 руб.
======================================

Результат сохранён:          tmp/result_20260904_124153.json
[SUCCESS] railoptim завершил работу успешно.
