[Чт 03 сен 2026 11:05:00 MSK] Запуск: /home/atretyakov/railoptim/app/bin/railoptim (env=prod, MIP_WARM_START=on)
stations_geo: 19494 записей, data/stations/stations_geo.sqlite (baltic=671, china_mongolia=339, cis=6263, ru=11848, south_caucasus=373)
Получено узлов спроса (погрузка): 320 или 4219 вагонов
Получено узлов предложения 1 сут.:  216 или 1009 вагонов
Получено узлов предложения всего:  216 или 1009 вагонов
  свободных для назначения:  158 или 926 вагонов
  требуют ремонта (В ремонт):18 или 32 вагонов
  по факту (Assigned):       40 или 51 вагонов
Дороги без промывки (NoCleaningRoads): 8
Коды «уже промыт/ремонт» (WashedEmptyEtsngCodes): 2
Ban-list чужих владельцев отстоя (reserve_owners.json): 4 пар (станция+ОКПО)
Узлов спроса (промывка):     36 или мощность в период 5 суток 2795 вагонов
  предложений с ЕТСНГ из списка промывки: 12 вагонов (освобождены по NoCleaningRoads: 7; из них есть узел погрузки с тем же ЕТСНГ на любой станции — альтернатива промывке по спросу: 9 вагонов)
Получено тарифов:            11435
Загружено ремонтных станций: 102
Тарифов до ремонтных ст.:    1011
Тарифов до промывки (с надбавкой 10000+40000=50000 руб.): 136
Ограничения ДМЗИ:            13 дорог (78 записей Ostatok)
  ВСБ  период 1 ≤    5, период 10 ≤    1 ваг.
  ГОР  период 1 ≤  345, период 10 ≤   80 ваг.
  ЗАБ  период 1 ≤   25, период 10 ≤    5 ваг.
  ЗСБ  период 1 ≤  725, период 10 ≤  154 ваг.
  КБШ  период 1 ≤ 1017, период 10 ≤  204 ваг.
  КРС  период 1 ≤    5, период 10 ≤    1 ваг.
  МСК  период 1 ≤  679, период 10 ≤  150 ваг.
  ОКТ  период 1 ≤  317, период 10 ≤   65 ваг.
  ПРВ  период 1 ≤  939, период 10 ≤  188 ваг.
  СВР  период 1 ≤  566, период 10 ≤  117 ваг.
  СЕВ  период 1 ≤   75, период 10 ≤   15 ваг.
  ЮВС  период 1 ≤ 1539, период 10 ≤  311 ваг.
  ЮУР  период 1 ≤  742, период 10 ≤  150 ваг.
БД отстоя обновлена:         получено 40 / записано 40 / без etran_id 0
Узлы отстоя (резервы):       61 узлов / ёмкость 1354 ваг. (записей в БД 190, дублей 0, отфильтровано 129, чужих по ban-list 389)
FREE_LOADROADS_STATS={"date_from": "2026-03-03", "date_to": "2026-09-03", "load_station_codes": 488, "cars_on_station_rows": 1907, "cars_total": 82438}
Свободные ёмкости путей:     77 крупных станций -> data/load_stations_free_capacity.json
Всего пар supply×demand:     56248
  без тарифа:                        10075 (17.9%)
  нарушение срока (жёстко):          0 (0.0%)
  несовм. тип вагона:                1199 (2.1%)
  грязный вагон → чужой ЕТСНГ:       2070 (3.7%)
  грязный: дальняя погрузка дороже промывки → в промывку: 37 (0.1%)
  допустимых дуг со штрафом за срок:   22400 (39.8%)
  допустимых дуг всего в LP:      42867 (76.2%)
Ограничения партии (MIN_BATCH): массовая выгрузка — 3894 дуг / 278 пар; средние станции — 14100 дуг / 1388 пар (станций образования: 14, погрузки: 102)
  маршрутные отправки (B=10): 573 дуг / 124 пар (станций образования: 16, маршрутных станций погрузки: 8)
--- АНАЛИЗ РЕСУРСОВ ---
Предложение: 926 ваг.
Спрос (погрузка): 4219 ваг.
Ёмкость промывки (верх): 2795 ваг.
Статус: ДЕФИЦИТ  (3293 ваг. — штрафные дуги)
-----------------------
--- ЖАДНОЕ РЕШЕНИЕ ---
Назначений:            257 шт.
Назначено вагонов:     896 / 4219 спрос (погрузка), 926 предложение
Суммарная стоимость:   57681546.95 руб.
Неудовлетворён спрос:  3330 ваг.
Избыток предложения:   30 ваг.
Покрытие спроса (погр.): 21.2%
----------------------
MIP warm-start: ON (greedy) (управляется env MIP_WARM_START={on|off}, по умолч. on)
--- MIP РЕШЕНИЕ ---
Статус:                MIP Optimal (gap=0.000%)
Назначено вагонов:     889 / 4219 спрос (погрузка), 926 предложение
Суммарная стоимость:   54046681.37 руб.
Неудовлетворён спрос:  3330 ваг.
Избыток предложения:   37 ваг.
Покрытие спроса (погр.): 21.1%
-------------------
MIP время: 5.50 сек (warm-start: ON)
MIP диагностика: status=Optimal, gap=0.0000%, undist=3367 (unmet=3330, excess=37), real_cost=54046681.37
MIP vs greedy:   greedy undist=3360 (unmet=3330, excess=30), real_cost=57681546.95  →  Δundist=+7, Δcost=-3634865.58
  ВНИМАНИЕ: MIP не закрыл 3330 ваг. спроса на погрузку (unmet > 0). Возможные причины:
           (а) PENALTY_UNMET ниже стоимости единственно допустимых плеч,
           (б) HiGHS остановился по rel_gap до закрытия всего спроса.
--- ДИАГНОСТИКА EXCESS SUPPLY (37 ваг. в 12 узлах) ---
  [s_idx   67] Красная Речка | тип=БК | ЕТСНГ=— | period=1 | mass_unload=false | осталось 1 из 1 ваг.
    ПРИЧИНА: доступны только Wash-дуги (36 шт., мин. стоимость 67638 руб./ваг.). В модели Wash не имеет штрафа за незаполнение,
             а excess_supply бесплатный — отправка только увеличила бы obj, MIP корректно оставил вагоны в остатке.
  [s_idx   84] Красноярск | тип=БКТ | ЕТСНГ=421034 | period=1 | mass_unload=false | осталось 9 из 9 ваг.
    ПРИЧИНА: нет ни одной допустимой дуги (нет тарифа, несовм. тип вагона или грязный груз).
  [s_idx   86] Красноярск | тип=БК | ЕТСНГ=421034 | period=1 | mass_unload=false | осталось 8 из 8 ваг.
    ПРИЧИНА: нет ни одной допустимой дуги (нет тарифа, несовм. тип вагона или грязный груз).
  [s_idx   88] Красноярск | тип=Прочие | ЕТСНГ=421034 | period=1 | mass_unload=false | осталось 1 из 1 ваг.
    ПРИЧИНА: нет ни одной допустимой дуги (нет тарифа, несовм. тип вагона или грязный груз).
  [s_idx   89] Красноярск | тип=Т | ЕТСНГ=421034 | period=1 | mass_unload=false | осталось 2 из 2 ваг.
    ПРИЧИНА: нет ни одной допустимой дуги (нет тарифа, несовм. тип вагона или грязный груз).
  [s_idx  114] Ожерелье | тип=БКТ | ЕТСНГ=— | period=1 | mass_unload=false | осталось 3 из 3 ваг.
    ПРИЧИНА: доступны только Wash-дуги (36 шт., мин. стоимость 56022 руб./ваг.). В модели Wash не имеет штрафа за незаполнение,
             а excess_supply бесплатный — отправка только увеличила бы obj, MIP корректно оставил вагоны в остатке.
  [s_idx  136] Ейск | тип=БК | ЕТСНГ=505028 | period=1 | mass_unload=false | осталось 2 из 2 ваг.
    ПРИЧИНА: доступны только Wash-дуги (36 шт., мин. стоимость 59154 руб./ваг.). В модели Wash не имеет штрафа за незаполнение,
             а excess_supply бесплатный — отправка только увеличила бы obj, MIP корректно оставил вагоны в остатке.
  [s_idx  137] Ейск | тип=Т | ЕТСНГ=505028 | period=1 | mass_unload=false | осталось 1 из 1 ваг.
    ПРИЧИНА: доступны только Wash-дуги (36 шт., мин. стоимость 59154 руб./ваг.). В модели Wash не имеет штрафа за незаполнение,
             а excess_supply бесплатный — отправка только увеличила бы obj, MIP корректно оставил вагоны в остатке.
  [s_idx  138] Тарасовка | тип=БК | ЕТСНГ=421034 | period=1 | mass_unload=false | осталось 7 из 7 ваг.
    ПРИЧИНА: нет ни одной допустимой дуги (нет тарифа, несовм. тип вагона или грязный груз).
  [s_idx  140] Тарасовка | тип=Прочие | ЕТСНГ=421034 | period=1 | mass_unload=false | осталось 1 из 1 ваг.
    ПРИЧИНА: нет ни одной допустимой дуги (нет тарифа, несовм. тип вагона или грязный груз).
  [s_idx  141] Тарасовка | тип=БКТ | ЕТСНГ=421034 | period=1 | mass_unload=false | осталось 1 из 1 ваг.
    ПРИЧИНА: нет ни одной допустимой дуги (нет тарифа, несовм. тип вагона или грязный груз).
  [s_idx  142] Тарасовка | тип=Т | ЕТСНГ=421034 | period=1 | mass_unload=false | осталось 1 из 1 ваг.
    ПРИЧИНА: нет ни одной допустимой дуги (нет тарифа, несовм. тип вагона или грязный груз).

  СВОДКА ПО ПРИЧИНАМ:
    нет допустимых дуг                  узлов:   8, вагонов:   30
    доступны только Wash-дуги           узлов:   4, вагонов:    7
---------------------------------
MIP нашёл глобальный оптимум (gap=0.0000%) — фаза ALNS пропущена.
--- ДИАГНОСТИКА UNMET DEMAND (3330 ваг. в 235 узлах) ---
  [d_idx    0] Придача (ЮВС) | тип=Прочие | ЕТСНГ=011005 | период=1 | отправка=Маршрутная | не закрыто 17 из 17 ваг.
    ПРИЧИНА: дуги есть (139 шт.), но все совместимые узлы предложения исчерпаны — вагоны ушли на другие заявки (конкуренция за предложение).
  [d_idx    1] Пачелма (КБШ) | тип=Прочие | ЕТСНГ=011005 | период=1 | отправка=Повагонная | не закрыто 6 из 6 ваг.
    ПРИЧИНА: дуги есть (141 шт.), но все совместимые узлы предложения исчерпаны — вагоны ушли на другие заявки (конкуренция за предложение).
  [d_idx    2] Пачелма (КБШ) | тип=Прочие | ЕТСНГ=011005 | период=1 | отправка=Повагонная | не закрыто 10 из 10 ваг.
    ПРИЧИНА: дуги есть (141 шт.), но все совместимые узлы предложения исчерпаны — вагоны ушли на другие заявки (конкуренция за предложение).
  [d_idx    3] Заинск (КБШ) | тип=Прочие | ЕТСНГ=011005 | период=1 | отправка=Повагонная | не закрыто 24 из 24 ваг.
    ПРИЧИНА: дуги есть (142 шт.), но все совместимые узлы предложения исчерпаны — вагоны ушли на другие заявки (конкуренция за предложение).
  [d_idx    5] Лужки-Орловские (МСК) | тип=Прочие | ЕТСНГ=011005 | период=1 | отправка=Маршрутная | не закрыто 32 из 42 ваг.
    ПРИЧИНА: дуги есть (142 шт.), но все совместимые узлы предложения исчерпаны — вагоны ушли на другие заявки (конкуренция за предложение).
  [d_idx    6] Блохино (МСК) | тип=Прочие | ЕТСНГ=542072 | период=1 | отправка=Повагонная | не закрыто 8 из 8 ваг.
    ПРИЧИНА: дуги есть (136 шт.), но все совместимые узлы предложения исчерпаны — вагоны ушли на другие заявки (конкуренция за предложение).
  [d_idx    7] Нурлат (КБШ) | тип=Прочие | ЕТСНГ=011005 | период=1 | отправка=Повагонная | не закрыто 3 из 3 ваг.
    ПРИЧИНА: дуги есть (139 шт.), но все совместимые узлы предложения исчерпаны — вагоны ушли на другие заявки (конкуренция за предложение).
  [d_idx    9] Романовка (ЮВС) | тип=Прочие | ЕТСНГ=014003 | период=1 | отправка=Повагонная | не закрыто 8 из 8 ваг.
    ПРИЧИНА: дуги есть (142 шт.), но все совместимые узлы предложения исчерпаны — вагоны ушли на другие заявки (конкуренция за предложение).
  [d_idx   10] Ишим (СВР) | тип=Прочие | ЕТСНГ=505028 | период=1 | отправка=Повагонная | не закрыто 1 из 1 ваг.
    ПРИЧИНА: дуги есть (142 шт.), но все совместимые узлы предложения исчерпаны — вагоны ушли на другие заявки (конкуренция за предложение).
  [d_idx   11] Студенец (КБШ) | тип=Прочие | ЕТСНГ=011005 | период=1 | отправка=Повагонная | не закрыто 1 из 1 ваг.
    ПРИЧИНА: дуги есть (141 шт.), но все совместимые узлы предложения исчерпаны — вагоны ушли на другие заявки (конкуренция за предложение).
  [d_idx   12] Карбышево 2 (ЗСБ) | тип=Прочие | ЕТСНГ=011005 | период=1 | отправка=Повагонная | не закрыто 19 из 20 ваг.
    ПРИЧИНА: дуги есть (142 шт.), но все совместимые узлы предложения исчерпаны — вагоны ушли на другие заявки (конкуренция за предложение).
  [d_idx   13] Хомутово (МСК) | тип=Прочие | ЕТСНГ=011005 | период=1 | отправка=Повагонная | не закрыто 6 из 6 ваг.
    ПРИЧИНА: дуги есть (139 шт.), но все совместимые узлы предложения исчерпаны — вагоны ушли на другие заявки (конкуренция за предложение).
  [d_idx   14] Асекеево (КБШ) | тип=Прочие | ЕТСНГ=011005 | период=1 | отправка=Повагонная | не закрыто 8 из 8 ваг.
    ПРИЧИНА: дуги есть (138 шт.), но все совместимые узлы предложения исчерпаны — вагоны ушли на другие заявки (конкуренция за предложение).
  [d_idx   16] Золотухино (МСК) | тип=Прочие | ЕТСНГ=014003 | период=1 | отправка=Повагонная | не закрыто 29 из 29 ваг.
    ПРИЧИНА: дуги есть (141 шт.), но все совместимые узлы предложения исчерпаны — вагоны ушли на другие заявки (конкуренция за предложение).
  [d_idx   17] Земетчино (КБШ) | тип=Прочие | ЕТСНГ=542072 | период=1 | отправка=Повагонная | не закрыто 5 из 5 ваг.
    ПРИЧИНА: дуги есть (142 шт.), но все совместимые узлы предложения исчерпаны — вагоны ушли на другие заявки (конкуренция за предложение).
  [d_idx   18] Змиевка (МСК) | тип=Прочие | ЕТСНГ=018112 | период=1 | отправка=Повагонная | не закрыто 1 из 1 ваг.
    ПРИЧИНА: дуги есть (141 шт.), но все совместимые узлы предложения исчерпаны — вагоны ушли на другие заявки (конкуренция за предложение).
  [d_idx   20] Белое Озеро (КБШ) | тип=Прочие | ЕТСНГ=011005 | период=1 | отправка=Повагонная | не закрыто 8 из 8 ваг.
    ПРИЧИНА: дуги есть (141 шт.), но все совместимые узлы предложения исчерпаны — вагоны ушли на другие заявки (конкуренция за предложение).
  [d_idx   21] Верда (КБШ) | тип=Прочие | ЕТСНГ=011005 | период=1 | отправка=Повагонная | не закрыто 2 из 2 ваг.
    ПРИЧИНА: дуги есть (139 шт.), но все совместимые узлы предложения исчерпаны — вагоны ушли на другие заявки (конкуренция за предложение).
  [d_idx   22] Елец (ЮВС) | тип=Прочие | ЕТСНГ=542224 | период=1 | отправка=Повагонная | не закрыто 1 из 1 ваг.
    ПРИЧИНА: дуги есть (143 шт.), но все совместимые узлы предложения исчерпаны — вагоны ушли на другие заявки (конкуренция за предложение).
  [d_idx   23] Тоцкая (ЮУР) | тип=Прочие | ЕТСНГ=014003 | период=1 | отправка=Повагонная | не закрыто 4 из 4 ваг.
    ПРИЧИНА: дуги есть (142 шт.), но все совместимые узлы предложения исчерпаны — вагоны ушли на другие заявки (конкуренция за предложение).
  [d_idx   24] Охотничья (КБШ) | тип=Прочие | ЕТСНГ=011005 | период=1 | отправка=Повагонная | не закрыто 14 из 14 ваг.
    ПРИЧИНА: дуги есть (141 шт.), но все совместимые узлы предложения исчерпаны — вагоны ушли на другие заявки (конкуренция за предложение).
  [d_idx   25] Кантемировка (ЮВС) | тип=Прочие | ЕТСНГ=011005 | период=1 | отправка=Повагонная | не закрыто 14 из 14 ваг.
    ПРИЧИНА: дуги есть (140 шт.), но все совместимые узлы предложения исчерпаны — вагоны ушли на другие заявки (конкуренция за предложение).
  [d_idx   26] Кандры (КБШ) | тип=Прочие | ЕТСНГ=011005 | период=1 | отправка=Повагонная | не закрыто 3 из 3 ваг.
    ПРИЧИНА: дуги есть (139 шт.), но все совместимые узлы предложения исчерпаны — вагоны ушли на другие заявки (конкуренция за предложение).
  [d_idx   27] Бокино (ЮВС) | тип=Прочие | ЕТСНГ=011005 | период=2 | отправка=Маршрутная | не закрыто 43 из 43 ваг.
    ПРИЧИНА: дуги есть (137 шт.), но все совместимые узлы предложения исчерпаны — вагоны ушли на другие заявки (конкуренция за предложение).
  [d_idx   31] Кротовка (КБШ) | тип=Прочие | ЕТСНГ=011005 | период=2 | отправка=Повагонная | не закрыто 7 из 10 ваг.
    ПРИЧИНА: дуги есть (137 шт.), но все совместимые узлы предложения исчерпаны — вагоны ушли на другие заявки (конкуренция за предложение).
  [d_idx   32] Пачелма (КБШ) | тип=Прочие | ЕТСНГ=011005 | период=2 | отправка=Повагонная | не закрыто 10 из 10 ваг.
    ПРИЧИНА: дуги есть (139 шт.), но все совместимые узлы предложения исчерпаны — вагоны ушли на другие заявки (конкуренция за предложение).
  [d_idx   33] Пачелма (КБШ) | тип=Прочие | ЕТСНГ=011005 | период=2 | отправка=Повагонная | не закрыто 20 из 20 ваг.
    ПРИЧИНА: дуги есть (141 шт.), но все совместимые узлы предложения исчерпаны — вагоны ушли на другие заявки (конкуренция за предложение).
  [d_idx   35] Ильмень (ПРВ) | тип=Прочие | ЕТСНГ=011005 | период=2 | отправка=Повагонная | не закрыто 3 из 3 ваг.
    ПРИЧИНА: дуги есть (139 шт.), но все совместимые узлы предложения исчерпаны — вагоны ушли на другие заявки (конкуренция за предложение).
  [d_idx   36] Заинск (КБШ) | тип=Прочие | ЕТСНГ=011005 | период=2 | отправка=Повагонная | не закрыто 21 из 21 ваг.
    ПРИЧИНА: дуги есть (141 шт.), но все совместимые узлы предложения исчерпаны — вагоны ушли на другие заявки (конкуренция за предложение).
  [d_idx   37] Карламан (КБШ) | тип=Прочие | ЕТСНГ=011005 | период=2 | отправка=Повагонная | не закрыто 2 из 2 ваг.
    ПРИЧИНА: дуги есть (140 шт.), но все совместимые узлы предложения исчерпаны — вагоны ушли на другие заявки (конкуренция за предложение).
  [d_idx   38] Блохино (МСК) | тип=Прочие | ЕТСНГ=542072 | период=2 | отправка=Повагонная | не закрыто 2 из 2 ваг.
    ПРИЧИНА: дуги есть (136 шт.), но все совместимые узлы предложения исчерпаны — вагоны ушли на другие заявки (конкуренция за предложение).
  [d_idx   39] Жердевка (ЮВС) | тип=Прочие | ЕТСНГ=011005 | период=2 | отправка=Повагонная | не закрыто 12 из 12 ваг.
    ПРИЧИНА: дуги есть (142 шт.), но все совместимые узлы предложения исчерпаны — вагоны ушли на другие заявки (конкуренция за предложение).
  [d_idx   40] Обоянь (ЮВС) | тип=Прочие | ЕТСНГ=011005 | период=2 | отправка=Повагонная | не закрыто 9 из 9 ваг.
    ПРИЧИНА: дуги есть (144 шт.), но все совместимые узлы предложения исчерпаны — вагоны ушли на другие заявки (конкуренция за предложение).
  [d_idx   41] Романовка (ЮВС) | тип=Прочие | ЕТСНГ=014003 | период=2 | отправка=Повагонная | не закрыто 2 из 2 ваг.
    ПРИЧИНА: дуги есть (142 шт.), но все совместимые узлы предложения исчерпаны — вагоны ушли на другие заявки (конкуренция за предложение).
  [d_idx   42] Ишим (СВР) | тип=Прочие | ЕТСНГ=505028 | период=2 | отправка=Повагонная | не закрыто 3 из 3 ваг.
    ПРИЧИНА: дуги есть (141 шт.), но все совместимые узлы предложения исчерпаны — вагоны ушли на другие заявки (конкуренция за предложение).
  [d_idx   43] Студенец (КБШ) | тип=Прочие | ЕТСНГ=011005 | период=2 | отправка=Повагонная | не закрыто 19 из 19 ваг.
    ПРИЧИНА: дуги есть (139 шт.), но все совместимые узлы предложения исчерпаны — вагоны ушли на другие заявки (конкуренция за предложение).
  [d_idx   44] Карбышево 2 (ЗСБ) | тип=Прочие | ЕТСНГ=011005 | период=2 | отправка=Повагонная | не закрыто 17 из 20 ваг.
    ПРИЧИНА: дуги есть (142 шт.), но все совместимые узлы предложения исчерпаны — вагоны ушли на другие заявки (конкуренция за предложение).
  [d_idx   45] Хомутово (МСК) | тип=Прочие | ЕТСНГ=011005 | период=2 | отправка=Повагонная | не закрыто 6 из 6 ваг.
    ПРИЧИНА: дуги есть (139 шт.), но все совместимые узлы предложения исчерпаны — вагоны ушли на другие заявки (конкуренция за предложение).
  [d_idx   46] Асекеево (КБШ) | тип=Прочие | ЕТСНГ=011005 | период=2 | отправка=Повагонная | не закрыто 10 из 10 ваг.
    ПРИЧИНА: дуги есть (137 шт.), но все совместимые узлы предложения исчерпаны — вагоны ушли на другие заявки (конкуренция за предложение).
  [d_idx   47] Алексеевка (ЮВС) | тип=Прочие | ЕТСНГ=542239 | период=2 | отправка=Повагонная | не закрыто 13 из 15 ваг.
    ПРИЧИНА: дуги есть (142 шт.), но все совместимые узлы предложения исчерпаны — вагоны ушли на другие заявки (конкуренция за предложение).
  [d_idx   48] Приютово (КБШ) | тип=БКТ | ЕТСНГ=011005 | период=2 | отправка=Повагонная | не закрыто 16 из 16 ваг.
    ПРИЧИНА: дуги есть (41 шт.), но все совместимые узлы предложения исчерпаны — вагоны ушли на другие заявки (конкуренция за предложение).
  [d_idx   51] Телегино (ЮВС) | тип=Прочие | ЕТСНГ=011005 | период=2 | отправка=Повагонная | не закрыто 2 из 2 ваг.
    ПРИЧИНА: дуги есть (142 шт.), но все совместимые узлы предложения исчерпаны — вагоны ушли на другие заявки (конкуренция за предложение).
  [d_idx   52] Аткарск (ПРВ) | тип=Прочие | ЕТСНГ=542239 | период=2 | отправка=Повагонная | не закрыто 4 из 5 ваг.
    ПРИЧИНА: дуги есть (144 шт.), но все совместимые узлы предложения исчерпаны — вагоны ушли на другие заявки (конкуренция за предложение).
  [d_idx   56] Эртиль (ЮВС) | тип=Прочие | ЕТСНГ=542072 | период=2 | отправка=Повагонная | не закрыто 1 из 1 ваг.
    ПРИЧИНА: дуги есть (91 шт.), но все совместимые узлы предложения исчерпаны — вагоны ушли на другие заявки (конкуренция за предложение).
  [d_idx   57] Воробьевка (ЮВС) | тип=Прочие | ЕТСНГ=011005 | период=2 | отправка=Повагонная | не закрыто 5 из 5 ваг.
    ПРИЧИНА: дуги есть (134 шт.), но все совместимые узлы предложения исчерпаны — вагоны ушли на другие заявки (конкуренция за предложение).
  [d_idx   58] Шемордан (ГОР) | тип=Прочие | ЕТСНГ=014003 | период=2 | отправка=Повагонная | не закрыто 4 из 5 ваг.
    ПРИЧИНА: дуги есть (141 шт.), но все совместимые узлы предложения исчерпаны — вагоны ушли на другие заявки (конкуренция за предложение).
  [d_idx   60] Земетчино (КБШ) | тип=Прочие | ЕТСНГ=542072 | период=2 | отправка=Повагонная | не закрыто 15 из 15 ваг.
    ПРИЧИНА: дуги есть (140 шт.), но все совместимые узлы предложения исчерпаны — вагоны ушли на другие заявки (конкуренция за предложение).
  [d_idx   61] Змиевка (МСК) | тип=Прочие | ЕТСНГ=018112 | период=2 | отправка=Повагонная | не закрыто 1 из 1 ваг.
    ПРИЧИНА: дуги есть (140 шт.), но все совместимые узлы предложения исчерпаны — вагоны ушли на другие заявки (конкуренция за предложение).
  [d_idx   63] Измалково (МСК) | тип=БКТ | ЕТСНГ=011005 | период=2 | отправка=Групповая | не закрыто 22 из 24 ваг.
    ПРИЧИНА: дуги есть (41 шт.), но все совместимые узлы предложения исчерпаны — вагоны ушли на другие заявки (конкуренция за предложение).
  [d_idx   64] Красный Узел (ГОР) | тип=Прочие | ЕТСНГ=014003 | период=2 | отправка=Повагонная | не закрыто 1 из 1 ваг.
    ПРИЧИНА: дуги есть (141 шт.), но все совместимые узлы предложения исчерпаны — вагоны ушли на другие заявки (конкуренция за предложение).
  [d_idx   66] Белое Озеро (КБШ) | тип=Прочие | ЕТСНГ=011005 | период=2 | отправка=Повагонная | не закрыто 8 из 8 ваг.
    ПРИЧИНА: дуги есть (141 шт.), но все совместимые узлы предложения исчерпаны — вагоны ушли на другие заявки (конкуренция за предложение).
  [d_idx   68] Верда (КБШ) | тип=Прочие | ЕТСНГ=011005 | период=2 | отправка=Повагонная | не закрыто 26 из 26 ваг.
    ПРИЧИНА: дуги есть (139 шт.), но все совместимые узлы предложения исчерпаны — вагоны ушли на другие заявки (конкуренция за предложение).
  [d_idx   69] Битюг (ЮВС) | тип=Прочие | ЕТСНГ=011005 | период=2 | отправка=Повагонная | не закрыто 2 из 2 ваг.
    ПРИЧИНА: дуги есть (139 шт.), но все совместимые узлы предложения исчерпаны — вагоны ушли на другие заявки (конкуренция за предложение).
  [d_idx   70] Свобода (МСК) | тип=Прочие | ЕТСНГ=542072 | период=2 | отправка=Повагонная | не закрыто 3 из 3 ваг.
    ПРИЧИНА: дуги есть (138 шт.), но все совместимые узлы предложения исчерпаны — вагоны ушли на другие заявки (конкуренция за предложение).
  [d_idx   73] Чернышков (ПРВ) | тип=Прочие | ЕТСНГ=011005 | период=2 | отправка=Повагонная | не закрыто 27 из 57 ваг.
    ПРИЧИНА: дуги есть (141 шт.), но все совместимые узлы предложения исчерпаны — вагоны ушли на другие заявки (конкуренция за предложение).
  [d_idx   74] Тоцкая (ЮУР) | тип=Прочие | ЕТСНГ=014003 | период=2 | отправка=Повагонная | не закрыто 9 из 9 ваг.
    ПРИЧИНА: дуги есть (142 шт.), но все совместимые узлы предложения исчерпаны — вагоны ушли на другие заявки (конкуренция за предложение).
  [d_idx   75] Охотничья (КБШ) | тип=Прочие | ЕТСНГ=011005 | период=2 | отправка=Повагонная | не закрыто 2 из 11 ваг.
    ПРИЧИНА: дуги есть (141 шт.), но все совместимые узлы предложения исчерпаны — вагоны ушли на другие заявки (конкуренция за предложение).
  [d_idx   76] Аллагуват (КБШ) | тип=Прочие | ЕТСНГ=014003 | период=2 | отправка=Повагонная | не закрыто 5 из 5 ваг.
    ПРИЧИНА: дуги есть (137 шт.), но все совместимые узлы предложения исчерпаны — вагоны ушли на другие заявки (конкуренция за предложение).
  [d_idx   79] Кандры (КБШ) | тип=Прочие | ЕТСНГ=011005 | период=2 | отправка=Повагонная | не закрыто 20 из 20 ваг.
    ПРИЧИНА: дуги есть (137 шт.), но все совместимые узлы предложения исчерпаны — вагоны ушли на другие заявки (конкуренция за предложение).
  [d_idx   80] Новоспасское (КБШ) | тип=Прочие | ЕТСНГ=011005 | период=3 | отправка=Повагонная | не закрыто 7 из 7 ваг.
    ПРИЧИНА: дуги есть (141 шт.), но все совместимые узлы предложения исчерпаны — вагоны ушли на другие заявки (конкуренция за предложение).
  [d_idx   81] Раевка (КБШ) | тип=Прочие | ЕТСНГ=011005 | период=3 | отправка=Повагонная | не закрыто 1 из 7 ваг.
    ПРИЧИНА: дуги есть (142 шт.), но все совместимые узлы предложения исчерпаны — вагоны ушли на другие заявки (конкуренция за предложение).
  [d_idx   82] Плес (ПРВ) | тип=Прочие | ЕТСНГ=011005 | период=3 | отправка=Повагонная | не закрыто 8 из 8 ваг.
    ПРИЧИНА: дуги есть (111 шт.), но все совместимые узлы предложения исчерпаны — вагоны ушли на другие заявки (конкуренция за предложение).
  [d_idx   83] Ефремов (МСК) | тип=Прочие | ЕТСНГ=011005 | период=3 | отправка=Повагонная | не закрыто 2 из 2 ваг.
    ПРИЧИНА: дуги есть (141 шт.), но все совместимые узлы предложения исчерпаны — вагоны ушли на другие заявки (конкуренция за предложение).
  [d_idx   84] Кротовка (КБШ) | тип=Прочие | ЕТСНГ=011005 | период=3 | отправка=Повагонная | не закрыто 10 из 10 ваг.
    ПРИЧИНА: дуги есть (136 шт.), но все совместимые узлы предложения исчерпаны — вагоны ушли на другие заявки (конкуренция за предложение).
  [d_idx   85] Пачелма (КБШ) | тип=Прочие | ЕТСНГ=011005 | период=3 | отправка=Повагонная | не закрыто 6 из 6 ваг.
    ПРИЧИНА: дуги есть (140 шт.), но все совместимые узлы предложения исчерпаны — вагоны ушли на другие заявки (конкуренция за предложение).
  [d_idx   86] Пачелма (КБШ) | тип=Прочие | ЕТСНГ=011005 | период=3 | отправка=Повагонная | не закрыто 14 из 14 ваг.
    ПРИЧИНА: дуги есть (141 шт.), но все совместимые узлы предложения исчерпаны — вагоны ушли на другие заявки (конкуренция за предложение).
  [d_idx   88] Заинск (КБШ) | тип=Прочие | ЕТСНГ=011005 | период=3 | отправка=Повагонная | не закрыто 14 из 14 ваг.
    ПРИЧИНА: дуги есть (141 шт.), но все совместимые узлы предложения исчерпаны — вагоны ушли на другие заявки (конкуренция за предложение).
  [d_idx   89] Карламан (КБШ) | тип=Прочие | ЕТСНГ=011005 | период=3 | отправка=Повагонная | не закрыто 4 из 4 ваг.
    ПРИЧИНА: дуги есть (140 шт.), но все совместимые узлы предложения исчерпаны — вагоны ушли на другие заявки (конкуренция за предложение).
  [d_idx   90] Карламан (КБШ) | тип=Прочие | ЕТСНГ=011005 | период=3 | отправка=Повагонная | не закрыто 18 из 18 ваг.
    ПРИЧИНА: дуги есть (141 шт.), но все совместимые узлы предложения исчерпаны — вагоны ушли на другие заявки (конкуренция за предложение).
  [d_idx   93] Жердевка (ЮВС) | тип=Прочие | ЕТСНГ=011005 | период=3 | отправка=Повагонная | не закрыто 10 из 10 ваг.
    ПРИЧИНА: дуги есть (141 шт.), но все совместимые узлы предложения исчерпаны — вагоны ушли на другие заявки (конкуренция за предложение).
  [d_idx   94] Обоянь (ЮВС) | тип=Прочие | ЕТСНГ=011005 | период=3 | отправка=Повагонная | не закрыто 10 из 10 ваг.
    ПРИЧИНА: дуги есть (143 шт.), но все совместимые узлы предложения исчерпаны — вагоны ушли на другие заявки (конкуренция за предложение).
  [d_idx   95] Улусарка (ЮВС) | тип=БКТ | ЕТСНГ=011005 | период=3 | отправка=Маршрутная | не закрыто 44 из 44 ваг.
    ПРИЧИНА: дуги есть (41 шт.), но все совместимые узлы предложения исчерпаны — вагоны ушли на другие заявки (конкуренция за предложение).
  [d_idx   96] Елань-Камышинская (ЮВС) | тип=Прочие | ЕТСНГ=011005 | период=3 | отправка=Повагонная | не закрыто 3 из 3 ваг.
    ПРИЧИНА: дуги есть (139 шт.), но все совместимые узлы предложения исчерпаны — вагоны ушли на другие заявки (конкуренция за предложение).
  [d_idx   97] Ишим (СВР) | тип=Прочие | ЕТСНГ=011005 | период=3 | отправка=Повагонная | не закрыто 7 из 7 ваг.
    ПРИЧИНА: дуги есть (141 шт.), но все совместимые узлы предложения исчерпаны — вагоны ушли на другие заявки (конкуренция за предложение).
  [d_idx   98] Ишим (СВР) | тип=Прочие | ЕТСНГ=505028 | период=3 | отправка=Повагонная | не закрыто 1 из 1 ваг.
    ПРИЧИНА: дуги есть (141 шт.), но все совместимые узлы предложения исчерпаны — вагоны ушли на другие заявки (конкуренция за предложение).
  [d_idx  100] Асекеево (КБШ) | тип=БКТ | ЕТСНГ=011005 | период=3 | отправка=Повагонная | не закрыто 4 из 4 ваг.
    ПРИЧИНА: дуги есть (39 шт.), но все совместимые узлы предложения исчерпаны — вагоны ушли на другие заявки (конкуренция за предложение).
  [d_idx  101] Асекеево (КБШ) | тип=Прочие | ЕТСНГ=011005 | период=3 | отправка=Повагонная | не закрыто 10 из 10 ваг.
    ПРИЧИНА: дуги есть (137 шт.), но все совместимые узлы предложения исчерпаны — вагоны ушли на другие заявки (конкуренция за предложение).
  [d_idx  102] Буздяк (КБШ) | тип=Прочие | ЕТСНГ=011005 | период=3 | отправка=Повагонная | не закрыто 4 из 4 ваг.
    ПРИЧИНА: дуги есть (131 шт.), но все совместимые узлы предложения исчерпаны — вагоны ушли на другие заявки (конкуренция за предложение).
  [d_idx  103] Урюпино (ПРВ) | тип=Прочие | ЕТСНГ=542239 | период=3 | отправка=Повагонная | не закрыто 8 из 8 ваг.
    ПРИЧИНА: дуги есть (145 шт.), но все совместимые узлы предложения исчерпаны — вагоны ушли на другие заявки (конкуренция за предложение).
  [d_idx  106] Верховье (МСК) | тип=Прочие | ЕТСНГ=011005 | период=3 | отправка=Повагонная | не закрыто 3 из 3 ваг.
    ПРИЧИНА: дуги есть (142 шт.), но все совместимые узлы предложения исчерпаны — вагоны ушли на другие заявки (конкуренция за предложение).
  [d_idx  107] Алексеевка (ЮВС) | тип=Прочие | ЕТСНГ=542239 | период=3 | отправка=Повагонная | не закрыто 10 из 10 ваг.
    ПРИЧИНА: дуги есть (143 шт.), но все совместимые узлы предложения исчерпаны — вагоны ушли на другие заявки (конкуренция за предложение).
  [d_idx  108] Приютово (КБШ) | тип=БКТ | ЕТСНГ=011005 | период=3 | отправка=Повагонная | не закрыто 10 из 10 ваг.
    ПРИЧИНА: дуги есть (41 шт.), но все совместимые узлы предложения исчерпаны — вагоны ушли на другие заявки (конкуренция за предложение).
  [d_idx  110] Добринка (ЮВС) | тип=Прочие | ЕТСНГ=011005 | период=3 | отправка=Повагонная | не закрыто 18 из 18 ваг.
    ПРИЧИНА: дуги есть (141 шт.), но все совместимые узлы предложения исчерпаны — вагоны ушли на другие заявки (конкуренция за предложение).
  [d_idx  112] Солодча (ПРВ) | тип=Прочие | ЕТСНГ=011005 | период=3 | отправка=Повагонная | не закрыто 1 из 1 ваг.
    ПРИЧИНА: дуги есть (141 шт.), но все совместимые узлы предложения исчерпаны — вагоны ушли на другие заявки (конкуренция за предложение).
  [d_idx  114] Телегино (ЮВС) | тип=Прочие | ЕТСНГ=011005 | период=3 | отправка=Повагонная | не закрыто 10 из 10 ваг.
    ПРИЧИНА: дуги есть (142 шт.), но все совместимые узлы предложения исчерпаны — вагоны ушли на другие заявки (конкуренция за предложение).
  [d_idx  116] Эртиль (ЮВС) | тип=Прочие | ЕТСНГ=542072 | период=3 | отправка=Повагонная | не закрыто 5 из 5 ваг.
    ПРИЧИНА: дуги есть (91 шт.), но все совместимые узлы предложения исчерпаны — вагоны ушли на другие заявки (конкуренция за предложение).
  [d_idx  117] Воробьевка (ЮВС) | тип=Прочие | ЕТСНГ=011005 | период=3 | отправка=Повагонная | не закрыто 10 из 10 ваг.
    ПРИЧИНА: дуги есть (134 шт.), но все совместимые узлы предложения исчерпаны — вагоны ушли на другие заявки (конкуренция за предложение).
  [d_idx  118] Святославка (ЮВС) | тип=Прочие | ЕТСНГ=011005 | период=3 | отправка=Повагонная | не закрыто 4 из 4 ваг.
    ПРИЧИНА: дуги есть (138 шт.), но все совместимые узлы предложения исчерпаны — вагоны ушли на другие заявки (конкуренция за предложение).
  [d_idx  119] Шемордан (ГОР) | тип=Прочие | ЕТСНГ=014003 | период=3 | отправка=Повагонная | не закрыто 14 из 14 ваг.
    ПРИЧИНА: дуги есть (141 шт.), но все совместимые узлы предложения исчерпаны — вагоны ушли на другие заявки (конкуренция за предложение).
  [d_idx  120] Красногвардеец (ЮУР) | тип=Прочие | ЕТСНГ=011005 | период=3 | отправка=Повагонная | не закрыто 4 из 4 ваг.
    ПРИЧИНА: дуги есть (139 шт.), но все совместимые узлы предложения исчерпаны — вагоны ушли на другие заявки (конкуренция за предложение).
  [d_idx  122] Кривецкая (ЮВС) | тип=Прочие | ЕТСНГ=542072 | период=3 | отправка=Повагонная | не закрыто 20 из 20 ваг.
    ПРИЧИНА: дуги есть (135 шт.), но все совместимые узлы предложения исчерпаны — вагоны ушли на другие заявки (конкуренция за предложение).
  [d_idx  123] Золотухино (МСК) | тип=Прочие | ЕТСНГ=011005 | период=3 | отправка=Повагонная | не закрыто 7 из 7 ваг.
    ПРИЧИНА: дуги есть (142 шт.), но все совместимые узлы предложения исчерпаны — вагоны ушли на другие заявки (конкуренция за предложение).
  [d_idx  124] Земетчино (КБШ) | тип=Прочие | ЕТСНГ=542072 | период=3 | отправка=Повагонная | не закрыто 8 из 8 ваг.
    ПРИЧИНА: дуги есть (141 шт.), но все совместимые узлы предложения исчерпаны — вагоны ушли на другие заявки (конкуренция за предложение).
  [d_idx  126] Змиевка (МСК) | тип=Прочие | ЕТСНГ=011005 | период=3 | отправка=Повагонная | не закрыто 4 из 4 ваг.
    ПРИЧИНА: дуги есть (141 шт.), но все совместимые узлы предложения исчерпаны — вагоны ушли на другие заявки (конкуренция за предложение).
  [d_idx  127] Оренбург (ЮУР) | тип=Прочие | ЕТСНГ=011005 | период=3 | отправка=Повагонная | не закрыто 4 из 4 ваг.
    ПРИЧИНА: дуги есть (139 шт.), но все совместимые узлы предложения исчерпаны — вагоны ушли на другие заявки (конкуренция за предложение).
  [d_idx  129] Белое Озеро (КБШ) | тип=Прочие | ЕТСНГ=011005 | период=3 | отправка=Повагонная | не закрыто 8 из 8 ваг.
    ПРИЧИНА: дуги есть (139 шт.), но все совместимые узлы предложения исчерпаны — вагоны ушли на другие заявки (конкуренция за предложение).
  [d_idx  131] Ольха (ЮВС) | тип=Прочие | ЕТСНГ=542072 | период=3 | отправка=Повагонная | не закрыто 4 из 4 ваг.
    ПРИЧИНА: дуги есть (141 шт.), но все совместимые узлы предложения исчерпаны — вагоны ушли на другие заявки (конкуренция за предложение).
  [d_idx  132] Верда (КБШ) | тип=Прочие | ЕТСНГ=011005 | период=3 | отправка=Повагонная | не закрыто 8 из 8 ваг.
    ПРИЧИНА: дуги есть (139 шт.), но все совместимые узлы предложения исчерпаны — вагоны ушли на другие заявки (конкуренция за предложение).
  [d_idx  133] Битюг (ЮВС) | тип=Прочие | ЕТСНГ=011005 | период=3 | отправка=Повагонная | не закрыто 5 из 5 ваг.
    ПРИЧИНА: дуги есть (139 шт.), но все совместимые узлы предложения исчерпаны — вагоны ушли на другие заявки (конкуренция за предложение).
  [d_idx  134] Сампур (ЮВС) | тип=Прочие | ЕТСНГ=014003 | период=3 | отправка=Повагонная | не закрыто 3 из 3 ваг.
    ПРИЧИНА: дуги есть (140 шт.), но все совместимые узлы предложения исчерпаны — вагоны ушли на другие заявки (конкуренция за предложение).
  [d_idx  135] Новохоперск (ЮВС) | тип=Прочие | ЕТСНГ=011005 | период=3 | отправка=Повагонная | не закрыто 8 из 8 ваг.
    ПРИЧИНА: дуги есть (9 шт.), но все совместимые узлы предложения исчерпаны — вагоны ушли на другие заявки (конкуренция за предложение).
  [d_idx  136] Свобода (МСК) | тип=Прочие | ЕТСНГ=542072 | период=3 | отправка=Повагонная | не закрыто 15 из 15 ваг.
    ПРИЧИНА: дуги есть (138 шт.), но все совместимые узлы предложения исчерпаны — вагоны ушли на другие заявки (конкуренция за предложение).
  [d_idx  137] Платоновка (ЮВС) | тип=Прочие | ЕТСНГ=011005 | период=3 | отправка=Повагонная | не закрыто 5 из 5 ваг.
    ПРИЧИНА: дуги есть (142 шт.), но все совместимые узлы предложения исчерпаны — вагоны ушли на другие заявки (конкуренция за предложение).
  [d_idx  139] Елец (ЮВС) | тип=Прочие | ЕТСНГ=542224 | период=3 | отправка=Повагонная | не закрыто 4 из 4 ваг.
    ПРИЧИНА: дуги есть (142 шт.), но все совместимые узлы предложения исчерпаны — вагоны ушли на другие заявки (конкуренция за предложение).
  [d_idx  140] Елец (ЮВС) | тип=Прочие | ЕТСНГ=542224 | период=3 | отправка=Повагонная | не закрыто 1 из 1 ваг.
    ПРИЧИНА: дуги есть (144 шт.), но все совместимые узлы предложения исчерпаны — вагоны ушли на другие заявки (конкуренция за предложение).
  [d_idx  141] Елец (ЮВС) | тип=Прочие | ЕТСНГ=542224 | период=3 | отправка=Повагонная | не закрыто 1 из 1 ваг.
    ПРИЧИНА: дуги есть (143 шт.), но все совместимые узлы предложения исчерпаны — вагоны ушли на другие заявки (конкуренция за предложение).
  [d_idx  142] Тоцкая (ЮУР) | тип=Прочие | ЕТСНГ=014003 | период=3 | отправка=Повагонная | не закрыто 9 из 9 ваг.
    ПРИЧИНА: дуги есть (140 шт.), но все совместимые узлы предложения исчерпаны — вагоны ушли на другие заявки (конкуренция за предложение).
  [d_idx  143] Охотничья (КБШ) | тип=Прочие | ЕТСНГ=011005 | период=3 | отправка=Повагонная | не закрыто 11 из 11 ваг.
    ПРИЧИНА: дуги есть (141 шт.), но все совместимые узлы предложения исчерпаны — вагоны ушли на другие заявки (конкуренция за предложение).
  [d_idx  144] Кантемировка (ЮВС) | тип=Прочие | ЕТСНГ=011005 | период=3 | отправка=Повагонная | не закрыто 8 из 8 ваг.
    ПРИЧИНА: дуги есть (139 шт.), но все совместимые узлы предложения исчерпаны — вагоны ушли на другие заявки (конкуренция за предложение).
  [d_idx  145] Аллагуват (КБШ) | тип=Прочие | ЕТСНГ=014003 | период=3 | отправка=Повагонная | не закрыто 5 из 5 ваг.
    ПРИЧИНА: дуги есть (137 шт.), но все совместимые узлы предложения исчерпаны — вагоны ушли на другие заявки (конкуренция за предложение).
  [d_idx  147] Любинская (ЗСБ) | тип=БКТ | ЕТСНГ=011005 | период=3 | отправка=Групповая | не закрыто 4 из 4 ваг.
    ПРИЧИНА: дуги есть (40 шт.), но все совместимые узлы предложения исчерпаны — вагоны ушли на другие заявки (конкуренция за предложение).
  [d_idx  148] Кандры (КБШ) | тип=Прочие | ЕТСНГ=011005 | период=3 | отправка=Повагонная | не закрыто 10 из 10 ваг.
    ПРИЧИНА: дуги есть (137 шт.), но все совместимые узлы предложения исчерпаны — вагоны ушли на другие заявки (конкуренция за предложение).
  [d_idx  149] Мальчевская (СКВ) | тип=Прочие | ЕТСНГ=011005 | период=3 | отправка=Повагонная | не закрыто 10 из 10 ваг.
    ПРИЧИНА: дуги есть (75 шт.), но все совместимые узлы предложения исчерпаны — вагоны ушли на другие заявки (конкуренция за предложение).
  [d_idx  152] Новоспасское (КБШ) | тип=Прочие | ЕТСНГ=011005 | период=4 | отправка=Повагонная | не закрыто 19 из 19 ваг.
    ПРИЧИНА: дуги есть (142 шт.), но все совместимые узлы предложения исчерпаны — вагоны ушли на другие заявки (конкуренция за предложение).
  [d_idx  153] Новоспасское (КБШ) | тип=Прочие | ЕТСНГ=011005 | период=4 | отправка=Повагонная | не закрыто 16 из 16 ваг.
    ПРИЧИНА: дуги есть (142 шт.), но все совместимые узлы предложения исчерпаны — вагоны ушли на другие заявки (конкуренция за предложение).
  [d_idx  156] Раевка (КБШ) | тип=Прочие | ЕТСНГ=011005 | период=4 | отправка=Повагонная | не закрыто 21 из 21 ваг.
    ПРИЧИНА: дуги есть (141 шт.), но все совместимые узлы предложения исчерпаны — вагоны ушли на другие заявки (конкуренция за предложение).
  [d_idx  159] Себряково (ПРВ) | тип=Прочие | ЕТСНГ=011005 | период=4 | отправка=Повагонная | не закрыто 1 из 1 ваг.
    ПРИЧИНА: дуги есть (133 шт.), но все совместимые узлы предложения исчерпаны — вагоны ушли на другие заявки (конкуренция за предложение).
  [d_idx  160] Ефремов (МСК) | тип=Прочие | ЕТСНГ=011005 | период=4 | отправка=Повагонная | не закрыто 4 из 4 ваг.
    ПРИЧИНА: дуги есть (141 шт.), но все совместимые узлы предложения исчерпаны — вагоны ушли на другие заявки (конкуренция за предложение).
  [d_idx  163] Алтата (ПРВ) | тип=Прочие | ЕТСНГ=011005 | период=4 | отправка=Повагонная | не закрыто 7 из 7 ваг.
    ПРИЧИНА: дуги есть (98 шт.), но все совместимые узлы предложения исчерпаны — вагоны ушли на другие заявки (конкуренция за предложение).
  [d_idx  164] Кротовка (КБШ) | тип=Прочие | ЕТСНГ=011005 | период=4 | отправка=Повагонная | не закрыто 20 из 20 ваг.
    ПРИЧИНА: дуги есть (136 шт.), но все совместимые узлы предложения исчерпаны — вагоны ушли на другие заявки (конкуренция за предложение).
  [d_idx  165] Кротовка (КБШ) | тип=Прочие | ЕТСНГ=014003 | период=4 | отправка=Повагонная | не закрыто 2 из 2 ваг.
    ПРИЧИНА: дуги есть (137 шт.), но все совместимые узлы предложения исчерпаны — вагоны ушли на другие заявки (конкуренция за предложение).
  [d_idx  166] Пачелма (КБШ) | тип=Прочие | ЕТСНГ=011005 | период=4 | отправка=Повагонная | не закрыто 21 из 21 ваг.
    ПРИЧИНА: дуги есть (140 шт.), но все совместимые узлы предложения исчерпаны — вагоны ушли на другие заявки (конкуренция за предложение).
  [d_idx  167] Пачелма (КБШ) | тип=Прочие | ЕТСНГ=011005 | период=4 | отправка=Повагонная | не закрыто 14 из 14 ваг.
    ПРИЧИНА: дуги есть (141 шт.), но все совместимые узлы предложения исчерпаны — вагоны ушли на другие заявки (конкуренция за предложение).
  [d_idx  169] Ряжск 1 (МСК) | тип=Прочие | ЕТСНГ=011005 | период=4 | отправка=Повагонная | не закрыто 14 из 14 ваг.
    ПРИЧИНА: дуги есть (141 шт.), но все совместимые узлы предложения исчерпаны — вагоны ушли на другие заявки (конкуренция за предложение).
  [d_idx  170] Заинск (КБШ) | тип=Прочие | ЕТСНГ=011005 | период=4 | отправка=Повагонная | не закрыто 17 из 17 ваг.
    ПРИЧИНА: дуги есть (140 шт.), но все совместимые узлы предложения исчерпаны — вагоны ушли на другие заявки (конкуренция за предложение).
  [d_idx  171] Маслянская (СВР) | тип=Прочие | ЕТСНГ=011005 | период=4 | отправка=Повагонная | не закрыто 7 из 7 ваг.
    ПРИЧИНА: дуги есть (124 шт.), но все совместимые узлы предложения исчерпаны — вагоны ушли на другие заявки (конкуренция за предложение).
  [d_idx  172] Карламан (КБШ) | тип=Прочие | ЕТСНГ=011005 | период=4 | отправка=Повагонная | не закрыто 21 из 21 ваг.
    ПРИЧИНА: дуги есть (140 шт.), но все совместимые узлы предложения исчерпаны — вагоны ушли на другие заявки (конкуренция за предложение).
  [d_idx  173] Карламан (КБШ) | тип=Прочие | ЕТСНГ=011005 | период=4 | отправка=Повагонная | не закрыто 26 из 26 ваг.
    ПРИЧИНА: дуги есть (141 шт.), но все совместимые узлы предложения исчерпаны — вагоны ушли на другие заявки (конкуренция за предложение).
  [d_idx  175] Балаково (ПРВ) | тип=Прочие | ЕТСНГ=542239 | период=4 | отправка=Повагонная | не закрыто 4 из 4 ваг.
    ПРИЧИНА: дуги есть (142 шт.), но все совместимые узлы предложения исчерпаны — вагоны ушли на другие заявки (конкуренция за предложение).
  [d_idx  176] Балаково (ПРВ) | тип=Прочие | ЕТСНГ=542239 | период=4 | отправка=Повагонная | не закрыто 19 из 19 ваг.
    ПРИЧИНА: дуги есть (142 шт.), но все совместимые узлы предложения исчерпаны — вагоны ушли на другие заявки (конкуренция за предложение).
  [d_idx  177] Балаково (ПРВ) | тип=Прочие | ЕТСНГ=542239 | период=4 | отправка=Повагонная | не закрыто 6 из 6 ваг.
    ПРИЧИНА: дуги есть (144 шт.), но все совместимые узлы предложения исчерпаны — вагоны ушли на другие заявки (конкуренция за предложение).
  [d_idx  178] Блохино (МСК) | тип=Прочие | ЕТСНГ=542072 | период=4 | отправка=Повагонная | не закрыто 12 из 12 ваг.
    ПРИЧИНА: дуги есть (136 шт.), но все совместимые узлы предложения исчерпаны — вагоны ушли на другие заявки (конкуренция за предложение).
  [d_idx  181] Жердевка (ЮВС) | тип=Прочие | ЕТСНГ=011005 | период=4 | отправка=Повагонная | не закрыто 10 из 10 ваг.
    ПРИЧИНА: дуги есть (142 шт.), но все совместимые узлы предложения исчерпаны — вагоны ушли на другие заявки (конкуренция за предложение).
  [d_idx  182] Обоянь (ЮВС) | тип=Прочие | ЕТСНГ=011005 | период=4 | отправка=Повагонная | не закрыто 36 из 36 ваг.
    ПРИЧИНА: дуги есть (142 шт.), но все совместимые узлы предложения исчерпаны — вагоны ушли на другие заявки (конкуренция за предложение).
  [d_idx  183] Ржакса (ЮВС) | тип=Прочие | ЕТСНГ=011005 | период=4 | отправка=Повагонная | не закрыто 22 из 22 ваг.
    ПРИЧИНА: дуги есть (129 шт.), но все совместимые узлы предложения исчерпаны — вагоны ушли на другие заявки (конкуренция за предложение).
  [d_idx  185] Кшень (МСК) | тип=Прочие | ЕТСНГ=542072 | период=4 | отправка=Повагонная | не закрыто 20 из 20 ваг.
    ПРИЧИНА: дуги есть (135 шт.), но все совместимые узлы предложения исчерпаны — вагоны ушли на другие заявки (конкуренция за предложение).
  [d_idx  186] Улусарка (ЮВС) | тип=БКТ | ЕТСНГ=011005 | период=4 | отправка=Маршрутная | не закрыто 92 из 92 ваг.
    ПРИЧИНА: дуги есть (41 шт.), но все совместимые узлы предложения исчерпаны — вагоны ушли на другие заявки (конкуренция за предложение).
  [d_idx  187] Елань-Камышинская (ЮВС) | тип=Прочие | ЕТСНГ=011005 | период=4 | отправка=Повагонная | не закрыто 50 из 50 ваг.
    ПРИЧИНА: дуги есть (140 шт.), но все совместимые узлы предложения исчерпаны — вагоны ушли на другие заявки (конкуренция за предложение).
  [d_idx  189] Ишим (СВР) | тип=Прочие | ЕТСНГ=011005 | период=4 | отправка=Повагонная | не закрыто 17 из 17 ваг.
    ПРИЧИНА: дуги есть (142 шт.), но все совместимые узлы предложения исчерпаны — вагоны ушли на другие заявки (конкуренция за предложение).
  [d_idx  190] Янаул (ГОР) | тип=Прочие | ЕТСНГ=011005 | период=4 | отправка=Повагонная | не закрыто 12 из 12 ваг.
    ПРИЧИНА: дуги есть (141 шт.), но все совместимые узлы предложения исчерпаны — вагоны ушли на другие заявки (конкуренция за предложение).
  [d_idx  191] Студенец (КБШ) | тип=Прочие | ЕТСНГ=011005 | период=4 | отправка=Повагонная | не закрыто 18 из 18 ваг.
    ПРИЧИНА: дуги есть (140 шт.), но все совместимые узлы предложения исчерпаны — вагоны ушли на другие заявки (конкуренция за предложение).
  [d_idx  192] Теренсай (ЮУР) | тип=Прочие | ЕТСНГ=014003 | период=4 | отправка=Повагонная | не закрыто 5 из 5 ваг.
    ПРИЧИНА: дуги есть (141 шт.), но все совместимые узлы предложения исчерпаны — вагоны ушли на другие заявки (конкуренция за предложение).
  [d_idx  193] Теренсай (ЮУР) | тип=Прочие | ЕТСНГ=014003 | период=4 | отправка=Повагонная | не закрыто 1 из 1 ваг.
    ПРИЧИНА: дуги есть (141 шт.), но все совместимые узлы предложения исчерпаны — вагоны ушли на другие заявки (конкуренция за предложение).
  [d_idx  196] Хомутово (МСК) | тип=Прочие | ЕТСНГ=011005 | период=4 | отправка=Повагонная | не закрыто 6 из 6 ваг.
    ПРИЧИНА: дуги есть (139 шт.), но все совместимые узлы предложения исчерпаны — вагоны ушли на другие заявки (конкуренция за предложение).
  [d_idx  197] Асекеево (КБШ) | тип=БКТ | ЕТСНГ=011005 | период=4 | отправка=Повагонная | не закрыто 18 из 18 ваг.
    ПРИЧИНА: дуги есть (39 шт.), но все совместимые узлы предложения исчерпаны — вагоны ушли на другие заявки (конкуренция за предложение).
  [d_idx  198] Буздяк (КБШ) | тип=Прочие | ЕТСНГ=011005 | период=4 | отправка=Повагонная | не закрыто 10 из 10 ваг.
    ПРИЧИНА: дуги есть (132 шт.), но все совместимые узлы предложения исчерпаны — вагоны ушли на другие заявки (конкуренция за предложение).
  [d_idx  199] Димитровград (КБШ) | тип=Прочие | ЕТСНГ=011005 | период=4 | отправка=Маршрутная | не закрыто 37 из 37 ваг.
    ПРИЧИНА: дуги есть (141 шт.), но все совместимые узлы предложения исчерпаны — вагоны ушли на другие заявки (конкуренция за предложение).
  [d_idx  200] Димитровград (КБШ) | тип=Прочие | ЕТСНГ=011005 | период=4 | отправка=Повагонная | не закрыто 8 из 8 ваг.
    ПРИЧИНА: дуги есть (141 шт.), но все совместимые узлы предложения исчерпаны — вагоны ушли на другие заявки (конкуренция за предложение).
  [d_idx  202] Москаленки (ЗСБ) | тип=Прочие | ЕТСНГ=011005 | период=4 | отправка=Повагонная | не закрыто 4 из 15 ваг.
    ПРИЧИНА: дуги есть (142 шт.), но все совместимые узлы предложения исчерпаны — вагоны ушли на другие заявки (конкуренция за предложение).
  [d_idx  204] Верховье (МСК) | тип=Прочие | ЕТСНГ=011005 | период=4 | отправка=Повагонная | не закрыто 46 из 46 ваг.
    ПРИЧИНА: дуги есть (142 шт.), но все совместимые узлы предложения исчерпаны — вагоны ушли на другие заявки (конкуренция за предложение).
  [d_idx  205] Верховье (МСК) | тип=Прочие | ЕТСНГ=011005 | период=4 | отправка=Повагонная | не закрыто 14 из 14 ваг.
    ПРИЧИНА: дуги есть (141 шт.), но все совместимые узлы предложения исчерпаны — вагоны ушли на другие заявки (конкуренция за предложение).
  [d_idx  206] Перелешино (ЮВС) | тип=Прочие | ЕТСНГ=542072 | период=4 | отправка=Повагонная | не закрыто 29 из 29 ваг.
    ПРИЧИНА: дуги есть (141 шт.), но все совместимые узлы предложения исчерпаны — вагоны ушли на другие заявки (конкуренция за предложение).
  [d_idx  207] Алексеевка (ЮВС) | тип=Прочие | ЕТСНГ=542239 | период=4 | отправка=Повагонная | не закрыто 7 из 7 ваг.
    ПРИЧИНА: дуги есть (141 шт.), но все совместимые узлы предложения исчерпаны — вагоны ушли на другие заявки (конкуренция за предложение).
  [d_idx  211] Зимовники (СКВ) | тип=Прочие | ЕТСНГ=011005 | период=4 | отправка=Повагонная | не закрыто 22 из 22 ваг.
    ПРИЧИНА: дуги есть (134 шт.), но все совместимые узлы предложения исчерпаны — вагоны ушли на другие заявки (конкуренция за предложение).
  [d_idx  212] Приютово (КБШ) | тип=БКТ | ЕТСНГ=011005 | период=4 | отправка=Повагонная | не закрыто 20 из 20 ваг.
    ПРИЧИНА: дуги есть (41 шт.), но все совместимые узлы предложения исчерпаны — вагоны ушли на другие заявки (конкуренция за предложение).
  [d_idx  213] Приютово (КБШ) | тип=Прочие | ЕТСНГ=011005 | период=4 | отправка=Повагонная | не закрыто 7 из 7 ваг.
    ПРИЧИНА: дуги есть (142 шт.), но все совместимые узлы предложения исчерпаны — вагоны ушли на другие заявки (конкуренция за предложение).
  [d_idx  214] Приютово (КБШ) | тип=Прочие | ЕТСНГ=011005 | период=4 | отправка=Повагонная | не закрыто 7 из 7 ваг.
    ПРИЧИНА: дуги есть (140 шт.), но все совместимые узлы предложения исчерпаны — вагоны ушли на другие заявки (конкуренция за предложение).
  [d_idx  217] Сорочинская (ЮУР) | тип=Прочие | ЕТСНГ=542239 | период=4 | отправка=Повагонная | не закрыто 19 из 19 ваг.
    ПРИЧИНА: дуги есть (142 шт.), но все совместимые узлы предложения исчерпаны — вагоны ушли на другие заявки (конкуренция за предложение).
  [d_idx  223] Добринка (ЮВС) | тип=Прочие | ЕТСНГ=011005 | период=4 | отправка=Повагонная | не закрыто 40 из 40 ваг.
    ПРИЧИНА: дуги есть (141 шт.), но все совместимые узлы предложения исчерпаны — вагоны ушли на другие заявки (конкуренция за предложение).
  [d_idx  225] Солодча (ПРВ) | тип=Прочие | ЕТСНГ=011005 | период=4 | отправка=Повагонная | не закрыто 2 из 2 ваг.
    ПРИЧИНА: дуги есть (141 шт.), но все совместимые узлы предложения исчерпаны — вагоны ушли на другие заявки (конкуренция за предложение).
  [d_idx  226] Солодча (ПРВ) | тип=Прочие | ЕТСНГ=011005 | период=4 | отправка=Повагонная | не закрыто 10 из 10 ваг.
    ПРИЧИНА: дуги есть (141 шт.), но все совместимые узлы предложения исчерпаны — вагоны ушли на другие заявки (конкуренция за предложение).
  [d_idx  227] Раненбург (ЮВС) | тип=Прочие | ЕТСНГ=011005 | период=4 | отправка=Групповая | не закрыто 18 из 18 ваг.
    ПРИЧИНА: дуги есть (140 шт.), но все совместимые узлы предложения исчерпаны — вагоны ушли на другие заявки (конкуренция за предложение).
  [d_idx  228] Раненбург (ЮВС) | тип=Прочие | ЕТСНГ=014003 | период=4 | отправка=Повагонная | не закрыто 2 из 2 ваг.
    ПРИЧИНА: дуги есть (142 шт.), но все совместимые узлы предложения исчерпаны — вагоны ушли на другие заявки (конкуренция за предложение).
  [d_idx  229] Плавица (ЮВС) | тип=Прочие | ЕТСНГ=011005 | период=4 | отправка=Повагонная | не закрыто 27 из 27 ваг.
    ПРИЧИНА: дуги есть (141 шт.), но все совместимые узлы предложения исчерпаны — вагоны ушли на другие заявки (конкуренция за предложение).
  [d_idx  231] Чебоксары (ГОР) | тип=Прочие | ЕТСНГ=011005 | период=4 | отправка=Повагонная | не закрыто 18 из 18 ваг.
    ПРИЧИНА: дуги есть (140 шт.), но все совместимые узлы предложения исчерпаны — вагоны ушли на другие заявки (конкуренция за предложение).
  [d_idx  233] Телегино (ЮВС) | тип=Прочие | ЕТСНГ=011005 | период=4 | отправка=Повагонная | не закрыто 16 из 16 ваг.
    ПРИЧИНА: дуги есть (142 шт.), но все совместимые узлы предложения исчерпаны — вагоны ушли на другие заявки (конкуренция за предложение).
  [d_idx  234] Тамала (ЮВС) | тип=БКТ | ЕТСНГ=011005 | период=4 | отправка=Повагонная | не закрыто 30 из 30 ваг.
    ПРИЧИНА: дуги есть (41 шт.), но все совместимые узлы предложения исчерпаны — вагоны ушли на другие заявки (конкуренция за предложение).
  [d_idx  235] Новосергиевская (ЮУР) | тип=Прочие | ЕТСНГ=011005 | период=4 | отправка=Повагонная | не закрыто 4 из 4 ваг.
    ПРИЧИНА: дуги есть (142 шт.), но все совместимые узлы предложения исчерпаны — вагоны ушли на другие заявки (конкуренция за предложение).
  [d_idx  236] Новосергиевская (ЮУР) | тип=Прочие | ЕТСНГ=011005 | период=4 | отправка=Повагонная | не закрыто 14 из 14 ваг.
    ПРИЧИНА: дуги есть (141 шт.), но все совместимые узлы предложения исчерпаны — вагоны ушли на другие заявки (конкуренция за предложение).
  [d_idx  237] Ялга (КБШ) | тип=Прочие | ЕТСНГ=018112 | период=4 | отправка=Повагонная | не закрыто 3 из 3 ваг.
    ПРИЧИНА: дуги есть (142 шт.), но все совместимые узлы предложения исчерпаны — вагоны ушли на другие заявки (конкуренция за предложение).
  [d_idx  238] Ялга (КБШ) | тип=Прочие | ЕТСНГ=018112 | период=4 | отправка=Повагонная | не закрыто 2 из 2 ваг.
    ПРИЧИНА: дуги есть (141 шт.), но все совместимые узлы предложения исчерпаны — вагоны ушли на другие заявки (конкуренция за предложение).
  [d_idx  241] Эртиль (ЮВС) | тип=Прочие | ЕТСНГ=542072 | период=4 | отправка=Повагонная | не закрыто 10 из 10 ваг.
    ПРИЧИНА: дуги есть (92 шт.), но все совместимые узлы предложения исчерпаны — вагоны ушли на другие заявки (конкуренция за предложение).
  [d_idx  243] Воробьевка (ЮВС) | тип=Прочие | ЕТСНГ=011005 | период=4 | отправка=Повагонная | не закрыто 10 из 10 ваг.
    ПРИЧИНА: дуги есть (133 шт.), но все совместимые узлы предложения исчерпаны — вагоны ушли на другие заявки (конкуренция за предложение).
  [d_idx  245] Курганная (СКВ) | тип=Прочие | ЕТСНГ=011005 | период=4 | отправка=Повагонная | не закрыто 20 из 20 ваг.
    ПРИЧИНА: дуги есть (138 шт.), но все совместимые узлы предложения исчерпаны — вагоны ушли на другие заявки (конкуренция за предложение).
  [d_idx  246] Святославка (ЮВС) | тип=Прочие | ЕТСНГ=011005 | период=4 | отправка=Повагонная | не закрыто 15 из 15 ваг.
    ПРИЧИНА: дуги есть (137 шт.), но все совместимые узлы предложения исчерпаны — вагоны ушли на другие заявки (конкуренция за предложение).
  [d_idx  247] Шемордан (ГОР) | тип=Прочие | ЕТСНГ=014003 | период=4 | отправка=Повагонная | не закрыто 14 из 14 ваг.
    ПРИЧИНА: дуги есть (141 шт.), но все совместимые узлы предложения исчерпаны — вагоны ушли на другие заявки (конкуренция за предложение).
  [d_idx  248] Красногвардеец (ЮУР) | тип=Прочие | ЕТСНГ=011005 | период=4 | отправка=Повагонная | не закрыто 44 из 44 ваг.
    ПРИЧИНА: дуги есть (139 шт.), но все совместимые узлы предложения исчерпаны — вагоны ушли на другие заявки (конкуренция за предложение).
  [d_idx  249] Красногвардеец (ЮУР) | тип=Прочие | ЕТСНГ=011005 | период=4 | отправка=Повагонная | не закрыто 2 из 2 ваг.
    ПРИЧИНА: дуги есть (139 шт.), но все совместимые узлы предложения исчерпаны — вагоны ушли на другие заявки (конкуренция за предложение).
  [d_idx  250] Дубиновка (ЮУР) | тип=Прочие | ЕТСНГ=011005 | период=4 | отправка=Повагонная | не закрыто 4 из 4 ваг.
    ПРИЧИНА: дуги есть (129 шт.), но все совместимые узлы предложения исчерпаны — вагоны ушли на другие заявки (конкуренция за предложение).
  [d_idx  251] Зарайск (МСК) | тип=Прочие | ЕТСНГ=011005 | период=4 | отправка=Повагонная | не закрыто 2 из 10 ваг.
    ПРИЧИНА: дуги есть (130 шт.), но все совместимые узлы предложения исчерпаны — вагоны ушли на другие заявки (конкуренция за предложение).
  [d_idx  252] Кривецкая (ЮВС) | тип=Прочие | ЕТСНГ=542072 | период=4 | отправка=Повагонная | не закрыто 20 из 20 ваг.
    ПРИЧИНА: дуги есть (134 шт.), но все совместимые узлы предложения исчерпаны — вагоны ушли на другие заявки (конкуренция за предложение).
  [d_idx  254] Золотухино (МСК) | тип=Прочие | ЕТСНГ=011005 | период=4 | отправка=Повагонная | не закрыто 25 из 25 ваг.
    ПРИЧИНА: дуги есть (141 шт.), но все совместимые узлы предложения исчерпаны — вагоны ушли на другие заявки (конкуренция за предложение).
  [d_idx  255] Золотухино (МСК) | тип=Прочие | ЕТСНГ=011005 | период=4 | отправка=Повагонная | не закрыто 30 из 30 ваг.
    ПРИЧИНА: дуги есть (142 шт.), но все совместимые узлы предложения исчерпаны — вагоны ушли на другие заявки (конкуренция за предложение).
  [d_idx  256] Земетчино (КБШ) | тип=Прочие | ЕТСНГ=542072 | период=4 | отправка=Повагонная | не закрыто 25 из 25 ваг.
    ПРИЧИНА: дуги есть (142 шт.), но все совместимые узлы предложения исчерпаны — вагоны ушли на другие заявки (конкуренция за предложение).
  [d_idx  258] Макушино (ЮУР) | тип=Прочие | ЕТСНГ=011005 | период=4 | отправка=Повагонная | не закрыто 1 из 28 ваг.
    ПРИЧИНА: дуги есть (140 шт.), но все совместимые узлы предложения исчерпаны — вагоны ушли на другие заявки (конкуренция за предложение).
  [d_idx  259] Змиевка (МСК) | тип=Прочие | ЕТСНГ=011005 | период=4 | отправка=Повагонная | не закрыто 12 из 12 ваг.
    ПРИЧИНА: дуги есть (141 шт.), но все совместимые узлы предложения исчерпаны — вагоны ушли на другие заявки (конкуренция за предложение).
  [d_idx  260] Острогожск (ЮВС) | тип=БКТ | ЕТСНГ=011005 | период=4 | отправка=Повагонная | не закрыто 23 из 23 ваг.
    ПРИЧИНА: дуги есть (41 шт.), но все совместимые узлы предложения исчерпаны — вагоны ушли на другие заявки (конкуренция за предложение).
  [d_idx  263] Кораблино (МСК) | тип=Прочие | ЕТСНГ=011005 | период=4 | отправка=Повагонная | не закрыто 24 из 24 ваг.
    ПРИЧИНА: дуги есть (141 шт.), но все совместимые узлы предложения исчерпаны — вагоны ушли на другие заявки (конкуренция за предложение).
  [d_idx  264] Красный Узел (ГОР) | тип=Прочие | ЕТСНГ=014003 | период=4 | отправка=Повагонная | не закрыто 11 из 11 ваг.
    ПРИЧИНА: дуги есть (142 шт.), но все совместимые узлы предложения исчерпаны — вагоны ушли на другие заявки (конкуренция за предложение).
  [d_idx  265] Ключики (КБШ) | тип=Прочие | ЕТСНГ=011005 | период=4 | отправка=Повагонная | не закрыто 1 из 1 ваг.
    ПРИЧИНА: дуги есть (135 шт.), но все совместимые узлы предложения исчерпаны — вагоны ушли на другие заявки (конкуренция за предложение).
  [d_idx  266] Обшаровка (КБШ) | тип=Прочие | ЕТСНГ=011005 | период=4 | отправка=Повагонная | не закрыто 16 из 16 ваг.
    ПРИЧИНА: дуги есть (139 шт.), но все совместимые узлы предложения исчерпаны — вагоны ушли на другие заявки (конкуренция за предложение).
  [d_idx  267] Обшаровка (КБШ) | тип=Прочие | ЕТСНГ=011005 | период=4 | отправка=Повагонная | не закрыто 19 из 19 ваг.
    ПРИЧИНА: дуги есть (138 шт.), но все совместимые узлы предложения исчерпаны — вагоны ушли на другие заявки (конкуренция за предложение).
  [d_idx  268] Шадринск (ЮУР) | тип=Прочие | ЕТСНГ=012008 | период=4 | отправка=Повагонная | не закрыто 14 из 14 ваг.
    ПРИЧИНА: дуги есть (139 шт.), но все совместимые узлы предложения исчерпаны — вагоны ушли на другие заявки (конкуренция за предложение).
  [d_idx  269] Оренбург (ЮУР) | тип=Прочие | ЕТСНГ=011005 | период=4 | отправка=Повагонная | не закрыто 11 из 15 ваг.
    ПРИЧИНА: дуги есть (139 шт.), но все совместимые узлы предложения исчерпаны — вагоны ушли на другие заявки (конкуренция за предложение).
  [d_idx  271] Белое Озеро (КБШ) | тип=Прочие | ЕТСНГ=011005 | период=4 | отправка=Повагонная | не закрыто 5 из 5 ваг.
    ПРИЧИНА: дуги есть (141 шт.), но все совместимые узлы предложения исчерпаны — вагоны ушли на другие заявки (конкуренция за предложение).
  [d_idx  272] Заречная (СКВ) | тип=Прочие | ЕТСНГ=011005 | период=4 | отправка=Повагонная | не закрыто 135 из 150 ваг.
    ПРИЧИНА: дуги есть (141 шт.), но все совместимые узлы предложения исчерпаны — вагоны ушли на другие заявки (конкуренция за предложение).
  [d_idx  274] Ольха (ЮВС) | тип=Прочие | ЕТСНГ=542072 | период=4 | отправка=Повагонная | не закрыто 1 из 1 ваг.
    ПРИЧИНА: дуги есть (140 шт.), но все совместимые узлы предложения исчерпаны — вагоны ушли на другие заявки (конкуренция за предложение).
  [d_idx  275] Верда (КБШ) | тип=Прочие | ЕТСНГ=011005 | период=4 | отправка=Повагонная | не закрыто 24 из 24 ваг.
    ПРИЧИНА: дуги есть (138 шт.), но все совместимые узлы предложения исчерпаны — вагоны ушли на другие заявки (конкуренция за предложение).
  [d_idx  276] Битюг (ЮВС) | тип=Прочие | ЕТСНГ=011005 | период=4 | отправка=Повагонная | не закрыто 7 из 7 ваг.
    ПРИЧИНА: дуги есть (137 шт.), но все совместимые узлы предложения исчерпаны — вагоны ушли на другие заявки (конкуренция за предложение).
  [d_idx  277] Сампур (ЮВС) | тип=Прочие | ЕТСНГ=011005 | период=4 | отправка=Повагонная | не закрыто 20 из 20 ваг.
    ПРИЧИНА: дуги есть (142 шт.), но все совместимые узлы предложения исчерпаны — вагоны ушли на другие заявки (конкуренция за предложение).
  [d_idx  278] Новохоперск (ЮВС) | тип=Прочие | ЕТСНГ=011005 | период=4 | отправка=Повагонная | не закрыто 16 из 16 ваг.
    ПРИЧИНА: дуги есть (9 шт.), но все совместимые узлы предложения исчерпаны — вагоны ушли на другие заявки (конкуренция за предложение).
  [d_idx  279] Свобода (МСК) | тип=Прочие | ЕТСНГ=542072 | период=4 | отправка=Повагонная | не закрыто 20 из 20 ваг.
    ПРИЧИНА: дуги есть (138 шт.), но все совместимые узлы предложения исчерпаны — вагоны ушли на другие заявки (конкуренция за предложение).
  [d_idx  280] Платоновка (ЮВС) | тип=Прочие | ЕТСНГ=011005 | период=4 | отправка=Повагонная | не закрыто 12 из 12 ваг.
    ПРИЧИНА: дуги есть (142 шт.), но все совместимые узлы предложения исчерпаны — вагоны ушли на другие заявки (конкуренция за предложение).
  [d_idx  282] Сенцово (ЮВС) | тип=Прочие | ЕТСНГ=542224 | период=4 | отправка=Повагонная | не закрыто 1 из 1 ваг.
    ПРИЧИНА: дуги есть (133 шт.), но все совместимые узлы предложения исчерпаны — вагоны ушли на другие заявки (конкуренция за предложение).
  [d_idx  284] Алексиково (ПРВ) | тип=Прочие | ЕТСНГ=011005 | период=4 | отправка=Групповая | не закрыто 73 из 73 ваг.
    ПРИЧИНА: дуги есть (142 шт.), но все совместимые узлы предложения исчерпаны — вагоны ушли на другие заявки (конкуренция за предложение).
  [d_idx  285] Удобрительная (МСК) | тип=Прочие | ЕТСНГ=011005 | период=4 | отправка=Маршрутная | не закрыто 42 из 42 ваг.
    ПРИЧИНА: дуги есть (140 шт.), но все совместимые узлы предложения исчерпаны — вагоны ушли на другие заявки (конкуренция за предложение).
  [d_idx  286] Елец (ЮВС) | тип=Прочие | ЕТСНГ=542224 | период=4 | отправка=Повагонная | не закрыто 2 из 2 ваг.
    ПРИЧИНА: дуги есть (144 шт.), но все совместимые узлы предложения исчерпаны — вагоны ушли на другие заявки (конкуренция за предложение).
  [d_idx  287] Елец (ЮВС) | тип=Прочие | ЕТСНГ=542224 | период=4 | отправка=Повагонная | не закрыто 3 из 3 ваг.
    ПРИЧИНА: дуги есть (142 шт.), но все совместимые узлы предложения исчерпаны — вагоны ушли на другие заявки (конкуренция за предложение).
  [d_idx  288] Елец (ЮВС) | тип=Прочие | ЕТСНГ=542224 | период=4 | отправка=Повагонная | не закрыто 1 из 1 ваг.
    ПРИЧИНА: дуги есть (144 шт.), но все совместимые узлы предложения исчерпаны — вагоны ушли на другие заявки (конкуренция за предложение).
  [d_idx  289] Елец (ЮВС) | тип=Прочие | ЕТСНГ=542224 | период=4 | отправка=Повагонная | не закрыто 1 из 1 ваг.
    ПРИЧИНА: дуги есть (144 шт.), но все совместимые узлы предложения исчерпаны — вагоны ушли на другие заявки (конкуренция за предложение).
  [d_idx  290] Жутово (ПРВ) | тип=Прочие | ЕТСНГ=011005 | период=4 | отправка=Маршрутная | не закрыто 4 из 4 ваг.
    ПРИЧИНА: дуги есть (141 шт.), но все совместимые узлы предложения исчерпаны — вагоны ушли на другие заявки (конкуренция за предложение).
  [d_idx  293] Никифоровка (ЮВС) | тип=Прочие | ЕТСНГ=011005 | период=4 | отправка=Повагонная | не закрыто 6 из 6 ваг.
    ПРИЧИНА: дуги есть (142 шт.), но все совместимые узлы предложения исчерпаны — вагоны ушли на другие заявки (конкуренция за предложение).
  [d_idx  294] Латная (ЮВС) | тип=Прочие | ЕТСНГ=011005 | период=4 | отправка=Повагонная | не закрыто 7 из 7 ваг.
    ПРИЧИНА: дуги есть (141 шт.), но все совместимые узлы предложения исчерпаны — вагоны ушли на другие заявки (конкуренция за предложение).
  [d_idx  295] Чернышков (ПРВ) | тип=Прочие | ЕТСНГ=011005 | период=4 | отправка=Повагонная | не закрыто 95 из 95 ваг.
    ПРИЧИНА: дуги есть (142 шт.), но все совместимые узлы предложения исчерпаны — вагоны ушли на другие заявки (конкуренция за предложение).
  [d_idx  296] Кирсанов (ЮВС) | тип=Прочие | ЕТСНГ=011005 | период=4 | отправка=Повагонная | не закрыто 43 из 43 ваг.
    ПРИЧИНА: дуги есть (131 шт.), но все совместимые узлы предложения исчерпаны — вагоны ушли на другие заявки (конкуренция за предложение).
  [d_idx  297] Пугачевск (ПРВ) | тип=Прочие | ЕТСНГ=011005 | период=4 | отправка=Повагонная | не закрыто 21 из 21 ваг.
    ПРИЧИНА: дуги есть (141 шт.), но все совместимые узлы предложения исчерпаны — вагоны ушли на другие заявки (конкуренция за предложение).
  [d_idx  298] Пугачевск (ПРВ) | тип=Прочие | ЕТСНГ=011005 | период=4 | отправка=Повагонная | не закрыто 23 из 23 ваг.
    ПРИЧИНА: дуги есть (141 шт.), но все совместимые узлы предложения исчерпаны — вагоны ушли на другие заявки (конкуренция за предложение).
  [d_idx  299] Селезни (ЮВС) | тип=Прочие | ЕТСНГ=011005 | период=4 | отправка=Повагонная | не закрыто 11 из 11 ваг.
    ПРИЧИНА: дуги есть (139 шт.), но все совместимые узлы предложения исчерпаны — вагоны ушли на другие заявки (конкуренция за предложение).
  [d_idx  300] Тоцкая (ЮУР) | тип=Прочие | ЕТСНГ=014003 | период=4 | отправка=Повагонная | не закрыто 18 из 18 ваг.
    ПРИЧИНА: дуги есть (141 шт.), но все совместимые узлы предложения исчерпаны — вагоны ушли на другие заявки (конкуренция за предложение).
  [d_idx  301] Тоцкая (ЮУР) | тип=Прочие | ЕТСНГ=011005 | период=4 | отправка=Повагонная | не закрыто 16 из 16 ваг.
    ПРИЧИНА: дуги есть (141 шт.), но все совместимые узлы предложения исчерпаны — вагоны ушли на другие заявки (конкуренция за предложение).
  [d_idx  302] Охотничья (КБШ) | тип=Прочие | ЕТСНГ=011005 | период=4 | отправка=Повагонная | не закрыто 20 из 20 ваг.
    ПРИЧИНА: дуги есть (141 шт.), но все совместимые узлы предложения исчерпаны — вагоны ушли на другие заявки (конкуренция за предложение).
  [d_idx  303] Охотничья (КБШ) | тип=Прочие | ЕТСНГ=011005 | период=4 | отправка=Повагонная | не закрыто 22 из 22 ваг.
    ПРИЧИНА: дуги есть (141 шт.), но все совместимые узлы предложения исчерпаны — вагоны ушли на другие заявки (конкуренция за предложение).
  [d_idx  304] Охотничья (КБШ) | тип=Прочие | ЕТСНГ=021100 | период=4 | отправка=Повагонная | не закрыто 7 из 7 ваг.
    ПРИЧИНА: дуги есть (139 шт.), но все совместимые узлы предложения исчерпаны — вагоны ушли на другие заявки (конкуренция за предложение).
  [d_idx  305] Избердей (ЮВС) | тип=Прочие | ЕТСНГ=011005 | период=4 | отправка=Маршрутная | не закрыто 42 из 42 ваг.
    ПРИЧИНА: дуги есть (133 шт.), но все совместимые узлы предложения исчерпаны — вагоны ушли на другие заявки (конкуренция за предложение).
  [d_idx  306] Избердей (ЮВС) | тип=Прочие | ЕТСНГ=011005 | период=4 | отправка=Маршрутная | не закрыто 94 из 94 ваг.
    ПРИЧИНА: дуги есть (134 шт.), но все совместимые узлы предложения исчерпаны — вагоны ушли на другие заявки (конкуренция за предложение).
  [d_idx  307] Сальск (СКВ) | тип=Прочие | ЕТСНГ=011005 | период=4 | отправка=Повагонная | не закрыто 23 из 27 ваг.
    ПРИЧИНА: дуги есть (142 шт.), но все совместимые узлы предложения исчерпаны — вагоны ушли на другие заявки (конкуренция за предложение).
  [d_idx  308] Кантемировка (ЮВС) | тип=Прочие | ЕТСНГ=011005 | период=4 | отправка=Повагонная | не закрыто 40 из 40 ваг.
    ПРИЧИНА: дуги есть (140 шт.), но все совместимые узлы предложения исчерпаны — вагоны ушли на другие заявки (конкуренция за предложение).
  [d_idx  309] Золотая Степь (ПРВ) | тип=Прочие | ЕТСНГ=011005 | период=4 | отправка=Повагонная | не закрыто 10 из 10 ваг.
    ПРИЧИНА: дуги есть (138 шт.), но все совместимые узлы предложения исчерпаны — вагоны ушли на другие заявки (конкуренция за предложение).
  [d_idx  310] Плавск (МСК) | тип=Прочие | ЕТСНГ=011005 | период=4 | отправка=Повагонная | не закрыто 9 из 20 ваг.
    ПРИЧИНА: дуги есть (141 шт.), но все совместимые узлы предложения исчерпаны — вагоны ушли на другие заявки (конкуренция за предложение).
  [d_idx  311] Шамхал (СКВ) | тип=Прочие | ЕТСНГ=011005 | период=4 | отправка=Повагонная | не закрыто 30 из 30 ваг.
    ПРИЧИНА: дуги есть (139 шт.), но все совместимые узлы предложения исчерпаны — вагоны ушли на другие заявки (конкуренция за предложение).
  [d_idx  312] Шамхал (СКВ) | тип=Прочие | ЕТСНГ=011005 | период=4 | отправка=Повагонная | не закрыто 2 из 2 ваг.
    ПРИЧИНА: дуги есть (138 шт.), но все совместимые узлы предложения исчерпаны — вагоны ушли на другие заявки (конкуренция за предложение).
  [d_idx  315] Петровск-Саратовский (ПРВ) | тип=Прочие | ЕТСНГ=011005 | период=4 | отправка=Повагонная | не закрыто 4 из 4 ваг.
    ПРИЧИНА: дуги есть (142 шт.), но все совместимые узлы предложения исчерпаны — вагоны ушли на другие заявки (конкуренция за предложение).
  [d_idx  316] Кандры (КБШ) | тип=Прочие | ЕТСНГ=011005 | период=4 | отправка=Повагонная | не закрыто 8 из 8 ваг.
    ПРИЧИНА: дуги есть (138 шт.), но все совместимые узлы предложения исчерпаны — вагоны ушли на другие заявки (конкуренция за предложение).
  [d_idx  317] Мальчевская (СКВ) | тип=Прочие | ЕТСНГ=011005 | период=4 | отправка=Повагонная | не закрыто 40 из 40 ваг.
    ПРИЧИНА: дуги есть (75 шт.), но все совместимые узлы предложения исчерпаны — вагоны ушли на другие заявки (конкуренция за предложение).
  [d_idx  318] Хохольская (ЮВС) | тип=БКТ | ЕТСНГ=011005 | период=4 | отправка=Повагонная | не закрыто 13 из 13 ваг.
    ПРИЧИНА: дуги есть (41 шт.), но все совместимые узлы предложения исчерпаны — вагоны ушли на другие заявки (конкуренция за предложение).

  СВОДКА ПО ПРИЧИНАМ:
    источники предложения исчерпаны        узлов: 235, вагонов: 3330

  ЗАКРЫВАЕМОСТЬ (по реальному связывающему ограничению):
    структурно недостижимо (нет дуг):             0 ваг.  — нужны новые тарифы / смягчение жёстких фильтров
    упёрто в квоту ДМЗИ (инфраструктура):          0 ваг.  — поможет только повышение квоты на дороге
    держит MIN_BATCH (квота ДМЗИ ещё есть):        0 ваг.  — поможет смягчение партии (middle 0 / масс. 0 / маршр. 0)
    прочее (конкуренция / экономика штрафа):    3330 ваг.
--------------------------------
--- УТИЛИЗАЦИЯ КВОТ ДМЗИ ---
  ВСБ  период  1:    0 из    5 ваг.
  ВСБ  период 10:    0 из    1 ваг.
  ГОР  период  1:    2 из  345 ваг.
  ГОР  период 10:    0 из   80 ваг.
  ЗАБ  период  1:    0 из   25 ваг.
  ЗАБ  период 10:    0 из    5 ваг.
  ЗСБ  период  1:  362 из  725 ваг.
  ЗСБ  период 10:    0 из  154 ваг.
  КБШ  период  1:   26 из 1017 ваг.
  КБШ  период 10:    0 из  204 ваг.
  КРС  период  1:    0 из    5 ваг.
  КРС  период 10:    0 из    1 ваг.
  МСК  период  1:  162 из  679 ваг.
  МСК  период 10:    0 из  150 ваг.
  ОКТ  период  1:    0 из  317 ваг.
  ОКТ  период 10:    0 из   65 ваг.
  ПРВ  период  1:   31 из  939 ваг.
  ПРВ  период 10:    0 из  188 ваг.
  СВР  период  1:    0 из  566 ваг.
  СВР  период 10:    0 из  117 ваг.
  СЕВ  период  1:    2 из   75 ваг.
  СЕВ  период 10:    0 из   15 ваг.
  ЮВС  период  1:   41 из 1539 ваг.
  ЮВС  период 10:    0 из  311 ваг.
  ЮУР  период  1:   32 из  742 ваг.
  ЮУР  период 10:    0 из  150 ваг.
----------------------------
Тарифов до отстоя:           122 (станций излишка 5, станций отстоя 42)
В отстой: 7 из 37 ваг. излишка → 3 станций отстоя, тариф 82215 руб.; не размещено 30 ваг. (нет тарифа / ёмкость исчерпана)
Тарифов до путей погрузки:   0 (станций излишка 2, станций погрузки 77)
На пути погрузки: 0 из 30 ваг. остатка → 0 станций (≥5 ваг./станция), тариф -0 руб.; не размещено 30 ваг.
Баланс отчёта оптимизации:   OK (926 ваг. в записях = 926 ваг. предложения)
Записей в отчёте (Excel):    289 (230 оптим. + 41 по факту + 18 в ремонт) / 1009 вагонов
  → в POST АПИ (период 1):   289 записей / 1009 вагонов
Чекпоинт сохранён:           tmp/checkpoint_2026-09-03_11-09-30.xlsx

======= РЕЗУЛЬТАТЫ ОПТИМИЗАЦИИ =======
Статус решателя:      MIP Optimal (gap=0.000%)
Назначено вагонов:    889
Избыток предложения:  37 ваг. (dummy-спрос)
  остаток по периодам предложения: p1=37 p10=0 прочие=0
  из них в отстой (этап 2): 7 ваг.
Неудовл. спрос:       3330 ваг. (dummy-предложение)
Суммарная стоимость:  54046681 руб.
======================================

Результат сохранён:          tmp/result_20260903_110930.json
[SUCCESS] railoptim завершил работу успешно.
[Чт 03 сен 2026 11:47:05 MSK] Запуск: /home/atretyakov/railoptim/app/bin/railoptim (env=prod, MIP_WARM_START=on)
stations_geo: 19494 записей, data/stations/stations_geo.sqlite (baltic=671, china_mongolia=339, cis=6263, ru=11848, south_caucasus=373)
Получено узлов спроса (погрузка): 320 или 4219 вагонов
Получено узлов предложения 1 сут.:  216 или 1009 вагонов
  узлов дислокации (2-10 сут., период 10): 468 или 6476 вагонов
Получено узлов предложения всего:  684 или 7485 вагонов
  свободных для назначения:  587 или 7222 вагонов
  требуют ремонта (В ремонт):57 или 212 вагонов
  по факту (Assigned):       40 или 51 вагонов
Дороги без промывки (NoCleaningRoads): 8
Коды «уже промыт/ремонт» (WashedEmptyEtsngCodes): 2
Ban-list чужих владельцев отстоя (reserve_owners.json): 4 пар (станция+ОКПО)
Узлов спроса (промывка):     36 или мощность в период 5 суток 2795 вагонов
  предложений с ЕТСНГ из списка промывки: 272 вагонов (освобождены по NoCleaningRoads: 145; из них есть узел погрузки с тем же ЕТСНГ на любой станции — альтернатива промывке по спросу: 266 вагонов)
Получено тарифов:            30304
Загружено ремонтных станций: 102
Тарифов до ремонтных ст.:    3507
Тарифов до промывки (с надбавкой 10000+40000=50000 руб.): 1531
Ограничения ДМЗИ:            13 дорог (78 записей Ostatok)
  ВСБ  период 1 ≤    5, период 10 ≤    1 ваг.
  ГОР  период 1 ≤  345, период 10 ≤   80 ваг.
  ЗАБ  период 1 ≤   25, период 10 ≤    5 ваг.
  ЗСБ  период 1 ≤  725, период 10 ≤  154 ваг.
  КБШ  период 1 ≤ 1017, период 10 ≤  204 ваг.
  КРС  период 1 ≤    5, период 10 ≤    1 ваг.
  МСК  период 1 ≤  679, период 10 ≤  150 ваг.
  ОКТ  период 1 ≤  317, период 10 ≤   65 ваг.
  ПРВ  период 1 ≤  939, период 10 ≤  188 ваг.
  СВР  период 1 ≤  566, период 10 ≤  117 ваг.
  СЕВ  период 1 ≤   75, период 10 ≤   15 ваг.
  ЮВС  период 1 ≤ 1539, период 10 ≤  311 ваг.
  ЮУР  период 1 ≤  742, период 10 ≤  150 ваг.
БД отстоя обновлена:         получено 40 / записано 40 / без etran_id 0
Узлы отстоя (резервы):       61 узлов / ёмкость 1354 ваг. (записей в БД 190, дублей 0, отфильтровано 129, чужих по ban-list 389)
FREE_LOADROADS_STATS={"date_from": "2026-03-03", "date_to": "2026-09-03", "load_station_codes": 487, "cars_on_station_rows": 1906, "cars_total": 82348}
Свободные ёмкости путей:     77 крупных станций -> data/load_stations_free_capacity.json
Всего пар supply×demand:     208972
  без тарифа:                        29842 (14.3%)
  нарушение срока (жёстко):          0 (0.0%)
  несовм. тип вагона:                3513 (1.7%)
  грязный вагон → чужой ЕТСНГ:       25756 (12.3%)
  грязный: дальняя погрузка дороже промывки → в промывку: 944 (0.5%)
  допустимых дуг со штрафом за срок:   86861 (41.6%)
  допустимых дуг всего в LP:      148917 (71.3%)
Ограничения партии (MIN_BATCH): массовая выгрузка — 27499 дуг / 1660 пар; средние станции — 66050 дуг / 6345 пар (станций образования: 66, погрузки: 102)
  маршрутные отправки (B=10): 3084 дуг / 602 пар (станций образования: 78, маршрутных станций погрузки: 8)
--- АНАЛИЗ РЕСУРСОВ ---
Предложение: 7222 ваг.
Спрос (погрузка): 4219 ваг.
Ёмкость промывки (верх): 2795 ваг.
Статус: ПРОФИЦИТ к погрузке (+3003 ваг.)
-----------------------
--- ЖАДНОЕ РЕШЕНИЕ ---
Назначений:            690 шт.
Назначено вагонов:     2671 / 4219 спрос (погрузка), 7222 предложение
Суммарная стоимость:   354613741.64 руб.
Неудовлетворён спрос:  1815 ваг.
Избыток предложения:   4551 ваг.
Покрытие спроса (погр.): 63.3%
----------------------
MIP warm-start: ON (greedy) (управляется env MIP_WARM_START={on|off}, по умолч. on)
--- MIP РЕШЕНИЕ ---
Статус:                MIP Optimal (gap=0.006%)
Назначено вагонов:     2673 / 4219 спрос (погрузка), 7222 предложение
Суммарная стоимость:   319331491.03 руб.
Неудовлетворён спрос:  1546 ваг.
Избыток предложения:   4549 ваг.
Покрытие спроса (погр.): 63.4%
-------------------
MIP время: 70.98 сек (warm-start: ON)
MIP диагностика: status=Optimal, gap=0.0061%, undist=6095 (unmet=1546, excess=4549), real_cost=319331491.03
MIP vs greedy:   greedy undist=6366 (unmet=1815, excess=4551), real_cost=354613741.64  →  Δundist=-271, Δcost=-35282250.61
  ВНИМАНИЕ: MIP не закрыл 1546 ваг. спроса на погрузку (unmet > 0). Возможные причины:
           (а) PENALTY_UNMET ниже стоимости единственно допустимых плеч,
           (б) HiGHS остановился по rel_gap до закрытия всего спроса.
--- ДИАГНОСТИКА EXCESS SUPPLY (4549 ваг. в 243 узлах) ---
  [s_idx   69] Красная Речка | тип=БК | ЕТСНГ=— | period=1 | mass_unload=false | осталось 1 из 1 ваг.
    ПРИЧИНА: доступны только Wash-дуги (36 шт., мин. стоимость 67638 руб./ваг.). В модели Wash не имеет штрафа за незаполнение,
             а excess_supply бесплатный — отправка только увеличила бы obj, MIP корректно оставил вагоны в остатке.
  [s_idx   85] Красноярск | тип=БКТ | ЕТСНГ=421034 | period=1 | mass_unload=false | осталось 9 из 9 ваг.
    ПРИЧИНА: нет ни одной допустимой дуги (нет тарифа, несовм. тип вагона или грязный груз).
  [s_idx   87] Красноярск | тип=БК | ЕТСНГ=421034 | period=1 | mass_unload=false | осталось 8 из 8 ваг.
    ПРИЧИНА: нет ни одной допустимой дуги (нет тарифа, несовм. тип вагона или грязный груз).
  [s_idx   88] Красноярск | тип=Прочие | ЕТСНГ=421034 | period=1 | mass_unload=false | осталось 1 из 1 ваг.
    ПРИЧИНА: нет ни одной допустимой дуги (нет тарифа, несовм. тип вагона или грязный груз).
  [s_idx   89] Красноярск | тип=Т | ЕТСНГ=421034 | period=1 | mass_unload=false | осталось 2 из 2 ваг.
    ПРИЧИНА: нет ни одной допустимой дуги (нет тарифа, несовм. тип вагона или грязный груз).
  [s_idx  114] Ожерелье | тип=БКТ | ЕТСНГ=— | period=1 | mass_unload=false | осталось 3 из 3 ваг.
    ПРИЧИНА: доступны только Wash-дуги (36 шт., мин. стоимость 56022 руб./ваг.). В модели Wash не имеет штрафа за незаполнение,
             а excess_supply бесплатный — отправка только увеличила бы obj, MIP корректно оставил вагоны в остатке.
  [s_idx  137] Ейск | тип=БК | ЕТСНГ=505028 | period=1 | mass_unload=false | осталось 2 из 2 ваг.
    ПРИЧИНА: доступны только Wash-дуги (36 шт., мин. стоимость 59154 руб./ваг.). В модели Wash не имеет штрафа за незаполнение,
             а excess_supply бесплатный — отправка только увеличила бы obj, MIP корректно оставил вагоны в остатке.
  [s_idx  138] Ейск | тип=Т | ЕТСНГ=505028 | period=1 | mass_unload=false | осталось 1 из 1 ваг.
    ПРИЧИНА: доступны только Wash-дуги (36 шт., мин. стоимость 59154 руб./ваг.). В модели Wash не имеет штрафа за незаполнение,
             а excess_supply бесплатный — отправка только увеличила бы obj, MIP корректно оставил вагоны в остатке.
  [s_idx  139] Тарасовка | тип=БК | ЕТСНГ=421034 | period=1 | mass_unload=false | осталось 7 из 7 ваг.
    ПРИЧИНА: нет ни одной допустимой дуги (нет тарифа, несовм. тип вагона или грязный груз).
  [s_idx  140] Тарасовка | тип=Прочие | ЕТСНГ=421034 | period=1 | mass_unload=false | осталось 1 из 1 ваг.
    ПРИЧИНА: нет ни одной допустимой дуги (нет тарифа, несовм. тип вагона или грязный груз).
  [s_idx  141] Тарасовка | тип=БКТ | ЕТСНГ=421034 | period=1 | mass_unload=false | осталось 1 из 1 ваг.
    ПРИЧИНА: нет ни одной допустимой дуги (нет тарифа, несовм. тип вагона или грязный груз).
  [s_idx  142] Тарасовка | тип=Т | ЕТСНГ=421034 | period=1 | mass_unload=false | осталось 1 из 1 ваг.
    ПРИЧИНА: нет ни одной допустимой дуги (нет тарифа, несовм. тип вагона или грязный груз).
  [s_idx  163] Поти (Порт, Экспорт) | тип=БКТ | ЕТСНГ=018131 | period=10 | mass_unload=true | осталось 170 из 170 ваг.
    ПРИЧИНА: квота ДМЗИ исчерпана — все Load-дуги с доступным спросом идут на дороги с выбранным лимитом:
      · дорога КБШ, период 10: использовано 204 из 204 ваг.
      · дорога МСК, период 10: использовано 150 из 150 ваг.
      · дорога ПРВ, период 10: использовано 188 из 188 ваг.
      · дорога ЮВС, период 10: использовано 311 из 311 ваг.
      · дорога ЮУР, период 10: использовано 150 из 150 ваг.
  [s_idx  164] Новороссийск (Экспорт) | тип=БК | ЕТСНГ=011005 | period=10 | mass_unload=true | осталось 138 из 165 ваг.
    ПРИЧИНА: квота ДМЗИ исчерпана — все Load-дуги с доступным спросом идут на дороги с выбранным лимитом:
      · дорога КБШ, период 10: использовано 204 из 204 ваг.
      · дорога МСК, период 10: использовано 150 из 150 ваг.
      · дорога ПРВ, период 10: использовано 188 из 188 ваг.
      · дорога ЮВС, период 10: использовано 311 из 311 ваг.
      · дорога ЮУР, период 10: использовано 150 из 150 ваг.
  [s_idx  165] Лужская (Экспорт) | тип=БКТ | ЕТСНГ=011005 | period=10 | mass_unload=true | осталось 756 из 756 ваг.
    ПРИЧИНА: квота ДМЗИ исчерпана — все Load-дуги с доступным спросом идут на дороги с выбранным лимитом:
      · дорога КБШ, период 10: использовано 204 из 204 ваг.
      · дорога МСК, период 10: использовано 150 из 150 ваг.
      · дорога ПРВ, период 10: использовано 188 из 188 ваг.
      · дорога ЮВС, период 10: использовано 311 из 311 ваг.
      · дорога ЮУР, период 10: использовано 150 из 150 ваг.
  [s_idx  167] Новороссийск (Экспорт) | тип=БКТ | ЕТСНГ=011005 | period=10 | mass_unload=true | осталось 27 из 374 ваг.
    ПРИЧИНА: квота ДМЗИ исчерпана — все Load-дуги с доступным спросом идут на дороги с выбранным лимитом:
      · дорога КБШ, период 10: использовано 204 из 204 ваг.
      · дорога МСК, период 10: использовано 150 из 150 ваг.
      · дорога ПРВ, период 10: использовано 188 из 188 ваг.
      · дорога ЮВС, период 10: использовано 311 из 311 ваг.
      · дорога ЮУР, период 10: использовано 150 из 150 ваг.
  [s_idx  168] Блюхер (Экспорт) | тип=Т | ЕТСНГ=— | period=10 | mass_unload=false | осталось 5 из 5 ваг.
    ПРИЧИНА: квота ДМЗИ исчерпана — все Load-дуги с доступным спросом идут на дороги с выбранным лимитом:
      · дорога КБШ, период 10: использовано 204 из 204 ваг.
      · дорога МСК, период 10: использовано 150 из 150 ваг.
      · дорога ПРВ, период 10: использовано 188 из 188 ваг.
      · дорога ЮВС, период 10: использовано 311 из 311 ваг.
      · дорога ЮУР, период 10: использовано 150 из 150 ваг.
  [s_idx  169] Вайвара (Экспорт) | тип=Т | ЕТСНГ=018131 | period=10 | mass_unload=true | осталось 55 из 55 ваг.
    ПРИЧИНА: квота ДМЗИ исчерпана — все Load-дуги с доступным спросом идут на дороги с выбранным лимитом:
      · дорога КБШ, период 10: использовано 204 из 204 ваг.
      · дорога МСК, период 10: использовано 150 из 150 ваг.
      · дорога ПРВ, период 10: использовано 188 из 188 ваг.
      · дорога ЮВС, период 10: использовано 311 из 311 ваг.
      · дорога ЮУР, период 10: использовано 150 из 150 ваг.
  [s_idx  170] Лужская (Экспорт) | тип=БК | ЕТСНГ=011005 | period=10 | mass_unload=true | осталось 274 из 274 ваг.
    ПРИЧИНА: квота ДМЗИ исчерпана — все Load-дуги с доступным спросом идут на дороги с выбранным лимитом:
      · дорога КБШ, период 10: использовано 204 из 204 ваг.
      · дорога МСК, период 10: использовано 150 из 150 ваг.
      · дорога ПРВ, период 10: использовано 188 из 188 ваг.
      · дорога ЮВС, период 10: использовано 311 из 311 ваг.
      · дорога ЮУР, период 10: использовано 150 из 150 ваг.
  [s_idx  172] Гродеково (Экспорт на КЖД [Китай]) | тип=Т | ЕТСНГ=011005 | period=10 | mass_unload=false | осталось 1 из 1 ваг.
    ПРИЧИНА: квота ДМЗИ исчерпана — все Load-дуги с доступным спросом идут на дороги с выбранным лимитом:
      · дорога КБШ, период 10: использовано 204 из 204 ваг.
      · дорога МСК, период 10: использовано 150 из 150 ваг.
      · дорога ПРВ, период 10: использовано 188 из 188 ваг.
      · дорога ЮВС, период 10: использовано 311 из 311 ваг.
      · дорога ЮУР, период 10: использовано 150 из 150 ваг.
  [s_idx  173] Даларик | тип=БКТ | ЕТСНГ=011005 | period=10 | mass_unload=true | осталось 26 из 26 ваг.
    ПРИЧИНА: квота ДМЗИ исчерпана — все Load-дуги с доступным спросом идут на дороги с выбранным лимитом:
      · дорога КБШ, период 10: использовано 204 из 204 ваг.
      · дорога МСК, период 10: использовано 150 из 150 ваг.
      · дорога ПРВ, период 10: использовано 188 из 188 ваг.
      · дорога ЮВС, период 10: использовано 311 из 311 ваг.
      · дорога ЮУР, период 10: использовано 150 из 150 ваг.
  [s_idx  175] Блюхер (Экспорт) | тип=Т | ЕТСНГ=011005 | period=10 | mass_unload=false | осталось 6 из 6 ваг.
    ПРИЧИНА: квота ДМЗИ исчерпана — все Load-дуги с доступным спросом идут на дороги с выбранным лимитом:
      · дорога КБШ, период 10: использовано 204 из 204 ваг.
      · дорога МСК, период 10: использовано 150 из 150 ваг.
      · дорога ПРВ, период 10: использовано 188 из 188 ваг.
      · дорога ЮВС, период 10: использовано 311 из 311 ваг.
      · дорога ЮУР, период 10: использовано 150 из 150 ваг.
  [s_idx  176] Даларик | тип=БК | ЕТСНГ=011005 | period=10 | mass_unload=true | осталось 38 из 38 ваг.
    ПРИЧИНА: квота ДМЗИ исчерпана — все Load-дуги с доступным спросом идут на дороги с выбранным лимитом:
      · дорога КБШ, период 10: использовано 204 из 204 ваг.
      · дорога МСК, период 10: использовано 150 из 150 ваг.
      · дорога ПРВ, период 10: использовано 188 из 188 ваг.
      · дорога ЮВС, период 10: использовано 311 из 311 ваг.
      · дорога ЮУР, период 10: использовано 150 из 150 ваг.
  [s_idx  177] Поти (Порт, Экспорт) | тип=Т | ЕТСНГ=018131 | period=10 | mass_unload=true | осталось 50 из 50 ваг.
    ПРИЧИНА: квота ДМЗИ исчерпана — все Load-дуги с доступным спросом идут на дороги с выбранным лимитом:
      · дорога КБШ, период 10: использовано 204 из 204 ваг.
      · дорога МСК, период 10: использовано 150 из 150 ваг.
      · дорога ПРВ, период 10: использовано 188 из 188 ваг.
      · дорога ЮВС, период 10: использовано 311 из 311 ваг.
      · дорога ЮУР, период 10: использовано 150 из 150 ваг.
  [s_idx  179] Лиепая (Экспорт) | тип=БКТ | ЕТСНГ=542188 | period=10 | mass_unload=true | осталось 4 из 4 ваг.
    ПРИЧИНА: квота ДМЗИ исчерпана — все Load-дуги с доступным спросом идут на дороги с выбранным лимитом:
      · дорога КБШ, период 10: использовано 204 из 204 ваг.
      · дорога МСК, период 10: использовано 150 из 150 ваг.
      · дорога ПРВ, период 10: использовано 188 из 188 ваг.
      · дорога ЮВС, период 10: использовано 311 из 311 ваг.
      · дорога ЮУР, период 10: использовано 150 из 150 ваг.
  [s_idx  182] Янгийул | тип=БКТ | ЕТСНГ=542224 | period=10 | mass_unload=false | осталось 6 из 6 ваг.
    ПРИЧИНА: квота ДМЗИ исчерпана — все Load-дуги с доступным спросом идут на дороги с выбранным лимитом:
      · дорога КБШ, период 10: использовано 204 из 204 ваг.
      · дорога МСК, период 10: использовано 150 из 150 ваг.
      · дорога ПРВ, период 10: использовано 188 из 188 ваг.
      · дорога ЮВС, период 10: использовано 311 из 311 ваг.
      · дорога ЮУР, период 10: использовано 150 из 150 ваг.
  [s_idx  183] Лиепая (Экспорт) | тип=Т | ЕТСНГ=011005 | period=10 | mass_unload=true | осталось 116 из 116 ваг.
    ПРИЧИНА: квота ДМЗИ исчерпана — все Load-дуги с доступным спросом идут на дороги с выбранным лимитом:
      · дорога КБШ, период 10: использовано 204 из 204 ваг.
      · дорога МСК, период 10: использовано 150 из 150 ваг.
      · дорога ПРВ, период 10: использовано 188 из 188 ваг.
      · дорога ЮВС, период 10: использовано 311 из 311 ваг.
      · дорога ЮУР, период 10: использовано 150 из 150 ваг.
  [s_idx  184] Охангарон | тип=БК | ЕТСНГ=542050 | period=10 | mass_unload=false | осталось 3 из 3 ваг.
    ПРИЧИНА: квота ДМЗИ исчерпана — все Load-дуги с доступным спросом идут на дороги с выбранным лимитом:
      · дорога КБШ, период 10: использовано 204 из 204 ваг.
      · дорога МСК, период 10: использовано 150 из 150 ваг.
      · дорога ПРВ, период 10: использовано 188 из 188 ваг.
      · дорога ЮВС, период 10: использовано 311 из 311 ваг.
      · дорога ЮУР, период 10: использовано 150 из 150 ваг.
  [s_idx  185] Новый Порт (Экспорт) | тип=БКТ | ЕТСНГ=021079 | period=10 | mass_unload=true | осталось 44 из 44 ваг.
    ПРИЧИНА: квота ДМЗИ исчерпана — все Load-дуги с доступным спросом идут на дороги с выбранным лимитом:
      · дорога КБШ, период 10: использовано 204 из 204 ваг.
      · дорога МСК, период 10: использовано 150 из 150 ваг.
      · дорога ПРВ, период 10: использовано 188 из 188 ваг.
      · дорога ЮВС, период 10: использовано 311 из 311 ваг.
      · дорога ЮУР, период 10: использовано 150 из 150 ваг.
  [s_idx  186] Зарафшон | тип=БКТ | ЕТСНГ=542050 | period=10 | mass_unload=false | осталось 1 из 1 ваг.
    ПРИЧИНА: квота ДМЗИ исчерпана — все Load-дуги с доступным спросом идут на дороги с выбранным лимитом:
      · дорога КБШ, период 10: использовано 204 из 204 ваг.
      · дорога ПРВ, период 10: использовано 188 из 188 ваг.
      · дорога ЮВС, период 10: использовано 311 из 311 ваг.
  [s_idx  187] Ардым | тип=БК | ЕТСНГ=542224 | period=10 | mass_unload=false | осталось 3 из 3 ваг.
    ПРИЧИНА: доступны только Wash-дуги (36 шт., мин. стоимость 243153 руб./ваг.). В модели Wash не имеет штрафа за незаполнение,
             а excess_supply бесплатный — отправка только увеличила бы obj, MIP корректно оставил вагоны в остатке.
  [s_idx  188] Высоцк (Экспорт) | тип=БК | ЕТСНГ=011005 | period=10 | mass_unload=true | осталось 86 из 86 ваг.
    ПРИЧИНА: квота ДМЗИ исчерпана — все Load-дуги с доступным спросом идут на дороги с выбранным лимитом:
      · дорога КБШ, период 10: использовано 204 из 204 ваг.
      · дорога МСК, период 10: использовано 150 из 150 ваг.
      · дорога ПРВ, период 10: использовано 188 из 188 ваг.
      · дорога ЮВС, период 10: использовано 311 из 311 ваг.
      · дорога ЮУР, период 10: использовано 150 из 150 ваг.
  [s_idx  189] Лужская (Экспорт) | тип=Т | ЕТСНГ=011005 | period=10 | mass_unload=true | осталось 307 из 307 ваг.
    ПРИЧИНА: квота ДМЗИ исчерпана — все Load-дуги с доступным спросом идут на дороги с выбранным лимитом:
      · дорога КБШ, период 10: использовано 204 из 204 ваг.
      · дорога МСК, период 10: использовано 150 из 150 ваг.
      · дорога ПРВ, период 10: использовано 188 из 188 ваг.
      · дорога ЮВС, период 10: использовано 311 из 311 ваг.
      · дорога ЮУР, период 10: использовано 150 из 150 ваг.
  [s_idx  190] Ильгюциемс (Экспорт) | тип=Т | ЕТСНГ=011005 | period=10 | mass_unload=false | осталось 38 из 38 ваг.
    ПРИЧИНА: квота ДМЗИ исчерпана — все Load-дуги с доступным спросом идут на дороги с выбранным лимитом:
      · дорога КБШ, период 10: использовано 204 из 204 ваг.
      · дорога МСК, период 10: использовано 150 из 150 ваг.
      · дорога ПРВ, период 10: использовано 188 из 188 ваг.
      · дорога ЮВС, период 10: использовано 311 из 311 ваг.
      · дорога ЮУР, период 10: использовано 150 из 150 ваг.
  [s_idx  191] Лиепая (Экспорт) | тип=БК | ЕТСНГ=011005 | period=10 | mass_unload=true | осталось 107 из 107 ваг.
    ПРИЧИНА: квота ДМЗИ исчерпана — все Load-дуги с доступным спросом идут на дороги с выбранным лимитом:
      · дорога КБШ, период 10: использовано 204 из 204 ваг.
      · дорога МСК, период 10: использовано 150 из 150 ваг.
      · дорога ПРВ, период 10: использовано 188 из 188 ваг.
      · дорога ЮВС, период 10: использовано 311 из 311 ваг.
      · дорога ЮУР, период 10: использовано 150 из 150 ваг.
  [s_idx  192] Вайвара (Экспорт) | тип=БКТ | ЕТСНГ=018131 | period=10 | mass_unload=true | осталось 99 из 99 ваг.
    ПРИЧИНА: квота ДМЗИ исчерпана — все Load-дуги с доступным спросом идут на дороги с выбранным лимитом:
      · дорога КБШ, период 10: использовано 204 из 204 ваг.
      · дорога МСК, период 10: использовано 150 из 150 ваг.
      · дорога ПРВ, период 10: использовано 188 из 188 ваг.
      · дорога ЮВС, период 10: использовано 311 из 311 ваг.
      · дорога ЮУР, период 10: использовано 150 из 150 ваг.
  [s_idx  193] Новый Порт (Экспорт) | тип=БКТ | ЕТСНГ=018131 | period=10 | mass_unload=true | осталось 129 из 129 ваг.
    ПРИЧИНА: квота ДМЗИ исчерпана — все Load-дуги с доступным спросом идут на дороги с выбранным лимитом:
      · дорога КБШ, период 10: использовано 204 из 204 ваг.
      · дорога МСК, период 10: использовано 150 из 150 ваг.
      · дорога ПРВ, период 10: использовано 188 из 188 ваг.
      · дорога ЮВС, период 10: использовано 311 из 311 ваг.
      · дорога ЮУР, период 10: использовано 150 из 150 ваг.
  [s_idx  194] Новый Порт (Экспорт) | тип=БК | ЕТСНГ=018131 | period=10 | mass_unload=true | осталось 43 из 43 ваг.
    ПРИЧИНА: квота ДМЗИ исчерпана — все Load-дуги с доступным спросом идут на дороги с выбранным лимитом:
      · дорога КБШ, период 10: использовано 204 из 204 ваг.
      · дорога МСК, период 10: использовано 150 из 150 ваг.
      · дорога ПРВ, период 10: использовано 188 из 188 ваг.
      · дорога ЮВС, период 10: использовано 311 из 311 ваг.
      · дорога ЮУР, период 10: использовано 150 из 150 ваг.
  [s_idx  195] Околтин | тип=БКТ | ЕТСНГ=011005 | period=10 | mass_unload=false | осталось 33 из 33 ваг.
    ПРИЧИНА: квота ДМЗИ исчерпана — все Load-дуги с доступным спросом идут на дороги с выбранным лимитом:
      · дорога КБШ, период 10: использовано 204 из 204 ваг.
      · дорога МСК, период 10: использовано 150 из 150 ваг.
      · дорога ПРВ, период 10: использовано 188 из 188 ваг.
      · дорога ЮВС, период 10: использовано 311 из 311 ваг.
      · дорога ЮУР, период 10: использовано 150 из 150 ваг.
  [s_idx  196] Гянджа | тип=БКТ | ЕТСНГ=011005 | period=10 | mass_unload=false | осталось 4 из 4 ваг.
    ПРИЧИНА: квота ДМЗИ исчерпана — все Load-дуги с доступным спросом идут на дороги с выбранным лимитом:
      · дорога КБШ, период 10: использовано 204 из 204 ваг.
      · дорога МСК, период 10: использовано 150 из 150 ваг.
      · дорога ПРВ, период 10: использовано 188 из 188 ваг.
      · дорога ЮВС, период 10: использовано 311 из 311 ваг.
      · дорога ЮУР, период 10: использовано 150 из 150 ваг.
  [s_idx  197] Высоцк (Экспорт) | тип=БКТ | ЕТСНГ=011005 | period=10 | mass_unload=true | осталось 301 из 303 ваг.
    ПРИЧИНА: квота ДМЗИ исчерпана — все Load-дуги с доступным спросом идут на дороги с выбранным лимитом:
      · дорога КБШ, период 10: использовано 204 из 204 ваг.
      · дорога МСК, период 10: использовано 150 из 150 ваг.
      · дорога ПРВ, период 10: использовано 188 из 188 ваг.
      · дорога ЮВС, период 10: использовано 311 из 311 ваг.
      · дорога ЮУР, период 10: использовано 150 из 150 ваг.
  [s_idx  199] Охангарон | тип=БКТ | ЕТСНГ=542050 | period=10 | mass_unload=false | осталось 22 из 22 ваг.
    ПРИЧИНА: квота ДМЗИ исчерпана — все Load-дуги с доступным спросом идут на дороги с выбранным лимитом:
      · дорога КБШ, период 10: использовано 204 из 204 ваг.
      · дорога МСК, период 10: использовано 150 из 150 ваг.
      · дорога ПРВ, период 10: использовано 188 из 188 ваг.
      · дорога ЮВС, период 10: использовано 311 из 311 ваг.
      · дорога ЮУР, период 10: использовано 150 из 150 ваг.
  [s_idx  200] Парнас | тип=БКТ | ЕТСНГ=018112 | period=10 | mass_unload=false | осталось 16 из 16 ваг.
    ПРИЧИНА: квота ДМЗИ исчерпана — все Load-дуги с доступным спросом идут на дороги с выбранным лимитом:
      · дорога КБШ, период 10: использовано 204 из 204 ваг.
      · дорога МСК, период 10: использовано 150 из 150 ваг.
      · дорога ПРВ, период 10: использовано 188 из 188 ваг.
      · дорога ЮВС, период 10: использовано 311 из 311 ваг.
      · дорога ЮУР, период 10: использовано 150 из 150 ваг.
  [s_idx  201] Лиепая (Экспорт) | тип=БКТ | ЕТСНГ=011005 | period=10 | mass_unload=true | осталось 266 из 266 ваг.
    ПРИЧИНА: квота ДМЗИ исчерпана — все Load-дуги с доступным спросом идут на дороги с выбранным лимитом:
      · дорога КБШ, период 10: использовано 204 из 204 ваг.
      · дорога МСК, период 10: использовано 150 из 150 ваг.
      · дорога ПРВ, период 10: использовано 188 из 188 ваг.
      · дорога ЮВС, период 10: использовано 311 из 311 ваг.
      · дорога ЮУР, период 10: использовано 150 из 150 ваг.
  [s_idx  203] Высоцк (Экспорт) | тип=Т | ЕТСНГ=011005 | period=10 | mass_unload=true | осталось 136 из 138 ваг.
    ПРИЧИНА: квота ДМЗИ исчерпана — все Load-дуги с доступным спросом идут на дороги с выбранным лимитом:
      · дорога КБШ, период 10: использовано 204 из 204 ваг.
      · дорога МСК, период 10: использовано 150 из 150 ваг.
      · дорога ПРВ, период 10: использовано 188 из 188 ваг.
      · дорога ЮВС, период 10: использовано 311 из 311 ваг.
      · дорога ЮУР, период 10: использовано 150 из 150 ваг.
  [s_idx  204] Околтин | тип=Т | ЕТСНГ=011005 | period=10 | mass_unload=false | осталось 6 из 6 ваг.
    ПРИЧИНА: квота ДМЗИ исчерпана — все Load-дуги с доступным спросом идут на дороги с выбранным лимитом:
      · дорога КБШ, период 10: использовано 204 из 204 ваг.
      · дорога МСК, период 10: использовано 150 из 150 ваг.
      · дорога ПРВ, период 10: использовано 188 из 188 ваг.
      · дорога ЮВС, период 10: использовано 311 из 311 ваг.
      · дорога ЮУР, период 10: использовано 150 из 150 ваг.
  [s_idx  207] Туапсе-Сортировочная (Экспорт) | тип=Т | ЕТСНГ=505028 | period=10 | mass_unload=false | осталось 13 из 13 ваг.
    ПРИЧИНА: доступны только Wash-дуги (36 шт., мин. стоимость 240610 руб./ваг.). В модели Wash не имеет штрафа за незаполнение,
             а excess_supply бесплатный — отправка только увеличила бы obj, MIP корректно оставил вагоны в остатке.
  [s_idx  210] Новый Порт (Экспорт) | тип=Т | ЕТСНГ=018131 | period=10 | mass_unload=true | осталось 76 из 76 ваг.
    ПРИЧИНА: квота ДМЗИ исчерпана — все Load-дуги с доступным спросом идут на дороги с выбранным лимитом:
      · дорога КБШ, период 10: использовано 204 из 204 ваг.
      · дорога МСК, период 10: использовано 150 из 150 ваг.
      · дорога ПРВ, период 10: использовано 188 из 188 ваг.
      · дорога ЮВС, период 10: использовано 311 из 311 ваг.
      · дорога ЮУР, период 10: использовано 150 из 150 ваг.
  [s_idx  211] Криеву Сала (Экспорт) | тип=БКТ | ЕТСНГ=011005 | period=10 | mass_unload=false | осталось 21 из 37 ваг.
    ПРИЧИНА: квота ДМЗИ исчерпана — все Load-дуги с доступным спросом идут на дороги с выбранным лимитом:
      · дорога КБШ, период 10: использовано 204 из 204 ваг.
      · дорога МСК, период 10: использовано 150 из 150 ваг.
      · дорога ПРВ, период 10: использовано 188 из 188 ваг.
      · дорога ЮВС, период 10: использовано 311 из 311 ваг.
      · дорога ЮУР, период 10: использовано 150 из 150 ваг.
  [s_idx  215] Парнас | тип=Т | ЕТСНГ=018112 | period=10 | mass_unload=false | осталось 8 из 8 ваг.
    ПРИЧИНА: квота ДМЗИ исчерпана — все Load-дуги с доступным спросом идут на дороги с выбранным лимитом:
      · дорога КБШ, период 10: использовано 204 из 204 ваг.
      · дорога МСК, период 10: использовано 150 из 150 ваг.
      · дорога ПРВ, период 10: использовано 188 из 188 ваг.
      · дорога ЮВС, период 10: использовано 311 из 311 ваг.
      · дорога ЮУР, период 10: использовано 150 из 150 ваг.
  [s_idx  216] Ильгюциемс (Экспорт) | тип=БКТ | ЕТСНГ=011005 | period=10 | mass_unload=false | осталось 1 из 61 ваг.
    ПРИЧИНА: квота ДМЗИ исчерпана — все Load-дуги с доступным спросом идут на дороги с выбранным лимитом:
      · дорога КБШ, период 10: использовано 204 из 204 ваг.
      · дорога МСК, период 10: использовано 150 из 150 ваг.
      · дорога ПРВ, период 10: использовано 188 из 188 ваг.
      · дорога ЮВС, период 10: использовано 311 из 311 ваг.
      · дорога ЮУР, период 10: использовано 150 из 150 ваг.
  [s_idx  219] Лужская | тип=Т | ЕТСНГ=018023 | period=10 | mass_unload=false | осталось 16 из 16 ваг.
    ПРИЧИНА: квота ДМЗИ исчерпана — все Load-дуги с доступным спросом идут на дороги с выбранным лимитом:
      · дорога КБШ, период 10: использовано 204 из 204 ваг.
      · дорога МСК, период 10: использовано 150 из 150 ваг.
      · дорога ПРВ, период 10: использовано 188 из 188 ваг.
      · дорога ЮВС, период 10: использовано 311 из 311 ваг.
      · дорога ЮУР, период 10: использовано 150 из 150 ваг.
  [s_idx  221] Сангачалы | тип=БКТ | ЕТСНГ=011005 | period=10 | mass_unload=false | осталось 14 из 14 ваг.
    ПРИЧИНА: квота ДМЗИ исчерпана — все Load-дуги с доступным спросом идут на дороги с выбранным лимитом:
      · дорога КБШ, период 10: использовано 204 из 204 ваг.
      · дорога МСК, период 10: использовано 150 из 150 ваг.
      · дорога ПРВ, период 10: использовано 188 из 188 ваг.
      · дорога ЮВС, период 10: использовано 311 из 311 ваг.
      · дорога ЮУР, период 10: использовано 150 из 150 ваг.
  [s_idx  222] Рыбинск-Товарный | тип=БКТ | ЕТСНГ=542224 | period=10 | mass_unload=false | осталось 1 из 1 ваг.
    ПРИЧИНА: доступны только Wash-дуги (36 шт., мин. стоимость 242247 руб./ваг.). В модели Wash не имеет штрафа за незаполнение,
             а excess_supply бесплатный — отправка только увеличила бы obj, MIP корректно оставил вагоны в остатке.
  [s_idx  223] Выселки | тип=БКТ | ЕТСНГ=542224 | period=10 | mass_unload=false | осталось 8 из 8 ваг.
    ПРИЧИНА: доступны только Wash-дуги (36 шт., мин. стоимость 205719 руб./ваг.). В модели Wash не имеет штрафа за незаполнение,
             а excess_supply бесплатный — отправка только увеличила бы obj, MIP корректно оставил вагоны в остатке.
  [s_idx  225] Сумгаит | тип=БКТ | ЕТСНГ=011005 | period=10 | mass_unload=false | осталось 10 из 28 ваг.
    ПРИЧИНА: квота ДМЗИ исчерпана — все Load-дуги с доступным спросом идут на дороги с выбранным лимитом:
      · дорога КБШ, период 10: использовано 204 из 204 ваг.
      · дорога МСК, период 10: использовано 150 из 150 ваг.
      · дорога ПРВ, период 10: использовано 188 из 188 ваг.
      · дорога ЮВС, период 10: использовано 311 из 311 ваг.
      · дорога ЮУР, период 10: использовано 150 из 150 ваг.
  [s_idx  226] Невдубстрой | тип=БКТ | ЕТСНГ=011005 | period=10 | mass_unload=true | осталось 29 из 33 ваг.
    ПРИЧИНА: квота ДМЗИ исчерпана — все Load-дуги с доступным спросом идут на дороги с выбранным лимитом:
      · дорога КБШ, период 10: использовано 204 из 204 ваг.
      · дорога МСК, период 10: использовано 150 из 150 ваг.
      · дорога ПРВ, период 10: использовано 188 из 188 ваг.
      · дорога ЮВС, период 10: использовано 311 из 311 ваг.
      · дорога ЮУР, период 10: использовано 150 из 150 ваг.
  [s_idx  231] Невдубстрой | тип=Т | ЕТСНГ=011005 | period=10 | mass_unload=true | осталось 14 из 14 ваг.
    ПРИЧИНА: квота ДМЗИ исчерпана — все Load-дуги с доступным спросом идут на дороги с выбранным лимитом:
      · дорога КБШ, период 10: использовано 204 из 204 ваг.
      · дорога МСК, период 10: использовано 150 из 150 ваг.
      · дорога ПРВ, период 10: использовано 188 из 188 ваг.
      · дорога ЮВС, период 10: использовано 311 из 311 ваг.
      · дорога ЮУР, период 10: использовано 150 из 150 ваг.
  [s_idx  233] Денов | тип=БК | ЕТСНГ=011005 | period=10 | mass_unload=false | осталось 27 из 27 ваг.
    ПРИЧИНА: нет ни одной допустимой дуги (нет тарифа, несовм. тип вагона или грязный груз).
  [s_idx  236] Невдубстрой | тип=БК | ЕТСНГ=015006 | period=10 | mass_unload=true | осталось 9 из 9 ваг.
    ПРИЧИНА: квота ДМЗИ исчерпана — все Load-дуги с доступным спросом идут на дороги с выбранным лимитом:
      · дорога КБШ, период 10: использовано 204 из 204 ваг.
      · дорога МСК, период 10: использовано 150 из 150 ваг.
      · дорога ПРВ, период 10: использовано 188 из 188 ваг.
      · дорога ЮВС, период 10: использовано 311 из 311 ваг.
      · дорога ЮУР, период 10: использовано 150 из 150 ваг.
  [s_idx  237] Капчагай | тип=БК | ЕТСНГ=011005 | period=10 | mass_unload=true | осталось 26 из 26 ваг.
    ПРИЧИНА: квота ДМЗИ исчерпана — все Load-дуги с доступным спросом идут на дороги с выбранным лимитом:
      · дорога КБШ, период 10: использовано 204 из 204 ваг.
      · дорога МСК, период 10: использовано 150 из 150 ваг.
      · дорога ПРВ, период 10: использовано 188 из 188 ваг.
      · дорога ЮВС, период 10: использовано 311 из 311 ваг.
      · дорога ЮУР, период 10: использовано 150 из 150 ваг.
  [s_idx  238] Поти (Порт, Экспорт) | тип=БК | ЕТСНГ=018131 | period=10 | mass_unload=true | осталось 68 из 68 ваг.
    ПРИЧИНА: квота ДМЗИ исчерпана — все Load-дуги с доступным спросом идут на дороги с выбранным лимитом:
      · дорога КБШ, период 10: использовано 204 из 204 ваг.
      · дорога МСК, период 10: использовано 150 из 150 ваг.
      · дорога ПРВ, период 10: использовано 188 из 188 ваг.
      · дорога ЮВС, период 10: использовано 311 из 311 ваг.
      · дорога ЮУР, период 10: использовано 150 из 150 ваг.
  [s_idx  240] Хырдалан | тип=БК | ЕТСНГ=011005 | period=10 | mass_unload=false | осталось 1 из 1 ваг.
    ПРИЧИНА: квота ДМЗИ исчерпана — все Load-дуги с доступным спросом идут на дороги с выбранным лимитом:
      · дорога КБШ, период 10: использовано 204 из 204 ваг.
      · дорога МСК, период 10: использовано 150 из 150 ваг.
      · дорога ПРВ, период 10: использовано 188 из 188 ваг.
      · дорога ЮВС, период 10: использовано 311 из 311 ваг.
      · дорога ЮУР, период 10: использовано 150 из 150 ваг.
  [s_idx  241] Лужская | тип=БКТ | ЕТСНГ=018023 | period=10 | mass_unload=false | осталось 20 из 20 ваг.
    ПРИЧИНА: квота ДМЗИ исчерпана — все Load-дуги с доступным спросом идут на дороги с выбранным лимитом:
      · дорога КБШ, период 10: использовано 204 из 204 ваг.
      · дорога МСК, период 10: использовано 150 из 150 ваг.
      · дорога ПРВ, период 10: использовано 188 из 188 ваг.
      · дорога ЮВС, период 10: использовано 311 из 311 ваг.
      · дорога ЮУР, период 10: использовано 150 из 150 ваг.
  [s_idx  244] Блюхер (Экспорт) | тип=БК | ЕТСНГ=018038 | period=10 | mass_unload=false | осталось 4 из 4 ваг.
    ПРИЧИНА: квота ДМЗИ исчерпана — все Load-дуги с доступным спросом идут на дороги с выбранным лимитом:
      · дорога КБШ, период 10: использовано 204 из 204 ваг.
      · дорога МСК, период 10: использовано 150 из 150 ваг.
      · дорога ПРВ, период 10: использовано 188 из 188 ваг.
      · дорога ЮВС, период 10: использовано 311 из 311 ваг.
      · дорога ЮУР, период 10: использовано 150 из 150 ваг.
  [s_idx  248] Вайвара (Экспорт) | тип=БК | ЕТСНГ=018131 | period=10 | mass_unload=true | осталось 29 из 29 ваг.
    ПРИЧИНА: квота ДМЗИ исчерпана — все Load-дуги с доступным спросом идут на дороги с выбранным лимитом:
      · дорога КБШ, период 10: использовано 204 из 204 ваг.
      · дорога МСК, период 10: использовано 150 из 150 ваг.
      · дорога ПРВ, период 10: использовано 188 из 188 ваг.
      · дорога ЮВС, период 10: использовано 311 из 311 ваг.
      · дорога ЮУР, период 10: использовано 150 из 150 ваг.
  [s_idx  250] Готня | тип=БК | ЕТСНГ=542239 | period=10 | mass_unload=false | осталось 7 из 7 ваг.
    ПРИЧИНА: доступны только Wash-дуги (36 шт., мин. стоимость 276366 руб./ваг.). В модели Wash не имеет штрафа за незаполнение,
             а excess_supply бесплатный — отправка только увеличила бы obj, MIP корректно оставил вагоны в остатке.
  [s_idx  251] Туапсе-Сортировочная (Экспорт) | тип=БКТ | ЕТСНГ=505028 | period=10 | mass_unload=false | осталось 21 из 21 ваг.
    ПРИЧИНА: доступны только Wash-дуги (36 шт., мин. стоимость 240610 руб./ваг.). В модели Wash не имеет штрафа за незаполнение,
             а excess_supply бесплатный — отправка только увеличила бы obj, MIP корректно оставил вагоны в остатке.
  [s_idx  253] Туапсе-Сортировочная (Экспорт) | тип=БК | ЕТСНГ=505028 | period=10 | mass_unload=false | осталось 9 из 9 ваг.
    ПРИЧИНА: доступны только Wash-дуги (36 шт., мин. стоимость 240610 руб./ваг.). В модели Wash не имеет штрафа за незаполнение,
             а excess_supply бесплатный — отправка только увеличила бы obj, MIP корректно оставил вагоны в остатке.
  [s_idx  254] Криеву Сала (Экспорт) | тип=Т | ЕТСНГ=011005 | period=10 | mass_unload=false | осталось 12 из 46 ваг.
    ПРИЧИНА: квота ДМЗИ исчерпана — все Load-дуги с доступным спросом идут на дороги с выбранным лимитом:
      · дорога КБШ, период 10: использовано 204 из 204 ваг.
      · дорога МСК, период 10: использовано 150 из 150 ваг.
      · дорога ПРВ, период 10: использовано 188 из 188 ваг.
      · дорога ЮВС, период 10: использовано 311 из 311 ваг.
      · дорога ЮУР, период 10: использовано 150 из 150 ваг.
  [s_idx  255] Аламедин | тип=БКТ | ЕТСНГ=011005 | period=10 | mass_unload=false | осталось 5 из 5 ваг.
    ПРИЧИНА: квота ДМЗИ исчерпана — все Load-дуги с доступным спросом идут на дороги с выбранным лимитом:
      · дорога КБШ, период 10: использовано 204 из 204 ваг.
      · дорога МСК, период 10: использовано 150 из 150 ваг.
      · дорога ПРВ, период 10: использовано 188 из 188 ваг.
      · дорога ЮВС, период 10: использовано 311 из 311 ваг.
      · дорога ЮУР, период 10: использовано 150 из 150 ваг.
  [s_idx  256] Денов | тип=БКТ | ЕТСНГ=011005 | period=10 | mass_unload=false | осталось 47 из 47 ваг.
    ПРИЧИНА: нет ни одной допустимой дуги (нет тарифа, несовм. тип вагона или грязный груз).
  [s_idx  259] Янгийул | тип=БКТ | ЕТСНГ=542050 | period=10 | mass_unload=false | осталось 21 из 21 ваг.
    ПРИЧИНА: квота ДМЗИ исчерпана — все Load-дуги с доступным спросом идут на дороги с выбранным лимитом:
      · дорога КБШ, период 10: использовано 204 из 204 ваг.
      · дорога МСК, период 10: использовано 150 из 150 ваг.
      · дорога ПРВ, период 10: использовано 188 из 188 ваг.
      · дорога ЮВС, период 10: использовано 311 из 311 ваг.
      · дорога ЮУР, период 10: использовано 150 из 150 ваг.
  [s_idx  261] Астара (Экспорт) | тип=БКТ | ЕТСНГ=014003 | period=10 | mass_unload=false | осталось 3 из 3 ваг.
    ПРИЧИНА: квота ДМЗИ исчерпана — все Load-дуги с доступным спросом идут на дороги с выбранным лимитом:
      · дорога КБШ, период 10: использовано 204 из 204 ваг.
      · дорога МСК, период 10: использовано 150 из 150 ваг.
      · дорога ПРВ, период 10: использовано 188 из 188 ваг.
      · дорога ЮВС, период 10: использовано 311 из 311 ваг.
      · дорога ЮУР, период 10: использовано 150 из 150 ваг.
  [s_idx  266] Парнас | тип=БК | ЕТСНГ=018112 | period=10 | mass_unload=false | осталось 2 из 2 ваг.
    ПРИЧИНА: квота ДМЗИ исчерпана — все Load-дуги с доступным спросом идут на дороги с выбранным лимитом:
      · дорога КБШ, период 10: использовано 204 из 204 ваг.
      · дорога МСК, период 10: использовано 150 из 150 ваг.
      · дорога ПРВ, период 10: использовано 188 из 188 ваг.
      · дорога ЮВС, период 10: использовано 311 из 311 ваг.
      · дорога ЮУР, период 10: использовано 150 из 150 ваг.
  [s_idx  273] Металлист | тип=БКТ | ЕТСНГ=— | period=10 | mass_unload=false | осталось 9 из 9 ваг.
    ПРИЧИНА: доступны только Wash-дуги (36 шт., мин. стоимость 239116 руб./ваг.). В модели Wash не имеет штрафа за незаполнение,
             а excess_supply бесплатный — отправка только увеличила бы obj, MIP корректно оставил вагоны в остатке.
  [s_idx  274] Забайкальск (Экспорт на КЖД [Китай]) | тип=Т | ЕТСНГ=014003 | period=10 | mass_unload=false | осталось 3 из 3 ваг.
    ПРИЧИНА: квота ДМЗИ исчерпана — все Load-дуги с доступным спросом идут на дороги с выбранным лимитом:
      · дорога КБШ, период 10: использовано 204 из 204 ваг.
      · дорога МСК, период 10: использовано 150 из 150 ваг.
      · дорога ПРВ, период 10: использовано 188 из 188 ваг.
      · дорога ЮВС, период 10: использовано 311 из 311 ваг.
      · дорога ЮУР, период 10: использовано 150 из 150 ваг.
  [s_idx  275] Почеп | тип=БКТ | ЕТСНГ=542224 | period=10 | mass_unload=false | осталось 6 из 6 ваг.
    ПРИЧИНА: доступны только Wash-дуги (36 шт., мин. стоимость 203949 руб./ваг.). В модели Wash не имеет штрафа за незаполнение,
             а excess_supply бесплатный — отправка только увеличила бы obj, MIP корректно оставил вагоны в остатке.
  [s_idx  276] Капчагай | тип=Т | ЕТСНГ=011005 | period=10 | mass_unload=true | осталось 5 из 19 ваг.
    ПРИЧИНА: квота ДМЗИ исчерпана — все Load-дуги с доступным спросом идут на дороги с выбранным лимитом:
      · дорога КБШ, период 10: использовано 204 из 204 ваг.
      · дорога МСК, период 10: использовано 150 из 150 ваг.
      · дорога ПРВ, период 10: использовано 188 из 188 ваг.
      · дорога ЮВС, период 10: использовано 311 из 311 ваг.
      · дорога ЮУР, период 10: использовано 150 из 150 ваг.
  [s_idx  277] Капчагай | тип=БКТ | ЕТСНГ=011005 | period=10 | mass_unload=true | осталось 29 из 30 ваг.
    ПРИЧИНА: квота ДМЗИ исчерпана — все Load-дуги с доступным спросом идут на дороги с выбранным лимитом:
      · дорога КБШ, период 10: использовано 204 из 204 ваг.
      · дорога МСК, период 10: использовано 150 из 150 ваг.
      · дорога ПРВ, период 10: использовано 188 из 188 ваг.
      · дорога ЮВС, период 10: использовано 311 из 311 ваг.
      · дорога ЮУР, период 10: использовано 150 из 150 ваг.
  [s_idx  278] Блюхер (Экспорт) | тип=БКТ | ЕТСНГ=011005 | period=10 | mass_unload=false | осталось 13 из 13 ваг.
    ПРИЧИНА: квота ДМЗИ исчерпана — все Load-дуги с доступным спросом идут на дороги с выбранным лимитом:
      · дорога КБШ, период 10: использовано 204 из 204 ваг.
      · дорога МСК, период 10: использовано 150 из 150 ваг.
      · дорога ПРВ, период 10: использовано 188 из 188 ваг.
      · дорога ЮВС, период 10: использовано 311 из 311 ваг.
      · дорога ЮУР, период 10: использовано 150 из 150 ваг.
  [s_idx  280] Ардым | тип=БКТ | ЕТСНГ=542224 | period=10 | mass_unload=false | осталось 9 из 9 ваг.
    ПРИЧИНА: доступны только Wash-дуги (36 шт., мин. стоимость 243153 руб./ваг.). В модели Wash не имеет штрафа за незаполнение,
             а excess_supply бесплатный — отправка только увеличила бы obj, MIP корректно оставил вагоны в остатке.
  [s_idx  281] Кара-Балта | тип=БКТ | ЕТСНГ=014003 | period=10 | mass_unload=false | осталось 6 из 6 ваг.
    ПРИЧИНА: квота ДМЗИ исчерпана — все Load-дуги с доступным спросом идут на дороги с выбранным лимитом:
      · дорога КБШ, период 10: использовано 204 из 204 ваг.
      · дорога МСК, период 10: использовано 150 из 150 ваг.
      · дорога ПРВ, период 10: использовано 188 из 188 ваг.
      · дорога ЮВС, период 10: использовано 311 из 311 ваг.
      · дорога ЮУР, период 10: использовано 150 из 150 ваг.
  [s_idx  282] Новый Порт (Экспорт) | тип=БК | ЕТСНГ=542296 | period=10 | mass_unload=true | осталось 4 из 4 ваг.
    ПРИЧИНА: доступны только Wash-дуги (36 шт., мин. стоимость 231205 руб./ваг.). В модели Wash не имеет штрафа за незаполнение,
             а excess_supply бесплатный — отправка только увеличила бы obj, MIP корректно оставил вагоны в остатке.
  [s_idx  284] Лиепая (Экспорт) | тип=БКТ | ЕТСНГ=014003 | period=10 | mass_unload=true | осталось 4 из 4 ваг.
    ПРИЧИНА: квота ДМЗИ исчерпана — все Load-дуги с доступным спросом идут на дороги с выбранным лимитом:
      · дорога КБШ, период 10: использовано 204 из 204 ваг.
      · дорога МСК, период 10: использовано 150 из 150 ваг.
      · дорога ПРВ, период 10: использовано 188 из 188 ваг.
      · дорога ЮВС, период 10: использовано 311 из 311 ваг.
      · дорога ЮУР, период 10: использовано 150 из 150 ваг.
  [s_idx  287] Можга | тип=БКТ | ЕТСНГ=542239 | period=10 | mass_unload=false | осталось 2 из 2 ваг.
    ПРИЧИНА: доступны только Wash-дуги (36 шт., мин. стоимость 277638 руб./ваг.). В модели Wash не имеет штрафа за незаполнение,
             а excess_supply бесплатный — отправка только увеличила бы obj, MIP корректно оставил вагоны в остатке.
  [s_idx  289] Готня | тип=БКТ | ЕТСНГ=542239 | period=10 | mass_unload=false | осталось 13 из 13 ваг.
    ПРИЧИНА: доступны только Wash-дуги (36 шт., мин. стоимость 276366 руб./ваг.). В модели Wash не имеет штрафа за незаполнение,
             а excess_supply бесплатный — отправка только увеличила бы obj, MIP корректно оставил вагоны в остатке.
  [s_idx  291] Помары | тип=БКТ | ЕТСНГ=— | period=10 | mass_unload=false | осталось 7 из 7 ваг.
    ПРИЧИНА: доступны только Wash-дуги (36 шт., мин. стоимость 277638 руб./ваг.). В модели Wash не имеет штрафа за незаполнение,
             а excess_supply бесплатный — отправка только увеличила бы obj, MIP корректно оставил вагоны в остатке.
  [s_idx  292] Помары | тип=БК | ЕТСНГ=542239 | period=10 | mass_unload=false | осталось 4 из 4 ваг.
    ПРИЧИНА: доступны только Wash-дуги (36 шт., мин. стоимость 277638 руб./ваг.). В модели Wash не имеет штрафа за незаполнение,
             а excess_supply бесплатный — отправка только увеличила бы obj, MIP корректно оставил вагоны в остатке.
  [s_idx  294] Волосово | тип=БКТ | ЕТСНГ=421195 | period=10 | mass_unload=false | осталось 4 из 4 ваг.
    ПРИЧИНА: квота ДМЗИ исчерпана — все Load-дуги с доступным спросом идут на дороги с выбранным лимитом:
      · дорога КБШ, период 10: использовано 204 из 204 ваг.
      · дорога МСК, период 10: использовано 150 из 150 ваг.
      · дорога ПРВ, период 10: использовано 188 из 188 ваг.
      · дорога ЮВС, период 10: использовано 311 из 311 ваг.
      · дорога ЮУР, период 10: использовано 150 из 150 ваг.
  [s_idx  296] Санкт-Петербург-Товарный-Московский | тип=БКТ | ЕТСНГ=012008 | period=10 | mass_unload=false | осталось 1 из 1 ваг.
    ПРИЧИНА: квота ДМЗИ исчерпана — все Load-дуги с доступным спросом идут на дороги с выбранным лимитом:
      · дорога КБШ, период 10: использовано 204 из 204 ваг.
      · дорога МСК, период 10: использовано 150 из 150 ваг.
      · дорога ПРВ, период 10: использовано 188 из 188 ваг.
      · дорога ЮВС, период 10: использовано 311 из 311 ваг.
      · дорога ЮУР, период 10: использовано 150 из 150 ваг.
  [s_idx  298] Забайкальск (Экспорт на КЖД [Китай]) | тип=БКТ | ЕТСНГ=014003 | period=10 | mass_unload=false | осталось 3 из 3 ваг.
    ПРИЧИНА: квота ДМЗИ исчерпана — все Load-дуги с доступным спросом идут на дороги с выбранным лимитом:
      · дорога КБШ, период 10: использовано 204 из 204 ваг.
      · дорога МСК, период 10: использовано 150 из 150 ваг.
      · дорога ПРВ, период 10: использовано 188 из 188 ваг.
      · дорога ЮВС, период 10: использовано 311 из 311 ваг.
      · дорога ЮУР, период 10: использовано 150 из 150 ваг.
  [s_idx  306] Лиепая (Экспорт) | тип=БК | ЕТСНГ=542239 | period=10 | mass_unload=true | осталось 4 из 4 ваг.
    ПРИЧИНА: квота ДМЗИ исчерпана — все Load-дуги с доступным спросом идут на дороги с выбранным лимитом:
      · дорога КБШ, период 10: использовано 204 из 204 ваг.
      · дорога МСК, период 10: использовано 150 из 150 ваг.
      · дорога ПРВ, период 10: использовано 188 из 188 ваг.
      · дорога ЮВС, период 10: использовано 311 из 311 ваг.
      · дорога ЮУР, период 10: использовано 150 из 150 ваг.
  [s_idx  308] Невдубстрой | тип=БКТ | ЕТСНГ=021100 | period=10 | mass_unload=true | осталось 15 из 15 ваг.
    ПРИЧИНА: квота ДМЗИ исчерпана — все Load-дуги с доступным спросом идут на дороги с выбранным лимитом:
      · дорога КБШ, период 10: использовано 204 из 204 ваг.
      · дорога МСК, период 10: использовано 150 из 150 ваг.
      · дорога ПРВ, период 10: использовано 188 из 188 ваг.
      · дорога ЮВС, период 10: использовано 311 из 311 ваг.
      · дорога ЮУР, период 10: использовано 150 из 150 ваг.
  [s_idx  309] Асака | тип=БКТ | ЕТСНГ=542050 | period=10 | mass_unload=false | осталось 2 из 2 ваг.
    ПРИЧИНА: квота ДМЗИ исчерпана — все Load-дуги с доступным спросом идут на дороги с выбранным лимитом:
      · дорога КБШ, период 10: использовано 204 из 204 ваг.
      · дорога МСК, период 10: использовано 150 из 150 ваг.
      · дорога ПРВ, период 10: использовано 188 из 188 ваг.
      · дорога ЮВС, период 10: использовано 311 из 311 ваг.
      · дорога ЮУР, период 10: использовано 150 из 150 ваг.
  [s_idx  314] Ереван | тип=БКТ | ЕТСНГ=014003 | period=10 | mass_unload=false | осталось 32 из 32 ваг.
    ПРИЧИНА: квота ДМЗИ исчерпана — все Load-дуги с доступным спросом идут на дороги с выбранным лимитом:
      · дорога КБШ, период 10: использовано 204 из 204 ваг.
      · дорога МСК, период 10: использовано 150 из 150 ваг.
      · дорога ПРВ, период 10: использовано 188 из 188 ваг.
      · дорога ЮВС, период 10: использовано 311 из 311 ваг.
      · дорога ЮУР, период 10: использовано 150 из 150 ваг.
  [s_idx  316] Новый Порт (Экспорт) | тип=БК | ЕТСНГ=021079 | period=10 | mass_unload=true | осталось 29 из 29 ваг.
    ПРИЧИНА: квота ДМЗИ исчерпана — все Load-дуги с доступным спросом идут на дороги с выбранным лимитом:
      · дорога КБШ, период 10: использовано 204 из 204 ваг.
      · дорога МСК, период 10: использовано 150 из 150 ваг.
      · дорога ПРВ, период 10: использовано 188 из 188 ваг.
      · дорога ЮВС, период 10: использовано 311 из 311 ваг.
      · дорога ЮУР, период 10: использовано 150 из 150 ваг.
  [s_idx  320] Сумгаит | тип=Т | ЕТСНГ=011005 | period=10 | mass_unload=false | осталось 9 из 11 ваг.
    ПРИЧИНА: квота ДМЗИ исчерпана — все Load-дуги с доступным спросом идут на дороги с выбранным лимитом:
      · дорога КБШ, период 10: использовано 204 из 204 ваг.
      · дорога МСК, период 10: использовано 150 из 150 ваг.
      · дорога ПРВ, период 10: использовано 188 из 188 ваг.
      · дорога ЮВС, период 10: использовано 311 из 311 ваг.
      · дорога ЮУР, период 10: использовано 150 из 150 ваг.
  [s_idx  321] Селикса | тип=БКТ | ЕТСНГ=542224 | period=10 | mass_unload=false | осталось 14 из 14 ваг.
    ПРИЧИНА: доступны только Wash-дуги (36 шт., мин. стоимость 243187 руб./ваг.). В модели Wash не имеет штрафа за незаполнение,
             а excess_supply бесплатный — отправка только увеличила бы obj, MIP корректно оставил вагоны в остатке.
  [s_idx  322] Кара-Балта | тип=БК | ЕТСНГ=014003 | period=10 | mass_unload=false | осталось 4 из 4 ваг.
    ПРИЧИНА: квота ДМЗИ исчерпана — все Load-дуги с доступным спросом идут на дороги с выбранным лимитом:
      · дорога КБШ, период 10: использовано 204 из 204 ваг.
      · дорога МСК, период 10: использовано 150 из 150 ваг.
      · дорога ПРВ, период 10: использовано 188 из 188 ваг.
      · дорога ЮВС, период 10: использовано 311 из 311 ваг.
      · дорога ЮУР, период 10: использовано 150 из 150 ваг.
  [s_idx  325] Невдубстрой | тип=БК | ЕТСНГ=011005 | period=10 | mass_unload=true | осталось 14 из 14 ваг.
    ПРИЧИНА: квота ДМЗИ исчерпана — все Load-дуги с доступным спросом идут на дороги с выбранным лимитом:
      · дорога КБШ, период 10: использовано 204 из 204 ваг.
      · дорога МСК, период 10: использовано 150 из 150 ваг.
      · дорога ПРВ, период 10: использовано 188 из 188 ваг.
      · дорога ЮВС, период 10: использовано 311 из 311 ваг.
      · дорога ЮУР, период 10: использовано 150 из 150 ваг.
  [s_idx  326] Гродеково (Экспорт на КЖД [Китай]) | тип=БК | ЕТСНГ=015006 | period=10 | mass_unload=false | осталось 5 из 5 ваг.
    ПРИЧИНА: квота ДМЗИ исчерпана — все Load-дуги с доступным спросом идут на дороги с выбранным лимитом:
      · дорога КБШ, период 10: использовано 204 из 204 ваг.
      · дорога МСК, период 10: использовано 150 из 150 ваг.
      · дорога ПРВ, период 10: использовано 188 из 188 ваг.
      · дорога ЮВС, период 10: использовано 311 из 311 ваг.
      · дорога ЮУР, период 10: использовано 150 из 150 ваг.
  [s_idx  327] Шопоков | тип=БК | ЕТСНГ=011005 | period=10 | mass_unload=false | осталось 2 из 2 ваг.
    ПРИЧИНА: квота ДМЗИ исчерпана — все Load-дуги с доступным спросом идут на дороги с выбранным лимитом:
      · дорога КБШ, период 10: использовано 204 из 204 ваг.
      · дорога МСК, период 10: использовано 150 из 150 ваг.
      · дорога ПРВ, период 10: использовано 188 из 188 ваг.
      · дорога ЮВС, период 10: использовано 311 из 311 ваг.
      · дорога ЮУР, период 10: использовано 150 из 150 ваг.
  [s_idx  328] Сумгаит | тип=БК | ЕТСНГ=011005 | period=10 | mass_unload=false | осталось 9 из 9 ваг.
    ПРИЧИНА: квота ДМЗИ исчерпана — все Load-дуги с доступным спросом идут на дороги с выбранным лимитом:
      · дорога КБШ, период 10: использовано 204 из 204 ваг.
      · дорога МСК, период 10: использовано 150 из 150 ваг.
      · дорога ПРВ, период 10: использовано 188 из 188 ваг.
      · дорога ЮВС, период 10: использовано 311 из 311 ваг.
      · дорога ЮУР, период 10: использовано 150 из 150 ваг.
  [s_idx  331] Придонская | тип=БКТ | ЕТСНГ=542224 | period=10 | mass_unload=false | осталось 6 из 6 ваг.
    ПРИЧИНА: доступны только Wash-дуги (36 шт., мин. стоимость 204987 руб./ваг.). В модели Wash не имеет штрафа за незаполнение,
             а excess_supply бесплатный — отправка только увеличила бы obj, MIP корректно оставил вагоны в остатке.
  [s_idx  332] Наушки (Экспорт АО «УБЖД»: участок Улаанбаатар (вкл.) и далее) | тип=БК | ЕТСНГ=011005 | period=10 | mass_unload=false | осталось 3 из 3 ваг.
    ПРИЧИНА: квота ДМЗИ исчерпана — все Load-дуги с доступным спросом идут на дороги с выбранным лимитом:
      · дорога КБШ, период 10: использовано 204 из 204 ваг.
      · дорога МСК, период 10: использовано 150 из 150 ваг.
      · дорога ПРВ, период 10: использовано 188 из 188 ваг.
      · дорога ЮВС, период 10: использовано 311 из 311 ваг.
      · дорога ЮУР, период 10: использовано 150 из 150 ваг.
  [s_idx  334] Нижний Ломов | тип=БКТ | ЕТСНГ=542239 | period=10 | mass_unload=false | осталось 2 из 2 ваг.
    ПРИЧИНА: доступны только Wash-дуги (36 шт., мин. стоимость 281817 руб./ваг.). В модели Wash не имеет штрафа за незаполнение,
             а excess_supply бесплатный — отправка только увеличила бы obj, MIP корректно оставил вагоны в остатке.
  [s_idx  335] Богоявленск | тип=БКТ | ЕТСНГ=542239 | period=10 | mass_unload=false | осталось 1 из 1 ваг.
    ПРИЧИНА: доступны только Wash-дуги (36 шт., мин. стоимость 237101 руб./ваг.). В модели Wash не имеет штрафа за незаполнение,
             а excess_supply бесплатный — отправка только увеличила бы obj, MIP корректно оставил вагоны в остатке.
  [s_idx  336] Подберезье | тип=БК | ЕТСНГ=011005 | period=10 | mass_unload=false | осталось 6 из 6 ваг.
    ПРИЧИНА: квота ДМЗИ исчерпана — все Load-дуги с доступным спросом идут на дороги с выбранным лимитом:
      · дорога КБШ, период 10: использовано 204 из 204 ваг.
      · дорога МСК, период 10: использовано 150 из 150 ваг.
      · дорога ПРВ, период 10: использовано 188 из 188 ваг.
      · дорога ЮВС, период 10: использовано 311 из 311 ваг.
      · дорога ЮУР, период 10: использовано 150 из 150 ваг.
  [s_idx  338] Латная | тип=БК | ЕТСНГ=542224 | period=10 | mass_unload=false | осталось 3 из 3 ваг.
    ПРИЧИНА: доступны только Wash-дуги (36 шт., мин. стоимость 201740 руб./ваг.). В модели Wash не имеет штрафа за незаполнение,
             а excess_supply бесплатный — отправка только увеличила бы obj, MIP корректно оставил вагоны в остатке.
  [s_idx  339] Колодезная | тип=БК | ЕТСНГ=542239 | period=10 | mass_unload=false | осталось 1 из 1 ваг.
    ПРИЧИНА: доступны только Wash-дуги (36 шт., мин. стоимость 202276 руб./ваг.). В модели Wash не имеет штрафа за незаполнение,
             а excess_supply бесплатный — отправка только увеличила бы obj, MIP корректно оставил вагоны в остатке.
  [s_idx  340] Ишим | тип=БКТ | ЕТСНГ=542239 | period=10 | mass_unload=false | осталось 2 из 2 ваг.
    ПРИЧИНА: доступны только Wash-дуги (36 шт., мин. стоимость 281487 руб./ваг.). В модели Wash не имеет штрафа за незаполнение,
             а excess_supply бесплатный — отправка только увеличила бы obj, MIP корректно оставил вагоны в остатке.
  [s_idx  343] Позимь | тип=БКТ | ЕТСНГ=— | period=10 | mass_unload=false | осталось 5 из 5 ваг.
    ПРИЧИНА: доступны только Wash-дуги (36 шт., мин. стоимость 278003 руб./ваг.). В модели Wash не имеет штрафа за незаполнение,
             а excess_supply бесплатный — отправка только увеличила бы obj, MIP корректно оставил вагоны в остатке.
  [s_idx  345] Волосово | тип=БК | ЕТСНГ=421195 | period=10 | mass_unload=false | осталось 14 из 14 ваг.
    ПРИЧИНА: квота ДМЗИ исчерпана — все Load-дуги с доступным спросом идут на дороги с выбранным лимитом:
      · дорога КБШ, период 10: использовано 204 из 204 ваг.
      · дорога МСК, период 10: использовано 150 из 150 ваг.
      · дорога ПРВ, период 10: использовано 188 из 188 ваг.
      · дорога ЮВС, период 10: использовано 311 из 311 ваг.
      · дорога ЮУР, период 10: использовано 150 из 150 ваг.
  [s_idx  347] Койты | тип=БКТ | ЕТСНГ=011005 | period=10 | mass_unload=false | осталось 3 из 5 ваг.
    ПРИЧИНА: квота ДМЗИ исчерпана — все Load-дуги с доступным спросом идут на дороги с выбранным лимитом:
      · дорога КБШ, период 10: использовано 204 из 204 ваг.
      · дорога МСК, период 10: использовано 150 из 150 ваг.
      · дорога ПРВ, период 10: использовано 188 из 188 ваг.
      · дорога ЮВС, период 10: использовано 311 из 311 ваг.
      · дорога ЮУР, период 10: использовано 150 из 150 ваг.
  [s_idx  351] Ереван | тип=БК | ЕТСНГ=011005 | period=10 | mass_unload=false | осталось 4 из 4 ваг.
    ПРИЧИНА: квота ДМЗИ исчерпана — все Load-дуги с доступным спросом идут на дороги с выбранным лимитом:
      · дорога КБШ, период 10: использовано 204 из 204 ваг.
      · дорога МСК, период 10: использовано 150 из 150 ваг.
      · дорога ПРВ, период 10: использовано 188 из 188 ваг.
      · дорога ЮВС, период 10: использовано 311 из 311 ваг.
      · дорога ЮУР, период 10: использовано 150 из 150 ваг.
  [s_idx  352] Блюхер (Экспорт) | тип=БКТ | ЕТСНГ=018038 | period=10 | mass_unload=false | осталось 3 из 3 ваг.
    ПРИЧИНА: квота ДМЗИ исчерпана — все Load-дуги с доступным спросом идут на дороги с выбранным лимитом:
      · дорога КБШ, период 10: использовано 204 из 204 ваг.
      · дорога МСК, период 10: использовано 150 из 150 ваг.
      · дорога ПРВ, период 10: использовано 188 из 188 ваг.
      · дорога ЮВС, период 10: использовано 311 из 311 ваг.
      · дорога ЮУР, период 10: использовано 150 из 150 ваг.
  [s_idx  353] Хырдалан | тип=Т | ЕТСНГ=011005 | period=10 | mass_unload=false | осталось 4 из 4 ваг.
    ПРИЧИНА: квота ДМЗИ исчерпана — все Load-дуги с доступным спросом идут на дороги с выбранным лимитом:
      · дорога КБШ, период 10: использовано 204 из 204 ваг.
      · дорога МСК, период 10: использовано 150 из 150 ваг.
      · дорога ПРВ, период 10: использовано 188 из 188 ваг.
      · дорога ЮВС, период 10: использовано 311 из 311 ваг.
      · дорога ЮУР, период 10: использовано 150 из 150 ваг.
  [s_idx  354] Блюхер (Экспорт) | тип=БК | ЕТСНГ=— | period=10 | mass_unload=false | осталось 4 из 4 ваг.
    ПРИЧИНА: квота ДМЗИ исчерпана — все Load-дуги с доступным спросом идут на дороги с выбранным лимитом:
      · дорога КБШ, период 10: использовано 204 из 204 ваг.
      · дорога МСК, период 10: использовано 150 из 150 ваг.
      · дорога ПРВ, период 10: использовано 188 из 188 ваг.
      · дорога ЮВС, период 10: использовано 311 из 311 ваг.
      · дорога ЮУР, период 10: использовано 150 из 150 ваг.
  [s_idx  356] Поярково | тип=Т | ЕТСНГ=014003 | period=10 | mass_unload=false | осталось 1 из 1 ваг.
    ПРИЧИНА: квота ДМЗИ исчерпана — все Load-дуги с доступным спросом идут на дороги с выбранным лимитом:
      · дорога КБШ, период 10: использовано 204 из 204 ваг.
      · дорога МСК, период 10: использовано 150 из 150 ваг.
      · дорога ПРВ, период 10: использовано 188 из 188 ваг.
      · дорога ЮВС, период 10: использовано 311 из 311 ваг.
      · дорога ЮУР, период 10: использовано 150 из 150 ваг.
  [s_idx  357] Околтин | тип=БК | ЕТСНГ=011005 | period=10 | mass_unload=false | осталось 9 из 9 ваг.
    ПРИЧИНА: квота ДМЗИ исчерпана — все Load-дуги с доступным спросом идут на дороги с выбранным лимитом:
      · дорога КБШ, период 10: использовано 204 из 204 ваг.
      · дорога МСК, период 10: использовано 150 из 150 ваг.
      · дорога ПРВ, период 10: использовано 188 из 188 ваг.
      · дорога ЮВС, период 10: использовано 311 из 311 ваг.
      · дорога ЮУР, период 10: использовано 150 из 150 ваг.
  [s_idx  359] Уссурийск | тип=БК | ЕТСНГ=011005 | period=10 | mass_unload=false | осталось 2 из 2 ваг.
    ПРИЧИНА: квота ДМЗИ исчерпана — все Load-дуги с доступным спросом идут на дороги с выбранным лимитом:
      · дорога КБШ, период 10: использовано 204 из 204 ваг.
      · дорога МСК, период 10: использовано 150 из 150 ваг.
      · дорога ПРВ, период 10: использовано 188 из 188 ваг.
      · дорога ЮВС, период 10: использовано 311 из 311 ваг.
      · дорога ЮУР, период 10: использовано 150 из 150 ваг.
  [s_idx  360] Базаиха | тип=БКТ | ЕТСНГ=542239 | period=10 | mass_unload=false | осталось 3 из 3 ваг.
    ПРИЧИНА: доступны только Wash-дуги (36 шт., мин. стоимость 202008 руб./ваг.). В модели Wash не имеет штрафа за незаполнение,
             а excess_supply бесплатный — отправка только увеличила бы obj, MIP корректно оставил вагоны в остатке.
  [s_idx  361] Невдубстрой | тип=БКТ | ЕТСНГ=015006 | period=10 | mass_unload=true | осталось 17 из 17 ваг.
    ПРИЧИНА: квота ДМЗИ исчерпана — все Load-дуги с доступным спросом идут на дороги с выбранным лимитом:
      · дорога КБШ, период 10: использовано 204 из 204 ваг.
      · дорога МСК, период 10: использовано 150 из 150 ваг.
      · дорога ПРВ, период 10: использовано 188 из 188 ваг.
      · дорога ЮВС, период 10: использовано 311 из 311 ваг.
      · дорога ЮУР, период 10: использовано 150 из 150 ваг.
  [s_idx  362] Ровустон | тип=БКТ | ЕТСНГ=542050 | period=10 | mass_unload=false | осталось 2 из 2 ваг.
    ПРИЧИНА: квота ДМЗИ исчерпана — все Load-дуги с доступным спросом идут на дороги с выбранным лимитом:
      · дорога КБШ, период 10: использовано 204 из 204 ваг.
      · дорога МСК, период 10: использовано 150 из 150 ваг.
      · дорога ПРВ, период 10: использовано 188 из 188 ваг.
      · дорога ЮВС, период 10: использовано 311 из 311 ваг.
      · дорога ЮУР, период 10: использовано 150 из 150 ваг.
  [s_idx  364] Егвард | тип=БК | ЕТСНГ=011005 | period=10 | mass_unload=false | осталось 13 из 13 ваг.
    ПРИЧИНА: квота ДМЗИ исчерпана — все Load-дуги с доступным спросом идут на дороги с выбранным лимитом:
      · дорога КБШ, период 10: использовано 204 из 204 ваг.
      · дорога МСК, период 10: использовано 150 из 150 ваг.
      · дорога ПРВ, период 10: использовано 188 из 188 ваг.
      · дорога ЮВС, период 10: использовано 311 из 311 ваг.
      · дорога ЮУР, период 10: использовано 150 из 150 ваг.
  [s_idx  365] Селикса | тип=БК | ЕТСНГ=542224 | period=10 | mass_unload=false | осталось 5 из 5 ваг.
    ПРИЧИНА: доступны только Wash-дуги (36 шт., мин. стоимость 243187 руб./ваг.). В модели Wash не имеет штрафа за незаполнение,
             а excess_supply бесплатный — отправка только увеличила бы obj, MIP корректно оставил вагоны в остатке.
  [s_idx  367] Невдубстрой | тип=Т | ЕТСНГ=015006 | period=10 | mass_unload=true | осталось 9 из 9 ваг.
    ПРИЧИНА: квота ДМЗИ исчерпана — все Load-дуги с доступным спросом идут на дороги с выбранным лимитом:
      · дорога КБШ, период 10: использовано 204 из 204 ваг.
      · дорога МСК, период 10: использовано 150 из 150 ваг.
      · дорога ПРВ, период 10: использовано 188 из 188 ваг.
      · дорога ЮВС, период 10: использовано 311 из 311 ваг.
      · дорога ЮУР, период 10: использовано 150 из 150 ваг.
  [s_idx  368] Денов | тип=Т | ЕТСНГ=011005 | period=10 | mass_unload=false | осталось 5 из 5 ваг.
    ПРИЧИНА: нет ни одной допустимой дуги (нет тарифа, несовм. тип вагона или грязный груз).
  [s_idx  369] Хырдалан | тип=БКТ | ЕТСНГ=011005 | period=10 | mass_unload=false | осталось 8 из 8 ваг.
    ПРИЧИНА: квота ДМЗИ исчерпана — все Load-дуги с доступным спросом идут на дороги с выбранным лимитом:
      · дорога КБШ, период 10: использовано 204 из 204 ваг.
      · дорога МСК, период 10: использовано 150 из 150 ваг.
      · дорога ПРВ, период 10: использовано 188 из 188 ваг.
      · дорога ЮВС, период 10: использовано 311 из 311 ваг.
      · дорога ЮУР, период 10: использовано 150 из 150 ваг.
  [s_idx  370] Денежниково | тип=БК | ЕТСНГ=542239 | period=10 | mass_unload=false | осталось 1 из 1 ваг.
    ПРИЧИНА: доступны только Wash-дуги (36 шт., мин. стоимость 239116 руб./ваг.). В модели Wash не имеет штрафа за незаполнение,
             а excess_supply бесплатный — отправка только увеличила бы obj, MIP корректно оставил вагоны в остатке.
  [s_idx  371] Копылово | тип=БКТ | ЕТСНГ=— | period=10 | mass_unload=false | осталось 2 из 2 ваг.
    ПРИЧИНА: квота ДМЗИ исчерпана — все Load-дуги с доступным спросом идут на дороги с выбранным лимитом:
      · дорога КБШ, период 10: использовано 204 из 204 ваг.
      · дорога МСК, период 10: использовано 150 из 150 ваг.
      · дорога ПРВ, период 10: использовано 188 из 188 ваг.
      · дорога ЮВС, период 10: использовано 311 из 311 ваг.
      · дорога ЮУР, период 10: использовано 150 из 150 ваг.
  [s_idx  373] Забайкальск (Экспорт на КЖД [Китай]) | тип=БК | ЕТСНГ=014003 | period=10 | mass_unload=false | осталось 6 из 6 ваг.
    ПРИЧИНА: квота ДМЗИ исчерпана — все Load-дуги с доступным спросом идут на дороги с выбранным лимитом:
      · дорога КБШ, период 10: использовано 204 из 204 ваг.
      · дорога МСК, период 10: использовано 150 из 150 ваг.
      · дорога ПРВ, период 10: использовано 188 из 188 ваг.
      · дорога ЮВС, период 10: использовано 311 из 311 ваг.
      · дорога ЮУР, период 10: использовано 150 из 150 ваг.
  [s_idx  374] Хабаровск 1 | тип=БКТ | ЕТСНГ=018112 | period=10 | mass_unload=false | осталось 2 из 2 ваг.
    ПРИЧИНА: квота ДМЗИ исчерпана — все Load-дуги с доступным спросом идут на дороги с выбранным лимитом:
      · дорога КБШ, период 10: использовано 204 из 204 ваг.
      · дорога МСК, период 10: использовано 150 из 150 ваг.
      · дорога ПРВ, период 10: использовано 188 из 188 ваг.
      · дорога ЮВС, период 10: использовано 311 из 311 ваг.
      · дорога ЮУР, период 10: использовано 150 из 150 ваг.
  [s_idx  379] Уссурийск | тип=БКТ | ЕТСНГ=011005 | period=10 | mass_unload=false | осталось 4 из 4 ваг.
    ПРИЧИНА: квота ДМЗИ исчерпана — все Load-дуги с доступным спросом идут на дороги с выбранным лимитом:
      · дорога КБШ, период 10: использовано 204 из 204 ваг.
      · дорога МСК, период 10: использовано 150 из 150 ваг.
      · дорога ПРВ, период 10: использовано 188 из 188 ваг.
      · дорога ЮВС, период 10: использовано 311 из 311 ваг.
      · дорога ЮУР, период 10: использовано 150 из 150 ваг.
  [s_idx  382] Новый Порт | тип=БКТ | ЕТСНГ=505028 | period=10 | mass_unload=false | осталось 2 из 2 ваг.
    ПРИЧИНА: доступны только Wash-дуги (36 шт., мин. стоимость 231205 руб./ваг.). В модели Wash не имеет штрафа за незаполнение,
             а excess_supply бесплатный — отправка только увеличила бы obj, MIP корректно оставил вагоны в остатке.
  [s_idx  383] Ош | тип=БКТ | ЕТСНГ=014003 | period=10 | mass_unload=false | осталось 9 из 9 ваг.
    ПРИЧИНА: квота ДМЗИ исчерпана — все Load-дуги с доступным спросом идут на дороги с выбранным лимитом:
      · дорога КБШ, период 10: использовано 204 из 204 ваг.
      · дорога МСК, период 10: использовано 150 из 150 ваг.
      · дорога ПРВ, период 10: использовано 188 из 188 ваг.
      · дорога ЮВС, период 10: использовано 311 из 311 ваг.
      · дорога ЮУР, период 10: использовано 150 из 150 ваг.
  [s_idx  384] Позимь | тип=БК | ЕТСНГ=542239 | period=10 | mass_unload=false | осталось 1 из 1 ваг.
    ПРИЧИНА: доступны только Wash-дуги (36 шт., мин. стоимость 278003 руб./ваг.). В модели Wash не имеет штрафа за незаполнение,
             а excess_supply бесплатный — отправка только увеличила бы obj, MIP корректно оставил вагоны в остатке.
  [s_idx  386] Входная | тип=БКТ | ЕТСНГ=542239 | period=10 | mass_unload=false | осталось 1 из 1 ваг.
    ПРИЧИНА: доступны только Wash-дуги (36 шт., мин. стоимость 240742 руб./ваг.). В модели Wash не имеет штрафа за незаполнение,
             а excess_supply бесплатный — отправка только увеличила бы obj, MIP корректно оставил вагоны в остатке.
  [s_idx  387] Рыбинск-Товарный | тип=БКТ | ЕТСНГ=542239 | period=10 | mass_unload=false | осталось 4 из 4 ваг.
    ПРИЧИНА: доступны только Wash-дуги (36 шт., мин. стоимость 242247 руб./ваг.). В модели Wash не имеет штрафа за незаполнение,
             а excess_supply бесплатный — отправка только увеличила бы obj, MIP корректно оставил вагоны в остатке.
  [s_idx  388] Евсино | тип=БК | ЕТСНГ=542239 | period=10 | mass_unload=false | осталось 1 из 1 ваг.
    ПРИЧИНА: доступны только Wash-дуги (36 шт., мин. стоимость 203609 руб./ваг.). В модели Wash не имеет штрафа за незаполнение,
             а excess_supply бесплатный — отправка только увеличила бы obj, MIP корректно оставил вагоны в остатке.
  [s_idx  393] Худжанд | тип=БКТ | ЕТСНГ=542224 | period=10 | mass_unload=false | осталось 5 из 5 ваг.
    ПРИЧИНА: квота ДМЗИ исчерпана — все Load-дуги с доступным спросом идут на дороги с выбранным лимитом:
      · дорога КБШ, период 10: использовано 204 из 204 ваг.
      · дорога МСК, период 10: использовано 150 из 150 ваг.
      · дорога ПРВ, период 10: использовано 188 из 188 ваг.
      · дорога ЮВС, период 10: использовано 311 из 311 ваг.
      · дорога ЮУР, период 10: использовано 150 из 150 ваг.
  [s_idx  396] Наушки (Экспорт АО «УБЖД»: участок Улаанбаатар (вкл.) и далее) | тип=БК | ЕТСНГ=015006 | period=10 | mass_unload=false | осталось 1 из 1 ваг.
    ПРИЧИНА: квота ДМЗИ исчерпана — все Load-дуги с доступным спросом идут на дороги с выбранным лимитом:
      · дорога КБШ, период 10: использовано 204 из 204 ваг.
      · дорога МСК, период 10: использовано 150 из 150 ваг.
      · дорога ПРВ, период 10: использовано 188 из 188 ваг.
      · дорога ЮВС, период 10: использовано 311 из 311 ваг.
      · дорога ЮУР, период 10: использовано 150 из 150 ваг.
  [s_idx  398] Бишкек 1 | тип=БКТ | ЕТСНГ=011005 | period=10 | mass_unload=false | осталось 11 из 11 ваг.
    ПРИЧИНА: квота ДМЗИ исчерпана — все Load-дуги с доступным спросом идут на дороги с выбранным лимитом:
      · дорога КБШ, период 10: использовано 204 из 204 ваг.
      · дорога МСК, период 10: использовано 150 из 150 ваг.
      · дорога ПРВ, период 10: использовано 188 из 188 ваг.
      · дорога ЮВС, период 10: использовано 311 из 311 ваг.
      · дорога ЮУР, период 10: использовано 150 из 150 ваг.
  [s_idx  399] Астара (Экспорт) | тип=БКТ | ЕТСНГ=011005 | period=10 | mass_unload=false | осталось 10 из 10 ваг.
    ПРИЧИНА: квота ДМЗИ исчерпана — все Load-дуги с доступным спросом идут на дороги с выбранным лимитом:
      · дорога КБШ, период 10: использовано 204 из 204 ваг.
      · дорога МСК, период 10: использовано 150 из 150 ваг.
      · дорога ПРВ, период 10: использовано 188 из 188 ваг.
      · дорога ЮВС, период 10: использовано 311 из 311 ваг.
      · дорога ЮУР, период 10: использовано 150 из 150 ваг.
  [s_idx  405] Новый Порт (Экспорт) | тип=Т | ЕТСНГ=021079 | period=10 | mass_unload=true | осталось 10 из 10 ваг.
    ПРИЧИНА: квота ДМЗИ исчерпана — все Load-дуги с доступным спросом идут на дороги с выбранным лимитом:
      · дорога КБШ, период 10: использовано 204 из 204 ваг.
      · дорога МСК, период 10: использовано 150 из 150 ваг.
      · дорога ПРВ, период 10: использовано 188 из 188 ваг.
      · дорога ЮВС, период 10: использовано 311 из 311 ваг.
      · дорога ЮУР, период 10: использовано 150 из 150 ваг.
  [s_idx  406] Шопоков | тип=БКТ | ЕТСНГ=011005 | period=10 | mass_unload=false | осталось 1 из 1 ваг.
    ПРИЧИНА: квота ДМЗИ исчерпана — все Load-дуги с доступным спросом идут на дороги с выбранным лимитом:
      · дорога КБШ, период 10: использовано 204 из 204 ваг.
      · дорога МСК, период 10: использовано 150 из 150 ваг.
      · дорога ПРВ, период 10: использовано 188 из 188 ваг.
      · дорога ЮВС, период 10: использовано 311 из 311 ваг.
      · дорога ЮУР, период 10: использовано 150 из 150 ваг.
  [s_idx  407] Егвард | тип=БКТ | ЕТСНГ=011005 | period=10 | mass_unload=false | осталось 1 из 1 ваг.
    ПРИЧИНА: квота ДМЗИ исчерпана — все Load-дуги с доступным спросом идут на дороги с выбранным лимитом:
      · дорога КБШ, период 10: использовано 204 из 204 ваг.
      · дорога МСК, период 10: использовано 150 из 150 ваг.
      · дорога ПРВ, период 10: использовано 188 из 188 ваг.
      · дорога ЮВС, период 10: использовано 311 из 311 ваг.
      · дорога ЮУР, период 10: использовано 150 из 150 ваг.
  [s_idx  408] Невдубстрой | тип=Т | ЕТСНГ=021100 | period=10 | mass_unload=true | осталось 3 из 3 ваг.
    ПРИЧИНА: квота ДМЗИ исчерпана — все Load-дуги с доступным спросом идут на дороги с выбранным лимитом:
      · дорога КБШ, период 10: использовано 204 из 204 ваг.
      · дорога МСК, период 10: использовано 150 из 150 ваг.
      · дорога ПРВ, период 10: использовано 188 из 188 ваг.
      · дорога ЮВС, период 10: использовано 311 из 311 ваг.
      · дорога ЮУР, период 10: использовано 150 из 150 ваг.
  [s_idx  409] Наушки (Экспорт АО «УБЖД»: участок Улаанбаатар (вкл.) и далее) | тип=Т | ЕТСНГ=015006 | period=10 | mass_unload=false | осталось 4 из 4 ваг.
    ПРИЧИНА: квота ДМЗИ исчерпана — все Load-дуги с доступным спросом идут на дороги с выбранным лимитом:
      · дорога КБШ, период 10: использовано 204 из 204 ваг.
      · дорога МСК, период 10: использовано 150 из 150 ваг.
      · дорога ПРВ, период 10: использовано 188 из 188 ваг.
      · дорога ЮВС, период 10: использовано 311 из 311 ваг.
      · дорога ЮУР, период 10: использовано 150 из 150 ваг.
  [s_idx  410] Марнеули | тип=БК | ЕТСНГ=— | period=10 | mass_unload=false | осталось 1 из 1 ваг.
    ПРИЧИНА: квота ДМЗИ исчерпана — все Load-дуги с доступным спросом идут на дороги с выбранным лимитом:
      · дорога КБШ, период 10: использовано 204 из 204 ваг.
      · дорога МСК, период 10: использовано 150 из 150 ваг.
      · дорога ПРВ, период 10: использовано 188 из 188 ваг.
      · дорога ЮВС, период 10: использовано 311 из 311 ваг.
      · дорога ЮУР, период 10: использовано 150 из 150 ваг.
  [s_idx  411] Блюхер (Экспорт) | тип=БК | ЕТСНГ=011005 | period=10 | mass_unload=false | осталось 4 из 4 ваг.
    ПРИЧИНА: квота ДМЗИ исчерпана — все Load-дуги с доступным спросом идут на дороги с выбранным лимитом:
      · дорога КБШ, период 10: использовано 204 из 204 ваг.
      · дорога МСК, период 10: использовано 150 из 150 ваг.
      · дорога ПРВ, период 10: использовано 188 из 188 ваг.
      · дорога ЮВС, период 10: использовано 311 из 311 ваг.
      · дорога ЮУР, период 10: использовано 150 из 150 ваг.
  [s_idx  415] Курган | тип=БКТ | ЕТСНГ=542224 | period=10 | mass_unload=false | осталось 3 из 3 ваг.
    ПРИЧИНА: доступны только Wash-дуги (36 шт., мин. стоимость 242283 руб./ваг.). В модели Wash не имеет штрафа за незаполнение,
             а excess_supply бесплатный — отправка только увеличила бы obj, MIP корректно оставил вагоны в остатке.
  [s_idx  417] Уссурийск | тип=Т | ЕТСНГ=011005 | period=10 | mass_unload=false | осталось 1 из 1 ваг.
    ПРИЧИНА: квота ДМЗИ исчерпана — все Load-дуги с доступным спросом идут на дороги с выбранным лимитом:
      · дорога КБШ, период 10: использовано 204 из 204 ваг.
      · дорога МСК, период 10: использовано 150 из 150 ваг.
      · дорога ПРВ, период 10: использовано 188 из 188 ваг.
      · дорога ЮВС, период 10: использовано 311 из 311 ваг.
      · дорога ЮУР, период 10: использовано 150 из 150 ваг.
  [s_idx  419] Подберезье | тип=БКТ | ЕТСНГ=011005 | period=10 | mass_unload=false | осталось 6 из 6 ваг.
    ПРИЧИНА: квота ДМЗИ исчерпана — все Load-дуги с доступным спросом идут на дороги с выбранным лимитом:
      · дорога КБШ, период 10: использовано 204 из 204 ваг.
      · дорога МСК, период 10: использовано 150 из 150 ваг.
      · дорога ПРВ, период 10: использовано 188 из 188 ваг.
      · дорога ЮВС, период 10: использовано 311 из 311 ваг.
      · дорога ЮУР, период 10: использовано 150 из 150 ваг.
  [s_idx  422] Жердевка | тип=БК | ЕТСНГ=542239 | period=10 | mass_unload=false | осталось 1 из 1 ваг.
    ПРИЧИНА: доступны только Wash-дуги (36 шт., мин. стоимость 240165 руб./ваг.). В модели Wash не имеет штрафа за незаполнение,
             а excess_supply бесплатный — отправка только увеличила бы obj, MIP корректно оставил вагоны в остатке.
  [s_idx  424] Порт Оля (Экспорт) | тип=БКТ | ЕТСНГ=542239 | period=10 | mass_unload=false | осталось 6 из 6 ваг.
    ПРИЧИНА: доступны только Wash-дуги (36 шт., мин. стоимость 242679 руб./ваг.). В модели Wash не имеет штрафа за незаполнение,
             а excess_supply бесплатный — отправка только увеличила бы obj, MIP корректно оставил вагоны в остатке.
  [s_idx  425] Глазов | тип=БКТ | ЕТСНГ=— | period=10 | mass_unload=false | осталось 1 из 1 ваг.
    ПРИЧИНА: доступны только Wash-дуги (36 шт., мин. стоимость 290301 руб./ваг.). В модели Wash не имеет штрафа за незаполнение,
             а excess_supply бесплатный — отправка только увеличила бы obj, MIP корректно оставил вагоны в остатке.
  [s_idx  427] Глазов | тип=БКТ | ЕТСНГ=542239 | period=10 | mass_unload=false | осталось 2 из 2 ваг.
    ПРИЧИНА: доступны только Wash-дуги (36 шт., мин. стоимость 290301 руб./ваг.). В модели Wash не имеет штрафа за незаполнение,
             а excess_supply бесплатный — отправка только увеличила бы obj, MIP корректно оставил вагоны в остатке.
  [s_idx  434] Азов | тип=БК | ЕТСНГ=505028 | period=10 | mass_unload=false | осталось 1 из 1 ваг.
    ПРИЧИНА: доступны только Wash-дуги (36 шт., мин. стоимость 239774 руб./ваг.). В модели Wash не имеет штрафа за незаполнение,
             а excess_supply бесплатный — отправка только увеличила бы obj, MIP корректно оставил вагоны в остатке.
  [s_idx  435] Бишкек 1 | тип=БК | ЕТСНГ=011005 | period=10 | mass_unload=false | осталось 4 из 4 ваг.
    ПРИЧИНА: квота ДМЗИ исчерпана — все Load-дуги с доступным спросом идут на дороги с выбранным лимитом:
      · дорога КБШ, период 10: использовано 204 из 204 ваг.
      · дорога МСК, период 10: использовано 150 из 150 ваг.
      · дорога ПРВ, период 10: использовано 188 из 188 ваг.
      · дорога ЮВС, период 10: использовано 311 из 311 ваг.
      · дорога ЮУР, период 10: использовано 150 из 150 ваг.
  [s_idx  437] Ереван | тип=БК | ЕТСНГ=014003 | period=10 | mass_unload=false | осталось 4 из 4 ваг.
    ПРИЧИНА: квота ДМЗИ исчерпана — все Load-дуги с доступным спросом идут на дороги с выбранным лимитом:
      · дорога КБШ, период 10: использовано 204 из 204 ваг.
      · дорога МСК, период 10: использовано 150 из 150 ваг.
      · дорога ПРВ, период 10: использовано 188 из 188 ваг.
      · дорога ЮВС, период 10: использовано 311 из 311 ваг.
      · дорога ЮУР, период 10: использовано 150 из 150 ваг.
  [s_idx  438] Лиепая (Экспорт) | тип=БКТ | ЕТСНГ=542239 | period=10 | mass_unload=true | осталось 9 из 9 ваг.
    ПРИЧИНА: квота ДМЗИ исчерпана — все Load-дуги с доступным спросом идут на дороги с выбранным лимитом:
      · дорога КБШ, период 10: использовано 204 из 204 ваг.
      · дорога МСК, период 10: использовано 150 из 150 ваг.
      · дорога ПРВ, период 10: использовано 188 из 188 ваг.
      · дорога ЮВС, период 10: использовано 311 из 311 ваг.
      · дорога ЮУР, период 10: использовано 150 из 150 ваг.
  [s_idx  439] Селикса | тип=Т | ЕТСНГ=542224 | period=10 | mass_unload=false | осталось 3 из 3 ваг.
    ПРИЧИНА: доступны только Wash-дуги (36 шт., мин. стоимость 243187 руб./ваг.). В модели Wash не имеет штрафа за незаполнение,
             а excess_supply бесплатный — отправка только увеличила бы obj, MIP корректно оставил вагоны в остатке.
  [s_idx  440] Голышманово | тип=БК | ЕТСНГ=542224 | period=10 | mass_unload=false | осталось 2 из 2 ваг.
    ПРИЧИНА: доступны только Wash-дуги (36 шт., мин. стоимость 289135 руб./ваг.). В модели Wash не имеет штрафа за незаполнение,
             а excess_supply бесплатный — отправка только увеличила бы obj, MIP корректно оставил вагоны в остатке.
  [s_idx  442] Красная Речка | тип=БКТ | ЕТСНГ=014003 | period=10 | mass_unload=false | осталось 1 из 1 ваг.
    ПРИЧИНА: квота ДМЗИ исчерпана — все Load-дуги с доступным спросом идут на дороги с выбранным лимитом:
      · дорога КБШ, период 10: использовано 204 из 204 ваг.
      · дорога МСК, период 10: использовано 150 из 150 ваг.
      · дорога ПРВ, период 10: использовано 188 из 188 ваг.
      · дорога ЮВС, период 10: использовано 311 из 311 ваг.
      · дорога ЮУР, период 10: использовано 150 из 150 ваг.
  [s_idx  444] Наушки (Экспорт АО «УБЖД»: участок Улаанбаатар (вкл.) и далее) | тип=БКТ | ЕТСНГ=011005 | period=10 | mass_unload=false | осталось 6 из 6 ваг.
    ПРИЧИНА: квота ДМЗИ исчерпана — все Load-дуги с доступным спросом идут на дороги с выбранным лимитом:
      · дорога КБШ, период 10: использовано 204 из 204 ваг.
      · дорога МСК, период 10: использовано 150 из 150 ваг.
      · дорога ПРВ, период 10: использовано 188 из 188 ваг.
      · дорога ЮВС, период 10: использовано 311 из 311 ваг.
      · дорога ЮУР, период 10: использовано 150 из 150 ваг.
  [s_idx  447] Аламедин | тип=БК | ЕТСНГ=011005 | period=10 | mass_unload=false | осталось 6 из 6 ваг.
    ПРИЧИНА: квота ДМЗИ исчерпана — все Load-дуги с доступным спросом идут на дороги с выбранным лимитом:
      · дорога КБШ, период 10: использовано 204 из 204 ваг.
      · дорога МСК, период 10: использовано 150 из 150 ваг.
      · дорога ПРВ, период 10: использовано 188 из 188 ваг.
      · дорога ЮВС, период 10: использовано 311 из 311 ваг.
      · дорога ЮУР, период 10: использовано 150 из 150 ваг.
  [s_idx  449] Можга | тип=БК | ЕТСНГ=542239 | period=10 | mass_unload=false | осталось 1 из 1 ваг.
    ПРИЧИНА: доступны только Wash-дуги (36 шт., мин. стоимость 277638 руб./ваг.). В модели Wash не имеет штрафа за незаполнение,
             а excess_supply бесплатный — отправка только увеличила бы obj, MIP корректно оставил вагоны в остатке.
  [s_idx  450] Ханака | тип=Т | ЕТСНГ=542224 | period=10 | mass_unload=false | осталось 1 из 1 ваг.
    ПРИЧИНА: нет ни одной допустимой дуги (нет тарифа, несовм. тип вагона или грязный груз).
  [s_idx  452] Позимь | тип=БКТ | ЕТСНГ=542239 | period=10 | mass_unload=false | осталось 3 из 3 ваг.
    ПРИЧИНА: доступны только Wash-дуги (36 шт., мин. стоимость 278003 руб./ваг.). В модели Wash не имеет штрафа за незаполнение,
             а excess_supply бесплатный — отправка только увеличила бы obj, MIP корректно оставил вагоны в остатке.
  [s_idx  453] Нижний Ломов | тип=БКТ | ЕТСНГ=542224 | period=10 | mass_unload=false | осталось 6 из 6 ваг.
    ПРИЧИНА: доступны только Wash-дуги (36 шт., мин. стоимость 281817 руб./ваг.). В модели Wash не имеет штрафа за незаполнение,
             а excess_supply бесплатный — отправка только увеличила бы obj, MIP корректно оставил вагоны в остатке.
  [s_idx  456] Курган | тип=БК | ЕТСНГ=542224 | period=10 | mass_unload=false | осталось 2 из 2 ваг.
    ПРИЧИНА: доступны только Wash-дуги (36 шт., мин. стоимость 242283 руб./ваг.). В модели Wash не имеет штрафа за незаполнение,
             а excess_supply бесплатный — отправка только увеличила бы obj, MIP корректно оставил вагоны в остатке.
  [s_idx  458] Астара (Экспорт) | тип=Т | ЕТСНГ=011005 | period=10 | mass_unload=false | осталось 1 из 1 ваг.
    ПРИЧИНА: квота ДМЗИ исчерпана — все Load-дуги с доступным спросом идут на дороги с выбранным лимитом:
      · дорога КБШ, период 10: использовано 204 из 204 ваг.
      · дорога МСК, период 10: использовано 150 из 150 ваг.
      · дорога ПРВ, период 10: использовано 188 из 188 ваг.
      · дорога ЮВС, период 10: использовано 311 из 311 ваг.
      · дорога ЮУР, период 10: использовано 150 из 150 ваг.
  [s_idx  463] Астара (Экспорт) | тип=Т | ЕТСНГ=014003 | period=10 | mass_unload=false | осталось 2 из 2 ваг.
    ПРИЧИНА: квота ДМЗИ исчерпана — все Load-дуги с доступным спросом идут на дороги с выбранным лимитом:
      · дорога КБШ, период 10: использовано 204 из 204 ваг.
      · дорога МСК, период 10: использовано 150 из 150 ваг.
      · дорога ПРВ, период 10: использовано 188 из 188 ваг.
      · дорога ЮВС, период 10: использовано 311 из 311 ваг.
      · дорога ЮУР, период 10: использовано 150 из 150 ваг.
  [s_idx  464] Блюхер (Экспорт) | тип=БКТ | ЕТСНГ=— | period=10 | mass_unload=false | осталось 8 из 8 ваг.
    ПРИЧИНА: квота ДМЗИ исчерпана — все Load-дуги с доступным спросом идут на дороги с выбранным лимитом:
      · дорога КБШ, период 10: использовано 204 из 204 ваг.
      · дорога МСК, период 10: использовано 150 из 150 ваг.
      · дорога ПРВ, период 10: использовано 188 из 188 ваг.
      · дорога ЮВС, период 10: использовано 311 из 311 ваг.
  [s_idx  468] Худжанд | тип=Т | ЕТСНГ=542224 | period=10 | mass_unload=false | осталось 3 из 3 ваг.
    ПРИЧИНА: квота ДМЗИ исчерпана — все Load-дуги с доступным спросом идут на дороги с выбранным лимитом:
      · дорога КБШ, период 10: использовано 204 из 204 ваг.
      · дорога МСК, период 10: использовано 150 из 150 ваг.
      · дорога ПРВ, период 10: использовано 188 из 188 ваг.
      · дорога ЮВС, период 10: использовано 311 из 311 ваг.
      · дорога ЮУР, период 10: использовано 150 из 150 ваг.
  [s_idx  470] Забайкальск (Экспорт на КЖД [Китай]) | тип=БКТ | ЕТСНГ=434034 | period=10 | mass_unload=false | осталось 1 из 1 ваг.
    ПРИЧИНА: квота ДМЗИ исчерпана — все Load-дуги с доступным спросом идут на дороги с выбранным лимитом:
      · дорога КБШ, период 10: использовано 204 из 204 ваг.
      · дорога МСК, период 10: использовано 150 из 150 ваг.
      · дорога ПРВ, период 10: использовано 188 из 188 ваг.
      · дорога ЮВС, период 10: использовано 311 из 311 ваг.
      · дорога ЮУР, период 10: использовано 150 из 150 ваг.
  [s_idx  471] Забайкальск (Экспорт на КЖД [Китай]) | тип=БК | ЕТСНГ=434034 | period=10 | mass_unload=false | осталось 1 из 1 ваг.
    ПРИЧИНА: квота ДМЗИ исчерпана — все Load-дуги с доступным спросом идут на дороги с выбранным лимитом:
      · дорога КБШ, период 10: использовано 204 из 204 ваг.
      · дорога МСК, период 10: использовано 150 из 150 ваг.
      · дорога ПРВ, период 10: использовано 188 из 188 ваг.
      · дорога ЮВС, период 10: использовано 311 из 311 ваг.
      · дорога ЮУР, период 10: использовано 150 из 150 ваг.
  [s_idx  474] Денежниково | тип=БКТ | ЕТСНГ=542239 | period=10 | mass_unload=false | осталось 1 из 1 ваг.
    ПРИЧИНА: доступны только Wash-дуги (36 шт., мин. стоимость 239116 руб./ваг.). В модели Wash не имеет штрафа за незаполнение,
             а excess_supply бесплатный — отправка только увеличила бы obj, MIP корректно оставил вагоны в остатке.
  [s_idx  475] Менделеево | тип=БКТ | ЕТСНГ=542239 | period=10 | mass_unload=false | осталось 1 из 1 ваг.
    ПРИЧИНА: доступны только Wash-дуги (36 шт., мин. стоимость 288560 руб./ваг.). В модели Wash не имеет штрафа за незаполнение,
             а excess_supply бесплатный — отправка только увеличила бы obj, MIP корректно оставил вагоны в остатке.
  [s_idx  476] Янгийул | тип=БК | ЕТСНГ=542224 | period=10 | mass_unload=false | осталось 1 из 1 ваг.
    ПРИЧИНА: квота ДМЗИ исчерпана — все Load-дуги с доступным спросом идут на дороги с выбранным лимитом:
      · дорога КБШ, период 10: использовано 204 из 204 ваг.
      · дорога МСК, период 10: использовано 150 из 150 ваг.
      · дорога ПРВ, период 10: использовано 188 из 188 ваг.
      · дорога ЮВС, период 10: использовано 311 из 311 ваг.
      · дорога ЮУР, период 10: использовано 150 из 150 ваг.
  [s_idx  477] Металлист | тип=БКТ | ЕТСНГ=542239 | period=10 | mass_unload=false | осталось 1 из 1 ваг.
    ПРИЧИНА: доступны только Wash-дуги (36 шт., мин. стоимость 239116 руб./ваг.). В модели Wash не имеет штрафа за незаполнение,
             а excess_supply бесплатный — отправка только увеличила бы obj, MIP корректно оставил вагоны в остатке.
  [s_idx  478] Красная Речка | тип=БКТ | ЕТСНГ=015006 | period=10 | mass_unload=false | осталось 2 из 2 ваг.
    ПРИЧИНА: квота ДМЗИ исчерпана — все Load-дуги с доступным спросом идут на дороги с выбранным лимитом:
      · дорога КБШ, период 10: использовано 204 из 204 ваг.
      · дорога МСК, период 10: использовано 150 из 150 ваг.
      · дорога ПРВ, период 10: использовано 188 из 188 ваг.
      · дорога ЮВС, период 10: использовано 311 из 311 ваг.
      · дорога ЮУР, период 10: использовано 150 из 150 ваг.
  [s_idx  480] Новороссийск (Экспорт) | тип=БКТ | ЕТСНГ=014003 | period=10 | mass_unload=true | осталось 1 из 1 ваг.
    ПРИЧИНА: квота ДМЗИ исчерпана — все Load-дуги с доступным спросом идут на дороги с выбранным лимитом:
      · дорога КБШ, период 10: использовано 204 из 204 ваг.
      · дорога МСК, период 10: использовано 150 из 150 ваг.
      · дорога ПРВ, период 10: использовано 188 из 188 ваг.
      · дорога ЮВС, период 10: использовано 311 из 311 ваг.
      · дорога ЮУР, период 10: использовано 150 из 150 ваг.
  [s_idx  481] Даларик | тип=Т | ЕТСНГ=011005 | period=10 | mass_unload=true | осталось 1 из 1 ваг.
    ПРИЧИНА: квота ДМЗИ исчерпана — все Load-дуги с доступным спросом идут на дороги с выбранным лимитом:
      · дорога КБШ, период 10: использовано 204 из 204 ваг.
      · дорога МСК, период 10: использовано 150 из 150 ваг.
      · дорога ПРВ, период 10: использовано 188 из 188 ваг.
      · дорога ЮВС, период 10: использовано 311 из 311 ваг.
      · дорога ЮУР, период 10: использовано 150 из 150 ваг.
  [s_idx  483] Гродеково (Экспорт на КЖД [Китай]) | тип=Т | ЕТСНГ=015006 | period=10 | mass_unload=false | осталось 4 из 4 ваг.
    ПРИЧИНА: квота ДМЗИ исчерпана — все Load-дуги с доступным спросом идут на дороги с выбранным лимитом:
      · дорога КБШ, период 10: использовано 204 из 204 ваг.
      · дорога МСК, период 10: использовано 150 из 150 ваг.
      · дорога ПРВ, период 10: использовано 188 из 188 ваг.
      · дорога ЮВС, период 10: использовано 311 из 311 ваг.
      · дорога ЮУР, период 10: использовано 150 из 150 ваг.
  [s_idx  484] Ереван | тип=Т | ЕТСНГ=014003 | period=10 | mass_unload=false | осталось 7 из 7 ваг.
    ПРИЧИНА: квота ДМЗИ исчерпана — все Load-дуги с доступным спросом идут на дороги с выбранным лимитом:
      · дорога КБШ, период 10: использовано 204 из 204 ваг.
      · дорога МСК, период 10: использовано 150 из 150 ваг.
      · дорога ПРВ, период 10: использовано 188 из 188 ваг.
      · дорога ЮВС, период 10: использовано 311 из 311 ваг.
      · дорога ЮУР, период 10: использовано 150 из 150 ваг.
  [s_idx  487] Невдубстрой | тип=БК | ЕТСНГ=021100 | period=10 | mass_unload=true | осталось 1 из 1 ваг.
    ПРИЧИНА: квота ДМЗИ исчерпана — все Load-дуги с доступным спросом идут на дороги с выбранным лимитом:
      · дорога КБШ, период 10: использовано 204 из 204 ваг.
      · дорога МСК, период 10: использовано 150 из 150 ваг.
      · дорога ПРВ, период 10: использовано 188 из 188 ваг.
      · дорога ЮВС, период 10: использовано 311 из 311 ваг.
      · дорога ЮУР, период 10: использовано 150 из 150 ваг.
  [s_idx  489] Голышманово | тип=БКТ | ЕТСНГ=542224 | period=10 | mass_unload=false | осталось 3 из 3 ваг.
    ПРИЧИНА: доступны только Wash-дуги (36 шт., мин. стоимость 289135 руб./ваг.). В модели Wash не имеет штрафа за незаполнение,
             а excess_supply бесплатный — отправка только увеличила бы obj, MIP корректно оставил вагоны в остатке.
  [s_idx  490] Богоявленск | тип=БКТ | ЕТСНГ=542224 | period=10 | mass_unload=false | осталось 2 из 2 ваг.
    ПРИЧИНА: доступны только Wash-дуги (36 шт., мин. стоимость 237101 руб./ваг.). В модели Wash не имеет штрафа за незаполнение,
             а excess_supply бесплатный — отправка только увеличила бы obj, MIP корректно оставил вагоны в остатке.
  [s_idx  491] Латная | тип=БК | ЕТСНГ=— | period=10 | mass_unload=false | осталось 2 из 2 ваг.
    ПРИЧИНА: доступны только Wash-дуги (36 шт., мин. стоимость 201740 руб./ваг.). В модели Wash не имеет штрафа за незаполнение,
             а excess_supply бесплатный — отправка только увеличила бы obj, MIP корректно оставил вагоны в остатке.
  [s_idx  492] Жердевка | тип=БКТ | ЕТСНГ=542239 | period=10 | mass_unload=false | осталось 2 из 2 ваг.
    ПРИЧИНА: доступны только Wash-дуги (36 шт., мин. стоимость 240165 руб./ваг.). В модели Wash не имеет штрафа за незаполнение,
             а excess_supply бесплатный — отправка только увеличила бы obj, MIP корректно оставил вагоны в остатке.
  [s_idx  493] Позимь | тип=БК | ЕТСНГ=— | period=10 | mass_unload=false | осталось 1 из 1 ваг.
    ПРИЧИНА: доступны только Wash-дуги (36 шт., мин. стоимость 278003 руб./ваг.). В модели Wash не имеет штрафа за незаполнение,
             а excess_supply бесплатный — отправка только увеличила бы obj, MIP корректно оставил вагоны в остатке.
  [s_idx  494] Хабаровск 1 | тип=Т | ЕТСНГ=018112 | period=10 | mass_unload=false | осталось 1 из 1 ваг.
    ПРИЧИНА: квота ДМЗИ исчерпана — все Load-дуги с доступным спросом идут на дороги с выбранным лимитом:
      · дорога КБШ, период 10: использовано 204 из 204 ваг.
      · дорога МСК, период 10: использовано 150 из 150 ваг.
      · дорога ПРВ, период 10: использовано 188 из 188 ваг.
      · дорога ЮВС, период 10: использовано 311 из 311 ваг.
      · дорога ЮУР, период 10: использовано 150 из 150 ваг.
  [s_idx  495] Наушки (Экспорт АО «УБЖД»: участок Улаанбаатар (вкл.) и далее) | тип=БКТ | ЕТСНГ=015006 | period=10 | mass_unload=false | осталось 5 из 5 ваг.
    ПРИЧИНА: квота ДМЗИ исчерпана — все Load-дуги с доступным спросом идут на дороги с выбранным лимитом:
      · дорога КБШ, период 10: использовано 204 из 204 ваг.
      · дорога МСК, период 10: использовано 150 из 150 ваг.
      · дорога ПРВ, период 10: использовано 188 из 188 ваг.
      · дорога ЮВС, период 10: использовано 311 из 311 ваг.
      · дорога ЮУР, период 10: использовано 150 из 150 ваг.
  [s_idx  496] Гродеково (Экспорт на КЖД [Китай]) | тип=БКТ | ЕТСНГ=015006 | period=10 | mass_unload=false | осталось 3 из 3 ваг.
    ПРИЧИНА: квота ДМЗИ исчерпана — все Load-дуги с доступным спросом идут на дороги с выбранным лимитом:
      · дорога КБШ, период 10: использовано 204 из 204 ваг.
      · дорога МСК, период 10: использовано 150 из 150 ваг.
      · дорога ПРВ, период 10: использовано 188 из 188 ваг.
      · дорога ЮВС, период 10: использовано 311 из 311 ваг.
      · дорога ЮУР, период 10: использовано 150 из 150 ваг.
  [s_idx  497] Поярково | тип=БКТ | ЕТСНГ=014003 | period=10 | mass_unload=false | осталось 1 из 1 ваг.
    ПРИЧИНА: квота ДМЗИ исчерпана — все Load-дуги с доступным спросом идут на дороги с выбранным лимитом:
      · дорога КБШ, период 10: использовано 204 из 204 ваг.
      · дорога МСК, период 10: использовано 150 из 150 ваг.
      · дорога ПРВ, период 10: использовано 188 из 188 ваг.
      · дорога ЮВС, период 10: использовано 311 из 311 ваг.
      · дорога ЮУР, период 10: использовано 150 из 150 ваг.
  [s_idx  503] Уссурийск | тип=БК | ЕТСНГ=— | period=10 | mass_unload=false | осталось 1 из 1 ваг.
    ПРИЧИНА: квота ДМЗИ исчерпана — все Load-дуги с доступным спросом идут на дороги с выбранным лимитом:
      · дорога КБШ, период 10: использовано 204 из 204 ваг.
      · дорога МСК, период 10: использовано 150 из 150 ваг.
      · дорога ПРВ, период 10: использовано 188 из 188 ваг.
      · дорога ЮВС, период 10: использовано 311 из 311 ваг.
      · дорога ЮУР, период 10: использовано 150 из 150 ваг.
  [s_idx  504] Латная | тип=БКТ | ЕТСНГ=542224 | period=10 | mass_unload=false | осталось 3 из 3 ваг.
    ПРИЧИНА: доступны только Wash-дуги (36 шт., мин. стоимость 201740 руб./ваг.). В модели Wash не имеет штрафа за незаполнение,
             а excess_supply бесплатный — отправка только увеличила бы obj, MIP корректно оставил вагоны в остатке.
  [s_idx  505] Глазов | тип=Т | ЕТСНГ=— | period=10 | mass_unload=false | осталось 1 из 1 ваг.
    ПРИЧИНА: доступны только Wash-дуги (36 шт., мин. стоимость 290301 руб./ваг.). В модели Wash не имеет штрафа за незаполнение,
             а excess_supply бесплатный — отправка только увеличила бы obj, MIP корректно оставил вагоны в остатке.
  [s_idx  506] Лужская | тип=БК | ЕТСНГ=018023 | period=10 | mass_unload=false | осталось 5 из 5 ваг.
    ПРИЧИНА: квота ДМЗИ исчерпана — все Load-дуги с доступным спросом идут на дороги с выбранным лимитом:
      · дорога КБШ, период 10: использовано 204 из 204 ваг.
      · дорога МСК, период 10: использовано 150 из 150 ваг.
      · дорога ПРВ, период 10: использовано 188 из 188 ваг.
      · дорога ЮВС, период 10: использовано 311 из 311 ваг.
      · дорога ЮУР, период 10: использовано 150 из 150 ваг.
  [s_idx  507] Базаиха | тип=БКТ | ЕТСНГ=— | period=10 | mass_unload=false | осталось 3 из 3 ваг.
    ПРИЧИНА: квота ДМЗИ исчерпана — все Load-дуги с доступным спросом идут на дороги с выбранным лимитом:
      · дорога КБШ, период 10: использовано 204 из 204 ваг.
      · дорога ПРВ, период 10: использовано 188 из 188 ваг.
      · дорога ЮВС, период 10: использовано 311 из 311 ваг.
  [s_idx  509] Беловодская | тип=БК | ЕТСНГ=011005 | period=10 | mass_unload=false | осталось 1 из 1 ваг.
    ПРИЧИНА: квота ДМЗИ исчерпана — все Load-дуги с доступным спросом идут на дороги с выбранным лимитом:
      · дорога КБШ, период 10: использовано 204 из 204 ваг.
      · дорога МСК, период 10: использовано 150 из 150 ваг.
      · дорога ПРВ, период 10: использовано 188 из 188 ваг.
      · дорога ЮВС, период 10: использовано 311 из 311 ваг.
      · дорога ЮУР, период 10: использовано 150 из 150 ваг.
  [s_idx  510] Галаба (Экспорт) | тип=БК | ЕТСНГ=015006 | period=10 | mass_unload=false | осталось 1 из 1 ваг.
    ПРИЧИНА: квота ДМЗИ исчерпана — все Load-дуги с доступным спросом идут на дороги с выбранным лимитом:
      · дорога КБШ, период 10: использовано 204 из 204 ваг.
      · дорога МСК, период 10: использовано 150 из 150 ваг.
      · дорога ПРВ, период 10: использовано 188 из 188 ваг.
      · дорога ЮВС, период 10: использовано 311 из 311 ваг.
  [s_idx  511] Новая Заимка | тип=БКТ | ЕТСНГ=542239 | period=10 | mass_unload=false | осталось 1 из 1 ваг.
    ПРИЧИНА: доступны только Wash-дуги (36 шт., мин. стоимость 283433 руб./ваг.). В модели Wash не имеет штрафа за незаполнение,
             а excess_supply бесплатный — отправка только увеличила бы obj, MIP корректно оставил вагоны в остатке.
  [s_idx  512] Беловодская | тип=Т | ЕТСНГ=011005 | period=10 | mass_unload=false | осталось 2 из 2 ваг.
    ПРИЧИНА: квота ДМЗИ исчерпана — все Load-дуги с доступным спросом идут на дороги с выбранным лимитом:
      · дорога КБШ, период 10: использовано 204 из 204 ваг.
      · дорога МСК, период 10: использовано 150 из 150 ваг.
      · дорога ПРВ, период 10: использовано 188 из 188 ваг.
      · дорога ЮВС, период 10: использовано 311 из 311 ваг.
      · дорога ЮУР, период 10: использовано 150 из 150 ваг.
  [s_idx  515] Ереван | тип=Т | ЕТСНГ=011005 | period=10 | mass_unload=false | осталось 3 из 3 ваг.
    ПРИЧИНА: квота ДМЗИ исчерпана — все Load-дуги с доступным спросом идут на дороги с выбранным лимитом:
      · дорога КБШ, период 10: использовано 204 из 204 ваг.
      · дорога МСК, период 10: использовано 150 из 150 ваг.
      · дорога ПРВ, период 10: использовано 188 из 188 ваг.
      · дорога ЮВС, период 10: использовано 311 из 311 ваг.
      · дорога ЮУР, период 10: использовано 150 из 150 ваг.
  [s_idx  518] Янгийул | тип=БК | ЕТСНГ=542050 | period=10 | mass_unload=false | осталось 1 из 1 ваг.
    ПРИЧИНА: квота ДМЗИ исчерпана — все Load-дуги с доступным спросом идут на дороги с выбранным лимитом:
      · дорога КБШ, период 10: использовано 204 из 204 ваг.
      · дорога МСК, период 10: использовано 150 из 150 ваг.
      · дорога ПРВ, период 10: использовано 188 из 188 ваг.
      · дорога ЮВС, период 10: использовано 311 из 311 ваг.
      · дорога ЮУР, период 10: использовано 150 из 150 ваг.
  [s_idx  519] Сургут | тип=БК | ЕТСНГ=542224 | period=10 | mass_unload=false | осталось 2 из 2 ваг.
    ПРИЧИНА: доступны только Wash-дуги (1 шт., мин. стоимость 827311 руб./ваг.). В модели Wash не имеет штрафа за незаполнение,
             а excess_supply бесплатный — отправка только увеличила бы obj, MIP корректно оставил вагоны в остатке.
  [s_idx  520] Хабаровск 1 | тип=БКТ | ЕТСНГ=— | period=10 | mass_unload=false | осталось 1 из 1 ваг.
    ПРИЧИНА: квота ДМЗИ исчерпана — все Load-дуги с доступным спросом идут на дороги с выбранным лимитом:
      · дорога КБШ, период 10: использовано 204 из 204 ваг.
      · дорога МСК, период 10: использовано 150 из 150 ваг.
      · дорога ПРВ, период 10: использовано 188 из 188 ваг.
      · дорога ЮВС, период 10: использовано 311 из 311 ваг.
      · дорога ЮУР, период 10: использовано 150 из 150 ваг.
  [s_idx  521] Астара (Экспорт) | тип=БК | ЕТСНГ=011005 | period=10 | mass_unload=false | осталось 2 из 2 ваг.
    ПРИЧИНА: квота ДМЗИ исчерпана — все Load-дуги с доступным спросом идут на дороги с выбранным лимитом:
      · дорога КБШ, период 10: использовано 204 из 204 ваг.
      · дорога МСК, период 10: использовано 150 из 150 ваг.
      · дорога ПРВ, период 10: использовано 188 из 188 ваг.
      · дорога ЮВС, период 10: использовано 311 из 311 ваг.
      · дорога ЮУР, период 10: использовано 150 из 150 ваг.
  [s_idx  523] Красная Речка | тип=БК | ЕТСНГ=015006 | period=10 | mass_unload=false | осталось 1 из 1 ваг.
    ПРИЧИНА: квота ДМЗИ исчерпана — все Load-дуги с доступным спросом идут на дороги с выбранным лимитом:
      · дорога КБШ, период 10: использовано 204 из 204 ваг.
      · дорога МСК, период 10: использовано 150 из 150 ваг.
      · дорога ПРВ, период 10: использовано 188 из 188 ваг.
      · дорога ЮВС, период 10: использовано 311 из 311 ваг.
      · дорога ЮУР, период 10: использовано 150 из 150 ваг.
  [s_idx  524] Коченево | тип=БК | ЕТСНГ=542224 | period=10 | mass_unload=false | осталось 1 из 1 ваг.
    ПРИЧИНА: доступны только Wash-дуги (36 шт., мин. стоимость 202918 руб./ваг.). В модели Wash не имеет штрафа за незаполнение,
             а excess_supply бесплатный — отправка только увеличила бы obj, MIP корректно оставил вагоны в остатке.
  [s_idx  526] Йошкар-Ола | тип=БКТ | ЕТСНГ=542239 | period=10 | mass_unload=false | осталось 2 из 2 ваг.
    ПРИЧИНА: доступны только Wash-дуги (36 шт., мин. стоимость 284817 руб./ваг.). В модели Wash не имеет штрафа за незаполнение,
             а excess_supply бесплатный — отправка только увеличила бы obj, MIP корректно оставил вагоны в остатке.
  [s_idx  528] Невдубстрой | тип=БКТ | ЕТСНГ=542239 | period=10 | mass_unload=true | осталось 2 из 2 ваг.
    ПРИЧИНА: доступны только Wash-дуги (36 шт., мин. стоимость 200759 руб./ваг.). В модели Wash не имеет штрафа за незаполнение,
             а excess_supply бесплатный — отправка только увеличила бы obj, MIP корректно оставил вагоны в остатке.
  [s_idx  531] Рыбинск-Товарный | тип=БК | ЕТСНГ=542224 | period=10 | mass_unload=false | осталось 3 из 3 ваг.
    ПРИЧИНА: доступны только Wash-дуги (36 шт., мин. стоимость 242247 руб./ваг.). В модели Wash не имеет штрафа за незаполнение,
             а excess_supply бесплатный — отправка только увеличила бы obj, MIP корректно оставил вагоны в остатке.
  [s_idx  535] Лев Толстой | тип=БКТ | ЕТСНГ=542224 | period=10 | mass_unload=false | осталось 1 из 1 ваг.
    ПРИЧИНА: доступны только Wash-дуги (36 шт., мин. стоимость 239672 руб./ваг.). В модели Wash не имеет штрафа за незаполнение,
             а excess_supply бесплатный — отправка только увеличила бы obj, MIP корректно оставил вагоны в остатке.
  [s_idx  537] Ош | тип=Т | ЕТСНГ=014003 | period=10 | mass_unload=false | осталось 2 из 2 ваг.
    ПРИЧИНА: квота ДМЗИ исчерпана — все Load-дуги с доступным спросом идут на дороги с выбранным лимитом:
      · дорога КБШ, период 10: использовано 204 из 204 ваг.
      · дорога МСК, период 10: использовано 150 из 150 ваг.
      · дорога ПРВ, период 10: использовано 188 из 188 ваг.
      · дорога ЮВС, период 10: использовано 311 из 311 ваг.
      · дорога ЮУР, период 10: использовано 150 из 150 ваг.
  [s_idx  539] Лиепая (Экспорт) | тип=Т | ЕТСНГ=542239 | period=10 | mass_unload=true | осталось 1 из 1 ваг.
    ПРИЧИНА: квота ДМЗИ исчерпана — все Load-дуги с доступным спросом идут на дороги с выбранным лимитом:
      · дорога КБШ, период 10: использовано 204 из 204 ваг.
      · дорога МСК, период 10: использовано 150 из 150 ваг.
      · дорога ПРВ, период 10: использовано 188 из 188 ваг.
      · дорога ЮВС, период 10: использовано 311 из 311 ваг.
      · дорога ЮУР, период 10: использовано 150 из 150 ваг.
  [s_idx  541] Ереван | тип=БКТ | ЕТСНГ=011005 | period=10 | mass_unload=false | осталось 4 из 4 ваг.
    ПРИЧИНА: квота ДМЗИ исчерпана — все Load-дуги с доступным спросом идут на дороги с выбранным лимитом:
      · дорога КБШ, период 10: использовано 204 из 204 ваг.
      · дорога МСК, период 10: использовано 150 из 150 ваг.
      · дорога ПРВ, период 10: использовано 188 из 188 ваг.
      · дорога ЮВС, период 10: использовано 311 из 311 ваг.
      · дорога ЮУР, период 10: использовано 150 из 150 ваг.
  [s_idx  543] Выселки | тип=БК | ЕТСНГ=542224 | period=10 | mass_unload=false | осталось 1 из 1 ваг.
    ПРИЧИНА: доступны только Wash-дуги (36 шт., мин. стоимость 205719 руб./ваг.). В модели Wash не имеет штрафа за незаполнение,
             а excess_supply бесплатный — отправка только увеличила бы obj, MIP корректно оставил вагоны в остатке.
  [s_idx  547] Богоявленск | тип=БК | ЕТСНГ=542239 | period=10 | mass_unload=false | осталось 1 из 1 ваг.
    ПРИЧИНА: доступны только Wash-дуги (36 шт., мин. стоимость 237101 руб./ваг.). В модели Wash не имеет штрафа за незаполнение,
             а excess_supply бесплатный — отправка только увеличила бы obj, MIP корректно оставил вагоны в остатке.
  [s_idx  548] Порт Оля (Экспорт) | тип=БК | ЕТСНГ=542239 | period=10 | mass_unload=false | осталось 1 из 1 ваг.
    ПРИЧИНА: доступны только Wash-дуги (36 шт., мин. стоимость 242679 руб./ваг.). В модели Wash не имеет штрафа за незаполнение,
             а excess_supply бесплатный — отправка только увеличила бы obj, MIP корректно оставил вагоны в остатке.
  [s_idx  549] Колышлей | тип=БК | ЕТСНГ=542224 | period=10 | mass_unload=false | осталось 2 из 2 ваг.
    ПРИЧИНА: доступны только Wash-дуги (36 шт., мин. стоимость 254886 руб./ваг.). В модели Wash не имеет штрафа за незаполнение,
             а excess_supply бесплатный — отправка только увеличила бы obj, MIP корректно оставил вагоны в остатке.
  [s_idx  550] Сендега | тип=БКТ | ЕТСНГ=542239 | period=10 | mass_unload=false | осталось 1 из 1 ваг.
    ПРИЧИНА: доступны только Wash-дуги (36 шт., мин. стоимость 236828 руб./ваг.). В модели Wash не имеет штрафа за незаполнение,
             а excess_supply бесплатный — отправка только увеличила бы obj, MIP корректно оставил вагоны в остатке.
  [s_idx  552] Гродеково (Экспорт на КЖД [Китай]) | тип=БКТ | ЕТСНГ=011005 | period=10 | mass_unload=false | осталось 1 из 1 ваг.
    ПРИЧИНА: квота ДМЗИ исчерпана — все Load-дуги с доступным спросом идут на дороги с выбранным лимитом:
      · дорога КБШ, период 10: использовано 204 из 204 ваг.
      · дорога МСК, период 10: использовано 150 из 150 ваг.
      · дорога ПРВ, период 10: использовано 188 из 188 ваг.
      · дорога ЮВС, период 10: использовано 311 из 311 ваг.
      · дорога ЮУР, период 10: использовано 150 из 150 ваг.
  [s_idx  553] Автово (Экспорт) | тип=БКТ | ЕТСНГ=434034 | period=10 | mass_unload=false | осталось 1 из 1 ваг.
    ПРИЧИНА: квота ДМЗИ исчерпана — все Load-дуги с доступным спросом идут на дороги с выбранным лимитом:
      · дорога КБШ, период 10: использовано 204 из 204 ваг.
      · дорога МСК, период 10: использовано 150 из 150 ваг.
      · дорога ПРВ, период 10: использовано 188 из 188 ваг.
      · дорога ЮВС, период 10: использовано 311 из 311 ваг.
      · дорога ЮУР, период 10: использовано 150 из 150 ваг.
  [s_idx  554] Металлист | тип=БК | ЕТСНГ=542239 | period=10 | mass_unload=false | осталось 3 из 3 ваг.
    ПРИЧИНА: доступны только Wash-дуги (36 шт., мин. стоимость 239116 руб./ваг.). В модели Wash не имеет штрафа за незаполнение,
             а excess_supply бесплатный — отправка только увеличила бы obj, MIP корректно оставил вагоны в остатке.
  [s_idx  555] Помары | тип=БКТ | ЕТСНГ=542239 | period=10 | mass_unload=false | осталось 1 из 1 ваг.
    ПРИЧИНА: доступны только Wash-дуги (36 шт., мин. стоимость 277638 руб./ваг.). В модели Wash не имеет штрафа за незаполнение,
             а excess_supply бесплатный — отправка только увеличила бы obj, MIP корректно оставил вагоны в остатке.
  [s_idx  556] Тербуны | тип=БКТ | ЕТСНГ=542239 | period=10 | mass_unload=false | осталось 1 из 1 ваг.
    ПРИЧИНА: доступны только Wash-дуги (36 шт., мин. стоимость 237899 руб./ваг.). В модели Wash не имеет штрафа за незаполнение,
             а excess_supply бесплатный — отправка только увеличила бы obj, MIP корректно оставил вагоны в остатке.
  [s_idx  561] Базаиха | тип=Т | ЕТСНГ=542239 | period=10 | mass_unload=false | осталось 1 из 1 ваг.
    ПРИЧИНА: доступны только Wash-дуги (36 шт., мин. стоимость 202008 руб./ваг.). В модели Wash не имеет штрафа за незаполнение,
             а excess_supply бесплатный — отправка только увеличила бы obj, MIP корректно оставил вагоны в остатке.
  [s_idx  562] Готня | тип=Т | ЕТСНГ=542239 | period=10 | mass_unload=false | осталось 1 из 1 ваг.
    ПРИЧИНА: доступны только Wash-дуги (36 шт., мин. стоимость 276366 руб./ваг.). В модели Wash не имеет штрафа за незаполнение,
             а excess_supply бесплатный — отправка только увеличила бы obj, MIP корректно оставил вагоны в остатке.
  [s_idx  565] Гянджа | тип=Т | ЕТСНГ=011005 | period=10 | mass_unload=false | осталось 1 из 1 ваг.
    ПРИЧИНА: квота ДМЗИ исчерпана — все Load-дуги с доступным спросом идут на дороги с выбранным лимитом:
      · дорога КБШ, период 10: использовано 204 из 204 ваг.
      · дорога МСК, период 10: использовано 150 из 150 ваг.
      · дорога ПРВ, период 10: использовано 188 из 188 ваг.
      · дорога ЮВС, период 10: использовано 311 из 311 ваг.
      · дорога ЮУР, период 10: использовано 150 из 150 ваг.
  [s_idx  567] Беловодская | тип=БКТ | ЕТСНГ=011005 | period=10 | mass_unload=false | осталось 1 из 1 ваг.
    ПРИЧИНА: квота ДМЗИ исчерпана — все Load-дуги с доступным спросом идут на дороги с выбранным лимитом:
      · дорога КБШ, период 10: использовано 204 из 204 ваг.
      · дорога МСК, период 10: использовано 150 из 150 ваг.
      · дорога ПРВ, период 10: использовано 188 из 188 ваг.
      · дорога ЮВС, период 10: использовано 311 из 311 ваг.
      · дорога ЮУР, период 10: использовано 150 из 150 ваг.
  [s_idx  572] Копылово | тип=Т | ЕТСНГ=542224 | period=10 | mass_unload=false | осталось 1 из 1 ваг.
    ПРИЧИНА: квота ДМЗИ исчерпана — все Load-дуги с доступным спросом идут на дороги с выбранным лимитом:
      · дорога КБШ, период 10: использовано 204 из 204 ваг.
      · дорога МСК, период 10: использовано 150 из 150 ваг.
      · дорога ПРВ, период 10: использовано 188 из 188 ваг.
      · дорога ЮВС, период 10: использовано 311 из 311 ваг.
      · дорога ЮУР, период 10: использовано 150 из 150 ваг.
  [s_idx  573] Наушки (Экспорт АО «УБЖД»: участок Улаанбаатар (вкл.) и далее) | тип=Т | ЕТСНГ=011005 | period=10 | mass_unload=false | осталось 1 из 1 ваг.
    ПРИЧИНА: квота ДМЗИ исчерпана — все Load-дуги с доступным спросом идут на дороги с выбранным лимитом:
      · дорога КБШ, период 10: использовано 204 из 204 ваг.
      · дорога МСК, период 10: использовано 150 из 150 ваг.
      · дорога ПРВ, период 10: использовано 188 из 188 ваг.
      · дорога ЮВС, период 10: использовано 311 из 311 ваг.
      · дорога ЮУР, период 10: использовано 150 из 150 ваг.
  [s_idx  574] Глазов | тип=БК | ЕТСНГ=542239 | period=10 | mass_unload=false | осталось 1 из 1 ваг.
    ПРИЧИНА: доступны только Wash-дуги (36 шт., мин. стоимость 290301 руб./ваг.). В модели Wash не имеет штрафа за незаполнение,
             а excess_supply бесплатный — отправка только увеличила бы obj, MIP корректно оставил вагоны в остатке.
  [s_idx  575] Новая Заимка | тип=БК | ЕТСНГ=542239 | period=10 | mass_unload=false | осталось 1 из 1 ваг.
    ПРИЧИНА: доступны только Wash-дуги (36 шт., мин. стоимость 283433 руб./ваг.). В модели Wash не имеет штрафа за незаполнение,
             а excess_supply бесплатный — отправка только увеличила бы obj, MIP корректно оставил вагоны в остатке.
  [s_idx  582] Гродеково (Экспорт на КЖД [Китай]) | тип=БК | ЕТСНГ=011005 | period=10 | mass_unload=false | осталось 1 из 1 ваг.
    ПРИЧИНА: квота ДМЗИ исчерпана — все Load-дуги с доступным спросом идут на дороги с выбранным лимитом:
      · дорога КБШ, период 10: использовано 204 из 204 ваг.
      · дорога МСК, период 10: использовано 150 из 150 ваг.
      · дорога ПРВ, период 10: использовано 188 из 188 ваг.
      · дорога ЮВС, период 10: использовано 311 из 311 ваг.
      · дорога ЮУР, период 10: использовано 150 из 150 ваг.
  [s_idx  583] Менделеево | тип=БК | ЕТСНГ=542239 | period=10 | mass_unload=false | осталось 1 из 1 ваг.
    ПРИЧИНА: доступны только Wash-дуги (36 шт., мин. стоимость 288560 руб./ваг.). В модели Wash не имеет штрафа за незаполнение,
             а excess_supply бесплатный — отправка только увеличила бы obj, MIP корректно оставил вагоны в остатке.
  [s_idx  584] Помары | тип=БК | ЕТСНГ=542224 | period=10 | mass_unload=false | осталось 1 из 1 ваг.
    ПРИЧИНА: доступны только Wash-дуги (36 шт., мин. стоимость 277638 руб./ваг.). В модели Wash не имеет штрафа за незаполнение,
             а excess_supply бесплатный — отправка только увеличила бы obj, MIP корректно оставил вагоны в остатке.
  [s_idx  586] Спитамен | тип=БКТ | ЕТСНГ=542224 | period=10 | mass_unload=false | осталось 1 из 1 ваг.
    ПРИЧИНА: квота ДМЗИ исчерпана — все Load-дуги с доступным спросом идут на дороги с выбранным лимитом:
      · дорога КБШ, период 10: использовано 204 из 204 ваг.
      · дорога МСК, период 10: использовано 150 из 150 ваг.
      · дорога ПРВ, период 10: использовано 188 из 188 ваг.
      · дорога ЮВС, период 10: использовано 311 из 311 ваг.
      · дорога ЮУР, период 10: использовано 150 из 150 ваг.

  СВОДКА ПО ПРИЧИНАМ:
    квота ДМЗИ исчерпана                узлов: 153, вагонов: 4187
    нет допустимых дуг                  узлов:  12, вагонов:  110
    доступны только Wash-дуги           узлов:  78, вагонов:  252
---------------------------------
MIP нашёл глобальный оптимум (gap=0.0061%) — фаза ALNS пропущена.
--- ДИАГНОСТИКА UNMET DEMAND (1546 ваг. в 112 узлах) ---
  [d_idx    1] Пачелма (КБШ) | тип=Прочие | ЕТСНГ=011005 | период=1 | отправка=Повагонная | не закрыто 6 из 6 ваг.
    ПРИЧИНА: квота ДМЗИ исчерпана — все дуги со свободным предложением идут на дороги с выбранным лимитом:
      · дорога КБШ, период 10: использовано 204 из 204 ваг.
  [d_idx    2] Пачелма (КБШ) | тип=Прочие | ЕТСНГ=011005 | период=1 | отправка=Повагонная | не закрыто 10 из 10 ваг.
    ПРИЧИНА: квота ДМЗИ исчерпана — все дуги со свободным предложением идут на дороги с выбранным лимитом:
      · дорога КБШ, период 10: использовано 204 из 204 ваг.
  [d_idx    3] Заинск (КБШ) | тип=Прочие | ЕТСНГ=011005 | период=1 | отправка=Повагонная | не закрыто 24 из 24 ваг.
    ПРИЧИНА: квота ДМЗИ исчерпана — все дуги со свободным предложением идут на дороги с выбранным лимитом:
      · дорога КБШ, период 10: использовано 204 из 204 ваг.
  [d_idx    5] Лужки-Орловские (МСК) | тип=Прочие | ЕТСНГ=011005 | период=1 | отправка=Маршрутная | не закрыто 34 из 42 ваг.
    ПРИЧИНА: квота ДМЗИ исчерпана — все дуги со свободным предложением идут на дороги с выбранным лимитом:
      · дорога МСК, период 10: использовано 150 из 150 ваг.
  [d_idx    6] Блохино (МСК) | тип=Прочие | ЕТСНГ=542072 | период=1 | отправка=Повагонная | не закрыто 8 из 8 ваг.
    ПРИЧИНА: квота ДМЗИ исчерпана — все дуги со свободным предложением идут на дороги с выбранным лимитом:
      · дорога МСК, период 10: использовано 150 из 150 ваг.
  [d_idx    7] Нурлат (КБШ) | тип=Прочие | ЕТСНГ=011005 | период=1 | отправка=Повагонная | не закрыто 3 из 3 ваг.
    ПРИЧИНА: квота ДМЗИ исчерпана — все дуги со свободным предложением идут на дороги с выбранным лимитом:
      · дорога КБШ, период 10: использовано 204 из 204 ваг.
  [d_idx    9] Романовка (ЮВС) | тип=Прочие | ЕТСНГ=014003 | период=1 | отправка=Повагонная | не закрыто 8 из 8 ваг.
    ПРИЧИНА: квота ДМЗИ исчерпана — все дуги со свободным предложением идут на дороги с выбранным лимитом:
      · дорога ЮВС, период 10: использовано 311 из 311 ваг.
  [d_idx   11] Студенец (КБШ) | тип=Прочие | ЕТСНГ=011005 | период=1 | отправка=Повагонная | не закрыто 1 из 1 ваг.
    ПРИЧИНА: квота ДМЗИ исчерпана — все дуги со свободным предложением идут на дороги с выбранным лимитом:
      · дорога КБШ, период 10: использовано 204 из 204 ваг.
  [d_idx   13] Хомутово (МСК) | тип=Прочие | ЕТСНГ=011005 | период=1 | отправка=Повагонная | не закрыто 6 из 6 ваг.
    ПРИЧИНА: квота ДМЗИ исчерпана — все дуги со свободным предложением идут на дороги с выбранным лимитом:
      · дорога МСК, период 10: использовано 150 из 150 ваг.
  [d_idx   14] Асекеево (КБШ) | тип=Прочие | ЕТСНГ=011005 | период=1 | отправка=Повагонная | не закрыто 8 из 8 ваг.
    ПРИЧИНА: квота ДМЗИ исчерпана — все дуги со свободным предложением идут на дороги с выбранным лимитом:
      · дорога КБШ, период 10: использовано 204 из 204 ваг.
  [d_idx   16] Золотухино (МСК) | тип=Прочие | ЕТСНГ=014003 | период=1 | отправка=Повагонная | не закрыто 29 из 29 ваг.
    ПРИЧИНА: квота ДМЗИ исчерпана — все дуги со свободным предложением идут на дороги с выбранным лимитом:
      · дорога МСК, период 10: использовано 150 из 150 ваг.
  [d_idx   17] Земетчино (КБШ) | тип=Прочие | ЕТСНГ=542072 | период=1 | отправка=Повагонная | не закрыто 5 из 5 ваг.
    ПРИЧИНА: квота ДМЗИ исчерпана — все дуги со свободным предложением идут на дороги с выбранным лимитом:
      · дорога КБШ, период 10: использовано 204 из 204 ваг.
  [d_idx   18] Змиевка (МСК) | тип=Прочие | ЕТСНГ=018112 | период=1 | отправка=Повагонная | не закрыто 1 из 1 ваг.
    ПРИЧИНА: квота ДМЗИ исчерпана — все дуги со свободным предложением идут на дороги с выбранным лимитом:
      · дорога МСК, период 10: использовано 150 из 150 ваг.
  [d_idx   20] Белое Озеро (КБШ) | тип=Прочие | ЕТСНГ=011005 | период=1 | отправка=Повагонная | не закрыто 8 из 8 ваг.
    ПРИЧИНА: квота ДМЗИ исчерпана — все дуги со свободным предложением идут на дороги с выбранным лимитом:
      · дорога КБШ, период 10: использовано 204 из 204 ваг.
  [d_idx   23] Тоцкая (ЮУР) | тип=Прочие | ЕТСНГ=014003 | период=1 | отправка=Повагонная | не закрыто 4 из 4 ваг.
    ПРИЧИНА: квота ДМЗИ исчерпана — все дуги со свободным предложением идут на дороги с выбранным лимитом:
      · дорога ЮУР, период 10: использовано 150 из 150 ваг.
  [d_idx   24] Охотничья (КБШ) | тип=Прочие | ЕТСНГ=011005 | период=1 | отправка=Повагонная | не закрыто 5 из 14 ваг.
    ПРИЧИНА: квота ДМЗИ исчерпана — все дуги со свободным предложением идут на дороги с выбранным лимитом:
      · дорога КБШ, период 10: использовано 204 из 204 ваг.
  [d_idx   26] Кандры (КБШ) | тип=Прочие | ЕТСНГ=011005 | период=1 | отправка=Повагонная | не закрыто 3 из 3 ваг.
    ПРИЧИНА: квота ДМЗИ исчерпана — все дуги со свободным предложением идут на дороги с выбранным лимитом:
      · дорога КБШ, период 10: использовано 204 из 204 ваг.
  [d_idx   27] Бокино (ЮВС) | тип=Прочие | ЕТСНГ=011005 | период=2 | отправка=Маршрутная | не закрыто 43 из 43 ваг.
    ПРИЧИНА: квота ДМЗИ исчерпана — все дуги со свободным предложением идут на дороги с выбранным лимитом:
      · дорога ЮВС, период 10: использовано 311 из 311 ваг.
  [d_idx   31] Кротовка (КБШ) | тип=Прочие | ЕТСНГ=011005 | период=2 | отправка=Повагонная | не закрыто 5 из 10 ваг.
    ПРИЧИНА: квота ДМЗИ исчерпана — все дуги со свободным предложением идут на дороги с выбранным лимитом:
      · дорога КБШ, период 10: использовано 204 из 204 ваг.
  [d_idx   32] Пачелма (КБШ) | тип=Прочие | ЕТСНГ=011005 | период=2 | отправка=Повагонная | не закрыто 10 из 10 ваг.
    ПРИЧИНА: квота ДМЗИ исчерпана — все дуги со свободным предложением идут на дороги с выбранным лимитом:
      · дорога КБШ, период 10: использовано 204 из 204 ваг.
  [d_idx   33] Пачелма (КБШ) | тип=Прочие | ЕТСНГ=011005 | период=2 | отправка=Повагонная | не закрыто 20 из 20 ваг.
    ПРИЧИНА: квота ДМЗИ исчерпана — все дуги со свободным предложением идут на дороги с выбранным лимитом:
      · дорога КБШ, период 10: использовано 204 из 204 ваг.
  [d_idx   36] Заинск (КБШ) | тип=Прочие | ЕТСНГ=011005 | период=2 | отправка=Повагонная | не закрыто 21 из 21 ваг.
    ПРИЧИНА: квота ДМЗИ исчерпана — все дуги со свободным предложением идут на дороги с выбранным лимитом:
      · дорога КБШ, период 10: использовано 204 из 204 ваг.
  [d_idx   39] Жердевка (ЮВС) | тип=Прочие | ЕТСНГ=011005 | период=2 | отправка=Повагонная | не закрыто 12 из 12 ваг.
    ПРИЧИНА: квота ДМЗИ исчерпана — все дуги со свободным предложением идут на дороги с выбранным лимитом:
      · дорога ЮВС, период 10: использовано 311 из 311 ваг.
  [d_idx   40] Обоянь (ЮВС) | тип=Прочие | ЕТСНГ=011005 | период=2 | отправка=Повагонная | не закрыто 9 из 9 ваг.
    ПРИЧИНА: квота ДМЗИ исчерпана — все дуги со свободным предложением идут на дороги с выбранным лимитом:
      · дорога ЮВС, период 10: использовано 311 из 311 ваг.
  [d_idx   41] Романовка (ЮВС) | тип=Прочие | ЕТСНГ=014003 | период=2 | отправка=Повагонная | не закрыто 2 из 2 ваг.
    ПРИЧИНА: квота ДМЗИ исчерпана — все дуги со свободным предложением идут на дороги с выбранным лимитом:
      · дорога ЮВС, период 10: использовано 311 из 311 ваг.
  [d_idx   43] Студенец (КБШ) | тип=Прочие | ЕТСНГ=011005 | период=2 | отправка=Повагонная | не закрыто 19 из 19 ваг.
    ПРИЧИНА: квота ДМЗИ исчерпана — все дуги со свободным предложением идут на дороги с выбранным лимитом:
      · дорога КБШ, период 10: использовано 204 из 204 ваг.
  [d_idx   45] Хомутово (МСК) | тип=Прочие | ЕТСНГ=011005 | период=2 | отправка=Повагонная | не закрыто 4 из 6 ваг.
    ПРИЧИНА: квота ДМЗИ исчерпана — все дуги со свободным предложением идут на дороги с выбранным лимитом:
      · дорога МСК, период 10: использовано 150 из 150 ваг.
  [d_idx   46] Асекеево (КБШ) | тип=Прочие | ЕТСНГ=011005 | период=2 | отправка=Повагонная | не закрыто 10 из 10 ваг.
    ПРИЧИНА: квота ДМЗИ исчерпана — все дуги со свободным предложением идут на дороги с выбранным лимитом:
      · дорога КБШ, период 10: использовано 204 из 204 ваг.
  [d_idx   48] Приютово (КБШ) | тип=БКТ | ЕТСНГ=011005 | период=2 | отправка=Повагонная | не закрыто 16 из 16 ваг.
    ПРИЧИНА: квота ДМЗИ исчерпана — все дуги со свободным предложением идут на дороги с выбранным лимитом:
      · дорога КБШ, период 10: использовано 204 из 204 ваг.
  [d_idx   52] Аткарск (ПРВ) | тип=Прочие | ЕТСНГ=542239 | период=2 | отправка=Повагонная | не закрыто 3 из 5 ваг.
    ПРИЧИНА: квота ДМЗИ исчерпана — все дуги со свободным предложением идут на дороги с выбранным лимитом:
      · дорога ПРВ, период 10: использовано 188 из 188 ваг.
  [d_idx   60] Земетчино (КБШ) | тип=Прочие | ЕТСНГ=542072 | период=2 | отправка=Повагонная | не закрыто 7 из 15 ваг.
    ПРИЧИНА: квота ДМЗИ исчерпана — все дуги со свободным предложением идут на дороги с выбранным лимитом:
      · дорога КБШ, период 10: использовано 204 из 204 ваг.
  [d_idx   63] Измалково (МСК) | тип=БКТ | ЕТСНГ=011005 | период=2 | отправка=Групповая | не закрыто 22 из 24 ваг.
    ПРИЧИНА: квота ДМЗИ исчерпана — все дуги со свободным предложением идут на дороги с выбранным лимитом:
      · дорога МСК, период 10: использовано 150 из 150 ваг.
  [d_idx   75] Охотничья (КБШ) | тип=Прочие | ЕТСНГ=011005 | период=2 | отправка=Повагонная | не закрыто 6 из 11 ваг.
    ПРИЧИНА: квота ДМЗИ исчерпана — все дуги со свободным предложением идут на дороги с выбранным лимитом:
      · дорога КБШ, период 10: использовано 204 из 204 ваг.
  [d_idx   76] Аллагуват (КБШ) | тип=Прочие | ЕТСНГ=014003 | период=2 | отправка=Повагонная | не закрыто 5 из 5 ваг.
    ПРИЧИНА: квота ДМЗИ исчерпана — все дуги со свободным предложением идут на дороги с выбранным лимитом:
      · дорога КБШ, период 10: использовано 204 из 204 ваг.
  [d_idx   79] Кандры (КБШ) | тип=Прочие | ЕТСНГ=011005 | период=2 | отправка=Повагонная | не закрыто 20 из 20 ваг.
    ПРИЧИНА: квота ДМЗИ исчерпана — все дуги со свободным предложением идут на дороги с выбранным лимитом:
      · дорога КБШ, период 10: использовано 204 из 204 ваг.
  [d_idx   80] Новоспасское (КБШ) | тип=Прочие | ЕТСНГ=011005 | период=3 | отправка=Повагонная | не закрыто 7 из 7 ваг.
    ПРИЧИНА: квота ДМЗИ исчерпана — все дуги со свободным предложением идут на дороги с выбранным лимитом:
      · дорога КБШ, период 10: использовано 204 из 204 ваг.
  [d_idx   83] Ефремов (МСК) | тип=Прочие | ЕТСНГ=011005 | период=3 | отправка=Повагонная | не закрыто 2 из 2 ваг.
    ПРИЧИНА: квота ДМЗИ исчерпана — все дуги со свободным предложением идут на дороги с выбранным лимитом:
      · дорога МСК, период 10: использовано 150 из 150 ваг.
  [d_idx   84] Кротовка (КБШ) | тип=Прочие | ЕТСНГ=011005 | период=3 | отправка=Повагонная | не закрыто 10 из 10 ваг.
    ПРИЧИНА: квота ДМЗИ исчерпана — все дуги со свободным предложением идут на дороги с выбранным лимитом:
      · дорога КБШ, период 10: использовано 204 из 204 ваг.
  [d_idx   85] Пачелма (КБШ) | тип=Прочие | ЕТСНГ=011005 | период=3 | отправка=Повагонная | не закрыто 6 из 6 ваг.
    ПРИЧИНА: квота ДМЗИ исчерпана — все дуги со свободным предложением идут на дороги с выбранным лимитом:
      · дорога КБШ, период 10: использовано 204 из 204 ваг.
  [d_idx   86] Пачелма (КБШ) | тип=Прочие | ЕТСНГ=011005 | период=3 | отправка=Повагонная | не закрыто 14 из 14 ваг.
    ПРИЧИНА: квота ДМЗИ исчерпана — все дуги со свободным предложением идут на дороги с выбранным лимитом:
      · дорога КБШ, период 10: использовано 204 из 204 ваг.
  [d_idx   93] Жердевка (ЮВС) | тип=Прочие | ЕТСНГ=011005 | период=3 | отправка=Повагонная | не закрыто 10 из 10 ваг.
    ПРИЧИНА: квота ДМЗИ исчерпана — все дуги со свободным предложением идут на дороги с выбранным лимитом:
      · дорога ЮВС, период 10: использовано 311 из 311 ваг.
  [d_idx   94] Обоянь (ЮВС) | тип=Прочие | ЕТСНГ=011005 | период=3 | отправка=Повагонная | не закрыто 9 из 10 ваг.
    ПРИЧИНА: квота ДМЗИ исчерпана — все дуги со свободным предложением идут на дороги с выбранным лимитом:
      · дорога ЮВС, период 10: использовано 311 из 311 ваг.
  [d_idx   95] Улусарка (ЮВС) | тип=БКТ | ЕТСНГ=011005 | период=3 | отправка=Маршрутная | не закрыто 24 из 44 ваг.
    ПРИЧИНА: квота ДМЗИ исчерпана — все дуги со свободным предложением идут на дороги с выбранным лимитом:
      · дорога ЮВС, период 10: использовано 311 из 311 ваг.
  [d_idx  100] Асекеево (КБШ) | тип=БКТ | ЕТСНГ=011005 | период=3 | отправка=Повагонная | не закрыто 4 из 4 ваг.
    ПРИЧИНА: квота ДМЗИ исчерпана — все дуги со свободным предложением идут на дороги с выбранным лимитом:
      · дорога КБШ, период 10: использовано 204 из 204 ваг.
  [d_idx  101] Асекеево (КБШ) | тип=Прочие | ЕТСНГ=011005 | период=3 | отправка=Повагонная | не закрыто 10 из 10 ваг.
    ПРИЧИНА: квота ДМЗИ исчерпана — все дуги со свободным предложением идут на дороги с выбранным лимитом:
      · дорога КБШ, период 10: использовано 204 из 204 ваг.
  [d_idx  103] Урюпино (ПРВ) | тип=Прочие | ЕТСНГ=542239 | период=3 | отправка=Повагонная | не закрыто 7 из 8 ваг.
    ПРИЧИНА: квота ДМЗИ исчерпана — все дуги со свободным предложением идут на дороги с выбранным лимитом:
      · дорога ПРВ, период 10: использовано 188 из 188 ваг.
  [d_idx  108] Приютово (КБШ) | тип=БКТ | ЕТСНГ=011005 | период=3 | отправка=Повагонная | не закрыто 10 из 10 ваг.
    ПРИЧИНА: квота ДМЗИ исчерпана — все дуги со свободным предложением идут на дороги с выбранным лимитом:
      · дорога КБШ, период 10: использовано 204 из 204 ваг.
  [d_idx  110] Добринка (ЮВС) | тип=Прочие | ЕТСНГ=011005 | период=3 | отправка=Повагонная | не закрыто 18 из 18 ваг.
    ПРИЧИНА: квота ДМЗИ исчерпана — все дуги со свободным предложением идут на дороги с выбранным лимитом:
      · дорога ЮВС, период 10: использовано 311 из 311 ваг.
  [d_idx  114] Телегино (ЮВС) | тип=Прочие | ЕТСНГ=011005 | период=3 | отправка=Повагонная | не закрыто 1 из 10 ваг.
    ПРИЧИНА: квота ДМЗИ исчерпана — все дуги со свободным предложением идут на дороги с выбранным лимитом:
      · дорога ЮВС, период 10: использовано 311 из 311 ваг.
  [d_idx  117] Воробьевка (ЮВС) | тип=Прочие | ЕТСНГ=011005 | период=3 | отправка=Повагонная | не закрыто 3 из 10 ваг.
    ПРИЧИНА: квота ДМЗИ исчерпана — все дуги со свободным предложением идут на дороги с выбранным лимитом:
      · дорога ЮВС, период 10: использовано 311 из 311 ваг.
  [d_idx  118] Святославка (ЮВС) | тип=Прочие | ЕТСНГ=011005 | период=3 | отправка=Повагонная | не закрыто 4 из 4 ваг.
    ПРИЧИНА: квота ДМЗИ исчерпана — все дуги со свободным предложением идут на дороги с выбранным лимитом:
      · дорога ЮВС, период 10: использовано 311 из 311 ваг.
  [d_idx  122] Кривецкая (ЮВС) | тип=Прочие | ЕТСНГ=542072 | период=3 | отправка=Повагонная | не закрыто 12 из 20 ваг.
    ПРИЧИНА: квота ДМЗИ исчерпана — все дуги со свободным предложением идут на дороги с выбранным лимитом:
      · дорога ЮВС, период 10: использовано 311 из 311 ваг.
  [d_idx  134] Сампур (ЮВС) | тип=Прочие | ЕТСНГ=014003 | период=3 | отправка=Повагонная | не закрыто 3 из 3 ваг.
    ПРИЧИНА: квота ДМЗИ исчерпана — все дуги со свободным предложением идут на дороги с выбранным лимитом:
      · дорога ЮВС, период 10: использовано 311 из 311 ваг.
  [d_idx  137] Платоновка (ЮВС) | тип=Прочие | ЕТСНГ=011005 | период=3 | отправка=Повагонная | не закрыто 5 из 5 ваг.
    ПРИЧИНА: квота ДМЗИ исчерпана — все дуги со свободным предложением идут на дороги с выбранным лимитом:
      · дорога ЮВС, период 10: использовано 311 из 311 ваг.
  [d_idx  143] Охотничья (КБШ) | тип=Прочие | ЕТСНГ=011005 | период=3 | отправка=Повагонная | не закрыто 7 из 11 ваг.
    ПРИЧИНА: квота ДМЗИ исчерпана — все дуги со свободным предложением идут на дороги с выбранным лимитом:
      · дорога КБШ, период 10: использовано 204 из 204 ваг.
  [d_idx  152] Новоспасское (КБШ) | тип=Прочие | ЕТСНГ=011005 | период=4 | отправка=Повагонная | не закрыто 19 из 19 ваг.
    ПРИЧИНА: квота ДМЗИ исчерпана — все дуги со свободным предложением идут на дороги с выбранным лимитом:
      · дорога КБШ, период 10: использовано 204 из 204 ваг.
  [d_idx  153] Новоспасское (КБШ) | тип=Прочие | ЕТСНГ=011005 | период=4 | отправка=Повагонная | не закрыто 16 из 16 ваг.
    ПРИЧИНА: квота ДМЗИ исчерпана — все дуги со свободным предложением идут на дороги с выбранным лимитом:
      · дорога КБШ, период 10: использовано 204 из 204 ваг.
  [d_idx  160] Ефремов (МСК) | тип=Прочие | ЕТСНГ=011005 | период=4 | отправка=Повагонная | не закрыто 4 из 4 ваг.
    ПРИЧИНА: квота ДМЗИ исчерпана — все дуги со свободным предложением идут на дороги с выбранным лимитом:
      · дорога МСК, период 10: использовано 150 из 150 ваг.
  [d_idx  163] Алтата (ПРВ) | тип=Прочие | ЕТСНГ=011005 | период=4 | отправка=Повагонная | не закрыто 2 из 7 ваг.
    ПРИЧИНА: квота ДМЗИ исчерпана — все дуги со свободным предложением идут на дороги с выбранным лимитом:
      · дорога ПРВ, период 10: использовано 188 из 188 ваг.
  [d_idx  164] Кротовка (КБШ) | тип=Прочие | ЕТСНГ=011005 | период=4 | отправка=Повагонная | не закрыто 20 из 20 ваг.
    ПРИЧИНА: квота ДМЗИ исчерпана — все дуги со свободным предложением идут на дороги с выбранным лимитом:
      · дорога КБШ, период 10: использовано 204 из 204 ваг.
  [d_idx  166] Пачелма (КБШ) | тип=Прочие | ЕТСНГ=011005 | период=4 | отправка=Повагонная | не закрыто 21 из 21 ваг.
    ПРИЧИНА: квота ДМЗИ исчерпана — все дуги со свободным предложением идут на дороги с выбранным лимитом:
      · дорога КБШ, период 10: использовано 204 из 204 ваг.
  [d_idx  167] Пачелма (КБШ) | тип=Прочие | ЕТСНГ=011005 | период=4 | отправка=Повагонная | не закрыто 14 из 14 ваг.
    ПРИЧИНА: квота ДМЗИ исчерпана — все дуги со свободным предложением идут на дороги с выбранным лимитом:
      · дорога КБШ, период 10: использовано 204 из 204 ваг.
  [d_idx  169] Ряжск 1 (МСК) | тип=Прочие | ЕТСНГ=011005 | период=4 | отправка=Повагонная | не закрыто 14 из 14 ваг.
    ПРИЧИНА: квота ДМЗИ исчерпана — все дуги со свободным предложением идут на дороги с выбранным лимитом:
      · дорога МСК, период 10: использовано 150 из 150 ваг.
  [d_idx  170] Заинск (КБШ) | тип=Прочие | ЕТСНГ=011005 | период=4 | отправка=Повагонная | не закрыто 13 из 17 ваг.
    ПРИЧИНА: квота ДМЗИ исчерпана — все дуги со свободным предложением идут на дороги с выбранным лимитом:
      · дорога КБШ, период 10: использовано 204 из 204 ваг.
  [d_idx  175] Балаково (ПРВ) | тип=Прочие | ЕТСНГ=542239 | период=4 | отправка=Повагонная | не закрыто 4 из 4 ваг.
    ПРИЧИНА: квота ДМЗИ исчерпана — все дуги со свободным предложением идут на дороги с выбранным лимитом:
      · дорога ПРВ, период 10: использовано 188 из 188 ваг.
  [d_idx  176] Балаково (ПРВ) | тип=Прочие | ЕТСНГ=542239 | период=4 | отправка=Повагонная | не закрыто 4 из 19 ваг.
    ПРИЧИНА: квота ДМЗИ исчерпана — все дуги со свободным предложением идут на дороги с выбранным лимитом:
      · дорога ПРВ, период 10: использовано 188 из 188 ваг.
  [d_idx  177] Балаково (ПРВ) | тип=Прочие | ЕТСНГ=542239 | период=4 | отправка=Повагонная | не закрыто 3 из 6 ваг.
    ПРИЧИНА: квота ДМЗИ исчерпана — все дуги со свободным предложением идут на дороги с выбранным лимитом:
      · дорога ПРВ, период 10: использовано 188 из 188 ваг.
  [d_idx  181] Жердевка (ЮВС) | тип=Прочие | ЕТСНГ=011005 | период=4 | отправка=Повагонная | не закрыто 10 из 10 ваг.
    ПРИЧИНА: квота ДМЗИ исчерпана — все дуги со свободным предложением идут на дороги с выбранным лимитом:
      · дорога ЮВС, период 10: использовано 311 из 311 ваг.
  [d_idx  182] Обоянь (ЮВС) | тип=Прочие | ЕТСНГ=011005 | период=4 | отправка=Повагонная | не закрыто 36 из 36 ваг.
    ПРИЧИНА: квота ДМЗИ исчерпана — все дуги со свободным предложением идут на дороги с выбранным лимитом:
      · дорога ЮВС, период 10: использовано 311 из 311 ваг.
  [d_idx  183] Ржакса (ЮВС) | тип=Прочие | ЕТСНГ=011005 | период=4 | отправка=Повагонная | не закрыто 22 из 22 ваг.
    ПРИЧИНА: квота ДМЗИ исчерпана — все дуги со свободным предложением идут на дороги с выбранным лимитом:
      · дорога ЮВС, период 10: использовано 311 из 311 ваг.
  [d_idx  185] Кшень (МСК) | тип=Прочие | ЕТСНГ=542072 | период=4 | отправка=Повагонная | не закрыто 1 из 20 ваг.
    ПРИЧИНА: квота ДМЗИ исчерпана — все дуги со свободным предложением идут на дороги с выбранным лимитом:
      · дорога МСК, период 10: использовано 150 из 150 ваг.
  [d_idx  186] Улусарка (ЮВС) | тип=БКТ | ЕТСНГ=011005 | период=4 | отправка=Маршрутная | не закрыто 29 из 92 ваг.
    ПРИЧИНА: квота ДМЗИ исчерпана — все дуги со свободным предложением идут на дороги с выбранным лимитом:
      · дорога ЮВС, период 10: использовано 311 из 311 ваг.
  [d_idx  187] Елань-Камышинская (ЮВС) | тип=Прочие | ЕТСНГ=011005 | период=4 | отправка=Повагонная | не закрыто 44 из 50 ваг.
    ПРИЧИНА: квота ДМЗИ исчерпана — все дуги со свободным предложением идут на дороги с выбранным лимитом:
      · дорога ЮВС, период 10: использовано 311 из 311 ваг.
  [d_idx  191] Студенец (КБШ) | тип=Прочие | ЕТСНГ=011005 | период=4 | отправка=Повагонная | не закрыто 18 из 18 ваг.
    ПРИЧИНА: квота ДМЗИ исчерпана — все дуги со свободным предложением идут на дороги с выбранным лимитом:
      · дорога КБШ, период 10: использовано 204 из 204 ваг.
  [d_idx  196] Хомутово (МСК) | тип=Прочие | ЕТСНГ=011005 | период=4 | отправка=Повагонная | не закрыто 3 из 6 ваг.
    ПРИЧИНА: квота ДМЗИ исчерпана — все дуги со свободным предложением идут на дороги с выбранным лимитом:
      · дорога МСК, период 10: использовано 150 из 150 ваг.
  [d_idx  197] Асекеево (КБШ) | тип=БКТ | ЕТСНГ=011005 | период=4 | отправка=Повагонная | не закрыто 18 из 18 ваг.
    ПРИЧИНА: квота ДМЗИ исчерпана — все дуги со свободным предложением идут на дороги с выбранным лимитом:
      · дорога КБШ, период 10: использовано 204 из 204 ваг.
  [d_idx  199] Димитровград (КБШ) | тип=Прочие | ЕТСНГ=011005 | период=4 | отправка=Маршрутная | не закрыто 37 из 37 ваг.
    ПРИЧИНА: квота ДМЗИ исчерпана — все дуги со свободным предложением идут на дороги с выбранным лимитом:
      · дорога КБШ, период 10: использовано 204 из 204 ваг.
  [d_idx  200] Димитровград (КБШ) | тип=Прочие | ЕТСНГ=011005 | период=4 | отправка=Повагонная | не закрыто 8 из 8 ваг.
    ПРИЧИНА: квота ДМЗИ исчерпана — все дуги со свободным предложением идут на дороги с выбранным лимитом:
      · дорога КБШ, период 10: использовано 204 из 204 ваг.
  [d_idx  204] Верховье (МСК) | тип=Прочие | ЕТСНГ=011005 | период=4 | отправка=Повагонная | не закрыто 11 из 46 ваг.
    ПРИЧИНА: квота ДМЗИ исчерпана — все дуги со свободным предложением идут на дороги с выбранным лимитом:
      · дорога МСК, период 10: использовано 150 из 150 ваг.
  [d_idx  212] Приютово (КБШ) | тип=БКТ | ЕТСНГ=011005 | период=4 | отправка=Повагонная | не закрыто 20 из 20 ваг.
    ПРИЧИНА: квота ДМЗИ исчерпана — все дуги со свободным предложением идут на дороги с выбранным лимитом:
      · дорога КБШ, период 10: использовано 204 из 204 ваг.
  [d_idx  213] Приютово (КБШ) | тип=Прочие | ЕТСНГ=011005 | период=4 | отправка=Повагонная | не закрыто 7 из 7 ваг.
    ПРИЧИНА: квота ДМЗИ исчерпана — все дуги со свободным предложением идут на дороги с выбранным лимитом:
      · дорога КБШ, период 10: использовано 204 из 204 ваг.
  [d_idx  214] Приютово (КБШ) | тип=Прочие | ЕТСНГ=011005 | период=4 | отправка=Повагонная | не закрыто 6 из 7 ваг.
    ПРИЧИНА: квота ДМЗИ исчерпана — все дуги со свободным предложением идут на дороги с выбранным лимитом:
      · дорога КБШ, период 10: использовано 204 из 204 ваг.
  [d_idx  223] Добринка (ЮВС) | тип=Прочие | ЕТСНГ=011005 | период=4 | отправка=Повагонная | не закрыто 35 из 40 ваг.
    ПРИЧИНА: квота ДМЗИ исчерпана — все дуги со свободным предложением идут на дороги с выбранным лимитом:
      · дорога ЮВС, период 10: использовано 311 из 311 ваг.
  [d_idx  227] Раненбург (ЮВС) | тип=Прочие | ЕТСНГ=011005 | период=4 | отправка=Групповая | не закрыто 18 из 18 ваг.
    ПРИЧИНА: квота ДМЗИ исчерпана — все дуги со свободным предложением идут на дороги с выбранным лимитом:
      · дорога ЮВС, период 10: использовано 311 из 311 ваг.
  [d_idx  228] Раненбург (ЮВС) | тип=Прочие | ЕТСНГ=014003 | период=4 | отправка=Повагонная | не закрыто 2 из 2 ваг.
    ПРИЧИНА: квота ДМЗИ исчерпана — все дуги со свободным предложением идут на дороги с выбранным лимитом:
      · дорога ЮВС, период 10: использовано 311 из 311 ваг.
  [d_idx  229] Плавица (ЮВС) | тип=Прочие | ЕТСНГ=011005 | период=4 | отправка=Повагонная | не закрыто 2 из 27 ваг.
    ПРИЧИНА: квота ДМЗИ исчерпана — все дуги со свободным предложением идут на дороги с выбранным лимитом:
      · дорога ЮВС, период 10: использовано 311 из 311 ваг.
  [d_idx  234] Тамала (ЮВС) | тип=БКТ | ЕТСНГ=011005 | период=4 | отправка=Повагонная | не закрыто 30 из 30 ваг.
    ПРИЧИНА: квота ДМЗИ исчерпана — все дуги со свободным предложением идут на дороги с выбранным лимитом:
      · дорога ЮВС, период 10: использовано 311 из 311 ваг.
  [d_idx  237] Ялга (КБШ) | тип=Прочие | ЕТСНГ=018112 | период=4 | отправка=Повагонная | не закрыто 3 из 3 ваг.
    ПРИЧИНА: квота ДМЗИ исчерпана — все дуги со свободным предложением идут на дороги с выбранным лимитом:
      · дорога КБШ, период 10: использовано 204 из 204 ваг.
  [d_idx  238] Ялга (КБШ) | тип=Прочие | ЕТСНГ=018112 | период=4 | отправка=Повагонная | не закрыто 2 из 2 ваг.
    ПРИЧИНА: квота ДМЗИ исчерпана — все дуги со свободным предложением идут на дороги с выбранным лимитом:
      · дорога КБШ, период 10: использовано 204 из 204 ваг.
  [d_idx  241] Эртиль (ЮВС) | тип=Прочие | ЕТСНГ=542072 | период=4 | отправка=Повагонная | не закрыто 7 из 10 ваг.
    ПРИЧИНА: квота ДМЗИ исчерпана — все дуги со свободным предложением идут на дороги с выбранным лимитом:
      · дорога ЮВС, период 10: использовано 311 из 311 ваг.
  [d_idx  243] Воробьевка (ЮВС) | тип=Прочие | ЕТСНГ=011005 | период=4 | отправка=Повагонная | не закрыто 1 из 10 ваг.
    ПРИЧИНА: квота ДМЗИ исчерпана — все дуги со свободным предложением идут на дороги с выбранным лимитом:
      · дорога ЮВС, период 10: использовано 311 из 311 ваг.
  [d_idx  246] Святославка (ЮВС) | тип=Прочие | ЕТСНГ=011005 | период=4 | отправка=Повагонная | не закрыто 15 из 15 ваг.
    ПРИЧИНА: квота ДМЗИ исчерпана — все дуги со свободным предложением идут на дороги с выбранным лимитом:
      · дорога ЮВС, период 10: использовано 311 из 311 ваг.
  [d_idx  252] Кривецкая (ЮВС) | тип=Прочие | ЕТСНГ=542072 | период=4 | отправка=Повагонная | не закрыто 19 из 20 ваг.
    ПРИЧИНА: квота ДМЗИ исчерпана — все дуги со свободным предложением идут на дороги с выбранным лимитом:
      · дорога ЮВС, период 10: использовано 311 из 311 ваг.
  [d_idx  254] Золотухино (МСК) | тип=Прочие | ЕТСНГ=011005 | период=4 | отправка=Повагонная | не закрыто 25 из 25 ваг.
    ПРИЧИНА: квота ДМЗИ исчерпана — все дуги со свободным предложением идут на дороги с выбранным лимитом:
      · дорога МСК, период 10: использовано 150 из 150 ваг.
  [d_idx  255] Золотухино (МСК) | тип=Прочие | ЕТСНГ=011005 | период=4 | отправка=Повагонная | не закрыто 30 из 30 ваг.
    ПРИЧИНА: квота ДМЗИ исчерпана — все дуги со свободным предложением идут на дороги с выбранным лимитом:
      · дорога МСК, период 10: использовано 150 из 150 ваг.
  [d_idx  263] Кораблино (МСК) | тип=Прочие | ЕТСНГ=011005 | период=4 | отправка=Повагонная | не закрыто 24 из 24 ваг.
    ПРИЧИНА: квота ДМЗИ исчерпана — все дуги со свободным предложением идут на дороги с выбранным лимитом:
      · дорога МСК, период 10: использовано 150 из 150 ваг.
  [d_idx  265] Ключики (КБШ) | тип=Прочие | ЕТСНГ=011005 | период=4 | отправка=Повагонная | не закрыто 1 из 1 ваг.
    ПРИЧИНА: квота ДМЗИ исчерпана — все дуги со свободным предложением идут на дороги с выбранным лимитом:
      · дорога КБШ, период 10: использовано 204 из 204 ваг.
  [d_idx  267] Обшаровка (КБШ) | тип=Прочие | ЕТСНГ=011005 | период=4 | отправка=Повагонная | не закрыто 11 из 19 ваг.
    ПРИЧИНА: квота ДМЗИ исчерпана — все дуги со свободным предложением идут на дороги с выбранным лимитом:
      · дорога КБШ, период 10: использовано 204 из 204 ваг.
  [d_idx  275] Верда (КБШ) | тип=Прочие | ЕТСНГ=011005 | период=4 | отправка=Повагонная | не закрыто 3 из 24 ваг.
    ПРИЧИНА: квота ДМЗИ исчерпана — все дуги со свободным предложением идут на дороги с выбранным лимитом:
      · дорога КБШ, период 10: использовано 204 из 204 ваг.
  [d_idx  277] Сампур (ЮВС) | тип=Прочие | ЕТСНГ=011005 | период=4 | отправка=Повагонная | не закрыто 20 из 20 ваг.
    ПРИЧИНА: квота ДМЗИ исчерпана — все дуги со свободным предложением идут на дороги с выбранным лимитом:
      · дорога ЮВС, период 10: использовано 311 из 311 ваг.
  [d_idx  280] Платоновка (ЮВС) | тип=Прочие | ЕТСНГ=011005 | период=4 | отправка=Повагонная | не закрыто 12 из 12 ваг.
    ПРИЧИНА: квота ДМЗИ исчерпана — все дуги со свободным предложением идут на дороги с выбранным лимитом:
      · дорога ЮВС, период 10: использовано 311 из 311 ваг.
  [d_idx  284] Алексиково (ПРВ) | тип=Прочие | ЕТСНГ=011005 | период=4 | отправка=Групповая | не закрыто 52 из 73 ваг.
    ПРИЧИНА: квота ДМЗИ исчерпана — все дуги со свободным предложением идут на дороги с выбранным лимитом:
      · дорога ПРВ, период 10: использовано 188 из 188 ваг.
  [d_idx  285] Удобрительная (МСК) | тип=Прочие | ЕТСНГ=011005 | период=4 | отправка=Маршрутная | не закрыто 24 из 42 ваг.
    ПРИЧИНА: квота ДМЗИ исчерпана — все дуги со свободным предложением идут на дороги с выбранным лимитом:
      · дорога МСК, период 10: использовано 150 из 150 ваг.
  [d_idx  293] Никифоровка (ЮВС) | тип=Прочие | ЕТСНГ=011005 | период=4 | отправка=Повагонная | не закрыто 6 из 6 ваг.
    ПРИЧИНА: квота ДМЗИ исчерпана — все дуги со свободным предложением идут на дороги с выбранным лимитом:
      · дорога ЮВС, период 10: использовано 311 из 311 ваг.
  [d_idx  296] Кирсанов (ЮВС) | тип=Прочие | ЕТСНГ=011005 | период=4 | отправка=Повагонная | не закрыто 43 из 43 ваг.
    ПРИЧИНА: квота ДМЗИ исчерпана — все дуги со свободным предложением идут на дороги с выбранным лимитом:
      · дорога ЮВС, период 10: использовано 311 из 311 ваг.
  [d_idx  297] Пугачевск (ПРВ) | тип=Прочие | ЕТСНГ=011005 | период=4 | отправка=Повагонная | не закрыто 14 из 21 ваг.
    ПРИЧИНА: квота ДМЗИ исчерпана — все дуги со свободным предложением идут на дороги с выбранным лимитом:
      · дорога ПРВ, период 10: использовано 188 из 188 ваг.
  [d_idx  302] Охотничья (КБШ) | тип=Прочие | ЕТСНГ=011005 | период=4 | отправка=Повагонная | не закрыто 20 из 20 ваг.
    ПРИЧИНА: квота ДМЗИ исчерпана — все дуги со свободным предложением идут на дороги с выбранным лимитом:
      · дорога КБШ, период 10: использовано 204 из 204 ваг.
  [d_idx  303] Охотничья (КБШ) | тип=Прочие | ЕТСНГ=011005 | период=4 | отправка=Повагонная | не закрыто 22 из 22 ваг.
    ПРИЧИНА: квота ДМЗИ исчерпана — все дуги со свободным предложением идут на дороги с выбранным лимитом:
      · дорога КБШ, период 10: использовано 204 из 204 ваг.
  [d_idx  304] Охотничья (КБШ) | тип=Прочие | ЕТСНГ=021100 | период=4 | отправка=Повагонная | не закрыто 6 из 7 ваг.
    ПРИЧИНА: квота ДМЗИ исчерпана — все дуги со свободным предложением идут на дороги с выбранным лимитом:
      · дорога КБШ, период 10: использовано 204 из 204 ваг.
  [d_idx  305] Избердей (ЮВС) | тип=Прочие | ЕТСНГ=011005 | период=4 | отправка=Маршрутная | не закрыто 34 из 42 ваг.
    ПРИЧИНА: квота ДМЗИ исчерпана — все дуги со свободным предложением идут на дороги с выбранным лимитом:
      · дорога ЮВС, период 10: использовано 311 из 311 ваг.
  [d_idx  306] Избердей (ЮВС) | тип=Прочие | ЕТСНГ=011005 | период=4 | отправка=Маршрутная | не закрыто 94 из 94 ваг.
    ПРИЧИНА: квота ДМЗИ исчерпана — все дуги со свободным предложением идут на дороги с выбранным лимитом:
      · дорога ЮВС, период 10: использовано 311 из 311 ваг.
  [d_idx  315] Петровск-Саратовский (ПРВ) | тип=Прочие | ЕТСНГ=011005 | период=4 | отправка=Повагонная | не закрыто 4 из 4 ваг.
    ПРИЧИНА: квота ДМЗИ исчерпана — все дуги со свободным предложением идут на дороги с выбранным лимитом:
      · дорога ПРВ, период 10: использовано 188 из 188 ваг.

  СВОДКА ПО ПРИЧИНАМ:
    квота ДМЗИ исчерпана (инфраструктура)  узлов: 112, вагонов: 1546

  ЗАКРЫВАЕМОСТЬ (по реальному связывающему ограничению):
    структурно недостижимо (нет дуг):             0 ваг.  — нужны новые тарифы / смягчение жёстких фильтров
    упёрто в квоту ДМЗИ (инфраструктура):       1546 ваг.  — поможет только повышение квоты на дороге
    держит MIN_BATCH (квота ДМЗИ ещё есть):        0 ваг.  — поможет смягчение партии (middle 0 / масс. 0 / маршр. 0)
    прочее (конкуренция / экономика штрафа):       0 ваг.
--------------------------------
--- УТИЛИЗАЦИЯ КВОТ ДМЗИ ---
  ВСБ  период  1:    0 из    5 ваг.
  ВСБ  период 10:    0 из    1 ваг.
  ГОР  период  1:    0 из  345 ваг.
  ГОР  период 10:   76 из   80 ваг.
  ЗАБ  период  1:    0 из   25 ваг.
  ЗАБ  период 10:    0 из    5 ваг.
  ЗСБ  период  1:  252 из  725 ваг.
  ЗСБ  период 10:  154 из  154 ваг.
  КБШ  период  1:  128 из 1017 ваг.
  КБШ  период 10:  204 из  204 ваг.
  КРС  период  1:    0 из    5 ваг.
  КРС  период 10:    0 из    1 ваг.
  МСК  период  1:  191 из  679 ваг.
  МСК  период 10:  150 из  150 ваг.
  ОКТ  период  1:    0 из  317 ваг.
  ОКТ  период 10:    0 из   65 ваг.
  ПРВ  период  1:   80 из  939 ваг.
  ПРВ  период 10:  188 из  188 ваг.
  СВР  период  1:    0 из  566 ваг.
  СВР  период 10:   36 из  117 ваг.
  СЕВ  период  1:    0 из   75 ваг.
  СЕВ  период 10:    2 из   15 ваг.
  ЮВС  период  1:  177 из 1539 ваг.
  ЮВС  период 10:  311 из  311 ваг.
  ЮУР  период  1:   61 из  742 ваг.
  ЮУР  период 10:  150 из  150 ваг.
----------------------------
Тарифов до отстоя:           3215 (станций излишка 94, станций отстоя 42)
В отстой: 1354 из 4549 ваг. излишка → 42 станций отстоя, тариф 49320287 руб.; не размещено 3195 ваг. (нет тарифа / ёмкость исчерпана)
Тарифов до путей погрузки:   1850 (станций излишка 31, станций погрузки 77)
На пути погрузки: 3086 из 3195 ваг. остатка → 45 станций (≥5 ваг./станция), тариф 206515104 руб.; не размещено 109 ваг.
Баланс отчёта оптимизации:   OK (7222 ваг. в записях = 7222 ваг. предложения)
Записей в отчёте (Excel):    1021 (923 оптим. + 41 по факту + 57 в ремонт) / 7485 вагонов
  → в POST АПИ (период 1):   306 записей / 1009 вагонов
  → исключено (предл. 10, дислокация): 715 записей / 6476 вагонов
Чекпоинт сохранён:           tmp/checkpoint_2026-09-03_11-51-11.xlsx

======= РЕЗУЛЬТАТЫ ОПТИМИЗАЦИИ =======
Статус решателя:      MIP Optimal (gap=0.006%)
Назначено вагонов:    2673
Избыток предложения:  4549 ваг. (dummy-спрос)
  остаток по периодам предложения: p1=37 p10=4512 прочие=0
  из них в отстой (этап 2): 1354 ваг.
  из них на пути погрузки (этап 3): 3086 ваг.
Неудовл. спрос:       1546 ваг. (dummy-предложение)
Суммарная стоимость:  319331491 руб.
======================================

Результат сохранён:          tmp/result_20260903_115111.json
[SUCCESS] railoptim завершил работу успешно.
[Чт 03 сен 2026 12:13:16 MSK] Запуск: /home/atretyakov/railoptim/app/bin/railoptim (env=prod, MIP_WARM_START=on)
stations_geo: 19494 записей, data/stations/stations_geo.sqlite (baltic=671, china_mongolia=339, cis=6263, ru=11848, south_caucasus=373)
Получено узлов спроса (погрузка): 320 или 4219 вагонов
Получено узлов предложения 1 сут.:  216 или 1009 вагонов
  узлов дислокации (2-10 сут., период 10): 472 или 6476 вагонов
Получено узлов предложения всего:  688 или 7485 вагонов
  свободных для назначения:  591 или 7222 вагонов
  требуют ремонта (В ремонт):57 или 212 вагонов
  по факту (Assigned):       40 или 51 вагонов
Дороги без промывки (NoCleaningRoads): 8
Коды «уже промыт/ремонт» (WashedEmptyEtsngCodes): 2
Ban-list чужих владельцев отстоя (reserve_owners.json): 4 пар (станция+ОКПО)
Узлов спроса (промывка):     36 или мощность в период 5 суток 2795 вагонов
  предложений с ЕТСНГ из списка промывки: 269 вагонов (освобождены по NoCleaningRoads: 145; из них есть узел погрузки с тем же ЕТСНГ на любой станции — альтернатива промывке по спросу: 265 вагонов)
Получено тарифов:            30304
Загружено ремонтных станций: 102
Тарифов до ремонтных ст.:    3507
Тарифов до промывки (с надбавкой 10000+40000=50000 руб.): 1565
Ограничения ДМЗИ:            13 дорог (78 записей Ostatok)
  ВСБ  период 1 ≤    5, период 10 ≤    1 ваг.
  ГОР  период 1 ≤  345, период 10 ≤   80 ваг.
  ЗАБ  период 1 ≤   25, период 10 ≤    5 ваг.
  ЗСБ  период 1 ≤  725, период 10 ≤  154 ваг.
  КБШ  период 1 ≤ 1017, период 10 ≤  204 ваг.
  КРС  период 1 ≤    5, период 10 ≤    1 ваг.
  МСК  период 1 ≤  679, период 10 ≤  150 ваг.
  ОКТ  период 1 ≤  317, период 10 ≤   65 ваг.
  ПРВ  период 1 ≤  939, период 10 ≤  188 ваг.
  СВР  период 1 ≤  566, период 10 ≤  117 ваг.
  СЕВ  период 1 ≤   75, период 10 ≤   15 ваг.
  ЮВС  период 1 ≤ 1539, период 10 ≤  311 ваг.
  ЮУР  период 1 ≤  742, период 10 ≤  150 ваг.
БД отстоя обновлена:         получено 40 / записано 40 / без etran_id 0
Узлы отстоя (резервы):       61 узлов / ёмкость 1354 ваг. (записей в БД 190, дублей 0, отфильтровано 129, чужих по ban-list 389)
FREE_LOADROADS_STATS={"date_from": "2026-03-03", "date_to": "2026-09-03", "load_station_codes": 488, "cars_on_station_rows": 1907, "cars_total": 82287}
Свободные ёмкости путей:     77 крупных станций -> data/load_stations_free_capacity.json
Всего пар supply×demand:     210396
  без тарифа:                        29975 (14.2%)
  нарушение срока (жёстко):          0 (0.0%)
  несовм. тип вагона:                3543 (1.7%)
  грязный вагон → чужой ЕТСНГ:       25806 (12.3%)
  грязный: дальняя погрузка дороже промывки → в промывку: 495 (0.2%)
  допустимых дуг со штрафом за срок:   87570 (41.6%)
  допустимых дуг всего в LP:      150577 (71.6%)
Ограничения партии (MIN_BATCH): массовая выгрузка — 27501 дуг / 1660 пар; средние станции — 67228 дуг / 6359 пар (станций образования: 70, погрузки: 102)
  маршрутные отправки (B=10): 3122 дуг / 603 пар (станций образования: 78, маршрутных станций погрузки: 8)
--- АНАЛИЗ РЕСУРСОВ ---
Предложение: 7222 ваг.
Спрос (погрузка): 4219 ваг.
Ёмкость промывки (верх): 2795 ваг.
Статус: ПРОФИЦИТ к погрузке (+3003 ваг.)
-----------------------
--- ЖАДНОЕ РЕШЕНИЕ ---
Назначений:            703 шт.
Назначено вагонов:     2827 / 4219 спрос (погрузка), 7222 предложение
Суммарная стоимость:   147480093.02 руб.
Неудовлетворён спрос:  1616 ваг.
Избыток предложения:   4395 ваг.
Покрытие спроса (погр.): 67.0%
----------------------
MIP warm-start: ON (greedy) (управляется env MIP_WARM_START={on|off}, по умолч. on)
--- MIP РЕШЕНИЕ ---
Статус:                MIP Optimal (gap=0.010%)
Назначено вагонов:     2673 / 4219 спрос (погрузка), 7222 предложение
Суммарная стоимость:   107157722.62 руб.
Неудовлетворён спрос:  1546 ваг.
Избыток предложения:   4549 ваг.
Покрытие спроса (погр.): 63.4%
-------------------
MIP время: 76.67 сек (warm-start: ON)
MIP диагностика: status=Optimal, gap=0.0096%, undist=6095 (unmet=1546, excess=4549), real_cost=107157722.62
MIP vs greedy:   greedy undist=6011 (unmet=1616, excess=4395), real_cost=147480093.02  →  Δundist=+84, Δcost=-40322370.40
  ВНИМАНИЕ: MIP не закрыл 1546 ваг. спроса на погрузку (unmet > 0). Возможные причины:
           (а) PENALTY_UNMET ниже стоимости единственно допустимых плеч,
           (б) HiGHS остановился по rel_gap до закрытия всего спроса.
--- ДИАГНОСТИКА EXCESS SUPPLY (4549 ваг. в 217 узлах) ---
  [s_idx   69] Красная Речка | тип=БК | ЕТСНГ=— | period=1 | mass_unload=false | осталось 1 из 1 ваг.
    ПРИЧИНА: доступны только Wash-дуги (36 шт., мин. стоимость 67638 руб./ваг.). В модели Wash не имеет штрафа за незаполнение,
             а excess_supply бесплатный — отправка только увеличила бы obj, MIP корректно оставил вагоны в остатке.
  [s_idx   85] Красноярск | тип=БКТ | ЕТСНГ=421034 | period=1 | mass_unload=false | осталось 9 из 9 ваг.
    ПРИЧИНА: нет ни одной допустимой дуги (нет тарифа, несовм. тип вагона или грязный груз).
  [s_idx   87] Красноярск | тип=БК | ЕТСНГ=421034 | period=1 | mass_unload=false | осталось 8 из 8 ваг.
    ПРИЧИНА: нет ни одной допустимой дуги (нет тарифа, несовм. тип вагона или грязный груз).
  [s_idx   88] Красноярск | тип=Прочие | ЕТСНГ=421034 | period=1 | mass_unload=false | осталось 1 из 1 ваг.
    ПРИЧИНА: нет ни одной допустимой дуги (нет тарифа, несовм. тип вагона или грязный груз).
  [s_idx   89] Красноярск | тип=Т | ЕТСНГ=421034 | period=1 | mass_unload=false | осталось 2 из 2 ваг.
    ПРИЧИНА: нет ни одной допустимой дуги (нет тарифа, несовм. тип вагона или грязный груз).
  [s_idx  114] Ожерелье | тип=БКТ | ЕТСНГ=— | period=1 | mass_unload=false | осталось 3 из 3 ваг.
    ПРИЧИНА: доступны только Wash-дуги (36 шт., мин. стоимость 56022 руб./ваг.). В модели Wash не имеет штрафа за незаполнение,
             а excess_supply бесплатный — отправка только увеличила бы obj, MIP корректно оставил вагоны в остатке.
  [s_idx  137] Ейск | тип=БК | ЕТСНГ=505028 | period=1 | mass_unload=false | осталось 2 из 2 ваг.
    ПРИЧИНА: доступны только Wash-дуги (36 шт., мин. стоимость 59154 руб./ваг.). В модели Wash не имеет штрафа за незаполнение,
             а excess_supply бесплатный — отправка только увеличила бы obj, MIP корректно оставил вагоны в остатке.
  [s_idx  138] Ейск | тип=Т | ЕТСНГ=505028 | period=1 | mass_unload=false | осталось 1 из 1 ваг.
    ПРИЧИНА: доступны только Wash-дуги (36 шт., мин. стоимость 59154 руб./ваг.). В модели Wash не имеет штрафа за незаполнение,
             а excess_supply бесплатный — отправка только увеличила бы obj, MIP корректно оставил вагоны в остатке.
  [s_idx  139] Тарасовка | тип=БК | ЕТСНГ=421034 | period=1 | mass_unload=false | осталось 7 из 7 ваг.
    ПРИЧИНА: нет ни одной допустимой дуги (нет тарифа, несовм. тип вагона или грязный груз).
  [s_idx  140] Тарасовка | тип=Прочие | ЕТСНГ=421034 | period=1 | mass_unload=false | осталось 1 из 1 ваг.
    ПРИЧИНА: нет ни одной допустимой дуги (нет тарифа, несовм. тип вагона или грязный груз).
  [s_idx  141] Тарасовка | тип=БКТ | ЕТСНГ=421034 | period=1 | mass_unload=false | осталось 1 из 1 ваг.
    ПРИЧИНА: нет ни одной допустимой дуги (нет тарифа, несовм. тип вагона или грязный груз).
  [s_idx  142] Тарасовка | тип=Т | ЕТСНГ=421034 | period=1 | mass_unload=false | осталось 1 из 1 ваг.
    ПРИЧИНА: нет ни одной допустимой дуги (нет тарифа, несовм. тип вагона или грязный груз).
  [s_idx  163] Поти (Порт, Экспорт) | тип=БКТ | ЕТСНГ=018131 | period=10 | mass_unload=true | осталось 170 из 170 ваг.
    ПРИЧИНА: квота ДМЗИ исчерпана — все Load-дуги с доступным спросом идут на дороги с выбранным лимитом:
      · дорога КБШ, период 10: использовано 204 из 204 ваг.
      · дорога МСК, период 10: использовано 150 из 150 ваг.
      · дорога ПРВ, период 10: использовано 188 из 188 ваг.
      · дорога ЮВС, период 10: использовано 311 из 311 ваг.
      · дорога ЮУР, период 10: использовано 150 из 150 ваг.
  [s_idx  165] Лужская (Экспорт) | тип=БКТ | ЕТСНГ=011005 | period=10 | mass_unload=true | осталось 756 из 756 ваг.
    ПРИЧИНА: квота ДМЗИ исчерпана — все Load-дуги с доступным спросом идут на дороги с выбранным лимитом:
      · дорога КБШ, период 10: использовано 204 из 204 ваг.
      · дорога МСК, период 10: использовано 150 из 150 ваг.
      · дорога ПРВ, период 10: использовано 188 из 188 ваг.
      · дорога ЮВС, период 10: использовано 311 из 311 ваг.
      · дорога ЮУР, период 10: использовано 150 из 150 ваг.
  [s_idx  167] Новороссийск (Экспорт) | тип=БКТ | ЕТСНГ=011005 | period=10 | mass_unload=true | осталось 87 из 374 ваг.
    ПРИЧИНА: квота ДМЗИ исчерпана — все Load-дуги с доступным спросом идут на дороги с выбранным лимитом:
      · дорога КБШ, период 10: использовано 204 из 204 ваг.
      · дорога МСК, период 10: использовано 150 из 150 ваг.
      · дорога ПРВ, период 10: использовано 188 из 188 ваг.
      · дорога ЮВС, период 10: использовано 311 из 311 ваг.
      · дорога ЮУР, период 10: использовано 150 из 150 ваг.
  [s_idx  168] Блюхер (Экспорт) | тип=Т | ЕТСНГ=011005 | period=10 | mass_unload=false | осталось 3 из 3 ваг.
    ПРИЧИНА: квота ДМЗИ исчерпана — все Load-дуги с доступным спросом идут на дороги с выбранным лимитом:
      · дорога КБШ, период 10: использовано 204 из 204 ваг.
      · дорога МСК, период 10: использовано 150 из 150 ваг.
      · дорога ПРВ, период 10: использовано 188 из 188 ваг.
      · дорога ЮВС, период 10: использовано 311 из 311 ваг.
      · дорога ЮУР, период 10: использовано 150 из 150 ваг.
  [s_idx  169] Вайвара (Экспорт) | тип=Т | ЕТСНГ=018131 | period=10 | mass_unload=true | осталось 55 из 55 ваг.
    ПРИЧИНА: квота ДМЗИ исчерпана — все Load-дуги с доступным спросом идут на дороги с выбранным лимитом:
      · дорога КБШ, период 10: использовано 204 из 204 ваг.
      · дорога МСК, период 10: использовано 150 из 150 ваг.
      · дорога ПРВ, период 10: использовано 188 из 188 ваг.
      · дорога ЮВС, период 10: использовано 311 из 311 ваг.
      · дорога ЮУР, период 10: использовано 150 из 150 ваг.
  [s_idx  170] Лужская (Экспорт) | тип=БК | ЕТСНГ=011005 | period=10 | mass_unload=true | осталось 274 из 274 ваг.
    ПРИЧИНА: квота ДМЗИ исчерпана — все Load-дуги с доступным спросом идут на дороги с выбранным лимитом:
      · дорога КБШ, период 10: использовано 204 из 204 ваг.
      · дорога МСК, период 10: использовано 150 из 150 ваг.
      · дорога ПРВ, период 10: использовано 188 из 188 ваг.
      · дорога ЮВС, период 10: использовано 311 из 311 ваг.
      · дорога ЮУР, период 10: использовано 150 из 150 ваг.
  [s_idx  172] Гродеково (Экспорт на КЖД [Китай]) | тип=Т | ЕТСНГ=011005 | period=10 | mass_unload=false | осталось 1 из 1 ваг.
    ПРИЧИНА: квота ДМЗИ исчерпана — все Load-дуги с доступным спросом идут на дороги с выбранным лимитом:
      · дорога КБШ, период 10: использовано 204 из 204 ваг.
      · дорога МСК, период 10: использовано 150 из 150 ваг.
      · дорога ПРВ, период 10: использовано 188 из 188 ваг.
      · дорога ЮВС, период 10: использовано 311 из 311 ваг.
      · дорога ЮУР, период 10: использовано 150 из 150 ваг.
  [s_idx  173] Даларик | тип=БКТ | ЕТСНГ=011005 | period=10 | mass_unload=true | осталось 26 из 26 ваг.
    ПРИЧИНА: квота ДМЗИ исчерпана — все Load-дуги с доступным спросом идут на дороги с выбранным лимитом:
      · дорога КБШ, период 10: использовано 204 из 204 ваг.
      · дорога МСК, период 10: использовано 150 из 150 ваг.
      · дорога ПРВ, период 10: использовано 188 из 188 ваг.
      · дорога ЮВС, период 10: использовано 311 из 311 ваг.
      · дорога ЮУР, период 10: использовано 150 из 150 ваг.
  [s_idx  174] Койты | тип=БК | ЕТСНГ=011005 | period=10 | mass_unload=false | осталось 5 из 5 ваг.
    ПРИЧИНА: квота ДМЗИ исчерпана — все Load-дуги с доступным спросом идут на дороги с выбранным лимитом:
      · дорога КБШ, период 10: использовано 204 из 204 ваг.
      · дорога МСК, период 10: использовано 150 из 150 ваг.
      · дорога ПРВ, период 10: использовано 188 из 188 ваг.
      · дорога ЮВС, период 10: использовано 311 из 311 ваг.
      · дорога ЮУР, период 10: использовано 150 из 150 ваг.
  [s_idx  175] Блюхер (Экспорт) | тип=Т | ЕТСНГ=011005 | period=10 | mass_unload=false | осталось 6 из 6 ваг.
    ПРИЧИНА: квота ДМЗИ исчерпана — все Load-дуги с доступным спросом идут на дороги с выбранным лимитом:
      · дорога КБШ, период 10: использовано 204 из 204 ваг.
      · дорога МСК, период 10: использовано 150 из 150 ваг.
      · дорога ПРВ, период 10: использовано 188 из 188 ваг.
      · дорога ЮВС, период 10: использовано 311 из 311 ваг.
      · дорога ЮУР, период 10: использовано 150 из 150 ваг.
  [s_idx  176] Даларик | тип=БК | ЕТСНГ=011005 | period=10 | mass_unload=true | осталось 38 из 38 ваг.
    ПРИЧИНА: квота ДМЗИ исчерпана — все Load-дуги с доступным спросом идут на дороги с выбранным лимитом:
      · дорога КБШ, период 10: использовано 204 из 204 ваг.
      · дорога МСК, период 10: использовано 150 из 150 ваг.
      · дорога ПРВ, период 10: использовано 188 из 188 ваг.
      · дорога ЮВС, период 10: использовано 311 из 311 ваг.
      · дорога ЮУР, период 10: использовано 150 из 150 ваг.
  [s_idx  177] Поти (Порт, Экспорт) | тип=Т | ЕТСНГ=018131 | period=10 | mass_unload=true | осталось 50 из 50 ваг.
    ПРИЧИНА: квота ДМЗИ исчерпана — все Load-дуги с доступным спросом идут на дороги с выбранным лимитом:
      · дорога КБШ, период 10: использовано 204 из 204 ваг.
      · дорога МСК, период 10: использовано 150 из 150 ваг.
      · дорога ПРВ, период 10: использовано 188 из 188 ваг.
      · дорога ЮВС, период 10: использовано 311 из 311 ваг.
      · дорога ЮУР, период 10: использовано 150 из 150 ваг.
  [s_idx  179] Лиепая (Экспорт) | тип=БКТ | ЕТСНГ=542188 | period=10 | mass_unload=true | осталось 4 из 4 ваг.
    ПРИЧИНА: квота ДМЗИ исчерпана — все Load-дуги с доступным спросом идут на дороги с выбранным лимитом:
      · дорога КБШ, период 10: использовано 204 из 204 ваг.
      · дорога МСК, период 10: использовано 150 из 150 ваг.
      · дорога ПРВ, период 10: использовано 188 из 188 ваг.
      · дорога ЮВС, период 10: использовано 311 из 311 ваг.
      · дорога ЮУР, период 10: использовано 150 из 150 ваг.
  [s_idx  182] Янгийул | тип=БКТ | ЕТСНГ=542224 | period=10 | mass_unload=false | осталось 6 из 6 ваг.
    ПРИЧИНА: квота ДМЗИ исчерпана — все Load-дуги с доступным спросом идут на дороги с выбранным лимитом:
      · дорога КБШ, период 10: использовано 204 из 204 ваг.
      · дорога МСК, период 10: использовано 150 из 150 ваг.
      · дорога ПРВ, период 10: использовано 188 из 188 ваг.
      · дорога ЮВС, период 10: использовано 311 из 311 ваг.
      · дорога ЮУР, период 10: использовано 150 из 150 ваг.
  [s_idx  183] Лиепая (Экспорт) | тип=Т | ЕТСНГ=011005 | period=10 | mass_unload=true | осталось 116 из 116 ваг.
    ПРИЧИНА: квота ДМЗИ исчерпана — все Load-дуги с доступным спросом идут на дороги с выбранным лимитом:
      · дорога КБШ, период 10: использовано 204 из 204 ваг.
      · дорога МСК, период 10: использовано 150 из 150 ваг.
      · дорога ПРВ, период 10: использовано 188 из 188 ваг.
      · дорога ЮВС, период 10: использовано 311 из 311 ваг.
      · дорога ЮУР, период 10: использовано 150 из 150 ваг.
  [s_idx  184] Охангарон | тип=БК | ЕТСНГ=542050 | period=10 | mass_unload=false | осталось 3 из 3 ваг.
    ПРИЧИНА: квота ДМЗИ исчерпана — все Load-дуги с доступным спросом идут на дороги с выбранным лимитом:
      · дорога КБШ, период 10: использовано 204 из 204 ваг.
      · дорога МСК, период 10: использовано 150 из 150 ваг.
      · дорога ПРВ, период 10: использовано 188 из 188 ваг.
      · дорога ЮВС, период 10: использовано 311 из 311 ваг.
      · дорога ЮУР, период 10: использовано 150 из 150 ваг.
  [s_idx  185] Новый Порт (Экспорт) | тип=БКТ | ЕТСНГ=021079 | period=10 | mass_unload=true | осталось 44 из 44 ваг.
    ПРИЧИНА: квота ДМЗИ исчерпана — все Load-дуги с доступным спросом идут на дороги с выбранным лимитом:
      · дорога КБШ, период 10: использовано 204 из 204 ваг.
      · дорога МСК, период 10: использовано 150 из 150 ваг.
      · дорога ПРВ, период 10: использовано 188 из 188 ваг.
      · дорога ЮВС, период 10: использовано 311 из 311 ваг.
      · дорога ЮУР, период 10: использовано 150 из 150 ваг.
  [s_idx  186] Зарафшон | тип=БКТ | ЕТСНГ=542050 | period=10 | mass_unload=false | осталось 1 из 1 ваг.
    ПРИЧИНА: квота ДМЗИ исчерпана — все Load-дуги с доступным спросом идут на дороги с выбранным лимитом:
      · дорога КБШ, период 10: использовано 204 из 204 ваг.
      · дорога ЮВС, период 10: использовано 311 из 311 ваг.
  [s_idx  187] Ардым | тип=БК | ЕТСНГ=542224 | period=10 | mass_unload=false | осталось 3 из 3 ваг.
    ПРИЧИНА: доступны только Wash-дуги (36 шт., мин. стоимость 125153 руб./ваг.). В модели Wash не имеет штрафа за незаполнение,
             а excess_supply бесплатный — отправка только увеличила бы obj, MIP корректно оставил вагоны в остатке.
  [s_idx  188] Высоцк (Экспорт) | тип=БК | ЕТСНГ=011005 | period=10 | mass_unload=true | осталось 84 из 86 ваг.
    ПРИЧИНА: квота ДМЗИ исчерпана — все Load-дуги с доступным спросом идут на дороги с выбранным лимитом:
      · дорога КБШ, период 10: использовано 204 из 204 ваг.
      · дорога МСК, период 10: использовано 150 из 150 ваг.
      · дорога ПРВ, период 10: использовано 188 из 188 ваг.
      · дорога ЮВС, период 10: использовано 311 из 311 ваг.
      · дорога ЮУР, период 10: использовано 150 из 150 ваг.
  [s_idx  189] Лужская (Экспорт) | тип=Т | ЕТСНГ=011005 | period=10 | mass_unload=true | осталось 307 из 307 ваг.
    ПРИЧИНА: квота ДМЗИ исчерпана — все Load-дуги с доступным спросом идут на дороги с выбранным лимитом:
      · дорога КБШ, период 10: использовано 204 из 204 ваг.
      · дорога МСК, период 10: использовано 150 из 150 ваг.
      · дорога ПРВ, период 10: использовано 188 из 188 ваг.
      · дорога ЮВС, период 10: использовано 311 из 311 ваг.
      · дорога ЮУР, период 10: использовано 150 из 150 ваг.
  [s_idx  190] Ильгюциемс (Экспорт) | тип=Т | ЕТСНГ=011005 | period=10 | mass_unload=false | осталось 38 из 38 ваг.
    ПРИЧИНА: квота ДМЗИ исчерпана — все Load-дуги с доступным спросом идут на дороги с выбранным лимитом:
      · дорога КБШ, период 10: использовано 204 из 204 ваг.
      · дорога МСК, период 10: использовано 150 из 150 ваг.
      · дорога ПРВ, период 10: использовано 188 из 188 ваг.
      · дорога ЮВС, период 10: использовано 311 из 311 ваг.
      · дорога ЮУР, период 10: использовано 150 из 150 ваг.
  [s_idx  191] Лиепая (Экспорт) | тип=БК | ЕТСНГ=011005 | period=10 | mass_unload=true | осталось 107 из 107 ваг.
    ПРИЧИНА: квота ДМЗИ исчерпана — все Load-дуги с доступным спросом идут на дороги с выбранным лимитом:
      · дорога КБШ, период 10: использовано 204 из 204 ваг.
      · дорога МСК, период 10: использовано 150 из 150 ваг.
      · дорога ПРВ, период 10: использовано 188 из 188 ваг.
      · дорога ЮВС, период 10: использовано 311 из 311 ваг.
      · дорога ЮУР, период 10: использовано 150 из 150 ваг.
  [s_idx  192] Вайвара (Экспорт) | тип=БКТ | ЕТСНГ=018131 | period=10 | mass_unload=true | осталось 99 из 99 ваг.
    ПРИЧИНА: квота ДМЗИ исчерпана — все Load-дуги с доступным спросом идут на дороги с выбранным лимитом:
      · дорога КБШ, период 10: использовано 204 из 204 ваг.
      · дорога МСК, период 10: использовано 150 из 150 ваг.
      · дорога ПРВ, период 10: использовано 188 из 188 ваг.
      · дорога ЮВС, период 10: использовано 311 из 311 ваг.
      · дорога ЮУР, период 10: использовано 150 из 150 ваг.
  [s_idx  193] Новый Порт (Экспорт) | тип=БКТ | ЕТСНГ=018131 | period=10 | mass_unload=true | осталось 129 из 129 ваг.
    ПРИЧИНА: квота ДМЗИ исчерпана — все Load-дуги с доступным спросом идут на дороги с выбранным лимитом:
      · дорога КБШ, период 10: использовано 204 из 204 ваг.
      · дорога МСК, период 10: использовано 150 из 150 ваг.
      · дорога ПРВ, период 10: использовано 188 из 188 ваг.
      · дорога ЮВС, период 10: использовано 311 из 311 ваг.
      · дорога ЮУР, период 10: использовано 150 из 150 ваг.
  [s_idx  194] Новый Порт (Экспорт) | тип=БК | ЕТСНГ=018131 | period=10 | mass_unload=true | осталось 43 из 43 ваг.
    ПРИЧИНА: квота ДМЗИ исчерпана — все Load-дуги с доступным спросом идут на дороги с выбранным лимитом:
      · дорога КБШ, период 10: использовано 204 из 204 ваг.
      · дорога МСК, период 10: использовано 150 из 150 ваг.
      · дорога ПРВ, период 10: использовано 188 из 188 ваг.
      · дорога ЮВС, период 10: использовано 311 из 311 ваг.
      · дорога ЮУР, период 10: использовано 150 из 150 ваг.
  [s_idx  195] Околтин | тип=БКТ | ЕТСНГ=011005 | period=10 | mass_unload=false | осталось 33 из 33 ваг.
    ПРИЧИНА: квота ДМЗИ исчерпана — все Load-дуги с доступным спросом идут на дороги с выбранным лимитом:
      · дорога КБШ, период 10: использовано 204 из 204 ваг.
      · дорога МСК, период 10: использовано 150 из 150 ваг.
      · дорога ПРВ, период 10: использовано 188 из 188 ваг.
      · дорога ЮВС, период 10: использовано 311 из 311 ваг.
      · дорога ЮУР, период 10: использовано 150 из 150 ваг.
  [s_idx  196] Гянджа | тип=БКТ | ЕТСНГ=011005 | period=10 | mass_unload=false | осталось 4 из 4 ваг.
    ПРИЧИНА: квота ДМЗИ исчерпана — все Load-дуги с доступным спросом идут на дороги с выбранным лимитом:
      · дорога КБШ, период 10: использовано 204 из 204 ваг.
      · дорога МСК, период 10: использовано 150 из 150 ваг.
      · дорога ПРВ, период 10: использовано 188 из 188 ваг.
      · дорога ЮВС, период 10: использовано 311 из 311 ваг.
      · дорога ЮУР, период 10: использовано 150 из 150 ваг.
  [s_idx  197] Высоцк (Экспорт) | тип=БКТ | ЕТСНГ=011005 | period=10 | mass_unload=true | осталось 302 из 303 ваг.
    ПРИЧИНА: квота ДМЗИ исчерпана — все Load-дуги с доступным спросом идут на дороги с выбранным лимитом:
      · дорога КБШ, период 10: использовано 204 из 204 ваг.
      · дорога МСК, период 10: использовано 150 из 150 ваг.
      · дорога ПРВ, период 10: использовано 188 из 188 ваг.
      · дорога ЮВС, период 10: использовано 311 из 311 ваг.
      · дорога ЮУР, период 10: использовано 150 из 150 ваг.
  [s_idx  199] Охангарон | тип=БКТ | ЕТСНГ=542050 | period=10 | mass_unload=false | осталось 22 из 22 ваг.
    ПРИЧИНА: квота ДМЗИ исчерпана — все Load-дуги с доступным спросом идут на дороги с выбранным лимитом:
      · дорога КБШ, период 10: использовано 204 из 204 ваг.
      · дорога МСК, период 10: использовано 150 из 150 ваг.
      · дорога ПРВ, период 10: использовано 188 из 188 ваг.
      · дорога ЮВС, период 10: использовано 311 из 311 ваг.
      · дорога ЮУР, период 10: использовано 150 из 150 ваг.
  [s_idx  200] Парнас | тип=БКТ | ЕТСНГ=018112 | period=10 | mass_unload=false | осталось 16 из 16 ваг.
    ПРИЧИНА: квота ДМЗИ исчерпана — все Load-дуги с доступным спросом идут на дороги с выбранным лимитом:
      · дорога КБШ, период 10: использовано 204 из 204 ваг.
      · дорога МСК, период 10: использовано 150 из 150 ваг.
      · дорога ПРВ, период 10: использовано 188 из 188 ваг.
      · дорога ЮВС, период 10: использовано 311 из 311 ваг.
      · дорога ЮУР, период 10: использовано 150 из 150 ваг.
  [s_idx  201] Лиепая (Экспорт) | тип=БКТ | ЕТСНГ=011005 | period=10 | mass_unload=true | осталось 266 из 266 ваг.
    ПРИЧИНА: квота ДМЗИ исчерпана — все Load-дуги с доступным спросом идут на дороги с выбранным лимитом:
      · дорога КБШ, период 10: использовано 204 из 204 ваг.
      · дорога МСК, период 10: использовано 150 из 150 ваг.
      · дорога ПРВ, период 10: использовано 188 из 188 ваг.
      · дорога ЮВС, период 10: использовано 311 из 311 ваг.
      · дорога ЮУР, период 10: использовано 150 из 150 ваг.
  [s_idx  203] Высоцк (Экспорт) | тип=Т | ЕТСНГ=011005 | period=10 | mass_unload=true | осталось 137 из 138 ваг.
    ПРИЧИНА: квота ДМЗИ исчерпана — все Load-дуги с доступным спросом идут на дороги с выбранным лимитом:
      · дорога КБШ, период 10: использовано 204 из 204 ваг.
      · дорога МСК, период 10: использовано 150 из 150 ваг.
      · дорога ПРВ, период 10: использовано 188 из 188 ваг.
      · дорога ЮВС, период 10: использовано 311 из 311 ваг.
      · дорога ЮУР, период 10: использовано 150 из 150 ваг.
  [s_idx  204] Околтин | тип=Т | ЕТСНГ=011005 | period=10 | mass_unload=false | осталось 6 из 6 ваг.
    ПРИЧИНА: квота ДМЗИ исчерпана — все Load-дуги с доступным спросом идут на дороги с выбранным лимитом:
      · дорога КБШ, период 10: использовано 204 из 204 ваг.
      · дорога МСК, период 10: использовано 150 из 150 ваг.
      · дорога ПРВ, период 10: использовано 188 из 188 ваг.
      · дорога ЮВС, период 10: использовано 311 из 311 ваг.
      · дорога ЮУР, период 10: использовано 150 из 150 ваг.
  [s_idx  207] Туапсе-Сортировочная (Экспорт) | тип=Т | ЕТСНГ=505028 | period=10 | mass_unload=false | осталось 13 из 13 ваг.
    ПРИЧИНА: доступны только Wash-дуги (36 шт., мин. стоимость 122610 руб./ваг.). В модели Wash не имеет штрафа за незаполнение,
             а excess_supply бесплатный — отправка только увеличила бы obj, MIP корректно оставил вагоны в остатке.
  [s_idx  210] Новый Порт (Экспорт) | тип=Т | ЕТСНГ=018131 | period=10 | mass_unload=true | осталось 76 из 76 ваг.
    ПРИЧИНА: квота ДМЗИ исчерпана — все Load-дуги с доступным спросом идут на дороги с выбранным лимитом:
      · дорога КБШ, период 10: использовано 204 из 204 ваг.
      · дорога МСК, период 10: использовано 150 из 150 ваг.
      · дорога ПРВ, период 10: использовано 188 из 188 ваг.
      · дорога ЮВС, период 10: использовано 311 из 311 ваг.
      · дорога ЮУР, период 10: использовано 150 из 150 ваг.
  [s_idx  211] Криеву Сала (Экспорт) | тип=БКТ | ЕТСНГ=011005 | period=10 | mass_unload=false | осталось 37 из 37 ваг.
    ПРИЧИНА: квота ДМЗИ исчерпана — все Load-дуги с доступным спросом идут на дороги с выбранным лимитом:
      · дорога КБШ, период 10: использовано 204 из 204 ваг.
      · дорога МСК, период 10: использовано 150 из 150 ваг.
      · дорога ПРВ, период 10: использовано 188 из 188 ваг.
      · дорога ЮВС, период 10: использовано 311 из 311 ваг.
      · дорога ЮУР, период 10: использовано 150 из 150 ваг.
  [s_idx  215] Парнас | тип=Т | ЕТСНГ=018112 | period=10 | mass_unload=false | осталось 8 из 8 ваг.
    ПРИЧИНА: квота ДМЗИ исчерпана — все Load-дуги с доступным спросом идут на дороги с выбранным лимитом:
      · дорога КБШ, период 10: использовано 204 из 204 ваг.
      · дорога МСК, период 10: использовано 150 из 150 ваг.
      · дорога ПРВ, период 10: использовано 188 из 188 ваг.
      · дорога ЮВС, период 10: использовано 311 из 311 ваг.
      · дорога ЮУР, период 10: использовано 150 из 150 ваг.
  [s_idx  216] Ильгюциемс (Экспорт) | тип=БКТ | ЕТСНГ=011005 | period=10 | mass_unload=false | осталось 10 из 61 ваг.
    ПРИЧИНА: квота ДМЗИ исчерпана — все Load-дуги с доступным спросом идут на дороги с выбранным лимитом:
      · дорога КБШ, период 10: использовано 204 из 204 ваг.
      · дорога МСК, период 10: использовано 150 из 150 ваг.
      · дорога ПРВ, период 10: использовано 188 из 188 ваг.
      · дорога ЮВС, период 10: использовано 311 из 311 ваг.
      · дорога ЮУР, период 10: использовано 150 из 150 ваг.
  [s_idx  217] Новороссийск (Экспорт) | тип=Т | ЕТСНГ=011005 | period=10 | mass_unload=true | осталось 117 из 168 ваг.
    ПРИЧИНА: квота ДМЗИ исчерпана — все Load-дуги с доступным спросом идут на дороги с выбранным лимитом:
      · дорога КБШ, период 10: использовано 204 из 204 ваг.
      · дорога МСК, период 10: использовано 150 из 150 ваг.
      · дорога ПРВ, период 10: использовано 188 из 188 ваг.
      · дорога ЮВС, период 10: использовано 311 из 311 ваг.
      · дорога ЮУР, период 10: использовано 150 из 150 ваг.
  [s_idx  219] Лужская | тип=Т | ЕТСНГ=018023 | period=10 | mass_unload=false | осталось 16 из 16 ваг.
    ПРИЧИНА: квота ДМЗИ исчерпана — все Load-дуги с доступным спросом идут на дороги с выбранным лимитом:
      · дорога КБШ, период 10: использовано 204 из 204 ваг.
      · дорога МСК, период 10: использовано 150 из 150 ваг.
      · дорога ПРВ, период 10: использовано 188 из 188 ваг.
      · дорога ЮВС, период 10: использовано 311 из 311 ваг.
      · дорога ЮУР, период 10: использовано 150 из 150 ваг.
  [s_idx  221] Сангачалы | тип=БКТ | ЕТСНГ=011005 | period=10 | mass_unload=false | осталось 14 из 14 ваг.
    ПРИЧИНА: квота ДМЗИ исчерпана — все Load-дуги с доступным спросом идут на дороги с выбранным лимитом:
      · дорога КБШ, период 10: использовано 204 из 204 ваг.
      · дорога МСК, период 10: использовано 150 из 150 ваг.
      · дорога ПРВ, период 10: использовано 188 из 188 ваг.
      · дорога ЮВС, период 10: использовано 311 из 311 ваг.
      · дорога ЮУР, период 10: использовано 150 из 150 ваг.
  [s_idx  222] Рыбинск-Товарный | тип=БКТ | ЕТСНГ=542224 | period=10 | mass_unload=false | осталось 1 из 1 ваг.
    ПРИЧИНА: доступны только Wash-дуги (36 шт., мин. стоимость 124247 руб./ваг.). В модели Wash не имеет штрафа за незаполнение,
             а excess_supply бесплатный — отправка только увеличила бы obj, MIP корректно оставил вагоны в остатке.
  [s_idx  223] Выселки | тип=БКТ | ЕТСНГ=542224 | period=10 | mass_unload=false | осталось 8 из 8 ваг.
    ПРИЧИНА: доступны только Wash-дуги (36 шт., мин. стоимость 87719 руб./ваг.). В модели Wash не имеет штрафа за незаполнение,
             а excess_supply бесплатный — отправка только увеличила бы obj, MIP корректно оставил вагоны в остатке.
  [s_idx  225] Сумгаит | тип=БКТ | ЕТСНГ=011005 | period=10 | mass_unload=false | осталось 9 из 28 ваг.
    ПРИЧИНА: квота ДМЗИ исчерпана — все Load-дуги с доступным спросом идут на дороги с выбранным лимитом:
      · дорога КБШ, период 10: использовано 204 из 204 ваг.
      · дорога МСК, период 10: использовано 150 из 150 ваг.
      · дорога ПРВ, период 10: использовано 188 из 188 ваг.
      · дорога ЮВС, период 10: использовано 311 из 311 ваг.
      · дорога ЮУР, период 10: использовано 150 из 150 ваг.
  [s_idx  226] Невдубстрой | тип=БКТ | ЕТСНГ=011005 | period=10 | mass_unload=true | осталось 32 из 33 ваг.
    ПРИЧИНА: квота ДМЗИ исчерпана — все Load-дуги с доступным спросом идут на дороги с выбранным лимитом:
      · дорога КБШ, период 10: использовано 204 из 204 ваг.
      · дорога МСК, период 10: использовано 150 из 150 ваг.
      · дорога ПРВ, период 10: использовано 188 из 188 ваг.
      · дорога ЮВС, период 10: использовано 311 из 311 ваг.
      · дорога ЮУР, период 10: использовано 150 из 150 ваг.
  [s_idx  231] Невдубстрой | тип=Т | ЕТСНГ=011005 | period=10 | mass_unload=true | осталось 14 из 14 ваг.
    ПРИЧИНА: квота ДМЗИ исчерпана — все Load-дуги с доступным спросом идут на дороги с выбранным лимитом:
      · дорога КБШ, период 10: использовано 204 из 204 ваг.
      · дорога МСК, период 10: использовано 150 из 150 ваг.
      · дорога ПРВ, период 10: использовано 188 из 188 ваг.
      · дорога ЮВС, период 10: использовано 311 из 311 ваг.
      · дорога ЮУР, период 10: использовано 150 из 150 ваг.
  [s_idx  233] Денов | тип=БК | ЕТСНГ=011005 | period=10 | mass_unload=false | осталось 27 из 27 ваг.
    ПРИЧИНА: нет ни одной допустимой дуги (нет тарифа, несовм. тип вагона или грязный груз).
  [s_idx  236] Невдубстрой | тип=БК | ЕТСНГ=015006 | period=10 | mass_unload=true | осталось 9 из 9 ваг.
    ПРИЧИНА: квота ДМЗИ исчерпана — все Load-дуги с доступным спросом идут на дороги с выбранным лимитом:
      · дорога КБШ, период 10: использовано 204 из 204 ваг.
      · дорога МСК, период 10: использовано 150 из 150 ваг.
      · дорога ПРВ, период 10: использовано 188 из 188 ваг.
      · дорога ЮВС, период 10: использовано 311 из 311 ваг.
      · дорога ЮУР, период 10: использовано 150 из 150 ваг.
  [s_idx  237] Капчагай | тип=БК | ЕТСНГ=011005 | period=10 | mass_unload=true | осталось 24 из 26 ваг.
    ПРИЧИНА: квота ДМЗИ исчерпана — все Load-дуги с доступным спросом идут на дороги с выбранным лимитом:
      · дорога КБШ, период 10: использовано 204 из 204 ваг.
      · дорога МСК, период 10: использовано 150 из 150 ваг.
      · дорога ПРВ, период 10: использовано 188 из 188 ваг.
      · дорога ЮВС, период 10: использовано 311 из 311 ваг.
      · дорога ЮУР, период 10: использовано 150 из 150 ваг.
  [s_idx  238] Поти (Порт, Экспорт) | тип=БК | ЕТСНГ=018131 | period=10 | mass_unload=true | осталось 68 из 68 ваг.
    ПРИЧИНА: квота ДМЗИ исчерпана — все Load-дуги с доступным спросом идут на дороги с выбранным лимитом:
      · дорога КБШ, период 10: использовано 204 из 204 ваг.
      · дорога МСК, период 10: использовано 150 из 150 ваг.
      · дорога ПРВ, период 10: использовано 188 из 188 ваг.
      · дорога ЮВС, период 10: использовано 311 из 311 ваг.
      · дорога ЮУР, период 10: использовано 150 из 150 ваг.
  [s_idx  240] Хырдалан | тип=БК | ЕТСНГ=011005 | period=10 | mass_unload=false | осталось 1 из 1 ваг.
    ПРИЧИНА: квота ДМЗИ исчерпана — все Load-дуги с доступным спросом идут на дороги с выбранным лимитом:
      · дорога КБШ, период 10: использовано 204 из 204 ваг.
      · дорога МСК, период 10: использовано 150 из 150 ваг.
      · дорога ПРВ, период 10: использовано 188 из 188 ваг.
      · дорога ЮВС, период 10: использовано 311 из 311 ваг.
      · дорога ЮУР, период 10: использовано 150 из 150 ваг.
  [s_idx  241] Лужская | тип=БКТ | ЕТСНГ=018023 | period=10 | mass_unload=false | осталось 20 из 20 ваг.
    ПРИЧИНА: квота ДМЗИ исчерпана — все Load-дуги с доступным спросом идут на дороги с выбранным лимитом:
      · дорога КБШ, период 10: использовано 204 из 204 ваг.
      · дорога МСК, период 10: использовано 150 из 150 ваг.
      · дорога ПРВ, период 10: использовано 188 из 188 ваг.
      · дорога ЮВС, период 10: использовано 311 из 311 ваг.
      · дорога ЮУР, период 10: использовано 150 из 150 ваг.
  [s_idx  242] Байсерке | тип=БКТ | ЕТСНГ=011005 | period=10 | mass_unload=true | осталось 3 из 68 ваг.
    ПРИЧИНА: квота ДМЗИ исчерпана — все Load-дуги с доступным спросом идут на дороги с выбранным лимитом:
      · дорога КБШ, период 10: использовано 204 из 204 ваг.
      · дорога МСК, период 10: использовано 150 из 150 ваг.
      · дорога ПРВ, период 10: использовано 188 из 188 ваг.
      · дорога ЮВС, период 10: использовано 311 из 311 ваг.
      · дорога ЮУР, период 10: использовано 150 из 150 ваг.
  [s_idx  244] Блюхер (Экспорт) | тип=БК | ЕТСНГ=018038 | period=10 | mass_unload=false | осталось 4 из 4 ваг.
    ПРИЧИНА: квота ДМЗИ исчерпана — все Load-дуги с доступным спросом идут на дороги с выбранным лимитом:
      · дорога КБШ, период 10: использовано 204 из 204 ваг.
      · дорога МСК, период 10: использовано 150 из 150 ваг.
      · дорога ПРВ, период 10: использовано 188 из 188 ваг.
      · дорога ЮВС, период 10: использовано 311 из 311 ваг.
      · дорога ЮУР, период 10: использовано 150 из 150 ваг.
  [s_idx  248] Вайвара (Экспорт) | тип=БК | ЕТСНГ=018131 | period=10 | mass_unload=true | осталось 29 из 29 ваг.
    ПРИЧИНА: квота ДМЗИ исчерпана — все Load-дуги с доступным спросом идут на дороги с выбранным лимитом:
      · дорога КБШ, период 10: использовано 204 из 204 ваг.
      · дорога МСК, период 10: использовано 150 из 150 ваг.
      · дорога ПРВ, период 10: использовано 188 из 188 ваг.
      · дорога ЮВС, период 10: использовано 311 из 311 ваг.
      · дорога ЮУР, период 10: использовано 150 из 150 ваг.
  [s_idx  251] Туапсе-Сортировочная (Экспорт) | тип=БКТ | ЕТСНГ=505028 | period=10 | mass_unload=false | осталось 21 из 21 ваг.
    ПРИЧИНА: доступны только Wash-дуги (36 шт., мин. стоимость 122610 руб./ваг.). В модели Wash не имеет штрафа за незаполнение,
             а excess_supply бесплатный — отправка только увеличила бы obj, MIP корректно оставил вагоны в остатке.
  [s_idx  253] Туапсе-Сортировочная (Экспорт) | тип=БК | ЕТСНГ=505028 | period=10 | mass_unload=false | осталось 9 из 9 ваг.
    ПРИЧИНА: доступны только Wash-дуги (36 шт., мин. стоимость 122610 руб./ваг.). В модели Wash не имеет штрафа за незаполнение,
             а excess_supply бесплатный — отправка только увеличила бы obj, MIP корректно оставил вагоны в остатке.
  [s_idx  254] Криеву Сала (Экспорт) | тип=Т | ЕТСНГ=011005 | period=10 | mass_unload=false | осталось 22 из 46 ваг.
    ПРИЧИНА: квота ДМЗИ исчерпана — все Load-дуги с доступным спросом идут на дороги с выбранным лимитом:
      · дорога КБШ, период 10: использовано 204 из 204 ваг.
      · дорога МСК, период 10: использовано 150 из 150 ваг.
      · дорога ПРВ, период 10: использовано 188 из 188 ваг.
      · дорога ЮВС, период 10: использовано 311 из 311 ваг.
      · дорога ЮУР, период 10: использовано 150 из 150 ваг.
  [s_idx  255] Аламедин | тип=БКТ | ЕТСНГ=011005 | period=10 | mass_unload=false | осталось 5 из 5 ваг.
    ПРИЧИНА: квота ДМЗИ исчерпана — все Load-дуги с доступным спросом идут на дороги с выбранным лимитом:
      · дорога КБШ, период 10: использовано 204 из 204 ваг.
      · дорога МСК, период 10: использовано 150 из 150 ваг.
      · дорога ПРВ, период 10: использовано 188 из 188 ваг.
      · дорога ЮВС, период 10: использовано 311 из 311 ваг.
      · дорога ЮУР, период 10: использовано 150 из 150 ваг.
  [s_idx  256] Денов | тип=БКТ | ЕТСНГ=011005 | period=10 | mass_unload=false | осталось 47 из 47 ваг.
    ПРИЧИНА: нет ни одной допустимой дуги (нет тарифа, несовм. тип вагона или грязный груз).
  [s_idx  259] Янгийул | тип=БКТ | ЕТСНГ=542050 | period=10 | mass_unload=false | осталось 21 из 21 ваг.
    ПРИЧИНА: квота ДМЗИ исчерпана — все Load-дуги с доступным спросом идут на дороги с выбранным лимитом:
      · дорога КБШ, период 10: использовано 204 из 204 ваг.
      · дорога МСК, период 10: использовано 150 из 150 ваг.
      · дорога ПРВ, период 10: использовано 188 из 188 ваг.
      · дорога ЮВС, период 10: использовано 311 из 311 ваг.
      · дорога ЮУР, период 10: использовано 150 из 150 ваг.
  [s_idx  261] Астара (Экспорт) | тип=БКТ | ЕТСНГ=014003 | period=10 | mass_unload=false | осталось 3 из 3 ваг.
    ПРИЧИНА: квота ДМЗИ исчерпана — все Load-дуги с доступным спросом идут на дороги с выбранным лимитом:
      · дорога КБШ, период 10: использовано 204 из 204 ваг.
      · дорога МСК, период 10: использовано 150 из 150 ваг.
      · дорога ПРВ, период 10: использовано 188 из 188 ваг.
      · дорога ЮВС, период 10: использовано 311 из 311 ваг.
      · дорога ЮУР, период 10: использовано 150 из 150 ваг.
  [s_idx  266] Парнас | тип=БК | ЕТСНГ=018112 | period=10 | mass_unload=false | осталось 2 из 2 ваг.
    ПРИЧИНА: квота ДМЗИ исчерпана — все Load-дуги с доступным спросом идут на дороги с выбранным лимитом:
      · дорога КБШ, период 10: использовано 204 из 204 ваг.
      · дорога МСК, период 10: использовано 150 из 150 ваг.
      · дорога ПРВ, период 10: использовано 188 из 188 ваг.
      · дорога ЮВС, период 10: использовано 311 из 311 ваг.
      · дорога ЮУР, период 10: использовано 150 из 150 ваг.
  [s_idx  274] Забайкальск (Экспорт на КЖД [Китай]) | тип=Т | ЕТСНГ=014003 | period=10 | mass_unload=false | осталось 3 из 3 ваг.
    ПРИЧИНА: квота ДМЗИ исчерпана — все Load-дуги с доступным спросом идут на дороги с выбранным лимитом:
      · дорога КБШ, период 10: использовано 204 из 204 ваг.
      · дорога МСК, период 10: использовано 150 из 150 ваг.
      · дорога ПРВ, период 10: использовано 188 из 188 ваг.
      · дорога ЮВС, период 10: использовано 311 из 311 ваг.
      · дорога ЮУР, период 10: использовано 150 из 150 ваг.
  [s_idx  275] Почеп | тип=БКТ | ЕТСНГ=542224 | period=10 | mass_unload=false | осталось 6 из 6 ваг.
    ПРИЧИНА: доступны только Wash-дуги (36 шт., мин. стоимость 85949 руб./ваг.). В модели Wash не имеет штрафа за незаполнение,
             а excess_supply бесплатный — отправка только увеличила бы obj, MIP корректно оставил вагоны в остатке.
  [s_idx  276] Капчагай | тип=Т | ЕТСНГ=011005 | period=10 | mass_unload=true | осталось 11 из 19 ваг.
    ПРИЧИНА: квота ДМЗИ исчерпана — все Load-дуги с доступным спросом идут на дороги с выбранным лимитом:
      · дорога КБШ, период 10: использовано 204 из 204 ваг.
      · дорога МСК, период 10: использовано 150 из 150 ваг.
      · дорога ПРВ, период 10: использовано 188 из 188 ваг.
      · дорога ЮВС, период 10: использовано 311 из 311 ваг.
      · дорога ЮУР, период 10: использовано 150 из 150 ваг.
  [s_idx  277] Капчагай | тип=БКТ | ЕТСНГ=011005 | period=10 | mass_unload=true | осталось 28 из 30 ваг.
    ПРИЧИНА: квота ДМЗИ исчерпана — все Load-дуги с доступным спросом идут на дороги с выбранным лимитом:
      · дорога КБШ, период 10: использовано 204 из 204 ваг.
      · дорога МСК, период 10: использовано 150 из 150 ваг.
      · дорога ПРВ, период 10: использовано 188 из 188 ваг.
      · дорога ЮВС, период 10: использовано 311 из 311 ваг.
      · дорога ЮУР, период 10: использовано 150 из 150 ваг.
  [s_idx  278] Блюхер (Экспорт) | тип=БКТ | ЕТСНГ=011005 | period=10 | mass_unload=false | осталось 13 из 13 ваг.
    ПРИЧИНА: квота ДМЗИ исчерпана — все Load-дуги с доступным спросом идут на дороги с выбранным лимитом:
      · дорога КБШ, период 10: использовано 204 из 204 ваг.
      · дорога МСК, период 10: использовано 150 из 150 ваг.
      · дорога ПРВ, период 10: использовано 188 из 188 ваг.
      · дорога ЮВС, период 10: использовано 311 из 311 ваг.
      · дорога ЮУР, период 10: использовано 150 из 150 ваг.
  [s_idx  280] Ардым | тип=БКТ | ЕТСНГ=542224 | period=10 | mass_unload=false | осталось 9 из 9 ваг.
    ПРИЧИНА: доступны только Wash-дуги (36 шт., мин. стоимость 125153 руб./ваг.). В модели Wash не имеет штрафа за незаполнение,
             а excess_supply бесплатный — отправка только увеличила бы obj, MIP корректно оставил вагоны в остатке.
  [s_idx  281] Кара-Балта | тип=БКТ | ЕТСНГ=014003 | period=10 | mass_unload=false | осталось 6 из 6 ваг.
    ПРИЧИНА: квота ДМЗИ исчерпана — все Load-дуги с доступным спросом идут на дороги с выбранным лимитом:
      · дорога КБШ, период 10: использовано 204 из 204 ваг.
      · дорога МСК, период 10: использовано 150 из 150 ваг.
      · дорога ПРВ, период 10: использовано 188 из 188 ваг.
      · дорога ЮВС, период 10: использовано 311 из 311 ваг.
      · дорога ЮУР, период 10: использовано 150 из 150 ваг.
  [s_idx  282] Новый Порт (Экспорт) | тип=БК | ЕТСНГ=542296 | period=10 | mass_unload=true | осталось 4 из 4 ваг.
    ПРИЧИНА: доступны только Wash-дуги (36 шт., мин. стоимость 113205 руб./ваг.). В модели Wash не имеет штрафа за незаполнение,
             а excess_supply бесплатный — отправка только увеличила бы obj, MIP корректно оставил вагоны в остатке.
  [s_idx  284] Лиепая (Экспорт) | тип=БКТ | ЕТСНГ=014003 | period=10 | mass_unload=true | осталось 2 из 4 ваг.
    ПРИЧИНА: квота ДМЗИ исчерпана — все Load-дуги с доступным спросом идут на дороги с выбранным лимитом:
      · дорога КБШ, период 10: использовано 204 из 204 ваг.
      · дорога МСК, период 10: использовано 150 из 150 ваг.
      · дорога ПРВ, период 10: использовано 188 из 188 ваг.
      · дорога ЮВС, период 10: использовано 311 из 311 ваг.
      · дорога ЮУР, период 10: использовано 150 из 150 ваг.
  [s_idx  289] Готня | тип=БКТ | ЕТСНГ=542239 | period=10 | mass_unload=false | осталось 3 из 13 ваг.
    ПРИЧИНА: доступны только Wash-дуги (36 шт., мин. стоимость 158366 руб./ваг.). В модели Wash не имеет штрафа за незаполнение,
             а excess_supply бесплатный — отправка только увеличила бы obj, MIP корректно оставил вагоны в остатке.
  [s_idx  294] Волосово | тип=БКТ | ЕТСНГ=421195 | period=10 | mass_unload=false | осталось 4 из 4 ваг.
    ПРИЧИНА: квота ДМЗИ исчерпана — все Load-дуги с доступным спросом идут на дороги с выбранным лимитом:
      · дорога КБШ, период 10: использовано 204 из 204 ваг.
      · дорога МСК, период 10: использовано 150 из 150 ваг.
      · дорога ПРВ, период 10: использовано 188 из 188 ваг.
      · дорога ЮВС, период 10: использовано 311 из 311 ваг.
      · дорога ЮУР, период 10: использовано 150 из 150 ваг.
  [s_idx  296] Санкт-Петербург-Товарный-Московский | тип=БКТ | ЕТСНГ=012008 | period=10 | mass_unload=false | осталось 1 из 1 ваг.
    ПРИЧИНА: квота ДМЗИ исчерпана — все Load-дуги с доступным спросом идут на дороги с выбранным лимитом:
      · дорога КБШ, период 10: использовано 204 из 204 ваг.
      · дорога МСК, период 10: использовано 150 из 150 ваг.
      · дорога ПРВ, период 10: использовано 188 из 188 ваг.
      · дорога ЮВС, период 10: использовано 311 из 311 ваг.
      · дорога ЮУР, период 10: использовано 150 из 150 ваг.
  [s_idx  298] Забайкальск (Экспорт на КЖД [Китай]) | тип=БКТ | ЕТСНГ=014003 | period=10 | mass_unload=false | осталось 3 из 3 ваг.
    ПРИЧИНА: квота ДМЗИ исчерпана — все Load-дуги с доступным спросом идут на дороги с выбранным лимитом:
      · дорога КБШ, период 10: использовано 204 из 204 ваг.
      · дорога МСК, период 10: использовано 150 из 150 ваг.
      · дорога ПРВ, период 10: использовано 188 из 188 ваг.
      · дорога ЮВС, период 10: использовано 311 из 311 ваг.
      · дорога ЮУР, период 10: использовано 150 из 150 ваг.
  [s_idx  306] Лиепая (Экспорт) | тип=БК | ЕТСНГ=542239 | period=10 | mass_unload=true | осталось 4 из 4 ваг.
    ПРИЧИНА: квота ДМЗИ исчерпана — все Load-дуги с доступным спросом идут на дороги с выбранным лимитом:
      · дорога КБШ, период 10: использовано 204 из 204 ваг.
      · дорога МСК, период 10: использовано 150 из 150 ваг.
      · дорога ПРВ, период 10: использовано 188 из 188 ваг.
      · дорога ЮВС, период 10: использовано 311 из 311 ваг.
      · дорога ЮУР, период 10: использовано 150 из 150 ваг.
  [s_idx  308] Невдубстрой | тип=БКТ | ЕТСНГ=021100 | period=10 | mass_unload=true | осталось 14 из 15 ваг.
    ПРИЧИНА: квота ДМЗИ исчерпана — все Load-дуги с доступным спросом идут на дороги с выбранным лимитом:
      · дорога КБШ, период 10: использовано 204 из 204 ваг.
      · дорога МСК, период 10: использовано 150 из 150 ваг.
      · дорога ПРВ, период 10: использовано 188 из 188 ваг.
      · дорога ЮВС, период 10: использовано 311 из 311 ваг.
      · дорога ЮУР, период 10: использовано 150 из 150 ваг.
  [s_idx  309] Асака | тип=БКТ | ЕТСНГ=542050 | period=10 | mass_unload=false | осталось 2 из 2 ваг.
    ПРИЧИНА: квота ДМЗИ исчерпана — все Load-дуги с доступным спросом идут на дороги с выбранным лимитом:
      · дорога КБШ, период 10: использовано 204 из 204 ваг.
      · дорога МСК, период 10: использовано 150 из 150 ваг.
      · дорога ПРВ, период 10: использовано 188 из 188 ваг.
      · дорога ЮВС, период 10: использовано 311 из 311 ваг.
      · дорога ЮУР, период 10: использовано 150 из 150 ваг.
  [s_idx  314] Ереван | тип=БКТ | ЕТСНГ=014003 | period=10 | mass_unload=false | осталось 32 из 32 ваг.
    ПРИЧИНА: квота ДМЗИ исчерпана — все Load-дуги с доступным спросом идут на дороги с выбранным лимитом:
      · дорога КБШ, период 10: использовано 204 из 204 ваг.
      · дорога МСК, период 10: использовано 150 из 150 ваг.
      · дорога ПРВ, период 10: использовано 188 из 188 ваг.
      · дорога ЮВС, период 10: использовано 311 из 311 ваг.
      · дорога ЮУР, период 10: использовано 150 из 150 ваг.
  [s_idx  316] Новый Порт (Экспорт) | тип=БК | ЕТСНГ=021079 | period=10 | mass_unload=true | осталось 29 из 29 ваг.
    ПРИЧИНА: квота ДМЗИ исчерпана — все Load-дуги с доступным спросом идут на дороги с выбранным лимитом:
      · дорога КБШ, период 10: использовано 204 из 204 ваг.
      · дорога МСК, период 10: использовано 150 из 150 ваг.
      · дорога ПРВ, период 10: использовано 188 из 188 ваг.
      · дорога ЮВС, период 10: использовано 311 из 311 ваг.
      · дорога ЮУР, период 10: использовано 150 из 150 ваг.
  [s_idx  321] Сумгаит | тип=Т | ЕТСНГ=011005 | period=10 | mass_unload=false | осталось 11 из 11 ваг.
    ПРИЧИНА: квота ДМЗИ исчерпана — все Load-дуги с доступным спросом идут на дороги с выбранным лимитом:
      · дорога КБШ, период 10: использовано 204 из 204 ваг.
      · дорога МСК, период 10: использовано 150 из 150 ваг.
      · дорога ПРВ, период 10: использовано 188 из 188 ваг.
      · дорога ЮВС, период 10: использовано 311 из 311 ваг.
      · дорога ЮУР, период 10: использовано 150 из 150 ваг.
  [s_idx  322] Селикса | тип=БКТ | ЕТСНГ=542224 | period=10 | mass_unload=false | осталось 14 из 14 ваг.
    ПРИЧИНА: доступны только Wash-дуги (36 шт., мин. стоимость 125187 руб./ваг.). В модели Wash не имеет штрафа за незаполнение,
             а excess_supply бесплатный — отправка только увеличила бы obj, MIP корректно оставил вагоны в остатке.
  [s_idx  323] Кара-Балта | тип=БК | ЕТСНГ=014003 | period=10 | mass_unload=false | осталось 4 из 4 ваг.
    ПРИЧИНА: квота ДМЗИ исчерпана — все Load-дуги с доступным спросом идут на дороги с выбранным лимитом:
      · дорога КБШ, период 10: использовано 204 из 204 ваг.
      · дорога МСК, период 10: использовано 150 из 150 ваг.
      · дорога ПРВ, период 10: использовано 188 из 188 ваг.
      · дорога ЮВС, период 10: использовано 311 из 311 ваг.
      · дорога ЮУР, период 10: использовано 150 из 150 ваг.
  [s_idx  326] Невдубстрой | тип=БК | ЕТСНГ=011005 | period=10 | mass_unload=true | осталось 13 из 14 ваг.
    ПРИЧИНА: квота ДМЗИ исчерпана — все Load-дуги с доступным спросом идут на дороги с выбранным лимитом:
      · дорога КБШ, период 10: использовано 204 из 204 ваг.
      · дорога МСК, период 10: использовано 150 из 150 ваг.
      · дорога ПРВ, период 10: использовано 188 из 188 ваг.
      · дорога ЮВС, период 10: использовано 311 из 311 ваг.
      · дорога ЮУР, период 10: использовано 150 из 150 ваг.
  [s_idx  327] Гродеково (Экспорт на КЖД [Китай]) | тип=БК | ЕТСНГ=015006 | period=10 | mass_unload=false | осталось 5 из 5 ваг.
    ПРИЧИНА: квота ДМЗИ исчерпана — все Load-дуги с доступным спросом идут на дороги с выбранным лимитом:
      · дорога КБШ, период 10: использовано 204 из 204 ваг.
      · дорога МСК, период 10: использовано 150 из 150 ваг.
      · дорога ПРВ, период 10: использовано 188 из 188 ваг.
      · дорога ЮВС, период 10: использовано 311 из 311 ваг.
      · дорога ЮУР, период 10: использовано 150 из 150 ваг.
  [s_idx  328] Шопоков | тип=БК | ЕТСНГ=011005 | period=10 | mass_unload=false | осталось 2 из 2 ваг.
    ПРИЧИНА: квота ДМЗИ исчерпана — все Load-дуги с доступным спросом идут на дороги с выбранным лимитом:
      · дорога КБШ, период 10: использовано 204 из 204 ваг.
      · дорога МСК, период 10: использовано 150 из 150 ваг.
      · дорога ПРВ, период 10: использовано 188 из 188 ваг.
      · дорога ЮВС, период 10: использовано 311 из 311 ваг.
      · дорога ЮУР, период 10: использовано 150 из 150 ваг.
  [s_idx  329] Сумгаит | тип=БК | ЕТСНГ=011005 | period=10 | mass_unload=false | осталось 8 из 9 ваг.
    ПРИЧИНА: квота ДМЗИ исчерпана — все Load-дуги с доступным спросом идут на дороги с выбранным лимитом:
      · дорога КБШ, период 10: использовано 204 из 204 ваг.
      · дорога МСК, период 10: использовано 150 из 150 ваг.
      · дорога ПРВ, период 10: использовано 188 из 188 ваг.
      · дорога ЮВС, период 10: использовано 311 из 311 ваг.
      · дорога ЮУР, период 10: использовано 150 из 150 ваг.
  [s_idx  333] Наушки (Экспорт АО «УБЖД»: участок Улаанбаатар (вкл.) и далее) | тип=БК | ЕТСНГ=011005 | period=10 | mass_unload=false | осталось 3 из 3 ваг.
    ПРИЧИНА: квота ДМЗИ исчерпана — все Load-дуги с доступным спросом идут на дороги с выбранным лимитом:
      · дорога КБШ, период 10: использовано 204 из 204 ваг.
      · дорога МСК, период 10: использовано 150 из 150 ваг.
      · дорога ПРВ, период 10: использовано 188 из 188 ваг.
      · дорога ЮВС, период 10: использовано 311 из 311 ваг.
      · дорога ЮУР, период 10: использовано 150 из 150 ваг.
  [s_idx  337] Подберезье | тип=БК | ЕТСНГ=011005 | period=10 | mass_unload=false | осталось 6 из 6 ваг.
    ПРИЧИНА: квота ДМЗИ исчерпана — все Load-дуги с доступным спросом идут на дороги с выбранным лимитом:
      · дорога КБШ, период 10: использовано 204 из 204 ваг.
      · дорога МСК, период 10: использовано 150 из 150 ваг.
      · дорога ПРВ, период 10: использовано 188 из 188 ваг.
      · дорога ЮВС, период 10: использовано 311 из 311 ваг.
      · дорога ЮУР, период 10: использовано 150 из 150 ваг.
  [s_idx  341] Ишим | тип=БКТ | ЕТСНГ=542239 | period=10 | mass_unload=false | осталось 2 из 2 ваг.
    ПРИЧИНА: доступны только Wash-дуги (36 шт., мин. стоимость 163487 руб./ваг.). В модели Wash не имеет штрафа за незаполнение,
             а excess_supply бесплатный — отправка только увеличила бы obj, MIP корректно оставил вагоны в остатке.
  [s_idx  346] Волосово | тип=БК | ЕТСНГ=421195 | period=10 | mass_unload=false | осталось 14 из 14 ваг.
    ПРИЧИНА: квота ДМЗИ исчерпана — все Load-дуги с доступным спросом идут на дороги с выбранным лимитом:
      · дорога КБШ, период 10: использовано 204 из 204 ваг.
      · дорога МСК, период 10: использовано 150 из 150 ваг.
      · дорога ПРВ, период 10: использовано 188 из 188 ваг.
      · дорога ЮВС, период 10: использовано 311 из 311 ваг.
      · дорога ЮУР, период 10: использовано 150 из 150 ваг.
  [s_idx  348] Койты | тип=БКТ | ЕТСНГ=011005 | period=10 | mass_unload=false | осталось 5 из 5 ваг.
    ПРИЧИНА: квота ДМЗИ исчерпана — все Load-дуги с доступным спросом идут на дороги с выбранным лимитом:
      · дорога КБШ, период 10: использовано 204 из 204 ваг.
      · дорога МСК, период 10: использовано 150 из 150 ваг.
      · дорога ПРВ, период 10: использовано 188 из 188 ваг.
      · дорога ЮВС, период 10: использовано 311 из 311 ваг.
      · дорога ЮУР, период 10: использовано 150 из 150 ваг.
  [s_idx  352] Ереван | тип=БК | ЕТСНГ=011005 | period=10 | mass_unload=false | осталось 4 из 4 ваг.
    ПРИЧИНА: квота ДМЗИ исчерпана — все Load-дуги с доступным спросом идут на дороги с выбранным лимитом:
      · дорога КБШ, период 10: использовано 204 из 204 ваг.
      · дорога МСК, период 10: использовано 150 из 150 ваг.
      · дорога ПРВ, период 10: использовано 188 из 188 ваг.
      · дорога ЮВС, период 10: использовано 311 из 311 ваг.
      · дорога ЮУР, период 10: использовано 150 из 150 ваг.
  [s_idx  353] Блюхер (Экспорт) | тип=БКТ | ЕТСНГ=018038 | period=10 | mass_unload=false | осталось 3 из 3 ваг.
    ПРИЧИНА: квота ДМЗИ исчерпана — все Load-дуги с доступным спросом идут на дороги с выбранным лимитом:
      · дорога КБШ, период 10: использовано 204 из 204 ваг.
      · дорога МСК, период 10: использовано 150 из 150 ваг.
      · дорога ПРВ, период 10: использовано 188 из 188 ваг.
      · дорога ЮВС, период 10: использовано 311 из 311 ваг.
      · дорога ЮУР, период 10: использовано 150 из 150 ваг.
  [s_idx  354] Хырдалан | тип=Т | ЕТСНГ=011005 | period=10 | mass_unload=false | осталось 4 из 4 ваг.
    ПРИЧИНА: квота ДМЗИ исчерпана — все Load-дуги с доступным спросом идут на дороги с выбранным лимитом:
      · дорога КБШ, период 10: использовано 204 из 204 ваг.
      · дорога МСК, период 10: использовано 150 из 150 ваг.
      · дорога ПРВ, период 10: использовано 188 из 188 ваг.
      · дорога ЮВС, период 10: использовано 311 из 311 ваг.
      · дорога ЮУР, период 10: использовано 150 из 150 ваг.
  [s_idx  355] Блюхер (Экспорт) | тип=БК | ЕТСНГ=011005 | period=10 | mass_unload=false | осталось 4 из 4 ваг.
    ПРИЧИНА: квота ДМЗИ исчерпана — все Load-дуги с доступным спросом идут на дороги с выбранным лимитом:
      · дорога КБШ, период 10: использовано 204 из 204 ваг.
      · дорога МСК, период 10: использовано 150 из 150 ваг.
      · дорога ПРВ, период 10: использовано 188 из 188 ваг.
      · дорога ЮВС, период 10: использовано 311 из 311 ваг.
      · дорога ЮУР, период 10: использовано 150 из 150 ваг.
  [s_idx  357] Поярково | тип=Т | ЕТСНГ=014003 | period=10 | mass_unload=false | осталось 1 из 1 ваг.
    ПРИЧИНА: квота ДМЗИ исчерпана — все Load-дуги с доступным спросом идут на дороги с выбранным лимитом:
      · дорога КБШ, период 10: использовано 204 из 204 ваг.
      · дорога МСК, период 10: использовано 150 из 150 ваг.
      · дорога ПРВ, период 10: использовано 188 из 188 ваг.
      · дорога ЮВС, период 10: использовано 311 из 311 ваг.
      · дорога ЮУР, период 10: использовано 150 из 150 ваг.
  [s_idx  358] Околтин | тип=БК | ЕТСНГ=011005 | period=10 | mass_unload=false | осталось 9 из 9 ваг.
    ПРИЧИНА: квота ДМЗИ исчерпана — все Load-дуги с доступным спросом идут на дороги с выбранным лимитом:
      · дорога КБШ, период 10: использовано 204 из 204 ваг.
      · дорога МСК, период 10: использовано 150 из 150 ваг.
      · дорога ПРВ, период 10: использовано 188 из 188 ваг.
      · дорога ЮВС, период 10: использовано 311 из 311 ваг.
      · дорога ЮУР, период 10: использовано 150 из 150 ваг.
  [s_idx  360] Уссурийск | тип=БК | ЕТСНГ=011005 | period=10 | mass_unload=false | осталось 2 из 2 ваг.
    ПРИЧИНА: квота ДМЗИ исчерпана — все Load-дуги с доступным спросом идут на дороги с выбранным лимитом:
      · дорога КБШ, период 10: использовано 204 из 204 ваг.
      · дорога МСК, период 10: использовано 150 из 150 ваг.
      · дорога ПРВ, период 10: использовано 188 из 188 ваг.
      · дорога ЮВС, период 10: использовано 311 из 311 ваг.
      · дорога ЮУР, период 10: использовано 150 из 150 ваг.
  [s_idx  361] Базаиха | тип=БКТ | ЕТСНГ=542239 | period=10 | mass_unload=false | осталось 3 из 3 ваг.
    ПРИЧИНА: доступны только Wash-дуги (36 шт., мин. стоимость 84008 руб./ваг.). В модели Wash не имеет штрафа за незаполнение,
             а excess_supply бесплатный — отправка только увеличила бы obj, MIP корректно оставил вагоны в остатке.
  [s_idx  362] Невдубстрой | тип=БКТ | ЕТСНГ=015006 | period=10 | mass_unload=true | осталось 16 из 17 ваг.
    ПРИЧИНА: квота ДМЗИ исчерпана — все Load-дуги с доступным спросом идут на дороги с выбранным лимитом:
      · дорога КБШ, период 10: использовано 204 из 204 ваг.
      · дорога МСК, период 10: использовано 150 из 150 ваг.
      · дорога ПРВ, период 10: использовано 188 из 188 ваг.
      · дорога ЮВС, период 10: использовано 311 из 311 ваг.
      · дорога ЮУР, период 10: использовано 150 из 150 ваг.
  [s_idx  363] Ровустон | тип=БКТ | ЕТСНГ=542050 | period=10 | mass_unload=false | осталось 2 из 2 ваг.
    ПРИЧИНА: квота ДМЗИ исчерпана — все Load-дуги с доступным спросом идут на дороги с выбранным лимитом:
      · дорога КБШ, период 10: использовано 204 из 204 ваг.
      · дорога МСК, период 10: использовано 150 из 150 ваг.
      · дорога ПРВ, период 10: использовано 188 из 188 ваг.
      · дорога ЮВС, период 10: использовано 311 из 311 ваг.
      · дорога ЮУР, период 10: использовано 150 из 150 ваг.
  [s_idx  365] Егвард | тип=БК | ЕТСНГ=011005 | period=10 | mass_unload=false | осталось 13 из 13 ваг.
    ПРИЧИНА: квота ДМЗИ исчерпана — все Load-дуги с доступным спросом идут на дороги с выбранным лимитом:
      · дорога КБШ, период 10: использовано 204 из 204 ваг.
      · дорога МСК, период 10: использовано 150 из 150 ваг.
      · дорога ПРВ, период 10: использовано 188 из 188 ваг.
      · дорога ЮВС, период 10: использовано 311 из 311 ваг.
      · дорога ЮУР, период 10: использовано 150 из 150 ваг.
  [s_idx  366] Селикса | тип=БК | ЕТСНГ=542224 | period=10 | mass_unload=false | осталось 5 из 5 ваг.
    ПРИЧИНА: доступны только Wash-дуги (36 шт., мин. стоимость 125187 руб./ваг.). В модели Wash не имеет штрафа за незаполнение,
             а excess_supply бесплатный — отправка только увеличила бы obj, MIP корректно оставил вагоны в остатке.
  [s_idx  368] Невдубстрой | тип=Т | ЕТСНГ=015006 | period=10 | mass_unload=true | осталось 9 из 9 ваг.
    ПРИЧИНА: квота ДМЗИ исчерпана — все Load-дуги с доступным спросом идут на дороги с выбранным лимитом:
      · дорога КБШ, период 10: использовано 204 из 204 ваг.
      · дорога МСК, период 10: использовано 150 из 150 ваг.
      · дорога ПРВ, период 10: использовано 188 из 188 ваг.
      · дорога ЮВС, период 10: использовано 311 из 311 ваг.
      · дорога ЮУР, период 10: использовано 150 из 150 ваг.
  [s_idx  369] Денов | тип=Т | ЕТСНГ=011005 | period=10 | mass_unload=false | осталось 5 из 5 ваг.
    ПРИЧИНА: нет ни одной допустимой дуги (нет тарифа, несовм. тип вагона или грязный груз).
  [s_idx  370] Хырдалан | тип=БКТ | ЕТСНГ=011005 | period=10 | mass_unload=false | осталось 8 из 8 ваг.
    ПРИЧИНА: квота ДМЗИ исчерпана — все Load-дуги с доступным спросом идут на дороги с выбранным лимитом:
      · дорога КБШ, период 10: использовано 204 из 204 ваг.
      · дорога МСК, период 10: использовано 150 из 150 ваг.
      · дорога ПРВ, период 10: использовано 188 из 188 ваг.
      · дорога ЮВС, период 10: использовано 311 из 311 ваг.
      · дорога ЮУР, период 10: использовано 150 из 150 ваг.
  [s_idx  372] Копылово | тип=БКТ | ЕТСНГ=— | period=10 | mass_unload=false | осталось 2 из 2 ваг.
    ПРИЧИНА: квота ДМЗИ исчерпана — все Load-дуги с доступным спросом идут на дороги с выбранным лимитом:
      · дорога КБШ, период 10: использовано 204 из 204 ваг.
      · дорога МСК, период 10: использовано 150 из 150 ваг.
      · дорога ПРВ, период 10: использовано 188 из 188 ваг.
      · дорога ЮВС, период 10: использовано 311 из 311 ваг.
      · дорога ЮУР, период 10: использовано 150 из 150 ваг.
  [s_idx  374] Забайкальск (Экспорт на КЖД [Китай]) | тип=БК | ЕТСНГ=014003 | period=10 | mass_unload=false | осталось 6 из 6 ваг.
    ПРИЧИНА: квота ДМЗИ исчерпана — все Load-дуги с доступным спросом идут на дороги с выбранным лимитом:
      · дорога КБШ, период 10: использовано 204 из 204 ваг.
      · дорога МСК, период 10: использовано 150 из 150 ваг.
      · дорога ПРВ, период 10: использовано 188 из 188 ваг.
      · дорога ЮВС, период 10: использовано 311 из 311 ваг.
      · дорога ЮУР, период 10: использовано 150 из 150 ваг.
  [s_idx  375] Хабаровск 1 | тип=БКТ | ЕТСНГ=018112 | period=10 | mass_unload=false | осталось 2 из 2 ваг.
    ПРИЧИНА: квота ДМЗИ исчерпана — все Load-дуги с доступным спросом идут на дороги с выбранным лимитом:
      · дорога КБШ, период 10: использовано 204 из 204 ваг.
      · дорога МСК, период 10: использовано 150 из 150 ваг.
      · дорога ПРВ, период 10: использовано 188 из 188 ваг.
      · дорога ЮВС, период 10: использовано 311 из 311 ваг.
      · дорога ЮУР, период 10: использовано 150 из 150 ваг.
  [s_idx  380] Уссурийск | тип=БКТ | ЕТСНГ=011005 | period=10 | mass_unload=false | осталось 4 из 4 ваг.
    ПРИЧИНА: квота ДМЗИ исчерпана — все Load-дуги с доступным спросом идут на дороги с выбранным лимитом:
      · дорога КБШ, период 10: использовано 204 из 204 ваг.
      · дорога МСК, период 10: использовано 150 из 150 ваг.
      · дорога ПРВ, период 10: использовано 188 из 188 ваг.
      · дорога ЮВС, период 10: использовано 311 из 311 ваг.
      · дорога ЮУР, период 10: использовано 150 из 150 ваг.
  [s_idx  383] Новый Порт | тип=БКТ | ЕТСНГ=505028 | period=10 | mass_unload=false | осталось 2 из 2 ваг.
    ПРИЧИНА: доступны только Wash-дуги (36 шт., мин. стоимость 113205 руб./ваг.). В модели Wash не имеет штрафа за незаполнение,
             а excess_supply бесплатный — отправка только увеличила бы obj, MIP корректно оставил вагоны в остатке.
  [s_idx  384] Ош | тип=БКТ | ЕТСНГ=014003 | period=10 | mass_unload=false | осталось 9 из 9 ваг.
    ПРИЧИНА: квота ДМЗИ исчерпана — все Load-дуги с доступным спросом идут на дороги с выбранным лимитом:
      · дорога КБШ, период 10: использовано 204 из 204 ваг.
      · дорога МСК, период 10: использовано 150 из 150 ваг.
      · дорога ПРВ, период 10: использовано 188 из 188 ваг.
      · дорога ЮВС, период 10: использовано 311 из 311 ваг.
      · дорога ЮУР, период 10: использовано 150 из 150 ваг.
  [s_idx  387] Входная | тип=БКТ | ЕТСНГ=542239 | period=10 | mass_unload=false | осталось 1 из 1 ваг.
    ПРИЧИНА: доступны только Wash-дуги (36 шт., мин. стоимость 122742 руб./ваг.). В модели Wash не имеет штрафа за незаполнение,
             а excess_supply бесплатный — отправка только увеличила бы obj, MIP корректно оставил вагоны в остатке.
  [s_idx  388] Рыбинск-Товарный | тип=БКТ | ЕТСНГ=542239 | period=10 | mass_unload=false | осталось 4 из 4 ваг.
    ПРИЧИНА: доступны только Wash-дуги (36 шт., мин. стоимость 124247 руб./ваг.). В модели Wash не имеет штрафа за незаполнение,
             а excess_supply бесплатный — отправка только увеличила бы obj, MIP корректно оставил вагоны в остатке.
  [s_idx  389] Евсино | тип=БК | ЕТСНГ=542239 | period=10 | mass_unload=false | осталось 1 из 1 ваг.
    ПРИЧИНА: доступны только Wash-дуги (36 шт., мин. стоимость 85609 руб./ваг.). В модели Wash не имеет штрафа за незаполнение,
             а excess_supply бесплатный — отправка только увеличила бы obj, MIP корректно оставил вагоны в остатке.
  [s_idx  394] Блюхер (Экспорт) | тип=Т | ЕТСНГ=— | period=10 | mass_unload=false | осталось 2 из 2 ваг.
    ПРИЧИНА: квота ДМЗИ исчерпана — все Load-дуги с доступным спросом идут на дороги с выбранным лимитом:
      · дорога КБШ, период 10: использовано 204 из 204 ваг.
      · дорога МСК, период 10: использовано 150 из 150 ваг.
      · дорога ПРВ, период 10: использовано 188 из 188 ваг.
      · дорога ЮВС, период 10: использовано 311 из 311 ваг.
      · дорога ЮУР, период 10: использовано 150 из 150 ваг.
  [s_idx  395] Худжанд | тип=БКТ | ЕТСНГ=542224 | period=10 | mass_unload=false | осталось 5 из 5 ваг.
    ПРИЧИНА: квота ДМЗИ исчерпана — все Load-дуги с доступным спросом идут на дороги с выбранным лимитом:
      · дорога КБШ, период 10: использовано 204 из 204 ваг.
      · дорога МСК, период 10: использовано 150 из 150 ваг.
      · дорога ПРВ, период 10: использовано 188 из 188 ваг.
      · дорога ЮВС, период 10: использовано 311 из 311 ваг.
      · дорога ЮУР, период 10: использовано 150 из 150 ваг.
  [s_idx  399] Наушки (Экспорт АО «УБЖД»: участок Улаанбаатар (вкл.) и далее) | тип=БК | ЕТСНГ=015006 | period=10 | mass_unload=false | осталось 1 из 1 ваг.
    ПРИЧИНА: квота ДМЗИ исчерпана — все Load-дуги с доступным спросом идут на дороги с выбранным лимитом:
      · дорога КБШ, период 10: использовано 204 из 204 ваг.
      · дорога МСК, период 10: использовано 150 из 150 ваг.
      · дорога ПРВ, период 10: использовано 188 из 188 ваг.
      · дорога ЮВС, период 10: использовано 311 из 311 ваг.
      · дорога ЮУР, период 10: использовано 150 из 150 ваг.
  [s_idx  401] Бишкек 1 | тип=БКТ | ЕТСНГ=011005 | period=10 | mass_unload=false | осталось 11 из 11 ваг.
    ПРИЧИНА: квота ДМЗИ исчерпана — все Load-дуги с доступным спросом идут на дороги с выбранным лимитом:
      · дорога КБШ, период 10: использовано 204 из 204 ваг.
      · дорога МСК, период 10: использовано 150 из 150 ваг.
      · дорога ПРВ, период 10: использовано 188 из 188 ваг.
      · дорога ЮВС, период 10: использовано 311 из 311 ваг.
      · дорога ЮУР, период 10: использовано 150 из 150 ваг.
  [s_idx  402] Астара (Экспорт) | тип=БКТ | ЕТСНГ=011005 | period=10 | mass_unload=false | осталось 10 из 10 ваг.
    ПРИЧИНА: квота ДМЗИ исчерпана — все Load-дуги с доступным спросом идут на дороги с выбранным лимитом:
      · дорога КБШ, период 10: использовано 204 из 204 ваг.
      · дорога МСК, период 10: использовано 150 из 150 ваг.
      · дорога ПРВ, период 10: использовано 188 из 188 ваг.
      · дорога ЮВС, период 10: использовано 311 из 311 ваг.
      · дорога ЮУР, период 10: использовано 150 из 150 ваг.
  [s_idx  408] Новый Порт (Экспорт) | тип=Т | ЕТСНГ=021079 | period=10 | mass_unload=true | осталось 10 из 10 ваг.
    ПРИЧИНА: квота ДМЗИ исчерпана — все Load-дуги с доступным спросом идут на дороги с выбранным лимитом:
      · дорога КБШ, период 10: использовано 204 из 204 ваг.
      · дорога МСК, период 10: использовано 150 из 150 ваг.
      · дорога ПРВ, период 10: использовано 188 из 188 ваг.
      · дорога ЮВС, период 10: использовано 311 из 311 ваг.
      · дорога ЮУР, период 10: использовано 150 из 150 ваг.
  [s_idx  409] Шопоков | тип=БКТ | ЕТСНГ=011005 | period=10 | mass_unload=false | осталось 1 из 1 ваг.
    ПРИЧИНА: квота ДМЗИ исчерпана — все Load-дуги с доступным спросом идут на дороги с выбранным лимитом:
      · дорога КБШ, период 10: использовано 204 из 204 ваг.
      · дорога МСК, период 10: использовано 150 из 150 ваг.
      · дорога ПРВ, период 10: использовано 188 из 188 ваг.
      · дорога ЮВС, период 10: использовано 311 из 311 ваг.
      · дорога ЮУР, период 10: использовано 150 из 150 ваг.
  [s_idx  410] Егвард | тип=БКТ | ЕТСНГ=011005 | period=10 | mass_unload=false | осталось 1 из 1 ваг.
    ПРИЧИНА: квота ДМЗИ исчерпана — все Load-дуги с доступным спросом идут на дороги с выбранным лимитом:
      · дорога КБШ, период 10: использовано 204 из 204 ваг.
      · дорога МСК, период 10: использовано 150 из 150 ваг.
      · дорога ПРВ, период 10: использовано 188 из 188 ваг.
      · дорога ЮВС, период 10: использовано 311 из 311 ваг.
      · дорога ЮУР, период 10: использовано 150 из 150 ваг.
  [s_idx  411] Невдубстрой | тип=Т | ЕТСНГ=021100 | period=10 | mass_unload=true | осталось 3 из 3 ваг.
    ПРИЧИНА: квота ДМЗИ исчерпана — все Load-дуги с доступным спросом идут на дороги с выбранным лимитом:
      · дорога КБШ, период 10: использовано 204 из 204 ваг.
      · дорога МСК, период 10: использовано 150 из 150 ваг.
      · дорога ПРВ, период 10: использовано 188 из 188 ваг.
      · дорога ЮВС, период 10: использовано 311 из 311 ваг.
      · дорога ЮУР, период 10: использовано 150 из 150 ваг.
  [s_idx  412] Наушки (Экспорт АО «УБЖД»: участок Улаанбаатар (вкл.) и далее) | тип=Т | ЕТСНГ=015006 | period=10 | mass_unload=false | осталось 4 из 4 ваг.
    ПРИЧИНА: квота ДМЗИ исчерпана — все Load-дуги с доступным спросом идут на дороги с выбранным лимитом:
      · дорога КБШ, период 10: использовано 204 из 204 ваг.
      · дорога МСК, период 10: использовано 150 из 150 ваг.
      · дорога ПРВ, период 10: использовано 188 из 188 ваг.
      · дорога ЮВС, период 10: использовано 311 из 311 ваг.
      · дорога ЮУР, период 10: использовано 150 из 150 ваг.
  [s_idx  413] Марнеули | тип=БК | ЕТСНГ=— | period=10 | mass_unload=false | осталось 1 из 1 ваг.
    ПРИЧИНА: квота ДМЗИ исчерпана — все Load-дуги с доступным спросом идут на дороги с выбранным лимитом:
      · дорога КБШ, период 10: использовано 204 из 204 ваг.
      · дорога МСК, период 10: использовано 150 из 150 ваг.
      · дорога ПРВ, период 10: использовано 188 из 188 ваг.
      · дорога ЮВС, период 10: использовано 311 из 311 ваг.
      · дорога ЮУР, период 10: использовано 150 из 150 ваг.
  [s_idx  414] Блюхер (Экспорт) | тип=БК | ЕТСНГ=011005 | period=10 | mass_unload=false | осталось 4 из 4 ваг.
    ПРИЧИНА: квота ДМЗИ исчерпана — все Load-дуги с доступным спросом идут на дороги с выбранным лимитом:
      · дорога КБШ, период 10: использовано 204 из 204 ваг.
      · дорога МСК, период 10: использовано 150 из 150 ваг.
      · дорога ПРВ, период 10: использовано 188 из 188 ваг.
      · дорога ЮВС, период 10: использовано 311 из 311 ваг.
      · дорога ЮУР, период 10: использовано 150 из 150 ваг.
  [s_idx  418] Курган | тип=БКТ | ЕТСНГ=542224 | period=10 | mass_unload=false | осталось 3 из 3 ваг.
    ПРИЧИНА: доступны только Wash-дуги (36 шт., мин. стоимость 124283 руб./ваг.). В модели Wash не имеет штрафа за незаполнение,
             а excess_supply бесплатный — отправка только увеличила бы obj, MIP корректно оставил вагоны в остатке.
  [s_idx  420] Уссурийск | тип=Т | ЕТСНГ=011005 | period=10 | mass_unload=false | осталось 1 из 1 ваг.
    ПРИЧИНА: квота ДМЗИ исчерпана — все Load-дуги с доступным спросом идут на дороги с выбранным лимитом:
      · дорога КБШ, период 10: использовано 204 из 204 ваг.
      · дорога МСК, период 10: использовано 150 из 150 ваг.
      · дорога ПРВ, период 10: использовано 188 из 188 ваг.
      · дорога ЮВС, период 10: использовано 311 из 311 ваг.
      · дорога ЮУР, период 10: использовано 150 из 150 ваг.
  [s_idx  422] Подберезье | тип=БКТ | ЕТСНГ=011005 | period=10 | mass_unload=false | осталось 6 из 6 ваг.
    ПРИЧИНА: квота ДМЗИ исчерпана — все Load-дуги с доступным спросом идут на дороги с выбранным лимитом:
      · дорога КБШ, период 10: использовано 204 из 204 ваг.
      · дорога МСК, период 10: использовано 150 из 150 ваг.
      · дорога ПРВ, период 10: использовано 188 из 188 ваг.
      · дорога ЮВС, период 10: использовано 311 из 311 ваг.
      · дорога ЮУР, период 10: использовано 150 из 150 ваг.
  [s_idx  427] Порт Оля (Экспорт) | тип=БКТ | ЕТСНГ=542239 | period=10 | mass_unload=false | осталось 6 из 6 ваг.
    ПРИЧИНА: доступны только Wash-дуги (36 шт., мин. стоимость 124679 руб./ваг.). В модели Wash не имеет штрафа за незаполнение,
             а excess_supply бесплатный — отправка только увеличила бы obj, MIP корректно оставил вагоны в остатке.
  [s_idx  428] Глазов | тип=БКТ | ЕТСНГ=— | period=10 | mass_unload=false | осталось 1 из 1 ваг.
    ПРИЧИНА: доступны только Wash-дуги (36 шт., мин. стоимость 172301 руб./ваг.). В модели Wash не имеет штрафа за незаполнение,
             а excess_supply бесплатный — отправка только увеличила бы obj, MIP корректно оставил вагоны в остатке.
  [s_idx  430] Глазов | тип=БКТ | ЕТСНГ=542239 | period=10 | mass_unload=false | осталось 2 из 2 ваг.
    ПРИЧИНА: доступны только Wash-дуги (36 шт., мин. стоимость 172301 руб./ваг.). В модели Wash не имеет штрафа за незаполнение,
             а excess_supply бесплатный — отправка только увеличила бы obj, MIP корректно оставил вагоны в остатке.
  [s_idx  437] Азов | тип=БК | ЕТСНГ=505028 | period=10 | mass_unload=false | осталось 1 из 1 ваг.
    ПРИЧИНА: доступны только Wash-дуги (36 шт., мин. стоимость 121774 руб./ваг.). В модели Wash не имеет штрафа за незаполнение,
             а excess_supply бесплатный — отправка только увеличила бы obj, MIP корректно оставил вагоны в остатке.
  [s_idx  438] Бишкек 1 | тип=БК | ЕТСНГ=011005 | period=10 | mass_unload=false | осталось 4 из 4 ваг.
    ПРИЧИНА: квота ДМЗИ исчерпана — все Load-дуги с доступным спросом идут на дороги с выбранным лимитом:
      · дорога КБШ, период 10: использовано 204 из 204 ваг.
      · дорога МСК, период 10: использовано 150 из 150 ваг.
      · дорога ПРВ, период 10: использовано 188 из 188 ваг.
      · дорога ЮВС, период 10: использовано 311 из 311 ваг.
      · дорога ЮУР, период 10: использовано 150 из 150 ваг.
  [s_idx  440] Ереван | тип=БК | ЕТСНГ=014003 | period=10 | mass_unload=false | осталось 4 из 4 ваг.
    ПРИЧИНА: квота ДМЗИ исчерпана — все Load-дуги с доступным спросом идут на дороги с выбранным лимитом:
      · дорога КБШ, период 10: использовано 204 из 204 ваг.
      · дорога МСК, период 10: использовано 150 из 150 ваг.
      · дорога ПРВ, период 10: использовано 188 из 188 ваг.
      · дорога ЮВС, период 10: использовано 311 из 311 ваг.
      · дорога ЮУР, период 10: использовано 150 из 150 ваг.
  [s_idx  441] Лиепая (Экспорт) | тип=БКТ | ЕТСНГ=542239 | period=10 | mass_unload=true | осталось 9 из 9 ваг.
    ПРИЧИНА: квота ДМЗИ исчерпана — все Load-дуги с доступным спросом идут на дороги с выбранным лимитом:
      · дорога КБШ, период 10: использовано 204 из 204 ваг.
      · дорога МСК, период 10: использовано 150 из 150 ваг.
      · дорога ПРВ, период 10: использовано 188 из 188 ваг.
      · дорога ЮВС, период 10: использовано 311 из 311 ваг.
      · дорога ЮУР, период 10: использовано 150 из 150 ваг.
  [s_idx  442] Селикса | тип=Т | ЕТСНГ=542224 | period=10 | mass_unload=false | осталось 3 из 3 ваг.
    ПРИЧИНА: доступны только Wash-дуги (36 шт., мин. стоимость 125187 руб./ваг.). В модели Wash не имеет штрафа за незаполнение,
             а excess_supply бесплатный — отправка только увеличила бы obj, MIP корректно оставил вагоны в остатке.
  [s_idx  443] Голышманово | тип=БК | ЕТСНГ=542224 | period=10 | mass_unload=false | осталось 2 из 2 ваг.
    ПРИЧИНА: доступны только Wash-дуги (36 шт., мин. стоимость 171135 руб./ваг.). В модели Wash не имеет штрафа за незаполнение,
             а excess_supply бесплатный — отправка только увеличила бы obj, MIP корректно оставил вагоны в остатке.
  [s_idx  445] Красная Речка | тип=БКТ | ЕТСНГ=014003 | period=10 | mass_unload=false | осталось 1 из 1 ваг.
    ПРИЧИНА: квота ДМЗИ исчерпана — все Load-дуги с доступным спросом идут на дороги с выбранным лимитом:
      · дорога КБШ, период 10: использовано 204 из 204 ваг.
      · дорога МСК, период 10: использовано 150 из 150 ваг.
      · дорога ПРВ, период 10: использовано 188 из 188 ваг.
      · дорога ЮВС, период 10: использовано 311 из 311 ваг.
      · дорога ЮУР, период 10: использовано 150 из 150 ваг.
  [s_idx  447] Наушки (Экспорт АО «УБЖД»: участок Улаанбаатар (вкл.) и далее) | тип=БКТ | ЕТСНГ=011005 | period=10 | mass_unload=false | осталось 6 из 6 ваг.
    ПРИЧИНА: квота ДМЗИ исчерпана — все Load-дуги с доступным спросом идут на дороги с выбранным лимитом:
      · дорога КБШ, период 10: использовано 204 из 204 ваг.
      · дорога МСК, период 10: использовано 150 из 150 ваг.
      · дорога ПРВ, период 10: использовано 188 из 188 ваг.
      · дорога ЮВС, период 10: использовано 311 из 311 ваг.
      · дорога ЮУР, период 10: использовано 150 из 150 ваг.
  [s_idx  450] Аламедин | тип=БК | ЕТСНГ=011005 | period=10 | mass_unload=false | осталось 6 из 6 ваг.
    ПРИЧИНА: квота ДМЗИ исчерпана — все Load-дуги с доступным спросом идут на дороги с выбранным лимитом:
      · дорога КБШ, период 10: использовано 204 из 204 ваг.
      · дорога МСК, период 10: использовано 150 из 150 ваг.
      · дорога ПРВ, период 10: использовано 188 из 188 ваг.
      · дорога ЮВС, период 10: использовано 311 из 311 ваг.
      · дорога ЮУР, период 10: использовано 150 из 150 ваг.
  [s_idx  453] Ханака | тип=Т | ЕТСНГ=542224 | period=10 | mass_unload=false | осталось 1 из 1 ваг.
    ПРИЧИНА: нет ни одной допустимой дуги (нет тарифа, несовм. тип вагона или грязный груз).
  [s_idx  456] Нижний Ломов | тип=БКТ | ЕТСНГ=542224 | period=10 | mass_unload=false | осталось 6 из 6 ваг.
    ПРИЧИНА: доступны только Wash-дуги (36 шт., мин. стоимость 163817 руб./ваг.). В модели Wash не имеет штрафа за незаполнение,
             а excess_supply бесплатный — отправка только увеличила бы obj, MIP корректно оставил вагоны в остатке.
  [s_idx  459] Курган | тип=БК | ЕТСНГ=542224 | period=10 | mass_unload=false | осталось 2 из 2 ваг.
    ПРИЧИНА: доступны только Wash-дуги (36 шт., мин. стоимость 124283 руб./ваг.). В модели Wash не имеет штрафа за незаполнение,
             а excess_supply бесплатный — отправка только увеличила бы obj, MIP корректно оставил вагоны в остатке.
  [s_idx  461] Астара (Экспорт) | тип=Т | ЕТСНГ=011005 | period=10 | mass_unload=false | осталось 1 из 1 ваг.
    ПРИЧИНА: квота ДМЗИ исчерпана — все Load-дуги с доступным спросом идут на дороги с выбранным лимитом:
      · дорога КБШ, период 10: использовано 204 из 204 ваг.
      · дорога МСК, период 10: использовано 150 из 150 ваг.
      · дорога ПРВ, период 10: использовано 188 из 188 ваг.
      · дорога ЮВС, период 10: использовано 311 из 311 ваг.
      · дорога ЮУР, период 10: использовано 150 из 150 ваг.
  [s_idx  466] Астара (Экспорт) | тип=Т | ЕТСНГ=014003 | period=10 | mass_unload=false | осталось 2 из 2 ваг.
    ПРИЧИНА: квота ДМЗИ исчерпана — все Load-дуги с доступным спросом идут на дороги с выбранным лимитом:
      · дорога КБШ, период 10: использовано 204 из 204 ваг.
      · дорога МСК, период 10: использовано 150 из 150 ваг.
      · дорога ПРВ, период 10: использовано 188 из 188 ваг.
      · дорога ЮВС, период 10: использовано 311 из 311 ваг.
      · дорога ЮУР, период 10: использовано 150 из 150 ваг.
  [s_idx  467] Блюхер (Экспорт) | тип=БКТ | ЕТСНГ=011005 | period=10 | mass_unload=false | осталось 6 из 6 ваг.
    ПРИЧИНА: квота ДМЗИ исчерпана — все Load-дуги с доступным спросом идут на дороги с выбранным лимитом:
      · дорога КБШ, период 10: использовано 204 из 204 ваг.
      · дорога МСК, период 10: использовано 150 из 150 ваг.
      · дорога ПРВ, период 10: использовано 188 из 188 ваг.
      · дорога ЮВС, период 10: использовано 311 из 311 ваг.
      · дорога ЮУР, период 10: использовано 150 из 150 ваг.
  [s_idx  471] Худжанд | тип=Т | ЕТСНГ=542224 | period=10 | mass_unload=false | осталось 3 из 3 ваг.
    ПРИЧИНА: квота ДМЗИ исчерпана — все Load-дуги с доступным спросом идут на дороги с выбранным лимитом:
      · дорога КБШ, период 10: использовано 204 из 204 ваг.
      · дорога МСК, период 10: использовано 150 из 150 ваг.
      · дорога ПРВ, период 10: использовано 188 из 188 ваг.
      · дорога ЮВС, период 10: использовано 311 из 311 ваг.
      · дорога ЮУР, период 10: использовано 150 из 150 ваг.
  [s_idx  473] Забайкальск (Экспорт на КЖД [Китай]) | тип=БКТ | ЕТСНГ=434034 | period=10 | mass_unload=false | осталось 1 из 1 ваг.
    ПРИЧИНА: квота ДМЗИ исчерпана — все Load-дуги с доступным спросом идут на дороги с выбранным лимитом:
      · дорога КБШ, период 10: использовано 204 из 204 ваг.
      · дорога МСК, период 10: использовано 150 из 150 ваг.
      · дорога ПРВ, период 10: использовано 188 из 188 ваг.
      · дорога ЮВС, период 10: использовано 311 из 311 ваг.
      · дорога ЮУР, период 10: использовано 150 из 150 ваг.
  [s_idx  474] Забайкальск (Экспорт на КЖД [Китай]) | тип=БК | ЕТСНГ=434034 | period=10 | mass_unload=false | осталось 1 из 1 ваг.
    ПРИЧИНА: квота ДМЗИ исчерпана — все Load-дуги с доступным спросом идут на дороги с выбранным лимитом:
      · дорога КБШ, период 10: использовано 204 из 204 ваг.
      · дорога МСК, период 10: использовано 150 из 150 ваг.
      · дорога ПРВ, период 10: использовано 188 из 188 ваг.
      · дорога ЮВС, период 10: использовано 311 из 311 ваг.
      · дорога ЮУР, период 10: использовано 150 из 150 ваг.
  [s_idx  475] Лиепая (Экспорт) | тип=БК | ЕТСНГ=014003 | period=10 | mass_unload=true | осталось 2 из 2 ваг.
    ПРИЧИНА: квота ДМЗИ исчерпана — все Load-дуги с доступным спросом идут на дороги с выбранным лимитом:
      · дорога КБШ, период 10: использовано 204 из 204 ваг.
      · дорога МСК, период 10: использовано 150 из 150 ваг.
      · дорога ПРВ, период 10: использовано 188 из 188 ваг.
      · дорога ЮВС, период 10: использовано 311 из 311 ваг.
      · дорога ЮУР, период 10: использовано 150 из 150 ваг.
  [s_idx  478] Менделеево | тип=БКТ | ЕТСНГ=542239 | period=10 | mass_unload=false | осталось 1 из 1 ваг.
    ПРИЧИНА: доступны только Wash-дуги (36 шт., мин. стоимость 170560 руб./ваг.). В модели Wash не имеет штрафа за незаполнение,
             а excess_supply бесплатный — отправка только увеличила бы obj, MIP корректно оставил вагоны в остатке.
  [s_idx  479] Янгийул | тип=БК | ЕТСНГ=542224 | period=10 | mass_unload=false | осталось 1 из 1 ваг.
    ПРИЧИНА: квота ДМЗИ исчерпана — все Load-дуги с доступным спросом идут на дороги с выбранным лимитом:
      · дорога КБШ, период 10: использовано 204 из 204 ваг.
      · дорога МСК, период 10: использовано 150 из 150 ваг.
      · дорога ПРВ, период 10: использовано 188 из 188 ваг.
      · дорога ЮВС, период 10: использовано 311 из 311 ваг.
      · дорога ЮУР, период 10: использовано 150 из 150 ваг.
  [s_idx  481] Красная Речка | тип=БКТ | ЕТСНГ=015006 | period=10 | mass_unload=false | осталось 2 из 2 ваг.
    ПРИЧИНА: квота ДМЗИ исчерпана — все Load-дуги с доступным спросом идут на дороги с выбранным лимитом:
      · дорога КБШ, период 10: использовано 204 из 204 ваг.
      · дорога МСК, период 10: использовано 150 из 150 ваг.
      · дорога ПРВ, период 10: использовано 188 из 188 ваг.
      · дорога ЮВС, период 10: использовано 311 из 311 ваг.
      · дорога ЮУР, период 10: использовано 150 из 150 ваг.
  [s_idx  484] Даларик | тип=Т | ЕТСНГ=011005 | period=10 | mass_unload=true | осталось 1 из 1 ваг.
    ПРИЧИНА: квота ДМЗИ исчерпана — все Load-дуги с доступным спросом идут на дороги с выбранным лимитом:
      · дорога КБШ, период 10: использовано 204 из 204 ваг.
      · дорога МСК, период 10: использовано 150 из 150 ваг.
      · дорога ПРВ, период 10: использовано 188 из 188 ваг.
      · дорога ЮВС, период 10: использовано 311 из 311 ваг.
      · дорога ЮУР, период 10: использовано 150 из 150 ваг.
  [s_idx  486] Гродеково (Экспорт на КЖД [Китай]) | тип=Т | ЕТСНГ=015006 | period=10 | mass_unload=false | осталось 4 из 4 ваг.
    ПРИЧИНА: квота ДМЗИ исчерпана — все Load-дуги с доступным спросом идут на дороги с выбранным лимитом:
      · дорога КБШ, период 10: использовано 204 из 204 ваг.
      · дорога МСК, период 10: использовано 150 из 150 ваг.
      · дорога ПРВ, период 10: использовано 188 из 188 ваг.
      · дорога ЮВС, период 10: использовано 311 из 311 ваг.
      · дорога ЮУР, период 10: использовано 150 из 150 ваг.
  [s_idx  487] Ереван | тип=Т | ЕТСНГ=014003 | period=10 | mass_unload=false | осталось 7 из 7 ваг.
    ПРИЧИНА: квота ДМЗИ исчерпана — все Load-дуги с доступным спросом идут на дороги с выбранным лимитом:
      · дорога КБШ, период 10: использовано 204 из 204 ваг.
      · дорога МСК, период 10: использовано 150 из 150 ваг.
      · дорога ПРВ, период 10: использовано 188 из 188 ваг.
      · дорога ЮВС, период 10: использовано 311 из 311 ваг.
      · дорога ЮУР, период 10: использовано 150 из 150 ваг.
  [s_idx  490] Невдубстрой | тип=БК | ЕТСНГ=021100 | period=10 | mass_unload=true | осталось 1 из 1 ваг.
    ПРИЧИНА: квота ДМЗИ исчерпана — все Load-дуги с доступным спросом идут на дороги с выбранным лимитом:
      · дорога КБШ, период 10: использовано 204 из 204 ваг.
      · дорога МСК, период 10: использовано 150 из 150 ваг.
      · дорога ПРВ, период 10: использовано 188 из 188 ваг.
      · дорога ЮВС, период 10: использовано 311 из 311 ваг.
      · дорога ЮУР, период 10: использовано 150 из 150 ваг.
  [s_idx  492] Голышманово | тип=БКТ | ЕТСНГ=542224 | period=10 | mass_unload=false | осталось 3 из 3 ваг.
    ПРИЧИНА: доступны только Wash-дуги (36 шт., мин. стоимость 171135 руб./ваг.). В модели Wash не имеет штрафа за незаполнение,
             а excess_supply бесплатный — отправка только увеличила бы obj, MIP корректно оставил вагоны в остатке.
  [s_idx  497] Хабаровск 1 | тип=Т | ЕТСНГ=018112 | period=10 | mass_unload=false | осталось 1 из 1 ваг.
    ПРИЧИНА: квота ДМЗИ исчерпана — все Load-дуги с доступным спросом идут на дороги с выбранным лимитом:
      · дорога КБШ, период 10: использовано 204 из 204 ваг.
      · дорога МСК, период 10: использовано 150 из 150 ваг.
      · дорога ПРВ, период 10: использовано 188 из 188 ваг.
      · дорога ЮВС, период 10: использовано 311 из 311 ваг.
      · дорога ЮУР, период 10: использовано 150 из 150 ваг.
  [s_idx  498] Наушки (Экспорт АО «УБЖД»: участок Улаанбаатар (вкл.) и далее) | тип=БКТ | ЕТСНГ=015006 | period=10 | mass_unload=false | осталось 5 из 5 ваг.
    ПРИЧИНА: квота ДМЗИ исчерпана — все Load-дуги с доступным спросом идут на дороги с выбранным лимитом:
      · дорога КБШ, период 10: использовано 204 из 204 ваг.
      · дорога МСК, период 10: использовано 150 из 150 ваг.
      · дорога ПРВ, период 10: использовано 188 из 188 ваг.
      · дорога ЮВС, период 10: использовано 311 из 311 ваг.
      · дорога ЮУР, период 10: использовано 150 из 150 ваг.
  [s_idx  499] Гродеково (Экспорт на КЖД [Китай]) | тип=БКТ | ЕТСНГ=015006 | period=10 | mass_unload=false | осталось 3 из 3 ваг.
    ПРИЧИНА: квота ДМЗИ исчерпана — все Load-дуги с доступным спросом идут на дороги с выбранным лимитом:
      · дорога КБШ, период 10: использовано 204 из 204 ваг.
      · дорога МСК, период 10: использовано 150 из 150 ваг.
      · дорога ПРВ, период 10: использовано 188 из 188 ваг.
      · дорога ЮВС, период 10: использовано 311 из 311 ваг.
      · дорога ЮУР, период 10: использовано 150 из 150 ваг.
  [s_idx  500] Поярково | тип=БКТ | ЕТСНГ=014003 | period=10 | mass_unload=false | осталось 1 из 1 ваг.
    ПРИЧИНА: квота ДМЗИ исчерпана — все Load-дуги с доступным спросом идут на дороги с выбранным лимитом:
      · дорога КБШ, период 10: использовано 204 из 204 ваг.
      · дорога МСК, период 10: использовано 150 из 150 ваг.
      · дорога ПРВ, период 10: использовано 188 из 188 ваг.
      · дорога ЮВС, период 10: использовано 311 из 311 ваг.
      · дорога ЮУР, период 10: использовано 150 из 150 ваг.
  [s_idx  506] Уссурийск | тип=БК | ЕТСНГ=— | period=10 | mass_unload=false | осталось 1 из 1 ваг.
    ПРИЧИНА: квота ДМЗИ исчерпана — все Load-дуги с доступным спросом идут на дороги с выбранным лимитом:
      · дорога КБШ, период 10: использовано 204 из 204 ваг.
      · дорога МСК, период 10: использовано 150 из 150 ваг.
      · дорога ПРВ, период 10: использовано 188 из 188 ваг.
      · дорога ЮВС, период 10: использовано 311 из 311 ваг.
      · дорога ЮУР, период 10: использовано 150 из 150 ваг.
  [s_idx  508] Глазов | тип=Т | ЕТСНГ=— | period=10 | mass_unload=false | осталось 1 из 1 ваг.
    ПРИЧИНА: доступны только Wash-дуги (36 шт., мин. стоимость 172301 руб./ваг.). В модели Wash не имеет штрафа за незаполнение,
             а excess_supply бесплатный — отправка только увеличила бы obj, MIP корректно оставил вагоны в остатке.
  [s_idx  509] Лужская | тип=БК | ЕТСНГ=018023 | period=10 | mass_unload=false | осталось 5 из 5 ваг.
    ПРИЧИНА: квота ДМЗИ исчерпана — все Load-дуги с доступным спросом идут на дороги с выбранным лимитом:
      · дорога КБШ, период 10: использовано 204 из 204 ваг.
      · дорога МСК, период 10: использовано 150 из 150 ваг.
      · дорога ПРВ, период 10: использовано 188 из 188 ваг.
      · дорога ЮВС, период 10: использовано 311 из 311 ваг.
      · дорога ЮУР, период 10: использовано 150 из 150 ваг.
  [s_idx  510] Базаиха | тип=БКТ | ЕТСНГ=— | period=10 | mass_unload=false | осталось 3 из 3 ваг.
    ПРИЧИНА: квота ДМЗИ исчерпана — все Load-дуги с доступным спросом идут на дороги с выбранным лимитом:
      · дорога КБШ, период 10: использовано 204 из 204 ваг.
      · дорога МСК, период 10: использовано 150 из 150 ваг.
      · дорога ПРВ, период 10: использовано 188 из 188 ваг.
      · дорога ЮВС, период 10: использовано 311 из 311 ваг.
      · дорога ЮУР, период 10: использовано 150 из 150 ваг.
  [s_idx  512] Беловодская | тип=БК | ЕТСНГ=011005 | period=10 | mass_unload=false | осталось 1 из 1 ваг.
    ПРИЧИНА: квота ДМЗИ исчерпана — все Load-дуги с доступным спросом идут на дороги с выбранным лимитом:
      · дорога КБШ, период 10: использовано 204 из 204 ваг.
      · дорога МСК, период 10: использовано 150 из 150 ваг.
      · дорога ПРВ, период 10: использовано 188 из 188 ваг.
      · дорога ЮВС, период 10: использовано 311 из 311 ваг.
      · дорога ЮУР, период 10: использовано 150 из 150 ваг.
  [s_idx  513] Галаба (Экспорт) | тип=БК | ЕТСНГ=015006 | period=10 | mass_unload=false | осталось 1 из 1 ваг.
    ПРИЧИНА: квота ДМЗИ исчерпана — все Load-дуги с доступным спросом идут на дороги с выбранным лимитом:
      · дорога КБШ, период 10: использовано 204 из 204 ваг.
      · дорога МСК, период 10: использовано 150 из 150 ваг.
      · дорога ПРВ, период 10: использовано 188 из 188 ваг.
      · дорога ЮВС, период 10: использовано 311 из 311 ваг.
  [s_idx  514] Новая Заимка | тип=БКТ | ЕТСНГ=542239 | period=10 | mass_unload=false | осталось 1 из 1 ваг.
    ПРИЧИНА: доступны только Wash-дуги (36 шт., мин. стоимость 165433 руб./ваг.). В модели Wash не имеет штрафа за незаполнение,
             а excess_supply бесплатный — отправка только увеличила бы obj, MIP корректно оставил вагоны в остатке.
  [s_idx  515] Беловодская | тип=Т | ЕТСНГ=011005 | period=10 | mass_unload=false | осталось 2 из 2 ваг.
    ПРИЧИНА: квота ДМЗИ исчерпана — все Load-дуги с доступным спросом идут на дороги с выбранным лимитом:
      · дорога КБШ, период 10: использовано 204 из 204 ваг.
      · дорога МСК, период 10: использовано 150 из 150 ваг.
      · дорога ПРВ, период 10: использовано 188 из 188 ваг.
      · дорога ЮВС, период 10: использовано 311 из 311 ваг.
      · дорога ЮУР, период 10: использовано 150 из 150 ваг.
  [s_idx  518] Ереван | тип=Т | ЕТСНГ=011005 | period=10 | mass_unload=false | осталось 3 из 3 ваг.
    ПРИЧИНА: квота ДМЗИ исчерпана — все Load-дуги с доступным спросом идут на дороги с выбранным лимитом:
      · дорога КБШ, период 10: использовано 204 из 204 ваг.
      · дорога МСК, период 10: использовано 150 из 150 ваг.
      · дорога ПРВ, период 10: использовано 188 из 188 ваг.
      · дорога ЮВС, период 10: использовано 311 из 311 ваг.
      · дорога ЮУР, период 10: использовано 150 из 150 ваг.
  [s_idx  521] Янгийул | тип=БК | ЕТСНГ=542050 | period=10 | mass_unload=false | осталось 1 из 1 ваг.
    ПРИЧИНА: квота ДМЗИ исчерпана — все Load-дуги с доступным спросом идут на дороги с выбранным лимитом:
      · дорога КБШ, период 10: использовано 204 из 204 ваг.
      · дорога МСК, период 10: использовано 150 из 150 ваг.
      · дорога ПРВ, период 10: использовано 188 из 188 ваг.
      · дорога ЮВС, период 10: использовано 311 из 311 ваг.
      · дорога ЮУР, период 10: использовано 150 из 150 ваг.
  [s_idx  522] Сургут | тип=БК | ЕТСНГ=542224 | period=10 | mass_unload=false | осталось 2 из 2 ваг.
    ПРИЧИНА: доступны только Wash-дуги (1 шт., мин. стоимость 709311 руб./ваг.). В модели Wash не имеет штрафа за незаполнение,
             а excess_supply бесплатный — отправка только увеличила бы obj, MIP корректно оставил вагоны в остатке.
  [s_idx  523] Хабаровск 1 | тип=БКТ | ЕТСНГ=— | period=10 | mass_unload=false | осталось 1 из 1 ваг.
    ПРИЧИНА: квота ДМЗИ исчерпана — все Load-дуги с доступным спросом идут на дороги с выбранным лимитом:
      · дорога КБШ, период 10: использовано 204 из 204 ваг.
      · дорога МСК, период 10: использовано 150 из 150 ваг.
      · дорога ПРВ, период 10: использовано 188 из 188 ваг.
      · дорога ЮВС, период 10: использовано 311 из 311 ваг.
      · дорога ЮУР, период 10: использовано 150 из 150 ваг.
  [s_idx  524] Астара (Экспорт) | тип=БК | ЕТСНГ=011005 | period=10 | mass_unload=false | осталось 2 из 2 ваг.
    ПРИЧИНА: квота ДМЗИ исчерпана — все Load-дуги с доступным спросом идут на дороги с выбранным лимитом:
      · дорога КБШ, период 10: использовано 204 из 204 ваг.
      · дорога МСК, период 10: использовано 150 из 150 ваг.
      · дорога ПРВ, период 10: использовано 188 из 188 ваг.
      · дорога ЮВС, период 10: использовано 311 из 311 ваг.
      · дорога ЮУР, период 10: использовано 150 из 150 ваг.
  [s_idx  526] Блюхер (Экспорт) | тип=БКТ | ЕТСНГ=— | period=10 | mass_unload=false | осталось 2 из 2 ваг.
    ПРИЧИНА: квота ДМЗИ исчерпана — все Load-дуги с доступным спросом идут на дороги с выбранным лимитом:
      · дорога КБШ, период 10: использовано 204 из 204 ваг.
      · дорога МСК, период 10: использовано 150 из 150 ваг.
      · дорога ПРВ, период 10: использовано 188 из 188 ваг.
      · дорога ЮВС, период 10: использовано 311 из 311 ваг.
      · дорога ЮУР, период 10: использовано 150 из 150 ваг.
  [s_idx  527] Красная Речка | тип=БК | ЕТСНГ=015006 | period=10 | mass_unload=false | осталось 1 из 1 ваг.
    ПРИЧИНА: квота ДМЗИ исчерпана — все Load-дуги с доступным спросом идут на дороги с выбранным лимитом:
      · дорога КБШ, период 10: использовано 204 из 204 ваг.
      · дорога МСК, период 10: использовано 150 из 150 ваг.
      · дорога ПРВ, период 10: использовано 188 из 188 ваг.
      · дорога ЮВС, период 10: использовано 311 из 311 ваг.
      · дорога ЮУР, период 10: использовано 150 из 150 ваг.
  [s_idx  528] Коченево | тип=БК | ЕТСНГ=542224 | period=10 | mass_unload=false | осталось 1 из 1 ваг.
    ПРИЧИНА: доступны только Wash-дуги (36 шт., мин. стоимость 84918 руб./ваг.). В модели Wash не имеет штрафа за незаполнение,
             а excess_supply бесплатный — отправка только увеличила бы obj, MIP корректно оставил вагоны в остатке.
  [s_idx  532] Невдубстрой | тип=БКТ | ЕТСНГ=542239 | period=10 | mass_unload=true | осталось 2 из 2 ваг.
    ПРИЧИНА: доступны только Wash-дуги (36 шт., мин. стоимость 82759 руб./ваг.). В модели Wash не имеет штрафа за незаполнение,
             а excess_supply бесплатный — отправка только увеличила бы obj, MIP корректно оставил вагоны в остатке.
  [s_idx  535] Рыбинск-Товарный | тип=БК | ЕТСНГ=542224 | period=10 | mass_unload=false | осталось 3 из 3 ваг.
    ПРИЧИНА: доступны только Wash-дуги (36 шт., мин. стоимость 124247 руб./ваг.). В модели Wash не имеет штрафа за незаполнение,
             а excess_supply бесплатный — отправка только увеличила бы obj, MIP корректно оставил вагоны в остатке.
  [s_idx  541] Ош | тип=Т | ЕТСНГ=014003 | period=10 | mass_unload=false | осталось 2 из 2 ваг.
    ПРИЧИНА: квота ДМЗИ исчерпана — все Load-дуги с доступным спросом идут на дороги с выбранным лимитом:
      · дорога КБШ, период 10: использовано 204 из 204 ваг.
      · дорога МСК, период 10: использовано 150 из 150 ваг.
      · дорога ПРВ, период 10: использовано 188 из 188 ваг.
      · дорога ЮВС, период 10: использовано 311 из 311 ваг.
      · дорога ЮУР, период 10: использовано 150 из 150 ваг.
  [s_idx  543] Лиепая (Экспорт) | тип=Т | ЕТСНГ=542239 | period=10 | mass_unload=true | осталось 1 из 1 ваг.
    ПРИЧИНА: квота ДМЗИ исчерпана — все Load-дуги с доступным спросом идут на дороги с выбранным лимитом:
      · дорога КБШ, период 10: использовано 204 из 204 ваг.
      · дорога МСК, период 10: использовано 150 из 150 ваг.
      · дорога ПРВ, период 10: использовано 188 из 188 ваг.
      · дорога ЮВС, период 10: использовано 311 из 311 ваг.
      · дорога ЮУР, период 10: использовано 150 из 150 ваг.
  [s_idx  545] Ереван | тип=БКТ | ЕТСНГ=011005 | period=10 | mass_unload=false | осталось 4 из 4 ваг.
    ПРИЧИНА: квота ДМЗИ исчерпана — все Load-дуги с доступным спросом идут на дороги с выбранным лимитом:
      · дорога КБШ, период 10: использовано 204 из 204 ваг.
      · дорога МСК, период 10: использовано 150 из 150 ваг.
      · дорога ПРВ, период 10: использовано 188 из 188 ваг.
      · дорога ЮВС, период 10: использовано 311 из 311 ваг.
      · дорога ЮУР, период 10: использовано 150 из 150 ваг.
  [s_idx  547] Выселки | тип=БК | ЕТСНГ=542224 | period=10 | mass_unload=false | осталось 1 из 1 ваг.
    ПРИЧИНА: доступны только Wash-дуги (36 шт., мин. стоимость 87719 руб./ваг.). В модели Wash не имеет штрафа за незаполнение,
             а excess_supply бесплатный — отправка только увеличила бы obj, MIP корректно оставил вагоны в остатке.
  [s_idx  552] Порт Оля (Экспорт) | тип=БК | ЕТСНГ=542239 | period=10 | mass_unload=false | осталось 1 из 1 ваг.
    ПРИЧИНА: доступны только Wash-дуги (36 шт., мин. стоимость 124679 руб./ваг.). В модели Wash не имеет штрафа за незаполнение,
             а excess_supply бесплатный — отправка только увеличила бы obj, MIP корректно оставил вагоны в остатке.
  [s_idx  553] Колышлей | тип=БК | ЕТСНГ=542224 | period=10 | mass_unload=false | осталось 2 из 2 ваг.
    ПРИЧИНА: доступны только Wash-дуги (36 шт., мин. стоимость 136886 руб./ваг.). В модели Wash не имеет штрафа за незаполнение,
             а excess_supply бесплатный — отправка только увеличила бы obj, MIP корректно оставил вагоны в остатке.
  [s_idx  554] Сендега | тип=БКТ | ЕТСНГ=542239 | period=10 | mass_unload=false | осталось 1 из 1 ваг.
    ПРИЧИНА: доступны только Wash-дуги (36 шт., мин. стоимость 118828 руб./ваг.). В модели Wash не имеет штрафа за незаполнение,
             а excess_supply бесплатный — отправка только увеличила бы obj, MIP корректно оставил вагоны в остатке.
  [s_idx  556] Гродеково (Экспорт на КЖД [Китай]) | тип=БКТ | ЕТСНГ=011005 | period=10 | mass_unload=false | осталось 1 из 1 ваг.
    ПРИЧИНА: квота ДМЗИ исчерпана — все Load-дуги с доступным спросом идут на дороги с выбранным лимитом:
      · дорога КБШ, период 10: использовано 204 из 204 ваг.
      · дорога МСК, период 10: использовано 150 из 150 ваг.
      · дорога ПРВ, период 10: использовано 188 из 188 ваг.
      · дорога ЮВС, период 10: использовано 311 из 311 ваг.
      · дорога ЮУР, период 10: использовано 150 из 150 ваг.
  [s_idx  557] Автово (Экспорт) | тип=БКТ | ЕТСНГ=434034 | period=10 | mass_unload=false | осталось 1 из 1 ваг.
    ПРИЧИНА: квота ДМЗИ исчерпана — все Load-дуги с доступным спросом идут на дороги с выбранным лимитом:
      · дорога КБШ, период 10: использовано 204 из 204 ваг.
      · дорога МСК, период 10: использовано 150 из 150 ваг.
      · дорога ПРВ, период 10: использовано 188 из 188 ваг.
      · дорога ЮВС, период 10: использовано 311 из 311 ваг.
      · дорога ЮУР, период 10: использовано 150 из 150 ваг.
  [s_idx  565] Базаиха | тип=Т | ЕТСНГ=542239 | period=10 | mass_unload=false | осталось 1 из 1 ваг.
    ПРИЧИНА: доступны только Wash-дуги (36 шт., мин. стоимость 84008 руб./ваг.). В модели Wash не имеет штрафа за незаполнение,
             а excess_supply бесплатный — отправка только увеличила бы obj, MIP корректно оставил вагоны в остатке.
  [s_idx  569] Гянджа | тип=Т | ЕТСНГ=011005 | period=10 | mass_unload=false | осталось 1 из 1 ваг.
    ПРИЧИНА: квота ДМЗИ исчерпана — все Load-дуги с доступным спросом идут на дороги с выбранным лимитом:
      · дорога КБШ, период 10: использовано 204 из 204 ваг.
      · дорога МСК, период 10: использовано 150 из 150 ваг.
      · дорога ПРВ, период 10: использовано 188 из 188 ваг.
      · дорога ЮВС, период 10: использовано 311 из 311 ваг.
      · дорога ЮУР, период 10: использовано 150 из 150 ваг.
  [s_idx  571] Беловодская | тип=БКТ | ЕТСНГ=011005 | period=10 | mass_unload=false | осталось 1 из 1 ваг.
    ПРИЧИНА: квота ДМЗИ исчерпана — все Load-дуги с доступным спросом идут на дороги с выбранным лимитом:
      · дорога КБШ, период 10: использовано 204 из 204 ваг.
      · дорога МСК, период 10: использовано 150 из 150 ваг.
      · дорога ПРВ, период 10: использовано 188 из 188 ваг.
      · дорога ЮВС, период 10: использовано 311 из 311 ваг.
      · дорога ЮУР, период 10: использовано 150 из 150 ваг.
  [s_idx  576] Копылово | тип=Т | ЕТСНГ=542224 | period=10 | mass_unload=false | осталось 1 из 1 ваг.
    ПРИЧИНА: квота ДМЗИ исчерпана — все Load-дуги с доступным спросом идут на дороги с выбранным лимитом:
      · дорога КБШ, период 10: использовано 204 из 204 ваг.
      · дорога МСК, период 10: использовано 150 из 150 ваг.
      · дорога ПРВ, период 10: использовано 188 из 188 ваг.
      · дорога ЮВС, период 10: использовано 311 из 311 ваг.
      · дорога ЮУР, период 10: использовано 150 из 150 ваг.
  [s_idx  577] Наушки (Экспорт АО «УБЖД»: участок Улаанбаатар (вкл.) и далее) | тип=Т | ЕТСНГ=011005 | period=10 | mass_unload=false | осталось 1 из 1 ваг.
    ПРИЧИНА: квота ДМЗИ исчерпана — все Load-дуги с доступным спросом идут на дороги с выбранным лимитом:
      · дорога КБШ, период 10: использовано 204 из 204 ваг.
      · дорога МСК, период 10: использовано 150 из 150 ваг.
      · дорога ПРВ, период 10: использовано 188 из 188 ваг.
      · дорога ЮВС, период 10: использовано 311 из 311 ваг.
      · дорога ЮУР, период 10: использовано 150 из 150 ваг.
  [s_idx  578] Глазов | тип=БК | ЕТСНГ=542239 | period=10 | mass_unload=false | осталось 1 из 1 ваг.
    ПРИЧИНА: доступны только Wash-дуги (36 шт., мин. стоимость 172301 руб./ваг.). В модели Wash не имеет штрафа за незаполнение,
             а excess_supply бесплатный — отправка только увеличила бы obj, MIP корректно оставил вагоны в остатке.
  [s_idx  579] Новая Заимка | тип=БК | ЕТСНГ=542239 | period=10 | mass_unload=false | осталось 1 из 1 ваг.
    ПРИЧИНА: доступны только Wash-дуги (36 шт., мин. стоимость 165433 руб./ваг.). В модели Wash не имеет штрафа за незаполнение,
             а excess_supply бесплатный — отправка только увеличила бы obj, MIP корректно оставил вагоны в остатке.
  [s_idx  586] Гродеково (Экспорт на КЖД [Китай]) | тип=БК | ЕТСНГ=011005 | period=10 | mass_unload=false | осталось 1 из 1 ваг.
    ПРИЧИНА: квота ДМЗИ исчерпана — все Load-дуги с доступным спросом идут на дороги с выбранным лимитом:
      · дорога КБШ, период 10: использовано 204 из 204 ваг.
      · дорога МСК, период 10: использовано 150 из 150 ваг.
      · дорога ПРВ, период 10: использовано 188 из 188 ваг.
      · дорога ЮВС, период 10: использовано 311 из 311 ваг.
      · дорога ЮУР, период 10: использовано 150 из 150 ваг.
  [s_idx  587] Менделеево | тип=БК | ЕТСНГ=542239 | period=10 | mass_unload=false | осталось 1 из 1 ваг.
    ПРИЧИНА: доступны только Wash-дуги (36 шт., мин. стоимость 170560 руб./ваг.). В модели Wash не имеет штрафа за незаполнение,
             а excess_supply бесплатный — отправка только увеличила бы obj, MIP корректно оставил вагоны в остатке.
  [s_idx  588] Помары | тип=БК | ЕТСНГ=542224 | period=10 | mass_unload=false | осталось 1 из 1 ваг.
    ПРИЧИНА: доступны только Wash-дуги (36 шт., мин. стоимость 159638 руб./ваг.). В модели Wash не имеет штрафа за незаполнение,
             а excess_supply бесплатный — отправка только увеличила бы obj, MIP корректно оставил вагоны в остатке.
  [s_idx  590] Спитамен | тип=БКТ | ЕТСНГ=542224 | period=10 | mass_unload=false | осталось 1 из 1 ваг.
    ПРИЧИНА: квота ДМЗИ исчерпана — все Load-дуги с доступным спросом идут на дороги с выбранным лимитом:
      · дорога КБШ, период 10: использовано 204 из 204 ваг.
      · дорога МСК, период 10: использовано 150 из 150 ваг.
      · дорога ПРВ, период 10: использовано 188 из 188 ваг.
      · дорога ЮВС, период 10: использовано 311 из 311 ваг.
      · дорога ЮУР, период 10: использовано 150 из 150 ваг.

  СВОДКА ПО ПРИЧИНАМ:
    квота ДМЗИ исчерпана                узлов: 157, вагонов: 4273
    нет допустимых дуг                  узлов:  12, вагонов:  110
    доступны только Wash-дуги           узлов:  48, вагонов:  166
---------------------------------
MIP нашёл глобальный оптимум (gap=0.0096%) — фаза ALNS пропущена.
--- ДИАГНОСТИКА UNMET DEMAND (1546 ваг. в 114 узлах) ---
  [d_idx    1] Пачелма (КБШ) | тип=Прочие | ЕТСНГ=011005 | период=1 | отправка=Повагонная | не закрыто 6 из 6 ваг.
    ПРИЧИНА: квота ДМЗИ исчерпана — все дуги со свободным предложением идут на дороги с выбранным лимитом:
      · дорога КБШ, период 10: использовано 204 из 204 ваг.
  [d_idx    2] Пачелма (КБШ) | тип=Прочие | ЕТСНГ=011005 | период=1 | отправка=Повагонная | не закрыто 10 из 10 ваг.
    ПРИЧИНА: квота ДМЗИ исчерпана — все дуги со свободным предложением идут на дороги с выбранным лимитом:
      · дорога КБШ, период 10: использовано 204 из 204 ваг.
  [d_idx    3] Заинск (КБШ) | тип=Прочие | ЕТСНГ=011005 | период=1 | отправка=Повагонная | не закрыто 24 из 24 ваг.
    ПРИЧИНА: квота ДМЗИ исчерпана — все дуги со свободным предложением идут на дороги с выбранным лимитом:
      · дорога КБШ, период 10: использовано 204 из 204 ваг.
  [d_idx    5] Лужки-Орловские (МСК) | тип=Прочие | ЕТСНГ=011005 | период=1 | отправка=Маршрутная | не закрыто 34 из 42 ваг.
    ПРИЧИНА: квота ДМЗИ исчерпана — все дуги со свободным предложением идут на дороги с выбранным лимитом:
      · дорога МСК, период 10: использовано 150 из 150 ваг.
  [d_idx    6] Блохино (МСК) | тип=Прочие | ЕТСНГ=542072 | период=1 | отправка=Повагонная | не закрыто 8 из 8 ваг.
    ПРИЧИНА: квота ДМЗИ исчерпана — все дуги со свободным предложением идут на дороги с выбранным лимитом:
      · дорога МСК, период 10: использовано 150 из 150 ваг.
  [d_idx    7] Нурлат (КБШ) | тип=Прочие | ЕТСНГ=011005 | период=1 | отправка=Повагонная | не закрыто 3 из 3 ваг.
    ПРИЧИНА: квота ДМЗИ исчерпана — все дуги со свободным предложением идут на дороги с выбранным лимитом:
      · дорога КБШ, период 10: использовано 204 из 204 ваг.
  [d_idx    9] Романовка (ЮВС) | тип=Прочие | ЕТСНГ=014003 | период=1 | отправка=Повагонная | не закрыто 8 из 8 ваг.
    ПРИЧИНА: квота ДМЗИ исчерпана — все дуги со свободным предложением идут на дороги с выбранным лимитом:
      · дорога ЮВС, период 10: использовано 311 из 311 ваг.
  [d_idx   11] Студенец (КБШ) | тип=Прочие | ЕТСНГ=011005 | период=1 | отправка=Повагонная | не закрыто 1 из 1 ваг.
    ПРИЧИНА: квота ДМЗИ исчерпана — все дуги со свободным предложением идут на дороги с выбранным лимитом:
      · дорога КБШ, период 10: использовано 204 из 204 ваг.
  [d_idx   13] Хомутово (МСК) | тип=Прочие | ЕТСНГ=011005 | период=1 | отправка=Повагонная | не закрыто 6 из 6 ваг.
    ПРИЧИНА: квота ДМЗИ исчерпана — все дуги со свободным предложением идут на дороги с выбранным лимитом:
      · дорога МСК, период 10: использовано 150 из 150 ваг.
  [d_idx   14] Асекеево (КБШ) | тип=Прочие | ЕТСНГ=011005 | период=1 | отправка=Повагонная | не закрыто 8 из 8 ваг.
    ПРИЧИНА: квота ДМЗИ исчерпана — все дуги со свободным предложением идут на дороги с выбранным лимитом:
      · дорога КБШ, период 10: использовано 204 из 204 ваг.
  [d_idx   16] Золотухино (МСК) | тип=Прочие | ЕТСНГ=014003 | период=1 | отправка=Повагонная | не закрыто 29 из 29 ваг.
    ПРИЧИНА: квота ДМЗИ исчерпана — все дуги со свободным предложением идут на дороги с выбранным лимитом:
      · дорога МСК, период 10: использовано 150 из 150 ваг.
  [d_idx   17] Земетчино (КБШ) | тип=Прочие | ЕТСНГ=542072 | период=1 | отправка=Повагонная | не закрыто 5 из 5 ваг.
    ПРИЧИНА: квота ДМЗИ исчерпана — все дуги со свободным предложением идут на дороги с выбранным лимитом:
      · дорога КБШ, период 10: использовано 204 из 204 ваг.
  [d_idx   18] Змиевка (МСК) | тип=Прочие | ЕТСНГ=018112 | период=1 | отправка=Повагонная | не закрыто 1 из 1 ваг.
    ПРИЧИНА: квота ДМЗИ исчерпана — все дуги со свободным предложением идут на дороги с выбранным лимитом:
      · дорога МСК, период 10: использовано 150 из 150 ваг.
  [d_idx   20] Белое Озеро (КБШ) | тип=Прочие | ЕТСНГ=011005 | период=1 | отправка=Повагонная | не закрыто 8 из 8 ваг.
    ПРИЧИНА: квота ДМЗИ исчерпана — все дуги со свободным предложением идут на дороги с выбранным лимитом:
      · дорога КБШ, период 10: использовано 204 из 204 ваг.
  [d_idx   23] Тоцкая (ЮУР) | тип=Прочие | ЕТСНГ=014003 | период=1 | отправка=Повагонная | не закрыто 4 из 4 ваг.
    ПРИЧИНА: квота ДМЗИ исчерпана — все дуги со свободным предложением идут на дороги с выбранным лимитом:
      · дорога ЮУР, период 10: использовано 150 из 150 ваг.
  [d_idx   24] Охотничья (КБШ) | тип=Прочие | ЕТСНГ=011005 | период=1 | отправка=Повагонная | не закрыто 2 из 14 ваг.
    ПРИЧИНА: квота ДМЗИ исчерпана — все дуги со свободным предложением идут на дороги с выбранным лимитом:
      · дорога КБШ, период 10: использовано 204 из 204 ваг.
  [d_idx   26] Кандры (КБШ) | тип=Прочие | ЕТСНГ=011005 | период=1 | отправка=Повагонная | не закрыто 3 из 3 ваг.
    ПРИЧИНА: квота ДМЗИ исчерпана — все дуги со свободным предложением идут на дороги с выбранным лимитом:
      · дорога КБШ, период 10: использовано 204 из 204 ваг.
  [d_idx   27] Бокино (ЮВС) | тип=Прочие | ЕТСНГ=011005 | период=2 | отправка=Маршрутная | не закрыто 43 из 43 ваг.
    ПРИЧИНА: квота ДМЗИ исчерпана — все дуги со свободным предложением идут на дороги с выбранным лимитом:
      · дорога ЮВС, период 10: использовано 311 из 311 ваг.
  [d_idx   32] Пачелма (КБШ) | тип=Прочие | ЕТСНГ=011005 | период=2 | отправка=Повагонная | не закрыто 10 из 10 ваг.
    ПРИЧИНА: квота ДМЗИ исчерпана — все дуги со свободным предложением идут на дороги с выбранным лимитом:
      · дорога КБШ, период 10: использовано 204 из 204 ваг.
  [d_idx   33] Пачелма (КБШ) | тип=Прочие | ЕТСНГ=011005 | период=2 | отправка=Повагонная | не закрыто 20 из 20 ваг.
    ПРИЧИНА: квота ДМЗИ исчерпана — все дуги со свободным предложением идут на дороги с выбранным лимитом:
      · дорога КБШ, период 10: использовано 204 из 204 ваг.
  [d_idx   36] Заинск (КБШ) | тип=Прочие | ЕТСНГ=011005 | период=2 | отправка=Повагонная | не закрыто 21 из 21 ваг.
    ПРИЧИНА: квота ДМЗИ исчерпана — все дуги со свободным предложением идут на дороги с выбранным лимитом:
      · дорога КБШ, период 10: использовано 204 из 204 ваг.
  [d_idx   39] Жердевка (ЮВС) | тип=Прочие | ЕТСНГ=011005 | период=2 | отправка=Повагонная | не закрыто 12 из 12 ваг.
    ПРИЧИНА: квота ДМЗИ исчерпана — все дуги со свободным предложением идут на дороги с выбранным лимитом:
      · дорога ЮВС, период 10: использовано 311 из 311 ваг.
  [d_idx   40] Обоянь (ЮВС) | тип=Прочие | ЕТСНГ=011005 | период=2 | отправка=Повагонная | не закрыто 9 из 9 ваг.
    ПРИЧИНА: квота ДМЗИ исчерпана — все дуги со свободным предложением идут на дороги с выбранным лимитом:
      · дорога ЮВС, период 10: использовано 311 из 311 ваг.
  [d_idx   41] Романовка (ЮВС) | тип=Прочие | ЕТСНГ=014003 | период=2 | отправка=Повагонная | не закрыто 2 из 2 ваг.
    ПРИЧИНА: квота ДМЗИ исчерпана — все дуги со свободным предложением идут на дороги с выбранным лимитом:
      · дорога ЮВС, период 10: использовано 311 из 311 ваг.
  [d_idx   43] Студенец (КБШ) | тип=Прочие | ЕТСНГ=011005 | период=2 | отправка=Повагонная | не закрыто 18 из 19 ваг.
    ПРИЧИНА: квота ДМЗИ исчерпана — все дуги со свободным предложением идут на дороги с выбранным лимитом:
      · дорога КБШ, период 10: использовано 204 из 204 ваг.
  [d_idx   45] Хомутово (МСК) | тип=Прочие | ЕТСНГ=011005 | период=2 | отправка=Повагонная | не закрыто 6 из 6 ваг.
    ПРИЧИНА: квота ДМЗИ исчерпана — все дуги со свободным предложением идут на дороги с выбранным лимитом:
      · дорога МСК, период 10: использовано 150 из 150 ваг.
  [d_idx   46] Асекеево (КБШ) | тип=Прочие | ЕТСНГ=011005 | период=2 | отправка=Повагонная | не закрыто 10 из 10 ваг.
    ПРИЧИНА: квота ДМЗИ исчерпана — все дуги со свободным предложением идут на дороги с выбранным лимитом:
      · дорога КБШ, период 10: использовано 204 из 204 ваг.
  [d_idx   48] Приютово (КБШ) | тип=БКТ | ЕТСНГ=011005 | период=2 | отправка=Повагонная | не закрыто 16 из 16 ваг.
    ПРИЧИНА: квота ДМЗИ исчерпана — все дуги со свободным предложением идут на дороги с выбранным лимитом:
      · дорога КБШ, период 10: использовано 204 из 204 ваг.
  [d_idx   56] Эртиль (ЮВС) | тип=Прочие | ЕТСНГ=542072 | период=2 | отправка=Повагонная | не закрыто 1 из 1 ваг.
    ПРИЧИНА: квота ДМЗИ исчерпана — все дуги со свободным предложением идут на дороги с выбранным лимитом:
      · дорога ЮВС, период 10: использовано 311 из 311 ваг.
  [d_idx   57] Воробьевка (ЮВС) | тип=Прочие | ЕТСНГ=011005 | период=2 | отправка=Повагонная | не закрыто 5 из 5 ваг.
    ПРИЧИНА: квота ДМЗИ исчерпана — все дуги со свободным предложением идут на дороги с выбранным лимитом:
      · дорога ЮВС, период 10: использовано 311 из 311 ваг.
  [d_idx   63] Измалково (МСК) | тип=БКТ | ЕТСНГ=011005 | период=2 | отправка=Групповая | не закрыто 22 из 24 ваг.
    ПРИЧИНА: квота ДМЗИ исчерпана — все дуги со свободным предложением идут на дороги с выбранным лимитом:
      · дорога МСК, период 10: использовано 150 из 150 ваг.
  [d_idx   68] Верда (КБШ) | тип=Прочие | ЕТСНГ=011005 | период=2 | отправка=Повагонная | не закрыто 9 из 26 ваг.
    ПРИЧИНА: квота ДМЗИ исчерпана — все дуги со свободным предложением идут на дороги с выбранным лимитом:
      · дорога КБШ, период 10: использовано 204 из 204 ваг.
  [d_idx   74] Тоцкая (ЮУР) | тип=Прочие | ЕТСНГ=014003 | период=2 | отправка=Повагонная | не закрыто 1 из 9 ваг.
    ПРИЧИНА: квота ДМЗИ исчерпана — все дуги со свободным предложением идут на дороги с выбранным лимитом:
      · дорога ЮУР, период 10: использовано 150 из 150 ваг.
  [d_idx   75] Охотничья (КБШ) | тип=Прочие | ЕТСНГ=011005 | период=2 | отправка=Повагонная | не закрыто 9 из 11 ваг.
    ПРИЧИНА: квота ДМЗИ исчерпана — все дуги со свободным предложением идут на дороги с выбранным лимитом:
      · дорога КБШ, период 10: использовано 204 из 204 ваг.
  [d_idx   76] Аллагуват (КБШ) | тип=Прочие | ЕТСНГ=014003 | период=2 | отправка=Повагонная | не закрыто 5 из 5 ваг.
    ПРИЧИНА: квота ДМЗИ исчерпана — все дуги со свободным предложением идут на дороги с выбранным лимитом:
      · дорога КБШ, период 10: использовано 204 из 204 ваг.
  [d_idx   79] Кандры (КБШ) | тип=Прочие | ЕТСНГ=011005 | период=2 | отправка=Повагонная | не закрыто 20 из 20 ваг.
    ПРИЧИНА: квота ДМЗИ исчерпана — все дуги со свободным предложением идут на дороги с выбранным лимитом:
      · дорога КБШ, период 10: использовано 204 из 204 ваг.
  [d_idx   80] Новоспасское (КБШ) | тип=Прочие | ЕТСНГ=011005 | период=3 | отправка=Повагонная | не закрыто 7 из 7 ваг.
    ПРИЧИНА: квота ДМЗИ исчерпана — все дуги со свободным предложением идут на дороги с выбранным лимитом:
      · дорога КБШ, период 10: использовано 204 из 204 ваг.
  [d_idx   83] Ефремов (МСК) | тип=Прочие | ЕТСНГ=011005 | период=3 | отправка=Повагонная | не закрыто 1 из 2 ваг.
    ПРИЧИНА: квота ДМЗИ исчерпана — все дуги со свободным предложением идут на дороги с выбранным лимитом:
      · дорога МСК, период 10: использовано 150 из 150 ваг.
  [d_idx   85] Пачелма (КБШ) | тип=Прочие | ЕТСНГ=011005 | период=3 | отправка=Повагонная | не закрыто 6 из 6 ваг.
    ПРИЧИНА: квота ДМЗИ исчерпана — все дуги со свободным предложением идут на дороги с выбранным лимитом:
      · дорога КБШ, период 10: использовано 204 из 204 ваг.
  [d_idx   86] Пачелма (КБШ) | тип=Прочие | ЕТСНГ=011005 | период=3 | отправка=Повагонная | не закрыто 13 из 14 ваг.
    ПРИЧИНА: квота ДМЗИ исчерпана — все дуги со свободным предложением идут на дороги с выбранным лимитом:
      · дорога КБШ, период 10: использовано 204 из 204 ваг.
  [d_idx   88] Заинск (КБШ) | тип=Прочие | ЕТСНГ=011005 | период=3 | отправка=Повагонная | не закрыто 5 из 14 ваг.
    ПРИЧИНА: квота ДМЗИ исчерпана — все дуги со свободным предложением идут на дороги с выбранным лимитом:
      · дорога КБШ, период 10: использовано 204 из 204 ваг.
  [d_idx   93] Жердевка (ЮВС) | тип=Прочие | ЕТСНГ=011005 | период=3 | отправка=Повагонная | не закрыто 10 из 10 ваг.
    ПРИЧИНА: квота ДМЗИ исчерпана — все дуги со свободным предложением идут на дороги с выбранным лимитом:
      · дорога ЮВС, период 10: использовано 311 из 311 ваг.
  [d_idx   94] Обоянь (ЮВС) | тип=Прочие | ЕТСНГ=011005 | период=3 | отправка=Повагонная | не закрыто 9 из 10 ваг.
    ПРИЧИНА: квота ДМЗИ исчерпана — все дуги со свободным предложением идут на дороги с выбранным лимитом:
      · дорога ЮВС, период 10: использовано 311 из 311 ваг.
  [d_idx   95] Улусарка (ЮВС) | тип=БКТ | ЕТСНГ=011005 | период=3 | отправка=Маршрутная | не закрыто 16 из 44 ваг.
    ПРИЧИНА: квота ДМЗИ исчерпана — все дуги со свободным предложением идут на дороги с выбранным лимитом:
      · дорога ЮВС, период 10: использовано 311 из 311 ваг.
  [d_idx  100] Асекеево (КБШ) | тип=БКТ | ЕТСНГ=011005 | период=3 | отправка=Повагонная | не закрыто 4 из 4 ваг.
    ПРИЧИНА: квота ДМЗИ исчерпана — все дуги со свободным предложением идут на дороги с выбранным лимитом:
      · дорога КБШ, период 10: использовано 204 из 204 ваг.
  [d_idx  101] Асекеево (КБШ) | тип=Прочие | ЕТСНГ=011005 | период=3 | отправка=Повагонная | не закрыто 10 из 10 ваг.
    ПРИЧИНА: квота ДМЗИ исчерпана — все дуги со свободным предложением идут на дороги с выбранным лимитом:
      · дорога КБШ, период 10: использовано 204 из 204 ваг.
  [d_idx  108] Приютово (КБШ) | тип=БКТ | ЕТСНГ=011005 | период=3 | отправка=Повагонная | не закрыто 10 из 10 ваг.
    ПРИЧИНА: квота ДМЗИ исчерпана — все дуги со свободным предложением идут на дороги с выбранным лимитом:
      · дорога КБШ, период 10: использовано 204 из 204 ваг.
  [d_idx  110] Добринка (ЮВС) | тип=Прочие | ЕТСНГ=011005 | период=3 | отправка=Повагонная | не закрыто 16 из 18 ваг.
    ПРИЧИНА: квота ДМЗИ исчерпана — все дуги со свободным предложением идут на дороги с выбранным лимитом:
      · дорога ЮВС, период 10: использовано 311 из 311 ваг.
  [d_idx  114] Телегино (ЮВС) | тип=Прочие | ЕТСНГ=011005 | период=3 | отправка=Повагонная | не закрыто 4 из 10 ваг.
    ПРИЧИНА: квота ДМЗИ исчерпана — все дуги со свободным предложением идут на дороги с выбранным лимитом:
      · дорога ЮВС, период 10: использовано 311 из 311 ваг.
  [d_idx  116] Эртиль (ЮВС) | тип=Прочие | ЕТСНГ=542072 | период=3 | отправка=Повагонная | не закрыто 5 из 5 ваг.
    ПРИЧИНА: квота ДМЗИ исчерпана — все дуги со свободным предложением идут на дороги с выбранным лимитом:
      · дорога ЮВС, период 10: использовано 311 из 311 ваг.
  [d_idx  117] Воробьевка (ЮВС) | тип=Прочие | ЕТСНГ=011005 | период=3 | отправка=Повагонная | не закрыто 3 из 10 ваг.
    ПРИЧИНА: квота ДМЗИ исчерпана — все дуги со свободным предложением идут на дороги с выбранным лимитом:
      · дорога ЮВС, период 10: использовано 311 из 311 ваг.
  [d_idx  118] Святославка (ЮВС) | тип=Прочие | ЕТСНГ=011005 | период=3 | отправка=Повагонная | не закрыто 4 из 4 ваг.
    ПРИЧИНА: квота ДМЗИ исчерпана — все дуги со свободным предложением идут на дороги с выбранным лимитом:
      · дорога ЮВС, период 10: использовано 311 из 311 ваг.
  [d_idx  122] Кривецкая (ЮВС) | тип=Прочие | ЕТСНГ=542072 | период=3 | отправка=Повагонная | не закрыто 19 из 20 ваг.
    ПРИЧИНА: квота ДМЗИ исчерпана — все дуги со свободным предложением идут на дороги с выбранным лимитом:
      · дорога ЮВС, период 10: использовано 311 из 311 ваг.
  [d_idx  123] Золотухино (МСК) | тип=Прочие | ЕТСНГ=011005 | период=3 | отправка=Повагонная | не закрыто 7 из 7 ваг.
    ПРИЧИНА: квота ДМЗИ исчерпана — все дуги со свободным предложением идут на дороги с выбранным лимитом:
      · дорога МСК, период 10: использовано 150 из 150 ваг.
  [d_idx  124] Земетчино (КБШ) | тип=Прочие | ЕТСНГ=542072 | период=3 | отправка=Повагонная | не закрыто 7 из 8 ваг.
    ПРИЧИНА: квота ДМЗИ исчерпана — все дуги со свободным предложением идут на дороги с выбранным лимитом:
      · дорога КБШ, период 10: использовано 204 из 204 ваг.
  [d_idx  132] Верда (КБШ) | тип=Прочие | ЕТСНГ=011005 | период=3 | отправка=Повагонная | не закрыто 2 из 8 ваг.
    ПРИЧИНА: квота ДМЗИ исчерпана — все дуги со свободным предложением идут на дороги с выбранным лимитом:
      · дорога КБШ, период 10: использовано 204 из 204 ваг.
  [d_idx  134] Сампур (ЮВС) | тип=Прочие | ЕТСНГ=014003 | период=3 | отправка=Повагонная | не закрыто 3 из 3 ваг.
    ПРИЧИНА: квота ДМЗИ исчерпана — все дуги со свободным предложением идут на дороги с выбранным лимитом:
      · дорога ЮВС, период 10: использовано 311 из 311 ваг.
  [d_idx  137] Платоновка (ЮВС) | тип=Прочие | ЕТСНГ=011005 | период=3 | отправка=Повагонная | не закрыто 5 из 5 ваг.
    ПРИЧИНА: квота ДМЗИ исчерпана — все дуги со свободным предложением идут на дороги с выбранным лимитом:
      · дорога ЮВС, период 10: использовано 311 из 311 ваг.
  [d_idx  143] Охотничья (КБШ) | тип=Прочие | ЕТСНГ=011005 | период=3 | отправка=Повагонная | не закрыто 7 из 11 ваг.
    ПРИЧИНА: квота ДМЗИ исчерпана — все дуги со свободным предложением идут на дороги с выбранным лимитом:
      · дорога КБШ, период 10: использовано 204 из 204 ваг.
  [d_idx  152] Новоспасское (КБШ) | тип=Прочие | ЕТСНГ=011005 | период=4 | отправка=Повагонная | не закрыто 19 из 19 ваг.
    ПРИЧИНА: квота ДМЗИ исчерпана — все дуги со свободным предложением идут на дороги с выбранным лимитом:
      · дорога КБШ, период 10: использовано 204 из 204 ваг.
  [d_idx  153] Новоспасское (КБШ) | тип=Прочие | ЕТСНГ=011005 | период=4 | отправка=Повагонная | не закрыто 16 из 16 ваг.
    ПРИЧИНА: квота ДМЗИ исчерпана — все дуги со свободным предложением идут на дороги с выбранным лимитом:
      · дорога КБШ, период 10: использовано 204 из 204 ваг.
  [d_idx  160] Ефремов (МСК) | тип=Прочие | ЕТСНГ=011005 | период=4 | отправка=Повагонная | не закрыто 4 из 4 ваг.
    ПРИЧИНА: квота ДМЗИ исчерпана — все дуги со свободным предложением идут на дороги с выбранным лимитом:
      · дорога МСК, период 10: использовано 150 из 150 ваг.
  [d_idx  163] Алтата (ПРВ) | тип=Прочие | ЕТСНГ=011005 | период=4 | отправка=Повагонная | не закрыто 7 из 7 ваг.
    ПРИЧИНА: квота ДМЗИ исчерпана — все дуги со свободным предложением идут на дороги с выбранным лимитом:
      · дорога ПРВ, период 10: использовано 188 из 188 ваг.
  [d_idx  164] Кротовка (КБШ) | тип=Прочие | ЕТСНГ=011005 | период=4 | отправка=Повагонная | не закрыто 15 из 20 ваг.
    ПРИЧИНА: квота ДМЗИ исчерпана — все дуги со свободным предложением идут на дороги с выбранным лимитом:
      · дорога КБШ, период 10: использовано 204 из 204 ваг.
  [d_idx  165] Кротовка (КБШ) | тип=Прочие | ЕТСНГ=014003 | период=4 | отправка=Повагонная | не закрыто 2 из 2 ваг.
    ПРИЧИНА: квота ДМЗИ исчерпана — все дуги со свободным предложением идут на дороги с выбранным лимитом:
      · дорога КБШ, период 10: использовано 204 из 204 ваг.
  [d_idx  166] Пачелма (КБШ) | тип=Прочие | ЕТСНГ=011005 | период=4 | отправка=Повагонная | не закрыто 20 из 21 ваг.
    ПРИЧИНА: квота ДМЗИ исчерпана — все дуги со свободным предложением идут на дороги с выбранным лимитом:
      · дорога КБШ, период 10: использовано 204 из 204 ваг.
  [d_idx  167] Пачелма (КБШ) | тип=Прочие | ЕТСНГ=011005 | период=4 | отправка=Повагонная | не закрыто 11 из 14 ваг.
    ПРИЧИНА: квота ДМЗИ исчерпана — все дуги со свободным предложением идут на дороги с выбранным лимитом:
      · дорога КБШ, период 10: использовано 204 из 204 ваг.
  [d_idx  169] Ряжск 1 (МСК) | тип=Прочие | ЕТСНГ=011005 | период=4 | отправка=Повагонная | не закрыто 12 из 14 ваг.
    ПРИЧИНА: квота ДМЗИ исчерпана — все дуги со свободным предложением идут на дороги с выбранным лимитом:
      · дорога МСК, период 10: использовано 150 из 150 ваг.
  [d_idx  170] Заинск (КБШ) | тип=Прочие | ЕТСНГ=011005 | период=4 | отправка=Повагонная | не закрыто 15 из 17 ваг.
    ПРИЧИНА: квота ДМЗИ исчерпана — все дуги со свободным предложением идут на дороги с выбранным лимитом:
      · дорога КБШ, период 10: использовано 204 из 204 ваг.
  [d_idx  181] Жердевка (ЮВС) | тип=Прочие | ЕТСНГ=011005 | период=4 | отправка=Повагонная | не закрыто 10 из 10 ваг.
    ПРИЧИНА: квота ДМЗИ исчерпана — все дуги со свободным предложением идут на дороги с выбранным лимитом:
      · дорога ЮВС, период 10: использовано 311 из 311 ваг.
  [d_idx  182] Обоянь (ЮВС) | тип=Прочие | ЕТСНГ=011005 | период=4 | отправка=Повагонная | не закрыто 36 из 36 ваг.
    ПРИЧИНА: квота ДМЗИ исчерпана — все дуги со свободным предложением идут на дороги с выбранным лимитом:
      · дорога ЮВС, период 10: использовано 311 из 311 ваг.
  [d_idx  183] Ржакса (ЮВС) | тип=Прочие | ЕТСНГ=011005 | период=4 | отправка=Повагонная | не закрыто 22 из 22 ваг.
    ПРИЧИНА: квота ДМЗИ исчерпана — все дуги со свободным предложением идут на дороги с выбранным лимитом:
      · дорога ЮВС, период 10: использовано 311 из 311 ваг.
  [d_idx  186] Улусарка (ЮВС) | тип=БКТ | ЕТСНГ=011005 | период=4 | отправка=Маршрутная | не закрыто 36 из 92 ваг.
    ПРИЧИНА: квота ДМЗИ исчерпана — все дуги со свободным предложением идут на дороги с выбранным лимитом:
      · дорога ЮВС, период 10: использовано 311 из 311 ваг.
  [d_idx  187] Елань-Камышинская (ЮВС) | тип=Прочие | ЕТСНГ=011005 | период=4 | отправка=Повагонная | не закрыто 28 из 50 ваг.
    ПРИЧИНА: квота ДМЗИ исчерпана — все дуги со свободным предложением идут на дороги с выбранным лимитом:
      · дорога ЮВС, период 10: использовано 311 из 311 ваг.
  [d_idx  191] Студенец (КБШ) | тип=Прочие | ЕТСНГ=011005 | период=4 | отправка=Повагонная | не закрыто 18 из 18 ваг.
    ПРИЧИНА: квота ДМЗИ исчерпана — все дуги со свободным предложением идут на дороги с выбранным лимитом:
      · дорога КБШ, период 10: использовано 204 из 204 ваг.
  [d_idx  196] Хомутово (МСК) | тип=Прочие | ЕТСНГ=011005 | период=4 | отправка=Повагонная | не закрыто 1 из 6 ваг.
    ПРИЧИНА: квота ДМЗИ исчерпана — все дуги со свободным предложением идут на дороги с выбранным лимитом:
      · дорога МСК, период 10: использовано 150 из 150 ваг.
  [d_idx  197] Асекеево (КБШ) | тип=БКТ | ЕТСНГ=011005 | период=4 | отправка=Повагонная | не закрыто 18 из 18 ваг.
    ПРИЧИНА: квота ДМЗИ исчерпана — все дуги со свободным предложением идут на дороги с выбранным лимитом:
      · дорога КБШ, период 10: использовано 204 из 204 ваг.
  [d_idx  199] Димитровград (КБШ) | тип=Прочие | ЕТСНГ=011005 | период=4 | отправка=Маршрутная | не закрыто 37 из 37 ваг.
    ПРИЧИНА: квота ДМЗИ исчерпана — все дуги со свободным предложением идут на дороги с выбранным лимитом:
      · дорога КБШ, период 10: использовано 204 из 204 ваг.
  [d_idx  200] Димитровград (КБШ) | тип=Прочие | ЕТСНГ=011005 | период=4 | отправка=Повагонная | не закрыто 8 из 8 ваг.
    ПРИЧИНА: квота ДМЗИ исчерпана — все дуги со свободным предложением идут на дороги с выбранным лимитом:
      · дорога КБШ, период 10: использовано 204 из 204 ваг.
  [d_idx  204] Верховье (МСК) | тип=Прочие | ЕТСНГ=011005 | период=4 | отправка=Повагонная | не закрыто 8 из 46 ваг.
    ПРИЧИНА: квота ДМЗИ исчерпана — все дуги со свободным предложением идут на дороги с выбранным лимитом:
      · дорога МСК, период 10: использовано 150 из 150 ваг.
  [d_idx  212] Приютово (КБШ) | тип=БКТ | ЕТСНГ=011005 | период=4 | отправка=Повагонная | не закрыто 20 из 20 ваг.
    ПРИЧИНА: квота ДМЗИ исчерпана — все дуги со свободным предложением идут на дороги с выбранным лимитом:
      · дорога КБШ, период 10: использовано 204 из 204 ваг.
  [d_idx  214] Приютово (КБШ) | тип=Прочие | ЕТСНГ=011005 | период=4 | отправка=Повагонная | не закрыто 5 из 7 ваг.
    ПРИЧИНА: квота ДМЗИ исчерпана — все дуги со свободным предложением идут на дороги с выбранным лимитом:
      · дорога КБШ, период 10: использовано 204 из 204 ваг.
  [d_idx  223] Добринка (ЮВС) | тип=Прочие | ЕТСНГ=011005 | период=4 | отправка=Повагонная | не закрыто 40 из 40 ваг.
    ПРИЧИНА: квота ДМЗИ исчерпана — все дуги со свободным предложением идут на дороги с выбранным лимитом:
      · дорога ЮВС, период 10: использовано 311 из 311 ваг.
  [d_idx  227] Раненбург (ЮВС) | тип=Прочие | ЕТСНГ=011005 | период=4 | отправка=Групповая | не закрыто 18 из 18 ваг.
    ПРИЧИНА: квота ДМЗИ исчерпана — все дуги со свободным предложением идут на дороги с выбранным лимитом:
      · дорога ЮВС, период 10: использовано 311 из 311 ваг.
  [d_idx  228] Раненбург (ЮВС) | тип=Прочие | ЕТСНГ=014003 | период=4 | отправка=Повагонная | не закрыто 2 из 2 ваг.
    ПРИЧИНА: квота ДМЗИ исчерпана — все дуги со свободным предложением идут на дороги с выбранным лимитом:
      · дорога ЮВС, период 10: использовано 311 из 311 ваг.
  [d_idx  229] Плавица (ЮВС) | тип=Прочие | ЕТСНГ=011005 | период=4 | отправка=Повагонная | не закрыто 22 из 27 ваг.
    ПРИЧИНА: квота ДМЗИ исчерпана — все дуги со свободным предложением идут на дороги с выбранным лимитом:
      · дорога ЮВС, период 10: использовано 311 из 311 ваг.
  [d_idx  234] Тамала (ЮВС) | тип=БКТ | ЕТСНГ=011005 | период=4 | отправка=Повагонная | не закрыто 30 из 30 ваг.
    ПРИЧИНА: квота ДМЗИ исчерпана — все дуги со свободным предложением идут на дороги с выбранным лимитом:
      · дорога ЮВС, период 10: использовано 311 из 311 ваг.
  [d_idx  237] Ялга (КБШ) | тип=Прочие | ЕТСНГ=018112 | период=4 | отправка=Повагонная | не закрыто 3 из 3 ваг.
    ПРИЧИНА: квота ДМЗИ исчерпана — все дуги со свободным предложением идут на дороги с выбранным лимитом:
      · дорога КБШ, период 10: использовано 204 из 204 ваг.
  [d_idx  238] Ялга (КБШ) | тип=Прочие | ЕТСНГ=018112 | период=4 | отправка=Повагонная | не закрыто 2 из 2 ваг.
    ПРИЧИНА: квота ДМЗИ исчерпана — все дуги со свободным предложением идут на дороги с выбранным лимитом:
      · дорога КБШ, период 10: использовано 204 из 204 ваг.
  [d_idx  241] Эртиль (ЮВС) | тип=Прочие | ЕТСНГ=542072 | период=4 | отправка=Повагонная | не закрыто 7 из 10 ваг.
    ПРИЧИНА: квота ДМЗИ исчерпана — все дуги со свободным предложением идут на дороги с выбранным лимитом:
      · дорога ЮВС, период 10: использовано 311 из 311 ваг.
  [d_idx  243] Воробьевка (ЮВС) | тип=Прочие | ЕТСНГ=011005 | период=4 | отправка=Повагонная | не закрыто 4 из 10 ваг.
    ПРИЧИНА: квота ДМЗИ исчерпана — все дуги со свободным предложением идут на дороги с выбранным лимитом:
      · дорога ЮВС, период 10: использовано 311 из 311 ваг.
  [d_idx  246] Святославка (ЮВС) | тип=Прочие | ЕТСНГ=011005 | период=4 | отправка=Повагонная | не закрыто 15 из 15 ваг.
    ПРИЧИНА: квота ДМЗИ исчерпана — все дуги со свободным предложением идут на дороги с выбранным лимитом:
      · дорога ЮВС, период 10: использовано 311 из 311 ваг.
  [d_idx  249] Красногвардеец (ЮУР) | тип=Прочие | ЕТСНГ=011005 | период=4 | отправка=Повагонная | не закрыто 1 из 2 ваг.
    ПРИЧИНА: квота ДМЗИ исчерпана — все дуги со свободным предложением идут на дороги с выбранным лимитом:
      · дорога ЮУР, период 10: использовано 150 из 150 ваг.
  [d_idx  252] Кривецкая (ЮВС) | тип=Прочие | ЕТСНГ=542072 | период=4 | отправка=Повагонная | не закрыто 7 из 20 ваг.
    ПРИЧИНА: квота ДМЗИ исчерпана — все дуги со свободным предложением идут на дороги с выбранным лимитом:
      · дорога ЮВС, период 10: использовано 311 из 311 ваг.
  [d_idx  254] Золотухино (МСК) | тип=Прочие | ЕТСНГ=011005 | период=4 | отправка=Повагонная | не закрыто 25 из 25 ваг.
    ПРИЧИНА: квота ДМЗИ исчерпана — все дуги со свободным предложением идут на дороги с выбранным лимитом:
      · дорога МСК, период 10: использовано 150 из 150 ваг.
  [d_idx  255] Золотухино (МСК) | тип=Прочие | ЕТСНГ=011005 | период=4 | отправка=Повагонная | не закрыто 23 из 30 ваг.
    ПРИЧИНА: квота ДМЗИ исчерпана — все дуги со свободным предложением идут на дороги с выбранным лимитом:
      · дорога МСК, период 10: использовано 150 из 150 ваг.
  [d_idx  263] Кораблино (МСК) | тип=Прочие | ЕТСНГ=011005 | период=4 | отправка=Повагонная | не закрыто 24 из 24 ваг.
    ПРИЧИНА: квота ДМЗИ исчерпана — все дуги со свободным предложением идут на дороги с выбранным лимитом:
      · дорога МСК, период 10: использовано 150 из 150 ваг.
  [d_idx  265] Ключики (КБШ) | тип=Прочие | ЕТСНГ=011005 | период=4 | отправка=Повагонная | не закрыто 1 из 1 ваг.
    ПРИЧИНА: квота ДМЗИ исчерпана — все дуги со свободным предложением идут на дороги с выбранным лимитом:
      · дорога КБШ, период 10: использовано 204 из 204 ваг.
  [d_idx  267] Обшаровка (КБШ) | тип=Прочие | ЕТСНГ=011005 | период=4 | отправка=Повагонная | не закрыто 11 из 19 ваг.
    ПРИЧИНА: квота ДМЗИ исчерпана — все дуги со свободным предложением идут на дороги с выбранным лимитом:
      · дорога КБШ, период 10: использовано 204 из 204 ваг.
  [d_idx  275] Верда (КБШ) | тип=Прочие | ЕТСНГ=011005 | период=4 | отправка=Повагонная | не закрыто 3 из 24 ваг.
    ПРИЧИНА: квота ДМЗИ исчерпана — все дуги со свободным предложением идут на дороги с выбранным лимитом:
      · дорога КБШ, период 10: использовано 204 из 204 ваг.
  [d_idx  277] Сампур (ЮВС) | тип=Прочие | ЕТСНГ=011005 | период=4 | отправка=Повагонная | не закрыто 20 из 20 ваг.
    ПРИЧИНА: квота ДМЗИ исчерпана — все дуги со свободным предложением идут на дороги с выбранным лимитом:
      · дорога ЮВС, период 10: использовано 311 из 311 ваг.
  [d_idx  280] Платоновка (ЮВС) | тип=Прочие | ЕТСНГ=011005 | период=4 | отправка=Повагонная | не закрыто 12 из 12 ваг.
    ПРИЧИНА: квота ДМЗИ исчерпана — все дуги со свободным предложением идут на дороги с выбранным лимитом:
      · дорога ЮВС, период 10: использовано 311 из 311 ваг.
  [d_idx  284] Алексиково (ПРВ) | тип=Прочие | ЕТСНГ=011005 | период=4 | отправка=Групповая | не закрыто 61 из 73 ваг.
    ПРИЧИНА: квота ДМЗИ исчерпана — все дуги со свободным предложением идут на дороги с выбранным лимитом:
      · дорога ПРВ, период 10: использовано 188 из 188 ваг.
  [d_idx  285] Удобрительная (МСК) | тип=Прочие | ЕТСНГ=011005 | период=4 | отправка=Маршрутная | не закрыто 31 из 42 ваг.
    ПРИЧИНА: квота ДМЗИ исчерпана — все дуги со свободным предложением идут на дороги с выбранным лимитом:
      · дорога МСК, период 10: использовано 150 из 150 ваг.
  [d_idx  293] Никифоровка (ЮВС) | тип=Прочие | ЕТСНГ=011005 | период=4 | отправка=Повагонная | не закрыто 6 из 6 ваг.
    ПРИЧИНА: квота ДМЗИ исчерпана — все дуги со свободным предложением идут на дороги с выбранным лимитом:
      · дорога ЮВС, период 10: использовано 311 из 311 ваг.
  [d_idx  296] Кирсанов (ЮВС) | тип=Прочие | ЕТСНГ=011005 | период=4 | отправка=Повагонная | не закрыто 43 из 43 ваг.
    ПРИЧИНА: квота ДМЗИ исчерпана — все дуги со свободным предложением идут на дороги с выбранным лимитом:
      · дорога ЮВС, период 10: использовано 311 из 311 ваг.
  [d_idx  298] Пугачевск (ПРВ) | тип=Прочие | ЕТСНГ=011005 | период=4 | отправка=Повагонная | не закрыто 14 из 23 ваг.
    ПРИЧИНА: квота ДМЗИ исчерпана — все дуги со свободным предложением идут на дороги с выбранным лимитом:
      · дорога ПРВ, период 10: использовано 188 из 188 ваг.
  [d_idx  302] Охотничья (КБШ) | тип=Прочие | ЕТСНГ=011005 | период=4 | отправка=Повагонная | не закрыто 20 из 20 ваг.
    ПРИЧИНА: квота ДМЗИ исчерпана — все дуги со свободным предложением идут на дороги с выбранным лимитом:
      · дорога КБШ, период 10: использовано 204 из 204 ваг.
  [d_idx  303] Охотничья (КБШ) | тип=Прочие | ЕТСНГ=011005 | период=4 | отправка=Повагонная | не закрыто 21 из 22 ваг.
    ПРИЧИНА: квота ДМЗИ исчерпана — все дуги со свободным предложением идут на дороги с выбранным лимитом:
      · дорога КБШ, период 10: использовано 204 из 204 ваг.
  [d_idx  304] Охотничья (КБШ) | тип=Прочие | ЕТСНГ=021100 | период=4 | отправка=Повагонная | не закрыто 7 из 7 ваг.
    ПРИЧИНА: квота ДМЗИ исчерпана — все дуги со свободным предложением идут на дороги с выбранным лимитом:
      · дорога КБШ, период 10: использовано 204 из 204 ваг.
  [d_idx  305] Избердей (ЮВС) | тип=Прочие | ЕТСНГ=011005 | период=4 | отправка=Маршрутная | не закрыто 34 из 42 ваг.
    ПРИЧИНА: квота ДМЗИ исчерпана — все дуги со свободным предложением идут на дороги с выбранным лимитом:
      · дорога ЮВС, период 10: использовано 311 из 311 ваг.
  [d_idx  306] Избердей (ЮВС) | тип=Прочие | ЕТСНГ=011005 | период=4 | отправка=Маршрутная | не закрыто 94 из 94 ваг.
    ПРИЧИНА: квота ДМЗИ исчерпана — все дуги со свободным предложением идут на дороги с выбранным лимитом:
      · дорога ЮВС, период 10: использовано 311 из 311 ваг.
  [d_idx  315] Петровск-Саратовский (ПРВ) | тип=Прочие | ЕТСНГ=011005 | период=4 | отправка=Повагонная | не закрыто 4 из 4 ваг.
    ПРИЧИНА: квота ДМЗИ исчерпана — все дуги со свободным предложением идут на дороги с выбранным лимитом:
      · дорога ПРВ, период 10: использовано 188 из 188 ваг.
  [d_idx  316] Кандры (КБШ) | тип=Прочие | ЕТСНГ=011005 | период=4 | отправка=Повагонная | не закрыто 1 из 8 ваг.
    ПРИЧИНА: квота ДМЗИ исчерпана — все дуги со свободным предложением идут на дороги с выбранным лимитом:
      · дорога КБШ, период 10: использовано 204 из 204 ваг.

  СВОДКА ПО ПРИЧИНАМ:
    квота ДМЗИ исчерпана (инфраструктура)  узлов: 114, вагонов: 1546

  ЗАКРЫВАЕМОСТЬ (по реальному связывающему ограничению):
    структурно недостижимо (нет дуг):             0 ваг.  — нужны новые тарифы / смягчение жёстких фильтров
    упёрто в квоту ДМЗИ (инфраструктура):       1546 ваг.  — поможет только повышение квоты на дороге
    держит MIN_BATCH (квота ДМЗИ ещё есть):        0 ваг.  — поможет смягчение партии (middle 0 / масс. 0 / маршр. 0)
    прочее (конкуренция / экономика штрафа):       0 ваг.
--------------------------------
--- УТИЛИЗАЦИЯ КВОТ ДМЗИ ---
  ВСБ  период  1:    0 из    5 ваг.
  ВСБ  период 10:    0 из    1 ваг.
  ГОР  период  1:    0 из  345 ваг.
  ГОР  период 10:   76 из   80 ваг.
  ЗАБ  период  1:    0 из   25 ваг.
  ЗАБ  период 10:    0 из    5 ваг.
  ЗСБ  период  1:  252 из  725 ваг.
  ЗСБ  период 10:  154 из  154 ваг.
  КБШ  период  1:  141 из 1017 ваг.
  КБШ  период 10:  204 из  204 ваг.
  КРС  период  1:    0 из    5 ваг.
  КРС  период 10:    0 из    1 ваг.
  МСК  период  1:  191 из  679 ваг.
  МСК  период 10:  150 из  150 ваг.
  ОКТ  период  1:    0 из  317 ваг.
  ОКТ  период 10:    0 из   65 ваг.
  ПРВ  период  1:   87 из  939 ваг.
  ПРВ  период 10:  188 из  188 ваг.
  СВР  период  1:    0 из  566 ваг.
  СВР  период 10:   36 из  117 ваг.
  СЕВ  период  1:    0 из   75 ваг.
  СЕВ  период 10:    2 из   15 ваг.
  ЮВС  период  1:  159 из 1539 ваг.
  ЮВС  период 10:  311 из  311 ваг.
  ЮУР  период  1:   59 из  742 ваг.
  ЮУР  период 10:  150 из  150 ваг.
----------------------------
Тарифов до отстоя:           2794 (станций излишка 83, станций отстоя 42)
В отстой: 1354 из 4549 ваг. излишка → 42 станций отстоя, тариф 52802652 руб.; не размещено 3195 ваг. (нет тарифа / ёмкость исчерпана)
Тарифов до путей погрузки:   1850 (станций излишка 31, станций погрузки 77)
На пути погрузки: 3086 из 3195 ваг. остатка → 44 станций (≥5 ваг./станция), тариф 206512807 руб.; не размещено 109 ваг.
Баланс отчёта оптимизации:   OK (7222 ваг. в записях = 7222 ваг. предложения)
Записей в отчёте (Excel):    1030 (932 оптим. + 41 по факту + 57 в ремонт) / 7485 вагонов
  → в POST АПИ (период 1):   308 записей / 1009 вагонов
  → исключено (предл. 10, дислокация): 722 записей / 6476 вагонов
Чекпоинт сохранён:           tmp/checkpoint_2026-09-03_12-18-50.xlsx

======= РЕЗУЛЬТАТЫ ОПТИМИЗАЦИИ =======
Статус решателя:      MIP Optimal (gap=0.010%)
Назначено вагонов:    2673
Избыток предложения:  4549 ваг. (dummy-спрос)
  остаток по периодам предложения: p1=37 p10=4512 прочие=0
  из них в отстой (этап 2): 1354 ваг.
  из них на пути погрузки (этап 3): 3086 ваг.
Неудовл. спрос:       1546 ваг. (dummy-предложение)
Суммарная стоимость:  107157723 руб.
======================================

Результат сохранён:          tmp/result_20260903_121850.json
[SUCCESS] railoptim завершил работу успешно.
