[Чт 17 сен 2026 18:59:19 MSK] Запуск: /home/atretyakov/railoptim/app/bin/railoptim (env=prod, MIP_WARM_START=on, INCLUDE_PERIOD10=off)
stations_geo: 19494 записей, data/stations/stations_geo.sqlite (baltic=671, china_mongolia=339, cis=6263, ru=11848, south_caucasus=373)
Получено узлов спроса (погрузка): 426 или 6134 вагонов
Бизнес-правила (business_rules.json): потолок подсыла 6000 км; инотерриторий 21 (исключений 3); дефицитных дорог 6 (вывоз ≤ 300 км, надбавка 30000 руб.); проверка ГУ-12 вкл.; загруженность станций (правило 4) закрытие при Q ≥ 5×C, очередь ≤ 1×C без ожидания, штраф ожидания 5000 руб./сут.; конвенции РЖД (правило 5) вкл.; грязный под свой груз (правило 6): промывочный маршрут +10000+40000 руб., потолок ≤ 1.00 × промывочного маршрута, поощрение 0.50 × (тариф до промывки + промывка); ремонт (правило 7): 15 сут. / инотерритория 45 сут.; иномойка (правило 8): 21 дорог образования, капризных 1 (надбавка 30000 руб. при предложении > 1.20 × спроса); поправка периода 1 по расстоянию: выкл. (режим --day1: без периода 10 не применяется)
Конвенции (правило 5, conv-redis): 127.0.0.1:6379/0 HASH `telegrams_db` — 67 записей в Redis, в сервис взято 8 действующих → data/conventions_from_redis.json
  в HASH не взяты (истёкшие/вне горизонта/без дат, в память не кладём): истекло 53, ещё не началось 0, без дат 0; битый JSON 0
  отброшено из действующих по дате: класс Others/ошибка 6, только КЗХ 0, нечем матчить 0
  действующих: 8 (Empty 2, All 5, Grain 1; из них промывка/ремонт/отстой 0)
    · №19412 All | назн.ЕСР 207603,207406,207302,206507,206704 | все получатели | 2026-09-01…2026-12-31 | все грузы
    · №19692 All | назн.ЕСР 434231,434301,434405,436203 | все получатели | 2026-09-01…2026-09-30 | все грузы
    · №20514 Grain | назн.ЕСР 521001,520901 | по ОКПО/имени | 2026-09-13…2026-10-12 | пшеница
    · №27638 Empty | назн.дороги УЗБ | все получатели | 2025-11-11…3000-01-01 | Порожние вагоны
    · №4810 All | назн.ЕСР 436701 | все получатели | 2026-03-05…3000-01-01 | все грузы
    · №4811 Empty | назн.ЕСР 434208,434104 | все получатели | 2026-03-05…3000-01-01 | Порожние вагоны
    · №7659 All | назн.ЕСР 436701 | все получатели | 2026-04-06…2026-09-30 | все грузы
    · №7660 All | назн.ЕСР 434208,434104 | все получатели | 2026-04-06…2026-09-30 | все грузы
  индекс: 8 правил; ЕСР погрузки 12, ЕСР назн.груза 14, dest-дороги 1, dep-дороги 0, dep-ЕСР 0, пары dep→dest 0; все получатели 7, с ОКПО/именем 1; без ключей 0
  ЕСР погрузки (Empty/All): 206507, 206704, 207302, 207406, 207603, 434104, 434208, 434231, 434301, 434405, 436203, 436701
  ЕСР назн.груза (Grain/All): 206507, 206704, 207302, 207406, 207603, 434104, 434208, 434231, 434301, 434405, 436203, 436701, 520901, 521001
  dest-дороги: УЗБ
Дороги-инотерритории для ГУ-12 (ForeignRailways): 21
GU12_STATS={"periods": ["0:4", "5:7", "8:9", "10:14"], "rows": 905, "stations": 277, "rows_without_okpo": 62, "cars_by_period": [8203, 5047, 2964, 6034]}
Спрос с учётом ГУ-12 (правило 3): 334 узлов или 4072 вагонов (было 426 / 6134)
  заявок ГУ-12 согласованных: 905 строк / 277 станций (на станциях без спроса: 402)
  по периодам 1..4, ваг.: было [1347, 1470, 1040, 2277] → стало [1131, 834, 599, 1508]
  сопоставлено узлов: по ОКПО 351, по имени грузоотправителя 0, пропорционально по станции 8
  урезано до ГУ-12: 89 узлов / −961 ваг.; без заявки ГУ-12 (исключены): 92 узлов / 1101 ваг.; инотерритория (без проверки): 48 узлов / 560 ваг.
Получено узлов предложения 1 сут.:  249 или 1072 вагонов
Дислокация 2-10 сут. (период 10): пропущена (INCLUDE_PERIOD10=off) — оптимизация только по вагонам 1-х суток
Получено узлов предложения всего:  249 или 1072 вагонов
  свободных для назначения:  171 или 939 вагонов
  требуют ремонта (В ремонт):28 или 35 вагонов
  по факту (Assigned):       50 или 98 вагонов
Дороги иномойки (правило 8, ForeignWashedRoads): 21
Коды «уже промыт/ремонт» (WashedEmptyEtsngCodes): 2
Ban-list чужих владельцев отстоя (reserve_owners.json): 4 пар (станция+ОКПО)
Узлов спроса (промывка):     36 или мощность в период 5 суток 2795 вагонов
  предложений с ЕТСНГ из списка промывки: 15 вагонов (освобождены по правилу 8 / иномойка: 30; из них есть узел погрузки с тем же ЕТСНГ на любой станции — альтернатива промывке по спросу: 15 вагонов)
Получено тарифов:            13720
Загружено ремонтных станций: 102
Тарифов до ремонтных ст.:    1929
Тарифов до промывки (с надбавкой 10000+40000=50000 руб.): 238
Ограничения ДМЗИ:            14 дорог (98 записей Ostatok)
  ВСБ  период 1 ≤    4, период 10 ≤    6 ваг.
  ГОР  период 1 ≤  373, период 10 ≤  533 ваг.
  ЗАБ  период 1 ≤   25, период 10 ≤   35 ваг.
  ЗСБ  период 1 ≤  833, период 10 ≤ 1167 ваг.
  КБШ  период 1 ≤  934, период 10 ≤ 1342 ваг.
  КРС  период 1 ≤   10, период 10 ≤   14 ваг.
  МСК  период 1 ≤  748, период 10 ≤ 1048 ваг.
  ОКТ  период 1 ≤  311, период 10 ≤  441 ваг.
  ПРВ  период 1 ≤ 1009, период 10 ≤ 1439 ваг.
  СВР  период 1 ≤  537, период 10 ≤  771 ваг.
  СЕВ  период 1 ≤   75, период 10 ≤  105 ваг.
  СКВ  период 1 ≤  335, период 10 ≤  469 ваг.
  ЮВС  период 1 ≤ 1428, период 10 ≤ 2050 ваг.
  ЮУР  период 1 ≤  690, период 10 ≤  990 ваг.
БД отстоя обновлена:         получено 21 / записано 21 / без etran_id 0
Узлы отстоя (резервы):       80 узлов / ёмкость 2387 ваг. (записей в БД 220, дублей 0, отфильтровано 140, чужих по ban-list 454)
FREE_LOADROADS_STATS={"date_from": "2026-03-17", "date_to": "2026-09-17", "load_station_codes": 495, "cars_on_station_rows": 1905, "cars_total": 78768}
Свободные ёмкости путей:     104 крупных станций -> data/load_stations_free_capacity.json
Загруженность станций (правило 4): мощность известна у 710 станций справочника; станций спроса 138, проверено 111, без мощности 27
  закрыто станций: 6 (19 узлов / 215 ваг. спроса); с очередью (ожидание подсыла): 33; станций с несколькими грузоотправителями: 18; грузоотправителей с разным CarsOnStation по узлам: 27
    · закрыта Выселки (СКВ): на станции 47 ваг., мощность 6 ваг./сут. (7.8 сут. работы)
    · закрыта Руденск (БЕЛ): на станции 71 ваг., мощность 10 ваг./сут. (7.1 сут. работы)
    · закрыта Ольха (ЮВС): на станции 43 ваг., мощность 7 ваг./сут. (6.1 сут. работы)
    · закрыта Озинки (ПРВ): на станции 60 ваг., мощность 10 ваг./сут. (6.0 сут. работы)
    · закрыта Саханская (МСК): на станции 16 ваг., мощность 3 ваг./сут. (5.3 сут. работы)
    · закрыта Сасово (МСК): на станции 42 ваг., мощность 8 ваг./сут. (5.2 сут. работы)
    · очередь Красногвардеец (ЮУР): на станции 48 ваг., мощность 11 ваг./сут. — подсыл не раньше 4-х суток
    · очередь Алексиково (ПРВ): на станции 85 ваг., мощность 42 ваг./сут. — подсыл не раньше 2-х суток
    · очередь Кубанская (СКВ): на станции 48 ваг., мощность 20 ваг./сут. — подсыл не раньше 2-х суток
    · очередь Верховье (МСК): на станции 46 ваг., мощность 21 ваг./сут. — подсыл не раньше 2-х суток
    · очередь Чернышков (ПРВ): на станции 43 ваг., мощность 20 ваг./сут. — подсыл не раньше 2-х суток
    · очередь Кантемировка (ЮВС): на станции 38 ваг., мощность 16 ваг./сут. — подсыл не раньше 2-х суток
    · очередь Мальчевская (СКВ): на станции 29 ваг., мощность 10 ваг./сут. — подсыл не раньше 2-х суток
    · очередь Янаул (ГОР): на станции 26 ваг., мощность 11 ваг./сут. — подсыл не раньше 2-х суток
    · очередь Оренбург (ЮУР): на станции 23 ваг., мощность 11 ваг./сут. — подсыл не раньше 2-х суток
    · очередь Удобрительная (МСК): на станции 77 ваг., мощность 50 ваг./сут. — подсыл не раньше 1-х суток
    · ...ещё 23 станций с очередью
Всего пар supply×demand:     63270
  без тарифа:                        6544 (10.3%)
  нарушение срока (жёстко):          0 (0.0%)
  несовм. тип вагона:                777 (1.2%)
  грязный вагон → чужой ЕТСНГ (правило 6): 3231 (5.1%)
  грязный: погрузка дороже промывочного маршрута → в промывку (правило 6): 1 (0.0%)
  погрузка дальше потолка расстояния (6000 км): 1368 (2.2%)
  инотерритория (правило 1):           4111 (6.5%)
  вывоз с дефицитной дороги (правило 2): 8254 (13.0%)
  станция закрыта очередью (правило 4): 1521 (2.4%)
  конвенция РЖД (правило 5):           0 (0.0%)
  допустимых дуг с надбавкой по правилам: 615 (1.0%)
  допустимых дуг с ожиданием в очереди станции (правило 4): 7 (0.0%)
  допустимых дуг «грязный → свой груз» с поощрением (правило 6): 25 (0.0%), в среднем 15448 руб./дугу
  допустимых дуг со штрафом за срок:   22110 (34.9%)
  допустимых дуг всего в LP:      37463 (59.2%)
Ограничения партии (MIN_BATCH): массовая выгрузка — 2462 дуг / 228 пар; средние станции — 16369 дуг / 1523 пар (станций образования: 21, погрузки: 84)
  маршрутные отправки (B=10): 944 дуг / 85 пар (станций образования: 22, маршрутных станций погрузки: 4)
--- АНАЛИЗ РЕСУРСОВ ---
Предложение: 939 ваг.
Спрос (погрузка): 4072 ваг.
Ёмкость промывки (верх): 2795 ваг.
Статус: ДЕФИЦИТ  (3133 ваг. — штрафные дуги)
-----------------------
Штраф за остаток грязных вагонов (дефицит): 150000 руб./ваг. вместо 5000 — узлов 10, вагонов 15 (промывка выгоднее отстоя)
--- ЖАДНОЕ РЕШЕНИЕ ---
Назначений:            261 шт.
Назначено вагонов:     938 / 4072 спрос (погрузка), 939 предложение
Суммарная стоимость:   39196279.02 руб.
Неудовлетворён спрос:  3145 ваг.
Избыток предложения:   1 ваг.
Покрытие спроса (погр.): 23.0%
----------------------
MIP warm-start: ON (greedy) (управляется env MIP_WARM_START={on|off}, по умолч. on)
--- MIP РЕШЕНИЕ ---
Статус:                MIP Optimal (gap=0.000%)
Назначено вагонов:     939 / 4072 спрос (погрузка), 939 предложение
Суммарная стоимость:   38946972.39 руб.
Неудовлетворён спрос:  3144 ваг.
Избыток предложения:   -0 ваг.
Покрытие спроса (погр.): 23.1%
-------------------
MIP время: 2.79 сек (warm-start: ON)
MIP диагностика: status=Optimal, gap=0.0000%, undist=3144 (unmet=3144, excess=0), real_cost=38946972.39
MIP vs greedy:   greedy undist=3146 (unmet=3145, excess=1), real_cost=39196279.02  →  Δundist=-2, Δcost=-249306.63
  ВНИМАНИЕ: MIP не закрыл 3144 ваг. спроса на погрузку (unmet > 0). Возможные причины:
           (а) PENALTY_UNMET ниже стоимости единственно допустимых плеч,
           (б) HiGHS остановился по rel_gap до закрытия всего спроса.
MIP нашёл глобальный оптимум (gap=0.0000%) — фаза ALNS пропущена.
--- ДИАГНОСТИКА UNMET DEMAND (3144 ваг. в 270 узлах) ---
  [d_idx    0] Балаково (ПРВ) | тип=Прочие | ЕТСНГ=542239 | период=1 | отправка=Повагонная | не закрыто 14 из 17 ваг.
    ПРИЧИНА: дуги есть (129 шт.), но все совместимые узлы предложения исчерпаны — вагоны ушли на другие заявки (конкуренция за предложение).
  [d_idx    2] Жердевка (ЮВС) | тип=Прочие | ЕТСНГ=014003 | период=1 | отправка=Повагонная | не закрыто 21 из 21 ваг.
    ПРИЧИНА: дуги есть (122 шт.), но все совместимые узлы предложения исчерпаны — вагоны ушли на другие заявки (конкуренция за предложение).
  [d_idx    3] Обоянь (ЮВС) | тип=Прочие | ЕТСНГ=011005 | период=1 | отправка=Повагонная | не закрыто 6 из 6 ваг.
    ПРИЧИНА: дуги есть (123 шт.), но все совместимые узлы предложения исчерпаны — вагоны ушли на другие заявки (конкуренция за предложение).
  [d_idx    4] Ржакса (ЮВС) | тип=Прочие | ЕТСНГ=011005 | период=1 | отправка=Повагонная | не закрыто 5 из 5 ваг.
    ПРИЧИНА: дуги есть (118 шт.), но все совместимые узлы предложения исчерпаны — вагоны ушли на другие заявки (конкуренция за предложение).
  [d_idx    6] Кшень (МСК) | тип=Прочие | ЕТСНГ=542072 | период=1 | отправка=Повагонная | не закрыто 20 из 20 ваг.
    ПРИЧИНА: дуги есть (133 шт.), но все совместимые узлы предложения исчерпаны — вагоны ушли на другие заявки (конкуренция за предложение).
  [d_idx    7] Елань-Камышинская (ЮВС) | тип=Прочие | ЕТСНГ=011005 | период=1 | отправка=Повагонная | не закрыто 1 из 1 ваг.
    ПРИЧИНА: дуги есть (122 шт.), но все совместимые узлы предложения исчерпаны — вагоны ушли на другие заявки (конкуренция за предложение).
  [d_idx    8] Янаул (ГОР) | тип=Прочие | ЕТСНГ=011005 | период=1 | отправка=Повагонная | не закрыто 2 из 2 ваг.
    ПРИЧИНА: дуги есть (122 шт.), но все совместимые узлы предложения исчерпаны — вагоны ушли на другие заявки (конкуренция за предложение).
  [d_idx    9] Янаул (ГОР) | тип=Прочие | ЕТСНГ=011005 | период=1 | отправка=Повагонная | не закрыто 4 из 4 ваг.
    ПРИЧИНА: дуги есть (122 шт.), но все совместимые узлы предложения исчерпаны — вагоны ушли на другие заявки (конкуренция за предложение).
  [d_idx   10] Теренсай (ЮУР) | тип=Прочие | ЕТСНГ=011005 | период=1 | отправка=Повагонная | не закрыто 1 из 1 ваг.
    ПРИЧИНА: дуги есть (124 шт.), но все совместимые узлы предложения исчерпаны — вагоны ушли на другие заявки (конкуренция за предложение).
  [d_idx   11] Вернадовка (КБШ) | тип=Прочие | ЕТСНГ=011005 | период=1 | отправка=Повагонная | не закрыто 15 из 15 ваг.
    ПРИЧИНА: дуги есть (124 шт.), но все совместимые узлы предложения исчерпаны — вагоны ушли на другие заявки (конкуренция за предложение).
  [d_idx   12] Асекеево (КБШ) | тип=Прочие | ЕТСНГ=011005 | период=1 | отправка=Повагонная | не закрыто 6 из 6 ваг.
    ПРИЧИНА: дуги есть (128 шт.), но все совместимые узлы предложения исчерпаны — вагоны ушли на другие заявки (конкуренция за предложение).
  [d_idx   13] Буздяк (КБШ) | тип=Прочие | ЕТСНГ=011005 | период=1 | отправка=Повагонная | не закрыто 7 из 7 ваг.
    ПРИЧИНА: дуги есть (124 шт.), но все совместимые узлы предложения исчерпаны — вагоны ушли на другие заявки (конкуренция за предложение).
  [d_idx   14] Димитровград (КБШ) | тип=Прочие | ЕТСНГ=011005 | период=1 | отправка=Повагонная | не закрыто 10 из 10 ваг.
    ПРИЧИНА: дуги есть (129 шт.), но все совместимые узлы предложения исчерпаны — вагоны ушли на другие заявки (конкуренция за предложение).
  [d_idx   15] Белинская (КБШ) | тип=Прочие | ЕТСНГ=011005 | период=1 | отправка=Повагонная | не закрыто 14 из 14 ваг.
    ПРИЧИНА: дуги есть (129 шт.), но все совместимые узлы предложения исчерпаны — вагоны ушли на другие заявки (конкуренция за предложение).
  [d_idx   16] Перелешино (ЮВС) | тип=Прочие | ЕТСНГ=542072 | период=1 | отправка=Повагонная | не закрыто 30 из 30 ваг.
    ПРИЧИНА: дуги есть (122 шт.), но все совместимые узлы предложения исчерпаны — вагоны ушли на другие заявки (конкуренция за предложение).
  [d_idx   17] Алексеевка (ЮВС) | тип=Прочие | ЕТСНГ=542239 | период=1 | отправка=Повагонная | не закрыто 5 из 5 ваг.
    ПРИЧИНА: дуги есть (123 шт.), но все совместимые узлы предложения исчерпаны — вагоны ушли на другие заявки (конкуренция за предложение).
  [d_idx   18] Алексеевка (ЮВС) | тип=Прочие | ЕТСНГ=542224 | период=1 | отправка=Повагонная | не закрыто 4 из 4 ваг.
    ПРИЧИНА: дуги есть (122 шт.), но все совместимые узлы предложения исчерпаны — вагоны ушли на другие заявки (конкуренция за предложение).
  [d_idx   19] Алексеевка (ЮВС) | тип=Прочие | ЕТСНГ=542224 | период=1 | отправка=Повагонная | не закрыто 4 из 4 ваг.
    ПРИЧИНА: дуги есть (122 шт.), но все совместимые узлы предложения исчерпаны — вагоны ушли на другие заявки (конкуренция за предложение).
  [d_idx   20] Зимовники (СКВ) | тип=Прочие | ЕТСНГ=011005 | период=1 | отправка=Повагонная | не закрыто 5 из 5 ваг.
    ПРИЧИНА: дуги есть (122 шт.), но все совместимые узлы предложения исчерпаны — вагоны ушли на другие заявки (конкуренция за предложение).
  [d_idx   21] Безенчук (КБШ) | тип=Прочие | ЕТСНГ=011005 | период=1 | отправка=Повагонная | не закрыто 9 из 9 ваг.
    ПРИЧИНА: дуги есть (130 шт.), но все совместимые узлы предложения исчерпаны — вагоны ушли на другие заявки (конкуренция за предложение).
  [d_idx   22] Приютово (КБШ) | тип=БКТ | ЕТСНГ=011005 | период=1 | отправка=Повагонная | не закрыто 3 из 3 ваг.
    ПРИЧИНА: дуги есть (37 шт.), но все совместимые узлы предложения исчерпаны — вагоны ушли на другие заявки (конкуренция за предложение).
  [d_idx   23] Приютово (КБШ) | тип=Прочие | ЕТСНГ=011005 | период=1 | отправка=Повагонная | не закрыто 10 из 10 ваг.
    ПРИЧИНА: дуги есть (129 шт.), но все совместимые узлы предложения исчерпаны — вагоны ушли на другие заявки (конкуренция за предложение).
  [d_idx   24] Ольховатка (ЮВС) | тип=Прочие | ЕТСНГ=542072 | период=1 | отправка=Повагонная | не закрыто 3 из 3 ваг.
    ПРИЧИНА: дуги есть (122 шт.), но все совместимые узлы предложения исчерпаны — вагоны ушли на другие заявки (конкуренция за предложение).
  [d_idx   26] Добринка (ЮВС) | тип=Прочие | ЕТСНГ=011005 | период=1 | отправка=Повагонная | не закрыто 10 из 10 ваг.
    ПРИЧИНА: дуги есть (122 шт.), но все совместимые узлы предложения исчерпаны — вагоны ушли на другие заявки (конкуренция за предложение).
  [d_idx   29] Плавица (ЮВС) | тип=Прочие | ЕТСНГ=011005 | период=1 | отправка=Повагонная | не закрыто 12 из 12 ваг.
    ПРИЧИНА: дуги есть (122 шт.), но все совместимые узлы предложения исчерпаны — вагоны ушли на другие заявки (конкуренция за предложение).
  [d_idx   30] Кзыл-Ту (КЗХ) | тип=Прочие | ЕТСНГ=018131 | период=1 | отправка=Повагонная | не закрыто 1 из 1 ваг.
    ПРИЧИНА: дуги есть (83 шт.), но все совместимые узлы предложения исчерпаны — вагоны ушли на другие заявки (конкуренция за предложение).
  [d_idx   32] Тамала (ЮВС) | тип=БКТ | ЕТСНГ=011005 | период=1 | отправка=Повагонная | не закрыто 20 из 20 ваг.
    ПРИЧИНА: дуги есть (35 шт.), но все совместимые узлы предложения исчерпаны — вагоны ушли на другие заявки (конкуренция за предложение).
  [d_idx   33] Новосергиевская (ЮУР) | тип=Прочие | ЕТСНГ=011005 | период=1 | отправка=Повагонная | не закрыто 7 из 7 ваг.
    ПРИЧИНА: дуги есть (127 шт.), но все совместимые узлы предложения исчерпаны — вагоны ушли на другие заявки (конкуренция за предложение).
  [d_idx   34] Новосергиевская (ЮУР) | тип=Прочие | ЕТСНГ=011005 | период=1 | отправка=Повагонная | не закрыто 5 из 5 ваг.
    ПРИЧИНА: дуги есть (127 шт.), но все совместимые узлы предложения исчерпаны — вагоны ушли на другие заявки (конкуренция за предложение).
  [d_idx   36] Новоперелюбская (ПРВ) | тип=Прочие | ЕТСНГ=011005 | период=1 | отправка=Повагонная | не закрыто 4 из 4 ваг.
    ПРИЧИНА: дуги есть (122 шт.), но все совместимые узлы предложения исчерпаны — вагоны ушли на другие заявки (конкуренция за предложение).
  [d_idx   37] Красногвардеец (ЮУР) | тип=Прочие | ЕТСНГ=011005 | период=1 | отправка=Повагонная | не закрыто 12 из 12 ваг.
    ПРИЧИНА: дуги есть (127 шт.), но все совместимые узлы предложения исчерпаны — вагоны ушли на другие заявки (конкуренция за предложение).
  [d_idx   38] Кривецкая (ЮВС) | тип=Прочие | ЕТСНГ=542072 | период=1 | отправка=Повагонная | не закрыто 32 из 32 ваг.
    ПРИЧИНА: дуги есть (123 шт.), но все совместимые узлы предложения исчерпаны — вагоны ушли на другие заявки (конкуренция за предложение).
  [d_idx   39] Золотухино (МСК) | тип=Прочие | ЕТСНГ=011005 | период=1 | отправка=Повагонная | не закрыто 30 из 30 ваг.
    ПРИЧИНА: дуги есть (133 шт.), но все совместимые узлы предложения исчерпаны — вагоны ушли на другие заявки (конкуренция за предложение).
  [d_idx   40] Золотухино (МСК) | тип=Прочие | ЕТСНГ=011005 | период=1 | отправка=Повагонная | не закрыто 9 из 9 ваг.
    ПРИЧИНА: дуги есть (133 шт.), но все совместимые узлы предложения исчерпаны — вагоны ушли на другие заявки (конкуренция за предложение).
  [d_idx   41] Земетчино (КБШ) | тип=Прочие | ЕТСНГ=542072 | период=1 | отправка=Повагонная | не закрыто 20 из 20 ваг.
    ПРИЧИНА: дуги есть (131 шт.), но все совместимые узлы предложения исчерпаны — вагоны ушли на другие заявки (конкуренция за предложение).
  [d_idx   43] Тополек (ПРВ) | тип=Прочие | ЕТСНГ=011005 | период=1 | отправка=Повагонная | не закрыто 20 из 20 ваг.
    ПРИЧИНА: дуги есть (130 шт.), но все совместимые узлы предложения исчерпаны — вагоны ушли на другие заявки (конкуренция за предложение).
  [d_idx   44] Кораблино (МСК) | тип=Прочие | ЕТСНГ=011005 | период=1 | отправка=Повагонная | не закрыто 13 из 14 ваг.
    ПРИЧИНА: дуги есть (133 шт.), но все совместимые узлы предложения исчерпаны — вагоны ушли на другие заявки (конкуренция за предложение).
  [d_idx   46] Обшаровка (КБШ) | тип=Прочие | ЕТСНГ=011005 | период=1 | отправка=Повагонная | не закрыто 8 из 8 ваг.
    ПРИЧИНА: дуги есть (129 шт.), но все совместимые узлы предложения исчерпаны — вагоны ушли на другие заявки (конкуренция за предложение).
  [d_idx   48] Новоспасское (КБШ) | тип=Прочие | ЕТСНГ=011005 | период=1 | отправка=Повагонная | не закрыто 8 из 8 ваг.
    ПРИЧИНА: дуги есть (129 шт.), но все совместимые узлы предложения исчерпаны — вагоны ушли на другие заявки (конкуренция за предложение).
  [d_idx   49] Ефремов (МСК) | тип=Прочие | ЕТСНГ=011005 | период=1 | отправка=Повагонная | не закрыто 1 из 4 ваг.
    ПРИЧИНА: дуги есть (133 шт.), но все совместимые узлы предложения исчерпаны — вагоны ушли на другие заявки (конкуренция за предложение).
  [d_idx   50] Карбышево 1 (ЗСБ) | тип=Прочие | ЕТСНГ=011005 | период=1 | отправка=Повагонная | не закрыто 13 из 14 ваг.
    ПРИЧИНА: дуги есть (136 шт.), но все совместимые узлы предложения исчерпаны — вагоны ушли на другие заявки (конкуренция за предложение).
  [d_idx   51] Карбышево 1 (ЗСБ) | тип=Прочие | ЕТСНГ=011005 | период=1 | отправка=Повагонная | не закрыто 12 из 12 ваг.
    ПРИЧИНА: дуги есть (136 шт.), но все совместимые узлы предложения исчерпаны — вагоны ушли на другие заявки (конкуренция за предложение).
  [d_idx   52] Придача (ЮВС) | тип=Прочие | ЕТСНГ=011005 | период=1 | отправка=Маршрутная | не закрыто 17 из 17 ваг.
    ПРИЧИНА: дуги есть (122 шт.), но все совместимые узлы предложения исчерпаны — вагоны ушли на другие заявки (конкуренция за предложение).
  [d_idx   54] Кротовка (КБШ) | тип=Прочие | ЕТСНГ=011005 | период=1 | отправка=Повагонная | не закрыто 12 из 16 ваг.
    ПРИЧИНА: дуги есть (130 шт.), но все совместимые узлы предложения исчерпаны — вагоны ушли на другие заявки (конкуренция за предложение).
  [d_idx   55] Пачелма (КБШ) | тип=Прочие | ЕТСНГ=011005 | период=1 | отправка=Повагонная | не закрыто 33 из 33 ваг.
    ПРИЧИНА: дуги есть (129 шт.), но все совместимые узлы предложения исчерпаны — вагоны ушли на другие заявки (конкуренция за предложение).
  [d_idx   57] Тюльган (КБШ) | тип=Прочие | ЕТСНГ=011005 | период=1 | отправка=Повагонная | не закрыто 9 из 9 ваг.
    ПРИЧИНА: дуги есть (124 шт.), но все совместимые узлы предложения исчерпаны — вагоны ушли на другие заявки (конкуренция за предложение).
  [d_idx   58] Карламан (КБШ) | тип=Прочие | ЕТСНГ=011005 | период=1 | отправка=Повагонная | не закрыто 20 из 20 ваг.
    ПРИЧИНА: дуги есть (129 шт.), но все совместимые узлы предложения исчерпаны — вагоны ушли на другие заявки (конкуренция за предложение).
  [d_idx   59] Ольха (ЮВС) | тип=Прочие | ЕТСНГ=542072 | период=1 | отправка=Повагонная | не закрыто 34 из 34 ваг.
    ПРИЧИНА: нет ни одной допустимой дуги — закрыть невозможно текущими данными. Отбраковка пар со всеми 171 узлами предложения:
             нет тарифа 0, несовм. тип 0, грязный ЕТСНГ 10, дальше потолка расстояния 4, бизнес-правила дорог (инотерритория/дефицит) 35, станция закрыта очередью (правило 4) 122, конвенция РЖД 0, нарушение срока 0.
             на станции 43 ваг. при мощности 7 ваг./сут. (6.1 суток работы) — подсыл закрыт во все периоды.
  [d_idx   60] Верда (КБШ) | тип=Прочие | ЕТСНГ=011005 | период=1 | отправка=Повагонная | не закрыто 24 из 24 ваг.
    ПРИЧИНА: дуги есть (132 шт.), но все совместимые узлы предложения исчерпаны — вагоны ушли на другие заявки (конкуренция за предложение).
  [d_idx   61] Сампур (ЮВС) | тип=Прочие | ЕТСНГ=011005 | период=1 | отправка=Повагонная | не закрыто 3 из 3 ваг.
    ПРИЧИНА: дуги есть (122 шт.), но все совместимые узлы предложения исчерпаны — вагоны ушли на другие заявки (конкуренция за предложение).
  [d_idx   63] Янко (КЗХ) | тип=Прочие | ЕТСНГ=018131 | период=1 | отправка=Повагонная | не закрыто 9 из 9 ваг.
    ПРИЧИНА: дуги есть (83 шт.), но все совместимые узлы предложения исчерпаны — вагоны ушли на другие заявки (конкуренция за предложение).
  [d_idx   64] Алексиково (ПРВ) | тип=Прочие | ЕТСНГ=011005 | период=1 | отправка=Групповая | не закрыто 79 из 79 ваг.
    ПРИЧИНА: дуги есть (126 шт.), но все совместимые узлы предложения исчерпаны — вагоны ушли на другие заявки (конкуренция за предложение).
  [d_idx   65] Елец (ЮВС) | тип=Прочие | ЕТСНГ=542224 | период=1 | отправка=Повагонная | не закрыто 2 из 2 ваг.
    ПРИЧИНА: дуги есть (126 шт.), но все совместимые узлы предложения исчерпаны — вагоны ушли на другие заявки (конкуренция за предложение).
  [d_idx   66] Охотничья (КБШ) | тип=Прочие | ЕТСНГ=011005 | период=1 | отправка=Повагонная | не закрыто 15 из 15 ваг.
    ПРИЧИНА: дуги есть (129 шт.), но все совместимые узлы предложения исчерпаны — вагоны ушли на другие заявки (конкуренция за предложение).
  [d_idx   67] Охотничья (КБШ) | тип=Прочие | ЕТСНГ=011005 | период=1 | отправка=Повагонная | не закрыто 20 из 20 ваг.
    ПРИЧИНА: дуги есть (129 шт.), но все совместимые узлы предложения исчерпаны — вагоны ушли на другие заявки (конкуренция за предложение).
  [d_idx   68] Охотничья (КБШ) | тип=Прочие | ЕТСНГ=021100 | период=1 | отправка=Повагонная | не закрыто 13 из 13 ваг.
    ПРИЧИНА: дуги есть (129 шт.), но все совместимые узлы предложения исчерпаны — вагоны ушли на другие заявки (конкуренция за предложение).
  [d_idx   69] Избердей (ЮВС) | тип=Прочие | ЕТСНГ=011005 | период=1 | отправка=Маршрутная | не закрыто 39 из 200 ваг.
    ПРИЧИНА: дуги есть (122 шт.), но все совместимые узлы предложения исчерпаны — вагоны ушли на другие заявки (конкуренция за предложение).
  [d_idx   71] Сальск (СКВ) | тип=Прочие | ЕТСНГ=011005 | период=1 | отправка=Повагонная | не закрыто 3 из 5 ваг.
    ПРИЧИНА: дуги есть (122 шт.), но все совместимые узлы предложения исчерпаны — вагоны ушли на другие заявки (конкуренция за предложение).
  [d_idx   72] Кантемировка (ЮВС) | тип=Прочие | ЕТСНГ=011005 | период=1 | отправка=Повагонная | не закрыто 20 из 20 ваг.
    ПРИЧИНА: дуги есть (122 шт.), но все совместимые узлы предложения исчерпаны — вагоны ушли на другие заявки (конкуренция за предложение).
  [d_idx   73] Аллагуват (КБШ) | тип=Прочие | ЕТСНГ=011005 | период=1 | отправка=Повагонная | не закрыто 5 из 5 ваг.
    ПРИЧИНА: дуги есть (129 шт.), но все совместимые узлы предложения исчерпаны — вагоны ушли на другие заявки (конкуренция за предложение).
  [d_idx   77] Мальчевская (СКВ) | тип=Прочие | ЕТСНГ=011005 | период=1 | отправка=Повагонная | не закрыто 8 из 8 ваг.
    ПРИЧИНА: дуги есть (117 шт.), но все совместимые узлы предложения исчерпаны — вагоны ушли на другие заявки (конкуренция за предложение).
  [d_idx   78] Хохольская (ЮВС) | тип=БКТ | ЕТСНГ=011005 | период=1 | отправка=Повагонная | не закрыто 4 из 4 ваг.
    ПРИЧИНА: дуги есть (34 шт.), но все совместимые узлы предложения исчерпаны — вагоны ушли на другие заявки (конкуренция за предложение).
  [d_idx   79] Руденск (БЕЛ) | тип=Прочие | ЕТСНГ=014003 | период=1 | отправка=Повагонная | не закрыто 1 из 1 ваг.
    ПРИЧИНА: нет ни одной допустимой дуги — закрыть невозможно текущими данными. Отбраковка пар со всеми 171 узлами предложения:
             нет тарифа 10, несовм. тип 0, грязный ЕТСНГ 10, дальше потолка расстояния 4, бизнес-правила дорог (инотерритория/дефицит) 131, станция закрыта очередью (правило 4) 16, конвенция РЖД 0, нарушение срока 0.
             на станции 71 ваг. при мощности 10 ваг./сут. (7.1 суток работы) — подсыл закрыт во все периоды.
  [d_idx   80] Руденск (БЕЛ) | тип=Прочие | ЕТСНГ=014003 | период=1 | отправка=Повагонная | не закрыто 7 из 7 ваг.
    ПРИЧИНА: нет ни одной допустимой дуги — закрыть невозможно текущими данными. Отбраковка пар со всеми 171 узлами предложения:
             нет тарифа 10, несовм. тип 0, грязный ЕТСНГ 10, дальше потолка расстояния 4, бизнес-правила дорог (инотерритория/дефицит) 131, станция закрыта очередью (правило 4) 16, конвенция РЖД 0, нарушение срока 0.
             на станции 71 ваг. при мощности 10 ваг./сут. (7.1 суток работы) — подсыл закрыт во все периоды.
  [d_idx   81] Саханская (МСК) | тип=Прочие | ЕТСНГ=011005 | период=2 | отправка=Повагонная | не закрыто 10 из 10 ваг.
    ПРИЧИНА: нет ни одной допустимой дуги — закрыть невозможно текущими данными. Отбраковка пар со всеми 171 узлами предложения:
             нет тарифа 0, несовм. тип 0, грязный ЕТСНГ 10, дальше потолка расстояния 4, бизнес-правила дорог (инотерритория/дефицит) 24, станция закрыта очередью (правило 4) 133, конвенция РЖД 0, нарушение срока 0.
             на станции 16 ваг. при мощности 3 ваг./сут. (5.3 суток работы) — подсыл закрыт во все периоды.
  [d_idx   82] Жердевка (ЮВС) | тип=Прочие | ЕТСНГ=014003 | период=2 | отправка=Повагонная | не закрыто 20 из 20 ваг.
    ПРИЧИНА: дуги есть (122 шт.), но все совместимые узлы предложения исчерпаны — вагоны ушли на другие заявки (конкуренция за предложение).
  [d_idx   83] Улусарка (ЮВС) | тип=Прочие | ЕТСНГ=015006 | период=2 | отправка=Повагонная | не закрыто 1 из 1 ваг.
    ПРИЧИНА: дуги есть (126 шт.), но все совместимые узлы предложения исчерпаны — вагоны ушли на другие заявки (конкуренция за предложение).
  [d_idx   84] Шильда (ЮУР) | тип=Прочие | ЕТСНГ=011005 | период=2 | отправка=Повагонная | не закрыто 1 из 1 ваг.
    ПРИЧИНА: дуги есть (124 шт.), но все совместимые узлы предложения исчерпаны — вагоны ушли на другие заявки (конкуренция за предложение).
  [d_idx   85] Елань-Камышинская (ЮВС) | тип=Прочие | ЕТСНГ=011005 | период=2 | отправка=Повагонная | не закрыто 14 из 14 ваг.
    ПРИЧИНА: дуги есть (122 шт.), но все совместимые узлы предложения исчерпаны — вагоны ушли на другие заявки (конкуренция за предложение).
  [d_idx   86] Янаул (ГОР) | тип=Прочие | ЕТСНГ=011005 | период=2 | отправка=Повагонная | не закрыто 9 из 9 ваг.
    ПРИЧИНА: дуги есть (122 шт.), но все совместимые узлы предложения исчерпаны — вагоны ушли на другие заявки (конкуренция за предложение).
  [d_idx   87] Теренсай (ЮУР) | тип=Прочие | ЕТСНГ=014003 | период=2 | отправка=Повагонная | не закрыто 5 из 5 ваг.
    ПРИЧИНА: дуги есть (124 шт.), но все совместимые узлы предложения исчерпаны — вагоны ушли на другие заявки (конкуренция за предложение).
  [d_idx   88] Теренсай (ЮУР) | тип=Прочие | ЕТСНГ=011005 | период=2 | отправка=Повагонная | не закрыто 4 из 5 ваг.
    ПРИЧИНА: дуги есть (124 шт.), но все совместимые узлы предложения исчерпаны — вагоны ушли на другие заявки (конкуренция за предложение).
  [d_idx   89] Вернадовка (КБШ) | тип=Прочие | ЕТСНГ=011005 | период=2 | отправка=Повагонная | не закрыто 15 из 15 ваг.
    ПРИЧИНА: дуги есть (124 шт.), но все совместимые узлы предложения исчерпаны — вагоны ушли на другие заявки (конкуренция за предложение).
  [d_idx   90] Ртищево 1 (ЮВС) | тип=Прочие | ЕТСНГ=011005 | период=2 | отправка=Повагонная | не закрыто 6 из 6 ваг.
    ПРИЧИНА: дуги есть (125 шт.), но все совместимые узлы предложения исчерпаны — вагоны ушли на другие заявки (конкуренция за предложение).
  [d_idx   91] Асекеево (КБШ) | тип=Прочие | ЕТСНГ=011005 | период=2 | отправка=Повагонная | не закрыто 11 из 11 ваг.
    ПРИЧИНА: дуги есть (128 шт.), но все совместимые узлы предложения исчерпаны — вагоны ушли на другие заявки (конкуренция за предложение).
  [d_idx   92] Димитровград (КБШ) | тип=Прочие | ЕТСНГ=011005 | период=2 | отправка=Повагонная | не закрыто 10 из 10 ваг.
    ПРИЧИНА: дуги есть (129 шт.), но все совместимые узлы предложения исчерпаны — вагоны ушли на другие заявки (конкуренция за предложение).
  [d_idx   93] Урюпино (ПРВ) | тип=Прочие | ЕТСНГ=542239 | период=2 | отправка=Повагонная | не закрыто 1 из 1 ваг.
    ПРИЧИНА: дуги есть (128 шт.), но все совместимые узлы предложения исчерпаны — вагоны ушли на другие заявки (конкуренция за предложение).
  [d_idx   94] Белинская (КБШ) | тип=Прочие | ЕТСНГ=011005 | период=2 | отправка=Повагонная | не закрыто 18 из 22 ваг.
    ПРИЧИНА: дуги есть (129 шт.), но все совместимые узлы предложения исчерпаны — вагоны ушли на другие заявки (конкуренция за предложение).
  [d_idx   95] Верховье (МСК) | тип=Прочие | ЕТСНГ=011005 | период=2 | отправка=Повагонная | не закрыто 12 из 12 ваг.
    ПРИЧИНА: дуги есть (133 шт.), но все совместимые узлы предложения исчерпаны — вагоны ушли на другие заявки (конкуренция за предложение).
  [d_idx   96] Безенчук (КБШ) | тип=Прочие | ЕТСНГ=011005 | период=2 | отправка=Повагонная | не закрыто 6 из 6 ваг.
    ПРИЧИНА: дуги есть (130 шт.), но все совместимые узлы предложения исчерпаны — вагоны ушли на другие заявки (конкуренция за предложение).
  [d_idx   97] Ольховатка (ЮВС) | тип=Прочие | ЕТСНГ=542072 | период=2 | отправка=Повагонная | не закрыто 5 из 5 ваг.
    ПРИЧИНА: дуги есть (122 шт.), но все совместимые узлы предложения исчерпаны — вагоны ушли на другие заявки (конкуренция за предложение).
  [d_idx  101] Аксуат (КЗХ) | тип=Прочие | ЕТСНГ=018131 | период=2 | отправка=Повагонная | не закрыто 5 из 10 ваг.
    ПРИЧИНА: дуги есть (83 шт.), но все совместимые узлы предложения исчерпаны — вагоны ушли на другие заявки (конкуренция за предложение).
  [d_idx  102] Чуфарово (КБШ) | тип=Прочие | ЕТСНГ=011005 | период=2 | отправка=Повагонная | не закрыто 9 из 9 ваг.
    ПРИЧИНА: дуги есть (129 шт.), но все совместимые узлы предложения исчерпаны — вагоны ушли на другие заявки (конкуренция за предложение).
  [d_idx  103] Бузулук (ЮУР) | тип=Прочие | ЕТСНГ=011005 | период=2 | отправка=Повагонная | не закрыто 2 из 3 ваг.
    ПРИЧИНА: дуги есть (127 шт.), но все совместимые узлы предложения исчерпаны — вагоны ушли на другие заявки (конкуренция за предложение).
  [d_idx  104] Раненбург (ЮВС) | тип=Прочие | ЕТСНГ=014003 | период=2 | отправка=Повагонная | не закрыто 10 из 10 ваг.
    ПРИЧИНА: дуги есть (122 шт.), но все совместимые узлы предложения исчерпаны — вагоны ушли на другие заявки (конкуренция за предложение).
  [d_idx  105] Раненбург (ЮВС) | тип=Прочие | ЕТСНГ=014003 | период=2 | отправка=Повагонная | не закрыто 4 из 4 ваг.
    ПРИЧИНА: дуги есть (122 шт.), но все совместимые узлы предложения исчерпаны — вагоны ушли на другие заявки (конкуренция за предложение).
  [d_idx  106] Ершов (ПРВ) | тип=Прочие | ЕТСНГ=011005 | период=2 | отправка=Повагонная | не закрыто 2 из 2 ваг.
    ПРИЧИНА: дуги есть (126 шт.), но все совместимые узлы предложения исчерпаны — вагоны ушли на другие заявки (конкуренция за предложение).
  [d_idx  107] Плавица (ЮВС) | тип=Прочие | ЕТСНГ=011005 | период=2 | отправка=Повагонная | не закрыто 15 из 29 ваг.
    ПРИЧИНА: дуги есть (122 шт.), но все совместимые узлы предложения исчерпаны — вагоны ушли на другие заявки (конкуренция за предложение).
  [d_idx  108] Новосергиевская (ЮУР) | тип=Прочие | ЕТСНГ=011005 | период=2 | отправка=Повагонная | не закрыто 5 из 5 ваг.
    ПРИЧИНА: дуги есть (127 шт.), но все совместимые узлы предложения исчерпаны — вагоны ушли на другие заявки (конкуренция за предложение).
  [d_idx  110] Новоперелюбская (ПРВ) | тип=Прочие | ЕТСНГ=011005 | период=2 | отправка=Повагонная | не закрыто 12 из 12 ваг.
    ПРИЧИНА: дуги есть (122 шт.), но все совместимые узлы предложения исчерпаны — вагоны ушли на другие заявки (конкуренция за предложение).
  [d_idx  111] Калачинская (ЗСБ) | тип=Прочие | ЕТСНГ=014003 | период=2 | отправка=Повагонная | не закрыто 2 из 6 ваг.
    ПРИЧИНА: дуги есть (136 шт.), но все совместимые узлы предложения исчерпаны — вагоны ушли на другие заявки (конкуренция за предложение).
  [d_idx  112] Эртиль (ЮВС) | тип=Прочие | ЕТСНГ=542072 | период=2 | отправка=Повагонная | не закрыто 2 из 2 ваг.
    ПРИЧИНА: дуги есть (121 шт.), но все совместимые узлы предложения исчерпаны — вагоны ушли на другие заявки (конкуренция за предложение).
  [d_idx  113] Шемордан (ГОР) | тип=Прочие | ЕТСНГ=014003 | период=2 | отправка=Повагонная | не закрыто 7 из 7 ваг.
    ПРИЧИНА: дуги есть (122 шт.), но все совместимые узлы предложения исчерпаны — вагоны ушли на другие заявки (конкуренция за предложение).
  [d_idx  114] Красногвардеец (ЮУР) | тип=Прочие | ЕТСНГ=011005 | период=2 | отправка=Повагонная | не закрыто 10 из 10 ваг.
    ПРИЧИНА: дуги есть (127 шт.), но все совместимые узлы предложения исчерпаны — вагоны ушли на другие заявки (конкуренция за предложение).
  [d_idx  115] Красногвардеец (ЮУР) | тип=Прочие | ЕТСНГ=011005 | период=2 | отправка=Повагонная | не закрыто 3 из 3 ваг.
    ПРИЧИНА: дуги есть (127 шт.), но все совместимые узлы предложения исчерпаны — вагоны ушли на другие заявки (конкуренция за предложение).
  [d_idx  117] Золотухино (МСК) | тип=Прочие | ЕТСНГ=011005 | период=2 | отправка=Повагонная | не закрыто 9 из 9 ваг.
    ПРИЧИНА: дуги есть (133 шт.), но все совместимые узлы предложения исчерпаны — вагоны ушли на другие заявки (конкуренция за предложение).
  [d_idx  118] Смирново (КЗХ) | тип=Прочие | ЕТСНГ=018131 | период=2 | отправка=Повагонная | не закрыто 2 из 7 ваг.
    ПРИЧИНА: дуги есть (83 шт.), но все совместимые узлы предложения исчерпаны — вагоны ушли на другие заявки (конкуренция за предложение).
  [d_idx  119] Земетчино (КБШ) | тип=Прочие | ЕТСНГ=542072 | период=2 | отправка=Повагонная | не закрыто 15 из 15 ваг.
    ПРИЧИНА: дуги есть (131 шт.), но все совместимые узлы предложения исчерпаны — вагоны ушли на другие заявки (конкуренция за предложение).
  [d_idx  121] Тополек (ПРВ) | тип=Прочие | ЕТСНГ=011005 | период=2 | отправка=Повагонная | не закрыто 30 из 30 ваг.
    ПРИЧИНА: дуги есть (130 шт.), но все совместимые узлы предложения исчерпаны — вагоны ушли на другие заявки (конкуренция за предложение).
  [d_idx  123] Ключики (КБШ) | тип=Прочие | ЕТСНГ=011005 | период=2 | отправка=Повагонная | не закрыто 9 из 9 ваг.
    ПРИЧИНА: дуги есть (129 шт.), но все совместимые узлы предложения исчерпаны — вагоны ушли на другие заявки (конкуренция за предложение).
  [d_idx  124] Обшаровка (КБШ) | тип=БКТ | ЕТСНГ=011005 | период=2 | отправка=Повагонная | не закрыто 6 из 6 ваг.
    ПРИЧИНА: дуги есть (37 шт.), но все совместимые узлы предложения исчерпаны — вагоны ушли на другие заявки (конкуренция за предложение).
  [d_idx  125] Обшаровка (КБШ) | тип=Прочие | ЕТСНГ=011005 | период=2 | отправка=Повагонная | не закрыто 10 из 10 ваг.
    ПРИЧИНА: дуги есть (129 шт.), но все совместимые узлы предложения исчерпаны — вагоны ушли на другие заявки (конкуренция за предложение).
  [d_idx  126] Обшаровка (КБШ) | тип=Прочие | ЕТСНГ=011005 | период=2 | отправка=Повагонная | не закрыто 6 из 6 ваг.
    ПРИЧИНА: дуги есть (129 шт.), но все совместимые узлы предложения исчерпаны — вагоны ушли на другие заявки (конкуренция за предложение).
  [d_idx  127] Обшаровка (КБШ) | тип=Прочие | ЕТСНГ=011005 | период=2 | отправка=Повагонная | не закрыто 19 из 20 ваг.
    ПРИЧИНА: дуги есть (129 шт.), но все совместимые узлы предложения исчерпаны — вагоны ушли на другие заявки (конкуренция за предложение).
  [d_idx  128] Новоспасское (КБШ) | тип=Прочие | ЕТСНГ=011005 | период=2 | отправка=Повагонная | не закрыто 8 из 8 ваг.
    ПРИЧИНА: дуги есть (129 шт.), но все совместимые узлы предложения исчерпаны — вагоны ушли на другие заявки (конкуренция за предложение).
  [d_idx  133] Пачелма (КБШ) | тип=Прочие | ЕТСНГ=011005 | период=2 | отправка=Повагонная | не закрыто 19 из 19 ваг.
    ПРИЧИНА: дуги есть (129 шт.), но все совместимые узлы предложения исчерпаны — вагоны ушли на другие заявки (конкуренция за предложение).
  [d_idx  135] Тюльган (КБШ) | тип=Прочие | ЕТСНГ=011005 | период=2 | отправка=Повагонная | не закрыто 6 из 6 ваг.
    ПРИЧИНА: дуги есть (124 шт.), но все совместимые узлы предложения исчерпаны — вагоны ушли на другие заявки (конкуренция за предложение).
  [d_idx  136] Карламан (КБШ) | тип=Прочие | ЕТСНГ=011005 | период=2 | отправка=Повагонная | не закрыто 30 из 30 ваг.
    ПРИЧИНА: дуги есть (129 шт.), но все совместимые узлы предложения исчерпаны — вагоны ушли на другие заявки (конкуренция за предложение).
  [d_idx  137] Заречная (СКВ) | тип=Прочие | ЕТСНГ=011005 | период=2 | отправка=Повагонная | не закрыто 5 из 22 ваг.
    ПРИЧИНА: дуги есть (122 шт.), но все совместимые узлы предложения исчерпаны — вагоны ушли на другие заявки (конкуренция за предложение).
  [d_idx  138] Ольха (ЮВС) | тип=Прочие | ЕТСНГ=542072 | период=2 | отправка=Повагонная | не закрыто 8 из 8 ваг.
    ПРИЧИНА: нет ни одной допустимой дуги — закрыть невозможно текущими данными. Отбраковка пар со всеми 171 узлами предложения:
             нет тарифа 0, несовм. тип 0, грязный ЕТСНГ 10, дальше потолка расстояния 4, бизнес-правила дорог (инотерритория/дефицит) 35, станция закрыта очередью (правило 4) 122, конвенция РЖД 0, нарушение срока 0.
             на станции 43 ваг. при мощности 7 ваг./сут. (6.1 суток работы) — подсыл закрыт во все периоды.
  [d_idx  140] Новохоперск (ЮВС) | тип=Прочие | ЕТСНГ=011005 | период=2 | отправка=Повагонная | не закрыто 4 из 4 ваг.
    ПРИЧИНА: дуги есть (117 шт.), но все совместимые узлы предложения исчерпаны — вагоны ушли на другие заявки (конкуренция за предложение).
  [d_idx  141] Платоновка (ЮВС) | тип=Прочие | ЕТСНГ=011005 | период=2 | отправка=Повагонная | не закрыто 2 из 2 ваг.
    ПРИЧИНА: дуги есть (122 шт.), но все совместимые узлы предложения исчерпаны — вагоны ушли на другие заявки (конкуренция за предложение).
  [d_idx  142] Алексиково (ПРВ) | тип=Прочие | ЕТСНГ=011005 | период=2 | отправка=Повагонная | не закрыто 2 из 2 ваг.
    ПРИЧИНА: дуги есть (126 шт.), но все совместимые узлы предложения исчерпаны — вагоны ушли на другие заявки (конкуренция за предложение).
  [d_idx  143] Елец (ЮВС) | тип=Прочие | ЕТСНГ=011005 | период=2 | отправка=Повагонная | не закрыто 4 из 8 ваг.
    ПРИЧИНА: дуги есть (126 шт.), но все совместимые узлы предложения исчерпаны — вагоны ушли на другие заявки (конкуренция за предложение).
  [d_idx  145] Чернышков (ПРВ) | тип=Прочие | ЕТСНГ=011005 | период=2 | отправка=Повагонная | не закрыто 4 из 30 ваг.
    ПРИЧИНА: дуги есть (126 шт.), но все совместимые узлы предложения исчерпаны — вагоны ушли на другие заявки (конкуренция за предложение).
  [d_idx  146] Сабурово (ЮВС) | тип=Прочие | ЕТСНГ=505028 | период=2 | отправка=Повагонная | не закрыто 10 из 10 ваг.
    ПРИЧИНА: дуги есть (122 шт.), но все совместимые узлы предложения исчерпаны — вагоны ушли на другие заявки (конкуренция за предложение).
  [d_idx  147] Охотничья (КБШ) | тип=Прочие | ЕТСНГ=011005 | период=2 | отправка=Повагонная | не закрыто 10 из 10 ваг.
    ПРИЧИНА: дуги есть (129 шт.), но все совместимые узлы предложения исчерпаны — вагоны ушли на другие заявки (конкуренция за предложение).
  [d_idx  148] Охотничья (КБШ) | тип=Прочие | ЕТСНГ=011005 | период=2 | отправка=Повагонная | не закрыто 6 из 6 ваг.
    ПРИЧИНА: дуги есть (129 шт.), но все совместимые узлы предложения исчерпаны — вагоны ушли на другие заявки (конкуренция за предложение).
  [d_idx  149] Избердей (ЮВС) | тип=Прочие | ЕТСНГ=011005 | период=2 | отправка=Маршрутная | не закрыто 25 из 25 ваг.
    ПРИЧИНА: дуги есть (122 шт.), но все совместимые узлы предложения исчерпаны — вагоны ушли на другие заявки (конкуренция за предложение).
  [d_idx  150] Избердей (ЮВС) | тип=Прочие | ЕТСНГ=011005 | период=2 | отправка=Маршрутная | не закрыто 80 из 80 ваг.
    ПРИЧИНА: дуги есть (122 шт.), но все совместимые узлы предложения исчерпаны — вагоны ушли на другие заявки (конкуренция за предложение).
  [d_idx  151] Саумалколь (КЗХ) | тип=Прочие | ЕТСНГ=021083 | период=2 | отправка=Повагонная | не закрыто 13 из 43 ваг.
    ПРИЧИНА: дуги есть (83 шт.), но все совместимые узлы предложения исчерпаны — вагоны ушли на другие заявки (конкуренция за предложение).
  [d_idx  152] Аллагуват (КБШ) | тип=Прочие | ЕТСНГ=014003 | период=2 | отправка=Повагонная | не закрыто 2 из 2 ваг.
    ПРИЧИНА: дуги есть (129 шт.), но все совместимые узлы предложения исчерпаны — вагоны ушли на другие заявки (конкуренция за предложение).
  [d_idx  154] Хохольская (ЮВС) | тип=БКТ | ЕТСНГ=011005 | период=2 | отправка=Повагонная | не закрыто 2 из 2 ваг.
    ПРИЧИНА: дуги есть (34 шт.), но все совместимые узлы предложения исчерпаны — вагоны ушли на другие заявки (конкуренция за предложение).
  [d_idx  155] Руденск (БЕЛ) | тип=Прочие | ЕТСНГ=014003 | период=2 | отправка=Повагонная | не закрыто 10 из 10 ваг.
    ПРИЧИНА: нет ни одной допустимой дуги — закрыть невозможно текущими данными. Отбраковка пар со всеми 171 узлами предложения:
             нет тарифа 10, несовм. тип 0, грязный ЕТСНГ 10, дальше потолка расстояния 4, бизнес-правила дорог (инотерритория/дефицит) 131, станция закрыта очередью (правило 4) 16, конвенция РЖД 0, нарушение срока 0.
             на станции 71 ваг. при мощности 10 ваг./сут. (7.1 суток работы) — подсыл закрыт во все периоды.
  [d_idx  156] Руденск (БЕЛ) | тип=Прочие | ЕТСНГ=014003 | период=2 | отправка=Повагонная | не закрыто 20 из 20 ваг.
    ПРИЧИНА: нет ни одной допустимой дуги — закрыть невозможно текущими данными. Отбраковка пар со всеми 171 узлами предложения:
             нет тарифа 10, несовм. тип 0, грязный ЕТСНГ 10, дальше потолка расстояния 4, бизнес-правила дорог (инотерритория/дефицит) 131, станция закрыта очередью (правило 4) 16, конвенция РЖД 0, нарушение срока 0.
             на станции 71 ваг. при мощности 10 ваг./сут. (7.1 суток работы) — подсыл закрыт во все периоды.
  [d_idx  157] Озинки (ПРВ) | тип=Прочие | ЕТСНГ=011005 | период=2 | отправка=Повагонная | не закрыто 3 из 3 ваг.
    ПРИЧИНА: нет ни одной допустимой дуги — закрыть невозможно текущими данными. Отбраковка пар со всеми 171 узлами предложения:
             нет тарифа 0, несовм. тип 0, грязный ЕТСНГ 10, дальше потолка расстояния 4, бизнес-правила дорог (инотерритория/дефицит) 31, станция закрыта очередью (правило 4) 126, конвенция РЖД 0, нарушение срока 0.
             на станции 60 ваг. при мощности 10 ваг./сут. (6.0 суток работы) — подсыл закрыт во все периоды.
  [d_idx  158] Саханская (МСК) | тип=Прочие | ЕТСНГ=011005 | период=3 | отправка=Повагонная | не закрыто 10 из 10 ваг.
    ПРИЧИНА: нет ни одной допустимой дуги — закрыть невозможно текущими данными. Отбраковка пар со всеми 171 узлами предложения:
             нет тарифа 0, несовм. тип 0, грязный ЕТСНГ 10, дальше потолка расстояния 4, бизнес-правила дорог (инотерритория/дефицит) 24, станция закрыта очередью (правило 4) 133, конвенция РЖД 0, нарушение срока 0.
             на станции 16 ваг. при мощности 3 ваг./сут. (5.3 суток работы) — подсыл закрыт во все периоды.
  [d_idx  159] Кшень (МСК) | тип=Прочие | ЕТСНГ=542072 | период=3 | отправка=Повагонная | не закрыто 10 из 10 ваг.
    ПРИЧИНА: дуги есть (133 шт.), но все совместимые узлы предложения исчерпаны — вагоны ушли на другие заявки (конкуренция за предложение).
  [d_idx  160] Бударино (ПРВ) | тип=Прочие | ЕТСНГ=011005 | период=3 | отправка=Повагонная | не закрыто 3 из 3 ваг.
    ПРИЧИНА: дуги есть (126 шт.), но все совместимые узлы предложения исчерпаны — вагоны ушли на другие заявки (конкуренция за предложение).
  [d_idx  161] Янаул (ГОР) | тип=Прочие | ЕТСНГ=011005 | период=3 | отправка=Повагонная | не закрыто 9 из 9 ваг.
    ПРИЧИНА: дуги есть (122 шт.), но все совместимые узлы предложения исчерпаны — вагоны ушли на другие заявки (конкуренция за предложение).
  [d_idx  162] Вернадовка (КБШ) | тип=Прочие | ЕТСНГ=011005 | период=3 | отправка=Повагонная | не закрыто 7 из 7 ваг.
    ПРИЧИНА: дуги есть (124 шт.), но все совместимые узлы предложения исчерпаны — вагоны ушли на другие заявки (конкуренция за предложение).
  [d_idx  163] Ртищево 1 (ЮВС) | тип=Прочие | ЕТСНГ=011005 | период=3 | отправка=Повагонная | не закрыто 8 из 8 ваг.
    ПРИЧИНА: дуги есть (125 шт.), но все совместимые узлы предложения исчерпаны — вагоны ушли на другие заявки (конкуренция за предложение).
  [d_idx  164] Воронеж-Курский (ЮВС) | тип=Прочие | ЕТСНГ=014003 | период=3 | отправка=Повагонная | не закрыто 3 из 3 ваг.
    ПРИЧИНА: дуги есть (95 шт.), но все совместимые узлы предложения исчерпаны — вагоны ушли на другие заявки (конкуренция за предложение).
  [d_idx  165] Асекеево (КБШ) | тип=Прочие | ЕТСНГ=011005 | период=3 | отправка=Повагонная | не закрыто 10 из 10 ваг.
    ПРИЧИНА: дуги есть (128 шт.), но все совместимые узлы предложения исчерпаны — вагоны ушли на другие заявки (конкуренция за предложение).
  [d_idx  166] Белинская (КБШ) | тип=Прочие | ЕТСНГ=011005 | период=3 | отправка=Повагонная | не закрыто 16 из 16 ваг.
    ПРИЧИНА: дуги есть (129 шт.), но все совместимые узлы предложения исчерпаны — вагоны ушли на другие заявки (конкуренция за предложение).
  [d_idx  167] Верховье (МСК) | тип=Прочие | ЕТСНГ=011005 | период=3 | отправка=Повагонная | не закрыто 2 из 2 ваг.
    ПРИЧИНА: дуги есть (133 шт.), но все совместимые узлы предложения исчерпаны — вагоны ушли на другие заявки (конкуренция за предложение).
  [d_idx  168] Безенчук (КБШ) | тип=Прочие | ЕТСНГ=011005 | период=3 | отправка=Повагонная | не закрыто 6 из 6 ваг.
    ПРИЧИНА: дуги есть (130 шт.), но все совместимые узлы предложения исчерпаны — вагоны ушли на другие заявки (конкуренция за предложение).
  [d_idx  169] Безенчук (КБШ) | тип=Прочие | ЕТСНГ=011005 | период=3 | отправка=Повагонная | не закрыто 3 из 3 ваг.
    ПРИЧИНА: дуги есть (130 шт.), но все совместимые узлы предложения исчерпаны — вагоны ушли на другие заявки (конкуренция за предложение).
  [d_idx  170] Приютово (КБШ) | тип=Прочие | ЕТСНГ=011005 | период=3 | отправка=Повагонная | не закрыто 7 из 7 ваг.
    ПРИЧИНА: дуги есть (129 шт.), но все совместимые узлы предложения исчерпаны — вагоны ушли на другие заявки (конкуренция за предложение).
  [d_idx  174] Бузулук (ЮУР) | тип=Прочие | ЕТСНГ=011005 | период=3 | отправка=Повагонная | не закрыто 13 из 13 ваг.
    ПРИЧИНА: дуги есть (127 шт.), но все совместимые узлы предложения исчерпаны — вагоны ушли на другие заявки (конкуренция за предложение).
  [d_idx  175] Заглядино (КБШ) | тип=Прочие | ЕТСНГ=011005 | период=3 | отправка=Повагонная | не закрыто 5 из 5 ваг.
    ПРИЧИНА: дуги есть (129 шт.), но все совместимые узлы предложения исчерпаны — вагоны ушли на другие заявки (конкуренция за предложение).
  [d_idx  176] Плавица (ЮВС) | тип=Прочие | ЕТСНГ=542072 | период=3 | отправка=Повагонная | не закрыто 4 из 4 ваг.
    ПРИЧИНА: дуги есть (122 шт.), но все совместимые узлы предложения исчерпаны — вагоны ушли на другие заявки (конкуренция за предложение).
  [d_idx  177] Пешковский Тупик (КЗХ) | тип=Прочие | ЕТСНГ=018131 | период=3 | отправка=Повагонная | не закрыто 5 из 5 ваг.
    ПРИЧИНА: дуги есть (83 шт.), но все совместимые узлы предложения исчерпаны — вагоны ушли на другие заявки (конкуренция за предложение).
  [d_idx  179] Новоперелюбская (ПРВ) | тип=Прочие | ЕТСНГ=011005 | период=3 | отправка=Повагонная | не закрыто 12 из 13 ваг.
    ПРИЧИНА: дуги есть (122 шт.), но все совместимые узлы предложения исчерпаны — вагоны ушли на другие заявки (конкуренция за предложение).
  [d_idx  180] Калачинская (ЗСБ) | тип=Прочие | ЕТСНГ=014003 | период=3 | отправка=Повагонная | не закрыто 6 из 6 ваг.
    ПРИЧИНА: дуги есть (136 шт.), но все совместимые узлы предложения исчерпаны — вагоны ушли на другие заявки (конкуренция за предложение).
  [d_idx  181] Шемордан (ГОР) | тип=Прочие | ЕТСНГ=014003 | период=3 | отправка=Повагонная | не закрыто 5 из 5 ваг.
    ПРИЧИНА: дуги есть (122 шт.), но все совместимые узлы предложения исчерпаны — вагоны ушли на другие заявки (конкуренция за предложение).
  [d_idx  182] ЗИРГАН (КБШ) | тип=Прочие | ЕТСНГ=011005 | период=3 | отправка=Повагонная | не закрыто 3 из 3 ваг.
    ПРИЧИНА: дуги есть (4 шт.), но все совместимые узлы предложения исчерпаны — вагоны ушли на другие заявки (конкуренция за предложение).
  [d_idx  183] Красногвардеец (ЮУР) | тип=Прочие | ЕТСНГ=011005 | период=3 | отправка=Повагонная | не закрыто 1 из 1 ваг.
    ПРИЧИНА: дуги есть (127 шт.), но все совместимые узлы предложения исчерпаны — вагоны ушли на другие заявки (конкуренция за предложение).
  [d_idx  184] Красногвардеец (ЮУР) | тип=Прочие | ЕТСНГ=011005 | период=3 | отправка=Повагонная | не закрыто 7 из 7 ваг.
    ПРИЧИНА: дуги есть (127 шт.), но все совместимые узлы предложения исчерпаны — вагоны ушли на другие заявки (конкуренция за предложение).
  [d_idx  185] Кривецкая (ЮВС) | тип=Прочие | ЕТСНГ=542072 | период=3 | отправка=Повагонная | не закрыто 4 из 4 ваг.
    ПРИЧИНА: дуги есть (123 шт.), но все совместимые узлы предложения исчерпаны — вагоны ушли на другие заявки (конкуренция за предложение).
  [d_idx  187] Тополек (ПРВ) | тип=Прочие | ЕТСНГ=011005 | период=3 | отправка=Повагонная | не закрыто 10 из 10 ваг.
    ПРИЧИНА: дуги есть (130 шт.), но все совместимые узлы предложения исчерпаны — вагоны ушли на другие заявки (конкуренция за предложение).
  [d_idx  188] Ключики (КБШ) | тип=Прочие | ЕТСНГ=011005 | период=3 | отправка=Повагонная | не закрыто 10 из 10 ваг.
    ПРИЧИНА: дуги есть (129 шт.), но все совместимые узлы предложения исчерпаны — вагоны ушли на другие заявки (конкуренция за предложение).
  [d_idx  189] Обшаровка (КБШ) | тип=Прочие | ЕТСНГ=011005 | период=3 | отправка=Повагонная | не закрыто 3 из 3 ваг.
    ПРИЧИНА: дуги есть (129 шт.), но все совместимые узлы предложения исчерпаны — вагоны ушли на другие заявки (конкуренция за предложение).
  [d_idx  190] Обшаровка (КБШ) | тип=Прочие | ЕТСНГ=011005 | период=3 | отправка=Повагонная | не закрыто 10 из 10 ваг.
    ПРИЧИНА: дуги есть (129 шт.), но все совместимые узлы предложения исчерпаны — вагоны ушли на другие заявки (конкуренция за предложение).
  [d_idx  191] Новоспасское (КБШ) | тип=Прочие | ЕТСНГ=011005 | период=3 | отправка=Повагонная | не закрыто 12 из 12 ваг.
    ПРИЧИНА: дуги есть (129 шт.), но все совместимые узлы предложения исчерпаны — вагоны ушли на другие заявки (конкуренция за предложение).
  [d_idx  193] Карбышево 1 (ЗСБ) | тип=Прочие | ЕТСНГ=011005 | период=3 | отправка=Повагонная | не закрыто 12 из 12 ваг.
    ПРИЧИНА: дуги есть (136 шт.), но все совместимые узлы предложения исчерпаны — вагоны ушли на другие заявки (конкуренция за предложение).
  [d_idx  194] Карбышево 1 (ЗСБ) | тип=Прочие | ЕТСНГ=011005 | период=3 | отправка=Повагонная | не закрыто 1 из 3 ваг.
    ПРИЧИНА: дуги есть (136 шт.), но все совместимые узлы предложения исчерпаны — вагоны ушли на другие заявки (конкуренция за предложение).
  [d_idx  195] Пачелма (КБШ) | тип=Прочие | ЕТСНГ=011005 | период=3 | отправка=Повагонная | не закрыто 3 из 3 ваг.
    ПРИЧИНА: дуги есть (129 шт.), но все совместимые узлы предложения исчерпаны — вагоны ушли на другие заявки (конкуренция за предложение).
  [d_idx  196] Жана-Есиль (КЗХ) | тип=Прочие | ЕТСНГ=018131 | период=3 | отправка=Повагонная | не закрыто 10 из 10 ваг.
    ПРИЧИНА: дуги есть (83 шт.), но все совместимые узлы предложения исчерпаны — вагоны ушли на другие заявки (конкуренция за предложение).
  [d_idx  197] Тихорецкая (ГОР) | тип=Прочие | ЕТСНГ=018112 | период=3 | отправка=Повагонная | не закрыто 3 из 3 ваг.
    ПРИЧИНА: дуги есть (122 шт.), но все совместимые узлы предложения исчерпаны — вагоны ушли на другие заявки (конкуренция за предложение).
  [d_idx  198] Карламан (КБШ) | тип=Прочие | ЕТСНГ=011005 | период=3 | отправка=Повагонная | не закрыто 13 из 13 ваг.
    ПРИЧИНА: дуги есть (129 шт.), но все совместимые узлы предложения исчерпаны — вагоны ушли на другие заявки (конкуренция за предложение).
  [d_idx  199] Лопуховка (ПРВ) | тип=Прочие | ЕТСНГ=011005 | период=3 | отправка=Повагонная | не закрыто 17 из 17 ваг.
    ПРИЧИНА: дуги есть (129 шт.), но все совместимые узлы предложения исчерпаны — вагоны ушли на другие заявки (конкуренция за предложение).
  [d_idx  201] Заречная (СКВ) | тип=Прочие | ЕТСНГ=011005 | период=3 | отправка=Повагонная | не закрыто 11 из 46 ваг.
    ПРИЧИНА: дуги есть (122 шт.), но все совместимые узлы предложения исчерпаны — вагоны ушли на другие заявки (конкуренция за предложение).
  [d_idx  203] Отрешково (МСК) | тип=Прочие | ЕТСНГ=011005 | период=3 | отправка=Маршрутная | не закрыто 35 из 35 ваг.
    ПРИЧИНА: дуги есть (133 шт.), но все совместимые узлы предложения исчерпаны — вагоны ушли на другие заявки (конкуренция за предложение).
  [d_idx  204] Платоновка (ЮВС) | тип=Прочие | ЕТСНГ=011005 | период=3 | отправка=Повагонная | не закрыто 6 из 6 ваг.
    ПРИЧИНА: дуги есть (122 шт.), но все совместимые узлы предложения исчерпаны — вагоны ушли на другие заявки (конкуренция за предложение).
  [d_idx  205] Алексиково (ПРВ) | тип=Прочие | ЕТСНГ=011005 | период=3 | отправка=Групповая | не закрыто 2 из 2 ваг.
    ПРИЧИНА: дуги есть (126 шт.), но все совместимые узлы предложения исчерпаны — вагоны ушли на другие заявки (конкуренция за предложение).
  [d_idx  206] Удобрительная (МСК) | тип=Прочие | ЕТСНГ=011005 | период=3 | отправка=Повагонная | не закрыто 21 из 21 ваг.
    ПРИЧИНА: дуги есть (133 шт.), но все совместимые узлы предложения исчерпаны — вагоны ушли на другие заявки (конкуренция за предложение).
  [d_idx  207] Елец (ЮВС) | тип=Прочие | ЕТСНГ=011005 | период=3 | отправка=Повагонная | не закрыто 8 из 8 ваг.
    ПРИЧИНА: дуги есть (126 шт.), но все совместимые узлы предложения исчерпаны — вагоны ушли на другие заявки (конкуренция за предложение).
  [d_idx  209] Озерная (КЗХ) | тип=Прочие | ЕТСНГ=018131 | период=3 | отправка=Повагонная | не закрыто 10 из 10 ваг.
    ПРИЧИНА: дуги есть (83 шт.), но все совместимые узлы предложения исчерпаны — вагоны ушли на другие заявки (конкуренция за предложение).
  [d_idx  210] Летяжевка (ЮВС) | тип=Прочие | ЕТСНГ=011005 | период=3 | отправка=Повагонная | не закрыто 10 из 10 ваг.
    ПРИЧИНА: дуги есть (120 шт.), но все совместимые узлы предложения исчерпаны — вагоны ушли на другие заявки (конкуренция за предложение).
  [d_idx  211] Охотничья (КБШ) | тип=Прочие | ЕТСНГ=011005 | период=3 | отправка=Повагонная | не закрыто 4 из 4 ваг.
    ПРИЧИНА: дуги есть (129 шт.), но все совместимые узлы предложения исчерпаны — вагоны ушли на другие заявки (конкуренция за предложение).
  [d_idx  212] Охотничья (КБШ) | тип=Прочие | ЕТСНГ=011005 | период=3 | отправка=Повагонная | не закрыто 11 из 11 ваг.
    ПРИЧИНА: дуги есть (129 шт.), но все совместимые узлы предложения исчерпаны — вагоны ушли на другие заявки (конкуренция за предложение).
  [d_idx  213] Избердей (ЮВС) | тип=Прочие | ЕТСНГ=011005 | период=3 | отправка=Маршрутная | не закрыто 27 из 27 ваг.
    ПРИЧИНА: дуги есть (122 шт.), но все совместимые узлы предложения исчерпаны — вагоны ушли на другие заявки (конкуренция за предложение).
  [d_idx  214] Избердей (ЮВС) | тип=Прочие | ЕТСНГ=011005 | период=3 | отправка=Маршрутная | не закрыто 26 из 26 ваг.
    ПРИЧИНА: дуги есть (122 шт.), но все совместимые узлы предложения исчерпаны — вагоны ушли на другие заявки (конкуренция за предложение).
  [d_idx  215] Аллагуват (КБШ) | тип=Прочие | ЕТСНГ=014003 | период=3 | отправка=Повагонная | не закрыто 5 из 5 ваг.
    ПРИЧИНА: дуги есть (129 шт.), но все совместимые узлы предложения исчерпаны — вагоны ушли на другие заявки (конкуренция за предложение).
  [d_idx  217] Петровск-Саратовский (ПРВ) | тип=Прочие | ЕТСНГ=011005 | период=3 | отправка=Повагонная | не закрыто 2 из 2 ваг.
    ПРИЧИНА: дуги есть (126 шт.), но все совместимые узлы предложения исчерпаны — вагоны ушли на другие заявки (конкуренция за предложение).
  [d_idx  219] Бугуруслан (КБШ) | тип=Прочие | ЕТСНГ=011005 | период=3 | отправка=Повагонная | не закрыто 4 из 4 ваг.
    ПРИЧИНА: дуги есть (129 шт.), но все совместимые узлы предложения исчерпаны — вагоны ушли на другие заявки (конкуренция за предложение).
  [d_idx  220] Бугуруслан (КБШ) | тип=Прочие | ЕТСНГ=011005 | период=3 | отправка=Повагонная | не закрыто 9 из 9 ваг.
    ПРИЧИНА: дуги есть (129 шт.), но все совместимые узлы предложения исчерпаны — вагоны ушли на другие заявки (конкуренция за предложение).
  [d_idx  221] Руденск (БЕЛ) | тип=Прочие | ЕТСНГ=014003 | период=3 | отправка=Повагонная | не закрыто 10 из 10 ваг.
    ПРИЧИНА: нет ни одной допустимой дуги — закрыть невозможно текущими данными. Отбраковка пар со всеми 171 узлами предложения:
             нет тарифа 10, несовм. тип 0, грязный ЕТСНГ 10, дальше потолка расстояния 4, бизнес-правила дорог (инотерритория/дефицит) 131, станция закрыта очередью (правило 4) 16, конвенция РЖД 0, нарушение срока 0.
             на станции 71 ваг. при мощности 10 ваг./сут. (7.1 суток работы) — подсыл закрыт во все периоды.
  [d_idx  222] Руденск (БЕЛ) | тип=Прочие | ЕТСНГ=014003 | период=3 | отправка=Повагонная | не закрыто 10 из 10 ваг.
    ПРИЧИНА: нет ни одной допустимой дуги — закрыть невозможно текущими данными. Отбраковка пар со всеми 171 узлами предложения:
             нет тарифа 10, несовм. тип 0, грязный ЕТСНГ 10, дальше потолка расстояния 4, бизнес-правила дорог (инотерритория/дефицит) 131, станция закрыта очередью (правило 4) 16, конвенция РЖД 0, нарушение срока 0.
             на станции 71 ваг. при мощности 10 ваг./сут. (7.1 суток работы) — подсыл закрыт во все периоды.
  [d_idx  223] Озинки (ПРВ) | тип=Прочие | ЕТСНГ=011005 | период=3 | отправка=Повагонная | не закрыто 5 из 5 ваг.
    ПРИЧИНА: нет ни одной допустимой дуги — закрыть невозможно текущими данными. Отбраковка пар со всеми 171 узлами предложения:
             нет тарифа 0, несовм. тип 0, грязный ЕТСНГ 10, дальше потолка расстояния 4, бизнес-правила дорог (инотерритория/дефицит) 31, станция закрыта очередью (правило 4) 126, конвенция РЖД 0, нарушение срока 0.
             на станции 60 ваг. при мощности 10 ваг./сут. (6.0 суток работы) — подсыл закрыт во все периоды.
  [d_idx  224] Целина (СКВ) | тип=Прочие | ЕТСНГ=011005 | период=4 | отправка=Повагонная | не закрыто 12 из 12 ваг.
    ПРИЧИНА: дуги есть (117 шт.), но все совместимые узлы предложения исчерпаны — вагоны ушли на другие заявки (конкуренция за предложение).
  [d_idx  226] Саханская (МСК) | тип=Прочие | ЕТСНГ=011005 | период=4 | отправка=Повагонная | не закрыто 10 из 10 ваг.
    ПРИЧИНА: нет ни одной допустимой дуги — закрыть невозможно текущими данными. Отбраковка пар со всеми 171 узлами предложения:
             нет тарифа 0, несовм. тип 0, грязный ЕТСНГ 10, дальше потолка расстояния 4, бизнес-правила дорог (инотерритория/дефицит) 24, станция закрыта очередью (правило 4) 133, конвенция РЖД 0, нарушение срока 0.
             на станции 16 ваг. при мощности 3 ваг./сут. (5.3 суток работы) — подсыл закрыт во все периоды.
  [d_idx  227] Полоцк (БЕЛ) | тип=Прочие | ЕТСНГ=542239 | период=4 | отправка=Повагонная | не закрыто 8 из 8 ваг.
    ПРИЧИНА: дуги есть (16 шт.), но все совместимые узлы предложения исчерпаны — вагоны ушли на другие заявки (конкуренция за предложение).
  [d_idx  229] Елань-Камышинская (ЮВС) | тип=Прочие | ЕТСНГ=011005 | период=4 | отправка=Повагонная | не закрыто 9 из 9 ваг.
    ПРИЧИНА: дуги есть (122 шт.), но все совместимые узлы предложения исчерпаны — вагоны ушли на другие заявки (конкуренция за предложение).
  [d_idx  230] Янаул (ГОР) | тип=Прочие | ЕТСНГ=014003 | период=4 | отправка=Повагонная | не закрыто 6 из 6 ваг.
    ПРИЧИНА: дуги есть (122 шт.), но все совместимые узлы предложения исчерпаны — вагоны ушли на другие заявки (конкуренция за предложение).
  [d_idx  231] Дмитриев-Льговский (МСК) | тип=Прочие | ЕТСНГ=011005 | период=4 | отправка=Повагонная | не закрыто 7 из 7 ваг.
    ПРИЧИНА: дуги есть (133 шт.), но все совместимые узлы предложения исчерпаны — вагоны ушли на другие заявки (конкуренция за предложение).
  [d_idx  233] Ртищево 1 (ЮВС) | тип=Прочие | ЕТСНГ=011005 | период=4 | отправка=Повагонная | не закрыто 14 из 14 ваг.
    ПРИЧИНА: дуги есть (125 шт.), но все совместимые узлы предложения исчерпаны — вагоны ушли на другие заявки (конкуренция за предложение).
  [d_idx  234] Воронеж-Курский (ЮВС) | тип=Прочие | ЕТСНГ=014003 | период=4 | отправка=Повагонная | не закрыто 4 из 4 ваг.
    ПРИЧИНА: дуги есть (95 шт.), но все совместимые узлы предложения исчерпаны — вагоны ушли на другие заявки (конкуренция за предложение).
  [d_idx  235] Асекеево (КБШ) | тип=Прочие | ЕТСНГ=011005 | период=4 | отправка=Повагонная | не закрыто 6 из 6 ваг.
    ПРИЧИНА: дуги есть (128 шт.), но все совместимые узлы предложения исчерпаны — вагоны ушли на другие заявки (конкуренция за предложение).
  [d_idx  236] Урюпино (ПРВ) | тип=Прочие | ЕТСНГ=542239 | период=4 | отправка=Повагонная | не закрыто 5 из 5 ваг.
    ПРИЧИНА: дуги есть (128 шт.), но все совместимые узлы предложения исчерпаны — вагоны ушли на другие заявки (конкуренция за предложение).
  [d_idx  237] Урюпино (ПРВ) | тип=Прочие | ЕТСНГ=542239 | период=4 | отправка=Повагонная | не закрыто 2 из 2 ваг.
    ПРИЧИНА: дуги есть (128 шт.), но все совместимые узлы предложения исчерпаны — вагоны ушли на другие заявки (конкуренция за предложение).
  [d_idx  238] Москаленки (ЗСБ) | тип=Прочие | ЕТСНГ=011005 | период=4 | отправка=Повагонная | не закрыто 1 из 1 ваг.
    ПРИЧИНА: дуги есть (136 шт.), но все совместимые узлы предложения исчерпаны — вагоны ушли на другие заявки (конкуренция за предложение).
  [d_idx  239] Белинская (КБШ) | тип=Прочие | ЕТСНГ=011005 | период=4 | отправка=Повагонная | не закрыто 17 из 17 ваг.
    ПРИЧИНА: дуги есть (129 шт.), но все совместимые узлы предложения исчерпаны — вагоны ушли на другие заявки (конкуренция за предложение).
  [d_idx  240] Белинская (КБШ) | тип=Прочие | ЕТСНГ=542072 | период=4 | отправка=Повагонная | не закрыто 6 из 6 ваг.
    ПРИЧИНА: дуги есть (129 шт.), но все совместимые узлы предложения исчерпаны — вагоны ушли на другие заявки (конкуренция за предложение).
  [d_idx  241] Верховье (МСК) | тип=Прочие | ЕТСНГ=011005 | период=4 | отправка=Повагонная | не закрыто 28 из 28 ваг.
    ПРИЧИНА: дуги есть (133 шт.), но все совместимые узлы предложения исчерпаны — вагоны ушли на другие заявки (конкуренция за предложение).
  [d_idx  244] Выселки (СКВ) | тип=Прочие | ЕТСНГ=542296 | период=4 | отправка=Повагонная | не закрыто 2 из 2 ваг.
    ПРИЧИНА: нет ни одной допустимой дуги — закрыть невозможно текущими данными. Отбраковка пар со всеми 171 узлами предложения:
             нет тарифа 16, несовм. тип 0, грязный ЕТСНГ 10, дальше потолка расстояния 4, бизнес-правила дорог (инотерритория/дефицит) 28, станция закрыта очередью (правило 4) 113, конвенция РЖД 0, нарушение срока 0.
             на станции 47 ваг. при мощности 6 ваг./сут. (7.8 суток работы) — подсыл закрыт во все периоды.
  [d_idx  245] Безенчук (КБШ) | тип=Прочие | ЕТСНГ=011005 | период=4 | отправка=Повагонная | не закрыто 32 из 32 ваг.
    ПРИЧИНА: дуги есть (130 шт.), но все совместимые узлы предложения исчерпаны — вагоны ушли на другие заявки (конкуренция за предложение).
  [d_idx  246] Безенчук (КБШ) | тип=Прочие | ЕТСНГ=011005 | период=4 | отправка=Повагонная | не закрыто 15 из 15 ваг.
    ПРИЧИНА: дуги есть (130 шт.), но все совместимые узлы предложения исчерпаны — вагоны ушли на другие заявки (конкуренция за предложение).
  [d_idx  247] Безенчук (КБШ) | тип=Прочие | ЕТСНГ=542239 | период=4 | отправка=Повагонная | не закрыто 1 из 1 ваг.
    ПРИЧИНА: дуги есть (132 шт.), но все совместимые узлы предложения исчерпаны — вагоны ушли на другие заявки (конкуренция за предложение).
  [d_idx  248] Сорочинская (ЮУР) | тип=Прочие | ЕТСНГ=542239 | период=4 | отправка=Повагонная | не закрыто 3 из 3 ваг.
    ПРИЧИНА: дуги есть (129 шт.), но все совместимые узлы предложения исчерпаны — вагоны ушли на другие заявки (конкуренция за предложение).
  [d_idx  249] Сорочинская (ЮУР) | тип=Прочие | ЕТСНГ=542239 | период=4 | отправка=Повагонная | не закрыто 3 из 3 ваг.
    ПРИЧИНА: дуги есть (129 шт.), но все совместимые узлы предложения исчерпаны — вагоны ушли на другие заявки (конкуренция за предложение).
  [d_idx  250] Сорочинская (ЮУР) | тип=Прочие | ЕТСНГ=542239 | период=4 | отправка=Повагонная | не закрыто 5 из 5 ваг.
    ПРИЧИНА: дуги есть (129 шт.), но все совместимые узлы предложения исчерпаны — вагоны ушли на другие заявки (конкуренция за предложение).
  [d_idx  251] Сорочинская (ЮУР) | тип=Прочие | ЕТСНГ=542239 | период=4 | отправка=Повагонная | не закрыто 3 из 3 ваг.
    ПРИЧИНА: дуги есть (129 шт.), но все совместимые узлы предложения исчерпаны — вагоны ушли на другие заявки (конкуренция за предложение).
  [d_idx  252] Сорочинская (ЮУР) | тип=Прочие | ЕТСНГ=542239 | период=4 | отправка=Повагонная | не закрыто 1 из 1 ваг.
    ПРИЧИНА: дуги есть (129 шт.), но все совместимые узлы предложения исчерпаны — вагоны ушли на другие заявки (конкуренция за предложение).
  [d_idx  256] Чуфарово (КБШ) | тип=Прочие | ЕТСНГ=011005 | период=4 | отправка=Повагонная | не закрыто 2 из 2 ваг.
    ПРИЧИНА: дуги есть (129 шт.), но все совместимые узлы предложения исчерпаны — вагоны ушли на другие заявки (конкуренция за предложение).
  [d_idx  257] Бузулук (ЮУР) | тип=Прочие | ЕТСНГ=011005 | период=4 | отправка=Повагонная | не закрыто 9 из 9 ваг.
    ПРИЧИНА: дуги есть (127 шт.), но все совместимые узлы предложения исчерпаны — вагоны ушли на другие заявки (конкуренция за предложение).
  [d_idx  258] Заглядино (КБШ) | тип=Прочие | ЕТСНГ=011005 | период=4 | отправка=Повагонная | не закрыто 14 из 14 ваг.
    ПРИЧИНА: дуги есть (129 шт.), но все совместимые узлы предложения исчерпаны — вагоны ушли на другие заявки (конкуренция за предложение).
  [d_idx  259] Жатва (ЗСБ) | тип=Прочие | ЕТСНГ=011005 | период=4 | отправка=Повагонная | не закрыто 5 из 5 ваг.
    ПРИЧИНА: дуги есть (136 шт.), но все совместимые узлы предложения исчерпаны — вагоны ушли на другие заявки (конкуренция за предложение).
  [d_idx  260] Раненбург (ЮВС) | тип=Прочие | ЕТСНГ=014003 | период=4 | отправка=Повагонная | не закрыто 9 из 9 ваг.
    ПРИЧИНА: дуги есть (122 шт.), но все совместимые узлы предложения исчерпаны — вагоны ушли на другие заявки (конкуренция за предложение).
  [d_idx  261] Раненбург (ЮВС) | тип=Прочие | ЕТСНГ=014003 | период=4 | отправка=Повагонная | не закрыто 5 из 5 ваг.
    ПРИЧИНА: дуги есть (122 шт.), но все совместимые узлы предложения исчерпаны — вагоны ушли на другие заявки (конкуренция за предложение).
  [d_idx  262] Раненбург (ЮВС) | тип=Прочие | ЕТСНГ=014003 | период=4 | отправка=Повагонная | не закрыто 7 из 7 ваг.
    ПРИЧИНА: дуги есть (122 шт.), но все совместимые узлы предложения исчерпаны — вагоны ушли на другие заявки (конкуренция за предложение).
  [d_idx  264] Плавица (ЮВС) | тип=Прочие | ЕТСНГ=542072 | период=4 | отправка=Повагонная | не закрыто 16 из 16 ваг.
    ПРИЧИНА: дуги есть (122 шт.), но все совместимые узлы предложения исчерпаны — вагоны ушли на другие заявки (конкуренция за предложение).
  [d_idx  265] Даут (КЗХ) | тип=Прочие | ЕТСНГ=018131 | период=4 | отправка=Повагонная | не закрыто 15 из 27 ваг.
    ПРИЧИНА: дуги есть (52 шт.), но все совместимые узлы предложения исчерпаны — вагоны ушли на другие заявки (конкуренция за предложение).
  [d_idx  266] Аткарск (ПРВ) | тип=Прочие | ЕТСНГ=542239 | период=4 | отправка=Повагонная | не закрыто 3 из 3 ваг.
    ПРИЧИНА: дуги есть (131 шт.), но все совместимые узлы предложения исчерпаны — вагоны ушли на другие заявки (конкуренция за предложение).
  [d_idx  267] Пешковский Тупик (КЗХ) | тип=Прочие | ЕТСНГ=018131 | период=4 | отправка=Повагонная | не закрыто 5 из 5 ваг.
    ПРИЧИНА: дуги есть (83 шт.), но все совместимые узлы предложения исчерпаны — вагоны ушли на другие заявки (конкуренция за предложение).
  [d_idx  270] Шемордан (ГОР) | тип=Прочие | ЕТСНГ=014003 | период=4 | отправка=Повагонная | не закрыто 12 из 12 ваг.
    ПРИЧИНА: дуги есть (122 шт.), но все совместимые узлы предложения исчерпаны — вагоны ушли на другие заявки (конкуренция за предложение).
  [d_idx  271] Красногвардеец (ЮУР) | тип=Прочие | ЕТСНГ=011005 | период=4 | отправка=Повагонная | не закрыто 1 из 1 ваг.
    ПРИЧИНА: дуги есть (127 шт.), но все совместимые узлы предложения исчерпаны — вагоны ушли на другие заявки (конкуренция за предложение).
  [d_idx  272] Красногвардеец (ЮУР) | тип=Прочие | ЕТСНГ=011005 | период=4 | отправка=Повагонная | не закрыто 5 из 5 ваг.
    ПРИЧИНА: дуги есть (127 шт.), но все совместимые узлы предложения исчерпаны — вагоны ушли на другие заявки (конкуренция за предложение).
  [d_idx  274] Смирново (КЗХ) | тип=Прочие | ЕТСНГ=018131 | период=4 | отправка=Повагонная | не закрыто 19 из 19 ваг.
    ПРИЧИНА: дуги есть (83 шт.), но все совместимые узлы предложения исчерпаны — вагоны ушли на другие заявки (конкуренция за предложение).
  [d_idx  275] Джаркуль (КЗХ) | тип=Прочие | ЕТСНГ=018131 | период=4 | отправка=Повагонная | не закрыто 31 из 31 ваг.
    ПРИЧИНА: дуги есть (69 шт.), но все совместимые узлы предложения исчерпаны — вагоны ушли на другие заявки (конкуренция за предложение).
  [d_idx  276] Змиевка (МСК) | тип=БКТ | ЕТСНГ=011005 | период=4 | отправка=Повагонная | не закрыто 21 из 21 ваг.
    ПРИЧИНА: дуги есть (40 шт.), но все совместимые узлы предложения исчерпаны — вагоны ушли на другие заявки (конкуренция за предложение).
  [d_idx  277] Змиевка (МСК) | тип=Прочие | ЕТСНГ=011005 | период=4 | отправка=Повагонная | не закрыто 5 из 5 ваг.
    ПРИЧИНА: дуги есть (133 шт.), но все совместимые узлы предложения исчерпаны — вагоны ушли на другие заявки (конкуренция за предложение).
  [d_idx  278] Гурьевск (ЗСБ) | тип=Прочие | ЕТСНГ=021083 | период=4 | отправка=Повагонная | не закрыто 7 из 12 ваг.
    ПРИЧИНА: дуги есть (136 шт.), но все совместимые узлы предложения исчерпаны — вагоны ушли на другие заявки (конкуренция за предложение).
  [d_idx  279] Тополек (ПРВ) | тип=Прочие | ЕТСНГ=011005 | период=4 | отправка=Повагонная | не закрыто 12 из 12 ваг.
    ПРИЧИНА: дуги есть (130 шт.), но все совместимые узлы предложения исчерпаны — вагоны ушли на другие заявки (конкуренция за предложение).
  [d_idx  280] Тополек (ПРВ) | тип=Прочие | ЕТСНГ=011005 | период=4 | отправка=Повагонная | не закрыто 10 из 10 ваг.
    ПРИЧИНА: дуги есть (130 шт.), но все совместимые узлы предложения исчерпаны — вагоны ушли на другие заявки (конкуренция за предложение).
  [d_idx  282] Погромное (ЮУР) | тип=Прочие | ЕТСНГ=011005 | период=4 | отправка=Повагонная | не закрыто 2 из 2 ваг.
    ПРИЧИНА: дуги есть (126 шт.), но все совместимые узлы предложения исчерпаны — вагоны ушли на другие заявки (конкуренция за предложение).
  [d_idx  283] Ключики (КБШ) | тип=Прочие | ЕТСНГ=011005 | период=4 | отправка=Повагонная | не закрыто 10 из 10 ваг.
    ПРИЧИНА: дуги есть (129 шт.), но все совместимые узлы предложения исчерпаны — вагоны ушли на другие заявки (конкуренция за предложение).
  [d_idx  284] Обшаровка (КБШ) | тип=БКТ | ЕТСНГ=011005 | период=4 | отправка=Повагонная | не закрыто 13 из 13 ваг.
    ПРИЧИНА: дуги есть (37 шт.), но все совместимые узлы предложения исчерпаны — вагоны ушли на другие заявки (конкуренция за предложение).
  [d_idx  285] Обшаровка (КБШ) | тип=Прочие | ЕТСНГ=011005 | период=4 | отправка=Повагонная | не закрыто 6 из 6 ваг.
    ПРИЧИНА: дуги есть (129 шт.), но все совместимые узлы предложения исчерпаны — вагоны ушли на другие заявки (конкуренция за предложение).
  [d_idx  286] Тальщик (КЗХ) | тип=Прочие | ЕТСНГ=018131 | период=4 | отправка=Повагонная | не закрыто 11 из 11 ваг.
    ПРИЧИНА: дуги есть (64 шт.), но все совместимые узлы предложения исчерпаны — вагоны ушли на другие заявки (конкуренция за предложение).
  [d_idx  287] Новоспасское (КБШ) | тип=Прочие | ЕТСНГ=011005 | период=4 | отправка=Повагонная | не закрыто 50 из 50 ваг.
    ПРИЧИНА: дуги есть (129 шт.), но все совместимые узлы предложения исчерпаны — вагоны ушли на другие заявки (конкуренция за предложение).
  [d_idx  288] Становая (ЮВС) | тип=Прочие | ЕТСНГ=011005 | период=4 | отправка=Повагонная | не закрыто 32 из 32 ваг.
    ПРИЧИНА: дуги есть (126 шт.), но все совместимые узлы предложения исчерпаны — вагоны ушли на другие заявки (конкуренция за предложение).
  [d_idx  290] Камень-на-Оби (ЗСБ) | тип=Прочие | ЕТСНГ=011005 | период=4 | отправка=Групповая | не закрыто 17 из 19 ваг.
    ПРИЧИНА: дуги есть (136 шт.), но все совместимые узлы предложения исчерпаны — вагоны ушли на другие заявки (конкуренция за предложение).
  [d_idx  291] Карбышево 1 (ЗСБ) | тип=Прочие | ЕТСНГ=011005 | период=4 | отправка=Повагонная | не закрыто 9 из 9 ваг.
    ПРИЧИНА: дуги есть (136 шт.), но все совместимые узлы предложения исчерпаны — вагоны ушли на другие заявки (конкуренция за предложение).
  [d_idx  292] Карбышево 1 (ЗСБ) | тип=Прочие | ЕТСНГ=011005 | период=4 | отправка=Повагонная | не закрыто 21 из 21 ваг.
    ПРИЧИНА: дуги есть (136 шт.), но все совместимые узлы предложения исчерпаны — вагоны ушли на другие заявки (конкуренция за предложение).
  [d_idx  293] Пресногорьковская (КЗХ) | тип=Прочие | ЕТСНГ=018131 | период=4 | отправка=Повагонная | не закрыто 1 из 1 ваг.
    ПРИЧИНА: дуги есть (78 шт.), но все совместимые узлы предложения исчерпаны — вагоны ушли на другие заявки (конкуренция за предложение).
  [d_idx  294] Пачелма (КБШ) | тип=Прочие | ЕТСНГ=011005 | период=4 | отправка=Повагонная | не закрыто 25 из 25 ваг.
    ПРИЧИНА: дуги есть (129 шт.), но все совместимые узлы предложения исчерпаны — вагоны ушли на другие заявки (конкуренция за предложение).
  [d_idx  297] Жана-Есиль (КЗХ) | тип=Прочие | ЕТСНГ=018131 | период=4 | отправка=Повагонная | не закрыто 4 из 15 ваг.
    ПРИЧИНА: дуги есть (83 шт.), но все совместимые узлы предложения исчерпаны — вагоны ушли на другие заявки (конкуренция за предложение).
  [d_idx  298] Лопуховка (ПРВ) | тип=Прочие | ЕТСНГ=011005 | период=4 | отправка=Повагонная | не закрыто 28 из 28 ваг.
    ПРИЧИНА: дуги есть (129 шт.), но все совместимые узлы предложения исчерпаны — вагоны ушли на другие заявки (конкуренция за предложение).
  [d_idx  300] Оренбург (ЮУР) | тип=Прочие | ЕТСНГ=011005 | период=4 | отправка=Повагонная | не закрыто 1 из 16 ваг.
    ПРИЧИНА: дуги есть (124 шт.), но все совместимые узлы предложения исчерпаны — вагоны ушли на другие заявки (конкуренция за предложение).
  [d_idx  301] Заречная (СКВ) | тип=Прочие | ЕТСНГ=011005 | период=4 | отправка=Повагонная | не закрыто 10 из 10 ваг.
    ПРИЧИНА: дуги есть (122 шт.), но все совместимые узлы предложения исчерпаны — вагоны ушли на другие заявки (конкуренция за предложение).
  [d_idx  303] Отрешково (МСК) | тип=Прочие | ЕТСНГ=011005 | период=4 | отправка=Маршрутная | не закрыто 102 из 102 ваг.
    ПРИЧИНА: дуги есть (133 шт.), но все совместимые узлы предложения исчерпаны — вагоны ушли на другие заявки (конкуренция за предложение).
  [d_idx  304] Платоновка (ЮВС) | тип=Прочие | ЕТСНГ=011005 | период=4 | отправка=Повагонная | не закрыто 4 из 4 ваг.
    ПРИЧИНА: дуги есть (122 шт.), но все совместимые узлы предложения исчерпаны — вагоны ушли на другие заявки (конкуренция за предложение).
  [d_idx  305] Платоновка (ЮВС) | тип=Прочие | ЕТСНГ=011005 | период=4 | отправка=Повагонная | не закрыто 11 из 11 ваг.
    ПРИЧИНА: дуги есть (122 шт.), но все совместимые узлы предложения исчерпаны — вагоны ушли на другие заявки (конкуренция за предложение).
  [d_idx  306] Платоновка (ЮВС) | тип=Прочие | ЕТСНГ=011005 | период=4 | отправка=Повагонная | не закрыто 10 из 10 ваг.
    ПРИЧИНА: дуги есть (122 шт.), но все совместимые узлы предложения исчерпаны — вагоны ушли на другие заявки (конкуренция за предложение).
  [d_idx  307] Алексиково (ПРВ) | тип=Прочие | ЕТСНГ=011005 | период=4 | отправка=Групповая | не закрыто 50 из 50 ваг.
    ПРИЧИНА: дуги есть (126 шт.), но все совместимые узлы предложения исчерпаны — вагоны ушли на другие заявки (конкуренция за предложение).
  [d_idx  308] Удобрительная (МСК) | тип=Прочие | ЕТСНГ=011005 | период=4 | отправка=Повагонная | не закрыто 43 из 43 ваг.
    ПРИЧИНА: дуги есть (133 шт.), но все совместимые узлы предложения исчерпаны — вагоны ушли на другие заявки (конкуренция за предложение).
  [d_idx  309] Елец (ЮВС) | тип=Прочие | ЕТСНГ=011005 | период=4 | отправка=Повагонная | не закрыто 8 из 19 ваг.
    ПРИЧИНА: дуги есть (126 шт.), но все совместимые узлы предложения исчерпаны — вагоны ушли на другие заявки (конкуренция за предложение).
  [d_idx  310] Елец (ЮВС) | тип=Прочие | ЕТСНГ=542224 | период=4 | отправка=Повагонная | не закрыто 2 из 2 ваг.
    ПРИЧИНА: дуги есть (126 шт.), но все совместимые узлы предложения исчерпаны — вагоны ушли на другие заявки (конкуренция за предложение).
  [d_idx  312] Жутово (ПРВ) | тип=Прочие | ЕТСНГ=011005 | период=4 | отправка=Маршрутная | не закрыто 4 из 4 ваг.
    ПРИЧИНА: дуги есть (126 шт.), но все совместимые узлы предложения исчерпаны — вагоны ушли на другие заявки (конкуренция за предложение).
  [d_idx  313] Озерная (КЗХ) | тип=Прочие | ЕТСНГ=018131 | период=4 | отправка=Повагонная | не закрыто 27 из 27 ваг.
    ПРИЧИНА: дуги есть (83 шт.), но все совместимые узлы предложения исчерпаны — вагоны ушли на другие заявки (конкуренция за предложение).
  [d_idx  314] Сасово (МСК) | тип=Прочие | ЕТСНГ=011005 | период=4 | отправка=Повагонная | не закрыто 8 из 8 ваг.
    ПРИЧИНА: нет ни одной допустимой дуги — закрыть невозможно текущими данными. Отбраковка пар со всеми 171 узлами предложения:
             нет тарифа 0, несовм. тип 0, грязный ЕТСНГ 10, дальше потолка расстояния 4, бизнес-правила дорог (инотерритория/дефицит) 24, станция закрыта очередью (правило 4) 133, конвенция РЖД 0, нарушение срока 0.
             на станции 42 ваг. при мощности 8 ваг./сут. (5.2 суток работы) — подсыл закрыт во все периоды.
  [d_idx  315] Летяжевка (ЮВС) | тип=Прочие | ЕТСНГ=011005 | период=4 | отправка=Повагонная | не закрыто 1 из 1 ваг.
    ПРИЧИНА: дуги есть (120 шт.), но все совместимые узлы предложения исчерпаны — вагоны ушли на другие заявки (конкуренция за предложение).
  [d_idx  316] Летяжевка (ЮВС) | тип=Прочие | ЕТСНГ=011005 | период=4 | отправка=Повагонная | не закрыто 2 из 2 ваг.
    ПРИЧИНА: дуги есть (120 шт.), но все совместимые узлы предложения исчерпаны — вагоны ушли на другие заявки (конкуренция за предложение).
  [d_idx  317] Тоцкая (ЮУР) | тип=Прочие | ЕТСНГ=014003 | период=4 | отправка=Повагонная | не закрыто 12 из 12 ваг.
    ПРИЧИНА: дуги есть (127 шт.), но все совместимые узлы предложения исчерпаны — вагоны ушли на другие заявки (конкуренция за предложение).
  [d_idx  318] Сабурово (ЮВС) | тип=Прочие | ЕТСНГ=505028 | период=4 | отправка=Повагонная | не закрыто 33 из 33 ваг.
    ПРИЧИНА: дуги есть (122 шт.), но все совместимые узлы предложения исчерпаны — вагоны ушли на другие заявки (конкуренция за предложение).
  [d_idx  319] Охотничья (КБШ) | тип=Прочие | ЕТСНГ=011005 | период=4 | отправка=Повагонная | не закрыто 22 из 22 ваг.
    ПРИЧИНА: дуги есть (129 шт.), но все совместимые узлы предложения исчерпаны — вагоны ушли на другие заявки (конкуренция за предложение).
  [d_idx  320] Избердей (ЮВС) | тип=Прочие | ЕТСНГ=011005 | период=4 | отправка=Маршрутная | не закрыто 36 из 36 ваг.
    ПРИЧИНА: дуги есть (122 шт.), но все совместимые узлы предложения исчерпаны — вагоны ушли на другие заявки (конкуренция за предложение).
  [d_idx  321] Избердей (ЮВС) | тип=Прочие | ЕТСНГ=011005 | период=4 | отправка=Маршрутная | не закрыто 68 из 68 ваг.
    ПРИЧИНА: дуги есть (122 шт.), но все совместимые узлы предложения исчерпаны — вагоны ушли на другие заявки (конкуренция за предложение).
  [d_idx  322] Саумалколь (КЗХ) | тип=Прочие | ЕТСНГ=021083 | период=4 | отправка=Повагонная | не закрыто 25 из 43 ваг.
    ПРИЧИНА: дуги есть (83 шт.), но все совместимые узлы предложения исчерпаны — вагоны ушли на другие заявки (конкуренция за предложение).
  [d_idx  323] Саумалколь (КЗХ) | тип=Прочие | ЕТСНГ=018131 | период=4 | отправка=Повагонная | не закрыто 15 из 15 ваг.
    ПРИЧИНА: дуги есть (83 шт.), но все совместимые узлы предложения исчерпаны — вагоны ушли на другие заявки (конкуренция за предложение).
  [d_idx  324] Аллагуват (КБШ) | тип=Прочие | ЕТСНГ=014003 | период=4 | отправка=Повагонная | не закрыто 5 из 5 ваг.
    ПРИЧИНА: дуги есть (129 шт.), но все совместимые узлы предложения исчерпаны — вагоны ушли на другие заявки (конкуренция за предложение).
  [d_idx  325] Коскуль (КЗХ) | тип=Прочие | ЕТСНГ=018131 | период=4 | отправка=Повагонная | не закрыто 3 из 3 ваг.
    ПРИЧИНА: дуги есть (60 шт.), но все совместимые узлы предложения исчерпаны — вагоны ушли на другие заявки (конкуренция за предложение).
  [d_idx  328] Бугуруслан (КБШ) | тип=Прочие | ЕТСНГ=011005 | период=4 | отправка=Повагонная | не закрыто 10 из 10 ваг.
    ПРИЧИНА: дуги есть (129 шт.), но все совместимые узлы предложения исчерпаны — вагоны ушли на другие заявки (конкуренция за предложение).
  [d_idx  329] Бугуруслан (КБШ) | тип=Прочие | ЕТСНГ=011005 | период=4 | отправка=Повагонная | не закрыто 16 из 16 ваг.
    ПРИЧИНА: дуги есть (129 шт.), но все совместимые узлы предложения исчерпаны — вагоны ушли на другие заявки (конкуренция за предложение).
  [d_idx  330] Руденск (БЕЛ) | тип=Прочие | ЕТСНГ=014003 | период=4 | отправка=Повагонная | не закрыто 20 из 20 ваг.
    ПРИЧИНА: нет ни одной допустимой дуги — закрыть невозможно текущими данными. Отбраковка пар со всеми 171 узлами предложения:
             нет тарифа 10, несовм. тип 0, грязный ЕТСНГ 10, дальше потолка расстояния 4, бизнес-правила дорог (инотерритория/дефицит) 131, станция закрыта очередью (правило 4) 16, конвенция РЖД 0, нарушение срока 0.
             на станции 71 ваг. при мощности 10 ваг./сут. (7.1 суток работы) — подсыл закрыт во все периоды.
  [d_idx  331] Руденск (БЕЛ) | тип=Прочие | ЕТСНГ=014003 | период=4 | отправка=Повагонная | не закрыто 5 из 5 ваг.
    ПРИЧИНА: нет ни одной допустимой дуги — закрыть невозможно текущими данными. Отбраковка пар со всеми 171 узлами предложения:
             нет тарифа 10, несовм. тип 0, грязный ЕТСНГ 10, дальше потолка расстояния 4, бизнес-правила дорог (инотерритория/дефицит) 131, станция закрыта очередью (правило 4) 16, конвенция РЖД 0, нарушение срока 0.
             на станции 71 ваг. при мощности 10 ваг./сут. (7.1 суток работы) — подсыл закрыт во все периоды.
  [d_idx  332] Озинки (ПРВ) | тип=Прочие | ЕТСНГ=011005 | период=4 | отправка=Повагонная | не закрыто 23 из 23 ваг.
    ПРИЧИНА: нет ни одной допустимой дуги — закрыть невозможно текущими данными. Отбраковка пар со всеми 171 узлами предложения:
             нет тарифа 0, несовм. тип 0, грязный ЕТСНГ 10, дальше потолка расстояния 4, бизнес-правила дорог (инотерритория/дефицит) 31, станция закрыта очередью (правило 4) 126, конвенция РЖД 0, нарушение срока 0.
             на станции 60 ваг. при мощности 10 ваг./сут. (6.0 суток работы) — подсыл закрыт во все периоды.
  [d_idx  333] Озинки (ПРВ) | тип=Прочие | ЕТСНГ=011005 | период=4 | отправка=Повагонная | не закрыто 19 из 19 ваг.
    ПРИЧИНА: нет ни одной допустимой дуги — закрыть невозможно текущими данными. Отбраковка пар со всеми 171 узлами предложения:
             нет тарифа 0, несовм. тип 0, грязный ЕТСНГ 10, дальше потолка расстояния 4, бизнес-правила дорог (инотерритория/дефицит) 31, станция закрыта очередью (правило 4) 126, конвенция РЖД 0, нарушение срока 0.
             на станции 60 ваг. при мощности 10 ваг./сут. (6.0 суток работы) — подсыл закрыт во все периоды.

  СВОДКА ПО ПРИЧИНАМ:
    нет допустимых дуг (структурно)        узлов:  19, вагонов:  215
    источники предложения исчерпаны        узлов: 251, вагонов: 2929

  ЗАКРЫВАЕМОСТЬ (по реальному связывающему ограничению):
    структурно недостижимо (нет дуг):           215 ваг.  — нужны новые тарифы / смягчение жёстких фильтров
    упёрто в квоту ДМЗИ (инфраструктура):          0 ваг.  — поможет только повышение квоты на дороге
    держит MIN_BATCH (квота ДМЗИ ещё есть):        0 ваг.  — поможет смягчение партии (middle 0 / масс. 0 / маршр. 0)
    прочее (конкуренция / экономика штрафа):    2929 ваг.
--------------------------------
--- УТИЛИЗАЦИЯ КВОТ ДМЗИ ---
  ВСБ  период  1:    0 из    4 ваг.
  ВСБ  период 10:    0 из    6 ваг.
  ГОР  период  1:    0 из  373 ваг.
  ГОР  период 10:    0 из  533 ваг.
  ЗАБ  период  1:    1 из   25 ваг.
  ЗАБ  период 10:    0 из   35 ваг.
  ЗСБ  период  1:   24 из  833 ваг.
  ЗСБ  период 10:    0 из 1167 ваг.
  КБШ  период  1:   47 из  934 ваг.
  КБШ  период 10:    0 из 1342 ваг.
  КРС  период  1:    0 из   10 ваг.
  КРС  период 10:    0 из   14 ваг.
  МСК  период  1:  146 из  748 ваг.
  МСК  период 10:    0 из 1048 ваг.
  ОКТ  период  1:    0 из  311 ваг.
  ОКТ  период 10:    0 из  441 ваг.
  ПРВ  период  1:   40 из 1009 ваг.
  ПРВ  период 10:    0 из 1439 ваг.
  СВР  период  1:    0 из  537 ваг.
  СВР  период 10:    0 из  771 ваг.
  СЕВ  период  1:    0 из   75 ваг.
  СЕВ  период 10:    0 из  105 ваг.
  СКВ  период  1:  115 из  335 ваг.
  СКВ  период 10:    0 из  469 ваг.
  ЮВС  период  1:  255 из 1428 ваг.
  ЮВС  период 10:    0 из 2050 ваг.
  ЮУР  период  1:   42 из  690 ваг.
  ЮУР  период 10:    0 из  990 ваг.
----------------------------
Баланс отчёта оптимизации:   OK (939 ваг. в записях = 939 ваг. предложения)
Записей в отчёте (Excel):    298 (217 оптим. + 53 по факту + 28 в ремонт) / 1072 вагонов
  → в POST АПИ (период 1):   298 записей / 1072 вагонов
Чекпоинт сохранён:           tmp/checkpoint_day1_2026-09-17_19-01-33.xlsx

======= РЕЗУЛЬТАТЫ ОПТИМИЗАЦИИ =======
Статус решателя:      MIP Optimal (gap=0.000%)
Назначено вагонов:    939
Неудовл. спрос:       3144 ваг. (dummy-предложение)
Суммарная стоимость:  38946972 руб.
======================================

Результат сохранён:          tmp/result_day1_20260917_190133.json
[SUCCESS] railoptim завершил работу успешно.
[Чт 17 сен 2026 19:02:25 MSK] Запуск: /home/atretyakov/railoptim/app/bin/railoptim (env=prod, MIP_WARM_START=on, INCLUDE_PERIOD10=on)
stations_geo: 19494 записей, data/stations/stations_geo.sqlite (baltic=671, china_mongolia=339, cis=6263, ru=11848, south_caucasus=373)
Получено узлов спроса (погрузка): 426 или 6134 вагонов
Бизнес-правила (business_rules.json): потолок подсыла 6000 км; инотерриторий 21 (исключений 3); дефицитных дорог 6 (вывоз ≤ 300 км, надбавка 30000 руб.); проверка ГУ-12 вкл.; загруженность станций (правило 4) закрытие при Q ≥ 5×C, очередь ≤ 1×C без ожидания, штраф ожидания 5000 руб./сут.; конвенции РЖД (правило 5) вкл.; грязный под свой груз (правило 6): промывочный маршрут +10000+40000 руб., потолок ≤ 1.00 × промывочного маршрута, поощрение 0.50 × (тариф до промывки + промывка); ремонт (правило 7): 15 сут. / инотерритория 45 сут.; иномойка (правило 8): 21 дорог образования, капризных 1 (надбавка 30000 руб. при предложении > 1.20 × спроса); поправка периода 1 по расстоянию: 30.0 руб./км × (км − 1200), потолок ±35000 руб., в отчёт не идёт
Конвенции (правило 5, conv-redis): 127.0.0.1:6379/0 HASH `telegrams_db` — 67 записей в Redis, в сервис взято 8 действующих → data/conventions_from_redis.json
  в HASH не взяты (истёкшие/вне горизонта/без дат, в память не кладём): истекло 53, ещё не началось 0, без дат 0; битый JSON 0
  отброшено из действующих по дате: класс Others/ошибка 6, только КЗХ 0, нечем матчить 0
  действующих: 8 (Empty 2, All 5, Grain 1; из них промывка/ремонт/отстой 0)
    · №19412 All | назн.ЕСР 207603,207406,207302,206507,206704 | все получатели | 2026-09-01…2026-12-31 | все грузы
    · №19692 All | назн.ЕСР 434231,434301,434405,436203 | все получатели | 2026-09-01…2026-09-30 | все грузы
    · №20514 Grain | назн.ЕСР 521001,520901 | по ОКПО/имени | 2026-09-13…2026-10-12 | пшеница
    · №27638 Empty | назн.дороги УЗБ | все получатели | 2025-11-11…3000-01-01 | Порожние вагоны
    · №4810 All | назн.ЕСР 436701 | все получатели | 2026-03-05…3000-01-01 | все грузы
    · №4811 Empty | назн.ЕСР 434208,434104 | все получатели | 2026-03-05…3000-01-01 | Порожние вагоны
    · №7659 All | назн.ЕСР 436701 | все получатели | 2026-04-06…2026-09-30 | все грузы
    · №7660 All | назн.ЕСР 434208,434104 | все получатели | 2026-04-06…2026-09-30 | все грузы
  индекс: 8 правил; ЕСР погрузки 12, ЕСР назн.груза 14, dest-дороги 1, dep-дороги 0, dep-ЕСР 0, пары dep→dest 0; все получатели 7, с ОКПО/именем 1; без ключей 0
  ЕСР погрузки (Empty/All): 206507, 206704, 207302, 207406, 207603, 434104, 434208, 434231, 434301, 434405, 436203, 436701
  ЕСР назн.груза (Grain/All): 206507, 206704, 207302, 207406, 207603, 434104, 434208, 434231, 434301, 434405, 436203, 436701, 520901, 521001
  dest-дороги: УЗБ
Дороги-инотерритории для ГУ-12 (ForeignRailways): 21
GU12_STATS={"periods": ["0:4", "5:7", "8:9", "10:14"], "rows": 905, "stations": 277, "rows_without_okpo": 62, "cars_by_period": [8203, 5047, 2964, 6034]}
Спрос с учётом ГУ-12 (правило 3): 334 узлов или 4072 вагонов (было 426 / 6134)
  заявок ГУ-12 согласованных: 905 строк / 277 станций (на станциях без спроса: 402)
  по периодам 1..4, ваг.: было [1347, 1470, 1040, 2277] → стало [1131, 834, 599, 1508]
  сопоставлено узлов: по ОКПО 351, по имени грузоотправителя 0, пропорционально по станции 8
  урезано до ГУ-12: 89 узлов / −961 ваг.; без заявки ГУ-12 (исключены): 92 узлов / 1101 ваг.; инотерритория (без проверки): 48 узлов / 560 ваг.
Получено узлов предложения 1 сут.:  249 или 1072 вагонов
  [!] дислокация: 298 повторов номеров внутри выгрузки dislocations.py — оставлено первое вхождение
  [!] дислокация: 147 вагонов периода 10 уже есть в предложении АПИ (период 1) — из периода 10 исключены, оставлены в периоде 1: 95808697, 95456406, 95281226, 95905121, 95863098, 95813127, 95715892, 95523858, 99428013, 98936446, …
  узлов дислокации (2-10 сут., период 10): 452 или 3700 вагонов (в выгрузке 4145, дублей 298, пересечений с периодом 1 147)
Получено узлов предложения всего:  701 или 4772 вагонов
  свободных для назначения:  556 или 4411 вагонов
  требуют ремонта (В ремонт):95 или 263 вагонов
  по факту (Assigned):       50 или 98 вагонов
Дороги иномойки (правило 8, ForeignWashedRoads): 21
Коды «уже промыт/ремонт» (WashedEmptyEtsngCodes): 2
Ban-list чужих владельцев отстоя (reserve_owners.json): 4 пар (станция+ОКПО)
Узлов спроса (промывка):     36 или мощность в период 5 суток 2795 вагонов
  предложений с ЕТСНГ из списка промывки: 169 вагонов (освобождены по правилу 8 / иномойка: 135; из них есть узел погрузки с тем же ЕТСНГ на любой станции — альтернатива промывке по спросу: 163 вагонов)
Получено тарифов:            29286
Загружено ремонтных станций: 102
Тарифов до ремонтных ст.:    5664
Тарифов до промывки (с надбавкой 10000+40000=50000 руб.): 1360
Ограничения ДМЗИ:            14 дорог (98 записей Ostatok)
  ВСБ  период 1 ≤    4, период 10 ≤    6 ваг.
  ГОР  период 1 ≤  373, период 10 ≤  533 ваг.
  ЗАБ  период 1 ≤   25, период 10 ≤   35 ваг.
  ЗСБ  период 1 ≤  833, период 10 ≤ 1167 ваг.
  КБШ  период 1 ≤  934, период 10 ≤ 1342 ваг.
  КРС  период 1 ≤   10, период 10 ≤   14 ваг.
  МСК  период 1 ≤  748, период 10 ≤ 1048 ваг.
  ОКТ  период 1 ≤  311, период 10 ≤  441 ваг.
  ПРВ  период 1 ≤ 1009, период 10 ≤ 1439 ваг.
  СВР  период 1 ≤  537, период 10 ≤  771 ваг.
  СЕВ  период 1 ≤   75, период 10 ≤  105 ваг.
  СКВ  период 1 ≤  335, период 10 ≤  469 ваг.
  ЮВС  период 1 ≤ 1428, период 10 ≤ 2050 ваг.
  ЮУР  период 1 ≤  690, период 10 ≤  990 ваг.
БД отстоя обновлена:         получено 21 / записано 21 / без etran_id 0
Узлы отстоя (резервы):       80 узлов / ёмкость 2387 ваг. (записей в БД 220, дублей 0, отфильтровано 140, чужих по ban-list 454)
FREE_LOADROADS_STATS={"date_from": "2026-03-17", "date_to": "2026-09-17", "load_station_codes": 495, "cars_on_station_rows": 1905, "cars_total": 78768}
Свободные ёмкости путей:     104 крупных станций -> data/load_stations_free_capacity.json
Загруженность станций (правило 4): мощность известна у 710 станций справочника; станций спроса 138, проверено 111, без мощности 27
  закрыто станций: 6 (19 узлов / 215 ваг. спроса); с очередью (ожидание подсыла): 33; станций с несколькими грузоотправителями: 18; грузоотправителей с разным CarsOnStation по узлам: 27
    · закрыта Выселки (СКВ): на станции 47 ваг., мощность 6 ваг./сут. (7.8 сут. работы)
    · закрыта Руденск (БЕЛ): на станции 71 ваг., мощность 10 ваг./сут. (7.1 сут. работы)
    · закрыта Ольха (ЮВС): на станции 43 ваг., мощность 7 ваг./сут. (6.1 сут. работы)
    · закрыта Озинки (ПРВ): на станции 60 ваг., мощность 10 ваг./сут. (6.0 сут. работы)
    · закрыта Саханская (МСК): на станции 16 ваг., мощность 3 ваг./сут. (5.3 сут. работы)
    · закрыта Сасово (МСК): на станции 42 ваг., мощность 8 ваг./сут. (5.2 сут. работы)
    · очередь Красногвардеец (ЮУР): на станции 48 ваг., мощность 11 ваг./сут. — подсыл не раньше 4-х суток
    · очередь Алексиково (ПРВ): на станции 85 ваг., мощность 42 ваг./сут. — подсыл не раньше 2-х суток
    · очередь Кубанская (СКВ): на станции 48 ваг., мощность 20 ваг./сут. — подсыл не раньше 2-х суток
    · очередь Верховье (МСК): на станции 46 ваг., мощность 21 ваг./сут. — подсыл не раньше 2-х суток
    · очередь Чернышков (ПРВ): на станции 43 ваг., мощность 20 ваг./сут. — подсыл не раньше 2-х суток
    · очередь Кантемировка (ЮВС): на станции 38 ваг., мощность 16 ваг./сут. — подсыл не раньше 2-х суток
    · очередь Мальчевская (СКВ): на станции 29 ваг., мощность 10 ваг./сут. — подсыл не раньше 2-х суток
    · очередь Янаул (ГОР): на станции 26 ваг., мощность 11 ваг./сут. — подсыл не раньше 2-х суток
    · очередь Оренбург (ЮУР): на станции 23 ваг., мощность 11 ваг./сут. — подсыл не раньше 2-х суток
    · очередь Удобрительная (МСК): на станции 77 ваг., мощность 50 ваг./сут. — подсыл не раньше 1-х суток
    · ...ещё 23 станций с очередью
Всего пар supply×demand:     205720
  без тарифа:                        18999 (9.2%)
  нарушение срока (жёстко):          0 (0.0%)
  несовм. тип вагона:                2027 (1.0%)
  грязный вагон → чужой ЕТСНГ (правило 6): 23426 (11.4%)
  грязный: погрузка дороже промывочного маршрута → в промывку (правило 6): 263 (0.1%)
  погрузка дальше потолка расстояния (6000 км): 9248 (4.5%)
  инотерритория (правило 1):           14174 (6.9%)
  вывоз с дефицитной дороги (правило 2): 31489 (15.3%)
  станция закрыта очередью (правило 4): 4163 (2.0%)
  конвенция РЖД (правило 5):           0 (0.0%)
  допустимых дуг с надбавкой по правилам: 3600 (1.7%)
  допустимых дуг с ожиданием в очереди станции (правило 4): 7 (0.0%)
  допустимых дуг «грязный → свой груз» с поощрением (правило 6): 238 (0.1%), в среднем 14135 руб./дугу
  поправка периода 1 по расстоянию: бонус на 3670 дугах (1.8%, в среднем −17240 руб.), надбавка на 33433 дугах (16.3%, в среднем +28274 руб.)
  допустимых дуг со штрафом за срок:   68084 (33.1%)
  допустимых дуг всего в LP:      101931 (49.5%)
Ограничения партии (MIN_BATCH): массовая выгрузка — 10054 дуг / 454 пар; средние станции — 46504 дуг / 3219 пар (станций образования: 56, погрузки: 84)
  маршрутные отправки (B=10): 2830 дуг / 181 пар (станций образования: 50, маршрутных станций погрузки: 4)
--- АНАЛИЗ РЕСУРСОВ ---
Предложение: 4411 ваг.
Спрос (погрузка): 4072 ваг.
Ёмкость промывки (верх): 2795 ваг.
Статус: ПРОФИЦИТ к погрузке (+339 ваг.)
-----------------------
Штраф за остаток предложения: 5000 руб./ваг. для всех узлов (профицит — грязные вагоны в отстой без промывки)
--- ЖАДНОЕ РЕШЕНИЕ ---
Назначений:            911 шт.
Назначено вагонов:     3899 / 4072 спрос (погрузка), 4411 предложение
Суммарная стоимость:   352366532.28 руб.
Неудовлетворён спрос:  270 ваг.
Избыток предложения:   512 ваг.
Покрытие спроса (погр.): 95.8%
----------------------
MIP warm-start: ON (greedy) (управляется env MIP_WARM_START={on|off}, по умолч. on)
--- MIP РЕШЕНИЕ ---
Статус:                MIP ReachedTimeLimit (gap=0.016%)
Назначено вагонов:     3857 / 4072 спрос (погрузка), 4411 предложение
Суммарная стоимость:   293271554.55 руб.
Неудовлетворён спрос:  215 ваг.
Избыток предложения:   554 ваг.
Покрытие спроса (погр.): 94.7%
-------------------
MIP время: 122.50 сек (warm-start: ON)
MIP диагностика: status=ReachedTimeLimit, gap=0.0164%, undist=769 (unmet=215, excess=554), real_cost=293271554.55
MIP vs greedy:   greedy undist=782 (unmet=270, excess=512), real_cost=352366532.28  →  Δundist=-13, Δcost=-59094977.73
  ВНИМАНИЕ: MIP не закрыл 215 ваг. спроса на погрузку (unmet > 0). Возможные причины:
           (а) PENALTY_UNMET ниже стоимости единственно допустимых плеч,
           (б) HiGHS остановился по rel_gap до закрытия всего спроса.
--- ДИАГНОСТИКА EXCESS SUPPLY (554 ваг. в 81 узлах) ---
  [s_idx   84] Красная Речка | тип=Прочие | ЕТСНГ=— | period=1 | mass_unload=false | осталось 1 из 1 ваг.
    ПРИЧИНА: все Load-спросы уже закрыты (Load-дуг 17, Wash-дуг 0; везде rem_demand=0).
  [s_idx   85] Владивосток (Экспорт) | тип=БКТ | ЕТСНГ=542239 | period=1 | mass_unload=false | осталось 3 из 3 ваг.
    ПРИЧИНА: доступны только Wash-дуги (36 шт., мин. стоимость 68927 руб./ваг.) при штрафе за остаток узла 5000 руб./ваг. (профицит).
             Промывка дороже штрафа — MIP оставил вагоны в остатке (Wash не имеет штрафа за незаполнение).
  [s_idx   86] Владивосток (Экспорт) | тип=БК | ЕТСНГ=542239 | period=1 | mass_unload=false | осталось 2 из 2 ваг.
    ПРИЧИНА: доступны только Wash-дуги (36 шт., мин. стоимость 68927 руб./ваг.) при штрафе за остаток узла 5000 руб./ваг. (профицит).
             Промывка дороже штрафа — MIP оставил вагоны в остатке (Wash не имеет штрафа за незаполнение).
  [s_idx   87] Владивосток (Экспорт) | тип=Т | ЕТСНГ=542239 | period=1 | mass_unload=false | осталось 2 из 2 ваг.
    ПРИЧИНА: доступны только Wash-дуги (36 шт., мин. стоимость 68927 руб./ваг.) при штрафе за остаток узла 5000 руб./ваг. (профицит).
             Промывка дороже штрафа — MIP оставил вагоны в остатке (Wash не имеет штрафа за незаполнение).
  [s_idx   88] Владивосток (Экспорт) | тип=Прочие | ЕТСНГ=542239 | period=1 | mass_unload=false | осталось 1 из 1 ваг.
    ПРИЧИНА: доступны только Wash-дуги (36 шт., мин. стоимость 68927 руб./ваг.) при штрафе за остаток узла 5000 руб./ваг. (профицит).
             Промывка дороже штрафа — MIP оставил вагоны в остатке (Wash не имеет штрафа за незаполнение).
  [s_idx   89] Блюхер (Экспорт) | тип=БК | ЕТСНГ=018038 | period=1 | mass_unload=false | осталось 1 из 1 ваг.
    ПРИЧИНА: все Load-спросы уже закрыты (Load-дуг 1, Wash-дуг 0; везде rem_demand=0).
  [s_idx   90] Белогорск 2 | тип=БКТ | ЕТСНГ=421034 | period=1 | mass_unload=false | осталось 1 из 1 ваг.
    ПРИЧИНА: все Load-спросы уже закрыты (Load-дуг 17, Wash-дуг 0; везде rem_demand=0).
  [s_idx   91] Поздеевка | тип=БК | ЕТСНГ=421034 | period=1 | mass_unload=false | осталось 1 из 1 ваг.
    ПРИЧИНА: все Load-спросы уже закрыты (Load-дуг 17, Wash-дуг 0; везде rem_demand=0).
  [s_idx  108] Селикса | тип=БКТ | ЕТСНГ=542224 | period=1 | mass_unload=false | осталось 1 из 1 ваг.
    ПРИЧИНА: доступны только Wash-дуги (36 шт., мин. стоимость 63187 руб./ваг.) при штрафе за остаток узла 5000 руб./ваг. (профицит).
             Промывка дороже штрафа — MIP оставил вагоны в остатке (Wash не имеет штрафа за незаполнение).
  [s_idx  122] Кресты | тип=БК | ЕТСНГ=— | period=1 | mass_unload=false | осталось 1 из 1 ваг.
    ПРИЧИНА: доступны только Wash-дуги (36 шт., мин. стоимость 57899 руб./ваг.) при штрафе за остаток узла 5000 руб./ваг. (профицит).
             Промывка дороже штрафа — MIP оставил вагоны в остатке (Wash не имеет штрафа за незаполнение).
  [s_idx  142] Каргала | тип=БКТ | ЕТСНГ=542224 | period=1 | mass_unload=false | осталось 1 из 1 ваг.
    ПРИЧИНА: доступны только Wash-дуги (36 шт., мин. стоимость 70707 руб./ваг.) при штрафе за остаток узла 5000 руб./ваг. (профицит).
             Промывка дороже штрафа — MIP оставил вагоны в остатке (Wash не имеет штрафа за незаполнение).
  [s_idx  184] Селикса | тип=БКТ | ЕТСНГ=542224 | period=10 | mass_unload=false | осталось 9 из 9 ваг.
    ПРИЧИНА: доступны только Wash-дуги (36 шт., мин. стоимость 95187 руб./ваг.) при штрафе за остаток узла 5000 руб./ваг. (профицит).
             Промывка дороже штрафа — MIP оставил вагоны в остатке (Wash не имеет штрафа за незаполнение).
  [s_idx  185] Поярково | тип=Т | ЕТСНГ=014003 | period=10 | mass_unload=false | осталось 5 из 5 ваг.
    ПРИЧИНА: все Load-спросы уже закрыты (Load-дуг 17, Wash-дуг 0; везде rem_demand=0).
  [s_idx  188] Лужская (Экспорт) | тип=БКТ | ЕТСНГ=011005 | period=10 | mass_unload=true | осталось 108 из 615 ваг.
    ПРИЧИНА: все Load-спросы уже закрыты (Load-дуг 311, Wash-дуг 0; везде rem_demand=0).
  [s_idx  189] Гродеково (Экспорт на КЖД [Китай]) | тип=БКТ | ЕТСНГ=011005 | period=10 | mass_unload=false | осталось 3 из 3 ваг.
    ПРИЧИНА: все Load-спросы уже закрыты (Load-дуг 2, Wash-дуг 0; везде rem_demand=0).
  [s_idx  191] Ереван | тип=БКТ | ЕТСНГ=014003 | period=10 | mass_unload=false | осталось 10 из 10 ваг.
    ПРИЧИНА: все Load-спросы уже закрыты (Load-дуг 273, Wash-дуг 0; везде rem_demand=0).
  [s_idx  194] Поти (Порт, Экспорт) | тип=БК | ЕТСНГ=018131 | period=10 | mass_unload=true | осталось 31 из 31 ваг.
    ПРИЧИНА: все Load-спросы уже закрыты (Load-дуг 266, Wash-дуг 0; везде rem_demand=0).
  [s_idx  198] Поти (Порт, Экспорт) | тип=БКТ | ЕТСНГ=018131 | period=10 | mass_unload=true | осталось 95 из 95 ваг.
    ПРИЧИНА: все Load-спросы уже закрыты (Load-дуг 273, Wash-дуг 0; везде rem_demand=0).
  [s_idx  204] Ардым | тип=БК | ЕТСНГ=542224 | period=10 | mass_unload=false | осталось 1 из 1 ваг.
    ПРИЧИНА: доступны только Wash-дуги (36 шт., мин. стоимость 95153 руб./ваг.) при штрафе за остаток узла 5000 руб./ваг. (профицит).
             Промывка дороже штрафа — MIP оставил вагоны в остатке (Wash не имеет штрафа за незаполнение).
  [s_idx  207] Лужская (Экспорт) | тип=Т | ЕТСНГ=011005 | period=10 | mass_unload=true | осталось 69 из 271 ваг.
    ПРИЧИНА: все Load-спросы уже закрыты (Load-дуг 304, Wash-дуг 0; везде rem_demand=0).
  [s_idx  216] Поти (Порт, Экспорт) | тип=Т | ЕТСНГ=018131 | period=10 | mass_unload=true | осталось 30 из 30 ваг.
    ПРИЧИНА: все Load-спросы уже закрыты (Load-дуг 266, Wash-дуг 0; везде rem_demand=0).
  [s_idx  235] Ереван | тип=БКТ | ЕТСНГ=011005 | period=10 | mass_unload=false | осталось 2 из 2 ваг.
    ПРИЧИНА: все Load-спросы уже закрыты (Load-дуг 273, Wash-дуг 0; везде rem_demand=0).
  [s_idx  240] Смоленск | тип=БКТ | ЕТСНГ=542239 | period=10 | mass_unload=false | осталось 2 из 2 ваг.
    ПРИЧИНА: доступны только Wash-дуги (36 шт., мин. стоимость 97210 руб./ваг.) при штрафе за остаток узла 5000 руб./ваг. (профицит).
             Промывка дороже штрафа — MIP оставил вагоны в остатке (Wash не имеет штрафа за незаполнение).
  [s_idx  242] Уссурийск | тип=БКТ | ЕТСНГ=011005 | period=10 | mass_unload=false | осталось 1 из 1 ваг.
    ПРИЧИНА: все Load-спросы уже закрыты (Load-дуг 3, Wash-дуг 0; везде rem_demand=0).
  [s_idx  245] Даларик | тип=Т | ЕТСНГ=011005 | period=10 | mass_unload=false | осталось 1 из 8 ваг.
    ПРИЧИНА: все Load-спросы уже закрыты (Load-дуг 266, Wash-дуг 0; везде rem_demand=0).
  [s_idx  248] Поярково | тип=БК | ЕТСНГ=014003 | period=10 | mass_unload=false | осталось 4 из 4 ваг.
    ПРИЧИНА: все Load-спросы уже закрыты (Load-дуг 17, Wash-дуг 0; везде rem_demand=0).
  [s_idx  255] Уссурийск | тип=БК | ЕТСНГ=011005 | period=10 | mass_unload=false | осталось 1 из 1 ваг.
    ПРИЧИНА: все Load-спросы уже закрыты (Load-дуг 3, Wash-дуг 0; везде rem_demand=0).
  [s_idx  269] Блюхер (Экспорт) | тип=БКТ | ЕТСНГ=011005 | period=10 | mass_unload=false | осталось 5 из 5 ваг.
    ПРИЧИНА: все Load-спросы уже закрыты (Load-дуг 1, Wash-дуг 0; везде rem_demand=0).
  [s_idx  275] Готня | тип=БКТ | ЕТСНГ=542224 | period=10 | mass_unload=false | осталось 4 из 9 ваг.
    ПРИЧИНА: доступны только Wash-дуги (36 шт., мин. стоимость 113366 руб./ваг.) при штрафе за остаток узла 5000 руб./ваг. (профицит).
             Промывка дороже штрафа — MIP оставил вагоны в остатке (Wash не имеет штрафа за незаполнение).
  [s_idx  278] Владивосток (Экспорт) | тип=Т | ЕТСНГ=011005 | period=10 | mass_unload=false | осталось 16 из 16 ваг.
    ПРИЧИНА: все Load-спросы уже закрыты (Load-дуг 2, Wash-дуг 0; везде rem_demand=0).
  [s_idx  285] Ожерелье | тип=БКТ | ЕТСНГ=542224 | period=10 | mass_unload=false | осталось 5 из 5 ваг.
    ПРИЧИНА: доступны только Wash-дуги (36 шт., мин. стоимость 73022 руб./ваг.) при штрафе за остаток узла 5000 руб./ваг. (профицит).
             Промывка дороже штрафа — MIP оставил вагоны в остатке (Wash не имеет штрафа за незаполнение).
  [s_idx  288] Мурманские Ворота | тип=БК | ЕТСНГ=542239 | period=10 | mass_unload=false | осталось 1 из 1 ваг.
    ПРИЧИНА: доступны только Wash-дуги (36 шт., мин. стоимость 71342 руб./ваг.) при штрафе за остаток узла 5000 руб./ваг. (профицит).
             Промывка дороже штрафа — MIP оставил вагоны в остатке (Wash не имеет штрафа за незаполнение).
  [s_idx  290] Лиепая (Экспорт) | тип=БКТ | ЕТСНГ=542239 | period=10 | mass_unload=true | осталось 2 из 6 ваг.
    ПРИЧИНА: все Load-спросы уже закрыты (Load-дуг 275, Wash-дуг 0; везде rem_demand=0).
  [s_idx  301] Селикса | тип=Т | ЕТСНГ=542224 | period=10 | mass_unload=false | осталось 3 из 3 ваг.
    ПРИЧИНА: доступны только Wash-дуги (36 шт., мин. стоимость 95187 руб./ваг.) при штрафе за остаток узла 5000 руб./ваг. (профицит).
             Промывка дороже штрафа — MIP оставил вагоны в остатке (Wash не имеет штрафа за незаполнение).
  [s_idx  311] Владивосток (Экспорт) | тип=БКТ | ЕТСНГ=011005 | period=10 | mass_unload=false | осталось 27 из 27 ваг.
    ПРИЧИНА: все Load-спросы уже закрыты (Load-дуг 2, Wash-дуг 0; везде rem_demand=0).
  [s_idx  312] Астара (Экспорт) | тип=Т | ЕТСНГ=011005 | period=10 | mass_unload=false | осталось 6 из 6 ваг.
    ПРИЧИНА: все Load-спросы уже закрыты (Load-дуг 266, Wash-дуг 0; везде rem_demand=0).
  [s_idx  316] Владивосток (Экспорт) | тип=БК | ЕТСНГ=011005 | period=10 | mass_unload=false | осталось 5 из 5 ваг.
    ПРИЧИНА: все Load-спросы уже закрыты (Load-дуг 2, Wash-дуг 0; везде rem_demand=0).
  [s_idx  325] Колышлей | тип=БКТ | ЕТСНГ=542224 | period=10 | mass_unload=false | осталось 3 из 3 ваг.
    ПРИЧИНА: доступны только Wash-дуги (36 шт., мин. стоимость 106886 руб./ваг.) при штрафе за остаток узла 5000 руб./ваг. (профицит).
             Промывка дороже штрафа — MIP оставил вагоны в остатке (Wash не имеет штрафа за незаполнение).
  [s_idx  327] Поярково | тип=БКТ | ЕТСНГ=014003 | period=10 | mass_unload=false | осталось 8 из 8 ваг.
    ПРИЧИНА: все Load-спросы уже закрыты (Load-дуг 17, Wash-дуг 0; везде rem_demand=0).
  [s_idx  332] Гродеково (Экспорт на КЖД [Китай]) | тип=БК | ЕТСНГ=015006 | period=10 | mass_unload=false | осталось 4 из 4 ваг.
    ПРИЧИНА: все Load-спросы уже закрыты (Load-дуг 2, Wash-дуг 0; везде rem_demand=0).
  [s_idx  334] Галич | тип=БКТ | ЕТСНГ=542239 | period=10 | mass_unload=false | осталось 4 из 4 ваг.
    ПРИЧИНА: доступны только Wash-дуги (36 шт., мин. стоимость 96208 руб./ваг.) при штрафе за остаток узла 5000 руб./ваг. (профицит).
             Промывка дороже штрафа — MIP оставил вагоны в остатке (Wash не имеет штрафа за незаполнение).
  [s_idx  336] Поярково | тип=Т | ЕТСНГ=— | period=10 | mass_unload=false | осталось 3 из 3 ваг.
    ПРИЧИНА: все Load-спросы уже закрыты (Load-дуг 17, Wash-дуг 0; везде rem_demand=0).
  [s_idx  349] Селикса | тип=БК | ЕТСНГ=542224 | period=10 | mass_unload=false | осталось 5 из 5 ваг.
    ПРИЧИНА: доступны только Wash-дуги (36 шт., мин. стоимость 95187 руб./ваг.) при штрафе за остаток узла 5000 руб./ваг. (профицит).
             Промывка дороже штрафа — MIP оставил вагоны в остатке (Wash не имеет штрафа за незаполнение).
  [s_idx  365] Базаиха | тип=БКТ | ЕТСНГ=542239 | period=10 | mass_unload=false | осталось 1 из 1 ваг.
    ПРИЧИНА: доступны только Wash-дуги (36 шт., мин. стоимость 69008 руб./ваг.) при штрафе за остаток узла 5000 руб./ваг. (профицит).
             Промывка дороже штрафа — MIP оставил вагоны в остатке (Wash не имеет штрафа за незаполнение).
  [s_idx  370] Ереван | тип=БК | ЕТСНГ=014003 | period=10 | mass_unload=false | осталось 1 из 1 ваг.
    ПРИЧИНА: все Load-спросы уже закрыты (Load-дуг 266, Wash-дуг 0; везде rem_demand=0).
  [s_idx  375] Новый Порт (Экспорт) | тип=БК | ЕТСНГ=542296 | period=10 | mass_unload=false | осталось 2 из 2 ваг.
    ПРИЧИНА: доступны только Wash-дуги (36 шт., мин. стоимость 83205 руб./ваг.) при штрафе за остаток узла 5000 руб./ваг. (профицит).
             Промывка дороже штрафа — MIP оставил вагоны в остатке (Wash не имеет штрафа за незаполнение).
  [s_idx  394] Порт Оля (Экспорт) | тип=БКТ | ЕТСНГ=542239 | period=10 | mass_unload=false | осталось 6 из 6 ваг.
    ПРИЧИНА: доступны только Wash-дуги (36 шт., мин. стоимость 94679 руб./ваг.) при штрафе за остаток узла 5000 руб./ваг. (профицит).
             Промывка дороже штрафа — MIP оставил вагоны в остатке (Wash не имеет штрафа за незаполнение).
  [s_idx  395] Можга | тип=БК | ЕТСНГ=— | period=10 | mass_unload=false | осталось 1 из 1 ваг.
    ПРИЧИНА: доступны только Wash-дуги (36 шт., мин. стоимость 114638 руб./ваг.) при штрафе за остаток узла 5000 руб./ваг. (профицит).
             Промывка дороже штрафа — MIP оставил вагоны в остатке (Wash не имеет штрафа за незаполнение).
  [s_idx  406] Астара (Экспорт) | тип=БК | ЕТСНГ=011005 | period=10 | mass_unload=false | осталось 4 из 4 ваг.
    ПРИЧИНА: все Load-спросы уже закрыты (Load-дуг 266, Wash-дуг 0; везде rem_demand=0).
  [s_idx  410] Астара (Экспорт) | тип=Т | ЕТСНГ=— | period=10 | mass_unload=false | осталось 1 из 1 ваг.
    ПРИЧИНА: все Load-спросы уже закрыты (Load-дуг 266, Wash-дуг 0; везде rem_demand=0).
  [s_idx  411] Галич | тип=БК | ЕТСНГ=542239 | period=10 | mass_unload=false | осталось 2 из 2 ваг.
    ПРИЧИНА: доступны только Wash-дуги (36 шт., мин. стоимость 96208 руб./ваг.) при штрафе за остаток узла 5000 руб./ваг. (профицит).
             Промывка дороже штрафа — MIP оставил вагоны в остатке (Wash не имеет штрафа за незаполнение).
  [s_idx  412] Астара (Экспорт) | тип=БКТ | ЕТСНГ=— | period=10 | mass_unload=false | осталось 3 из 3 ваг.
    ПРИЧИНА: все Load-спросы уже закрыты (Load-дуг 273, Wash-дуг 0; везде rem_demand=0).
  [s_idx  413] Уссурийск | тип=Т | ЕТСНГ=011005 | period=10 | mass_unload=false | осталось 2 из 2 ваг.
    ПРИЧИНА: все Load-спросы уже закрыты (Load-дуг 3, Wash-дуг 0; везде rem_demand=0).
  [s_idx  423] Хабаровск 1 | тип=БК | ЕТСНГ=018112 | period=10 | mass_unload=false | осталось 1 из 1 ваг.
    ПРИЧИНА: все Load-спросы уже закрыты (Load-дуг 17, Wash-дуг 0; везде rem_demand=0).
  [s_idx  433] Мурманские Ворота | тип=БКТ | ЕТСНГ=542239 | period=10 | mass_unload=false | осталось 1 из 1 ваг.
    ПРИЧИНА: доступны только Wash-дуги (36 шт., мин. стоимость 71342 руб./ваг.) при штрафе за остаток узла 5000 руб./ваг. (профицит).
             Промывка дороже штрафа — MIP оставил вагоны в остатке (Wash не имеет штрафа за незаполнение).
  [s_idx  434] Невдубстрой | тип=БК | ЕТСНГ=421034 | period=10 | mass_unload=false | осталось 3 из 3 ваг.
    ПРИЧИНА: доступны только Wash-дуги (36 шт., мин. стоимость 67759 руб./ваг.) при штрафе за остаток узла 5000 руб./ваг. (профицит).
             Промывка дороже штрафа — MIP оставил вагоны в остатке (Wash не имеет штрафа за незаполнение).
  [s_idx  442] Гродеково (Экспорт на КЖД [Китай]) | тип=Т | ЕТСНГ=015006 | period=10 | mass_unload=false | осталось 2 из 2 ваг.
    ПРИЧИНА: все Load-спросы уже закрыты (Load-дуг 2, Wash-дуг 0; везде rem_demand=0).
  [s_idx  443] Уссурийск | тип=БК | ЕТСНГ=— | period=10 | mass_unload=false | осталось 1 из 1 ваг.
    ПРИЧИНА: все Load-спросы уже закрыты (Load-дуг 3, Wash-дуг 0; везде rem_demand=0).
  [s_idx  445] Богданович | тип=БК | ЕТСНГ=505028 | period=10 | mass_unload=false | осталось 1 из 1 ваг.
    ПРИЧИНА: доступны только Wash-дуги (36 шт., мин. стоимость 73689 руб./ваг.) при штрафе за остаток узла 5000 руб./ваг. (профицит).
             Промывка дороже штрафа — MIP оставил вагоны в остатке (Wash не имеет штрафа за незаполнение).
  [s_idx  448] Астара (Экспорт) | тип=БКТ | ЕТСНГ=011005 | period=10 | mass_unload=false | осталось 3 из 3 ваг.
    ПРИЧИНА: все Load-спросы уже закрыты (Load-дуг 273, Wash-дуг 0; везде rem_demand=0).
  [s_idx  450] Гродеково (Экспорт на КЖД [Китай]) | тип=БКТ | ЕТСНГ=015006 | period=10 | mass_unload=false | осталось 5 из 5 ваг.
    ПРИЧИНА: все Load-спросы уже закрыты (Load-дуг 2, Wash-дуг 0; везде rem_demand=0).
  [s_idx  457] Поярково | тип=БКТ | ЕТСНГ=— | period=10 | mass_unload=false | осталось 1 из 1 ваг.
    ПРИЧИНА: все Load-спросы уже закрыты (Load-дуг 17, Wash-дуг 0; везде rem_demand=0).
  [s_idx  459] Ереван | тип=Т | ЕТСНГ=014003 | period=10 | mass_unload=false | осталось 2 из 2 ваг.
    ПРИЧИНА: все Load-спросы уже закрыты (Load-дуг 266, Wash-дуг 0; везде rem_demand=0).
  [s_idx  461] Парнас | тип=БК | ЕТСНГ=— | period=10 | mass_unload=false | осталось 3 из 3 ваг.
    ПРИЧИНА: доступны только Wash-дуги (36 шт., мин. стоимость 83740 руб./ваг.) при штрафе за остаток узла 5000 руб./ваг. (профицит).
             Промывка дороже штрафа — MIP оставил вагоны в остатке (Wash не имеет штрафа за незаполнение).
  [s_idx  467] Ружино | тип=БКТ | ЕТСНГ=421208 | period=10 | mass_unload=false | осталось 2 из 2 ваг.
    ПРИЧИНА: все Load-спросы уже закрыты (Load-дуг 7, Wash-дуг 0; везде rem_demand=0).
  [s_idx  468] Новая Заимка | тип=БК | ЕТСНГ=542239 | period=10 | mass_unload=false | осталось 2 из 2 ваг.
    ПРИЧИНА: доступны только Wash-дуги (36 шт., мин. стоимость 120433 руб./ваг.) при штрафе за остаток узла 5000 руб./ваг. (профицит).
             Промывка дороже штрафа — MIP оставил вагоны в остатке (Wash не имеет штрафа за незаполнение).
  [s_idx  478] Шагол | тип=Т | ЕТСНГ=542224 | period=10 | mass_unload=false | осталось 1 из 1 ваг.
    ПРИЧИНА: доступны только Wash-дуги (36 шт., мин. стоимость 68094 руб./ваг.) при штрафе за остаток узла 5000 руб./ваг. (профицит).
             Промывка дороже штрафа — MIP оставил вагоны в остатке (Wash не имеет штрафа за незаполнение).
  [s_idx  479] Ожерелье | тип=БК | ЕТСНГ=542224 | period=10 | mass_unload=false | осталось 1 из 2 ваг.
    ПРИЧИНА: доступны только Wash-дуги (36 шт., мин. стоимость 73022 руб./ваг.) при штрафе за остаток узла 5000 руб./ваг. (профицит).
             Промывка дороже штрафа — MIP оставил вагоны в остатке (Wash не имеет штрафа за незаполнение).
  [s_idx  480] Стрижи | тип=БКТ | ЕТСНГ=— | period=10 | mass_unload=false | осталось 1 из 1 ваг.
    ПРИЧИНА: доступны только Wash-дуги (36 шт., мин. стоимость 136983 руб./ваг.) при штрафе за остаток узла 5000 руб./ваг. (профицит).
             Промывка дороже штрафа — MIP оставил вагоны в остатке (Wash не имеет штрафа за незаполнение).
  [s_idx  487] Блюхер (Экспорт) | тип=БК | ЕТСНГ=011005 | period=10 | mass_unload=false | осталось 1 из 1 ваг.
    ПРИЧИНА: все Load-спросы уже закрыты (Load-дуг 1, Wash-дуг 0; везде rem_demand=0).
  [s_idx  496] Невдубстрой | тип=БКТ | ЕТСНГ=542239 | period=10 | mass_unload=false | осталось 2 из 2 ваг.
    ПРИЧИНА: доступны только Wash-дуги (36 шт., мин. стоимость 67759 руб./ваг.) при штрафе за остаток узла 5000 руб./ваг. (профицит).
             Промывка дороже штрафа — MIP оставил вагоны в остатке (Wash не имеет штрафа за незаполнение).
  [s_idx  505] Ардым | тип=БКТ | ЕТСНГ=542224 | period=10 | mass_unload=false | осталось 1 из 1 ваг.
    ПРИЧИНА: доступны только Wash-дуги (36 шт., мин. стоимость 95153 руб./ваг.) при штрафе за остаток узла 5000 руб./ваг. (профицит).
             Промывка дороже штрафа — MIP оставил вагоны в остатке (Wash не имеет штрафа за незаполнение).
  [s_idx  512] Новая Заимка | тип=БК | ЕТСНГ=— | period=10 | mass_unload=false | осталось 1 из 1 ваг.
    ПРИЧИНА: доступны только Wash-дуги (36 шт., мин. стоимость 120433 руб./ваг.) при штрафе за остаток узла 5000 руб./ваг. (профицит).
             Промывка дороже штрафа — MIP оставил вагоны в остатке (Wash не имеет штрафа за незаполнение).
  [s_idx  520] Красноселка | тип=Т | ЕТСНГ=542224 | period=10 | mass_unload=false | осталось 1 из 1 ваг.
    ПРИЧИНА: доступны только Wash-дуги (36 шт., мин. стоимость 70344 руб./ваг.) при штрафе за остаток узла 5000 руб./ваг. (профицит).
             Промывка дороже штрафа — MIP оставил вагоны в остатке (Wash не имеет штрафа за незаполнение).
  [s_idx  522] Богоявленск | тип=БК | ЕТСНГ=542239 | period=10 | mass_unload=false | осталось 1 из 1 ваг.
    ПРИЧИНА: доступны только Wash-дуги (36 шт., мин. стоимость 89101 руб./ваг.) при штрафе за остаток узла 5000 руб./ваг. (профицит).
             Промывка дороже штрафа — MIP оставил вагоны в остатке (Wash не имеет штрафа за незаполнение).
  [s_idx  523] Тербуны | тип=БКТ | ЕТСНГ=542239 | period=10 | mass_unload=false | осталось 1 из 1 ваг.
    ПРИЧИНА: доступны только Wash-дуги (36 шт., мин. стоимость 89899 руб./ваг.) при штрафе за остаток узла 5000 руб./ваг. (профицит).
             Промывка дороже штрафа — MIP оставил вагоны в остатке (Wash не имеет штрафа за незаполнение).
  [s_idx  546] Саранск | тип=БК | ЕТСНГ=542224 | period=10 | mass_unload=false | осталось 1 из 1 ваг.
    ПРИЧИНА: доступны только Wash-дуги (36 шт., мин. стоимость 92610 руб./ваг.) при штрафе за остаток узла 5000 руб./ваг. (профицит).
             Промывка дороже штрафа — MIP оставил вагоны в остатке (Wash не имеет штрафа за незаполнение).
  [s_idx  547] Базаиха | тип=БК | ЕТСНГ=542239 | period=10 | mass_unload=false | осталось 1 из 1 ваг.
    ПРИЧИНА: доступны только Wash-дуги (36 шт., мин. стоимость 69008 руб./ваг.) при штрафе за остаток узла 5000 руб./ваг. (профицит).
             Промывка дороже штрафа — MIP оставил вагоны в остатке (Wash не имеет штрафа за незаполнение).
  [s_idx  550] Стрижи | тип=Т | ЕТСНГ=542224 | period=10 | mass_unload=false | осталось 1 из 1 ваг.
    ПРИЧИНА: доступны только Wash-дуги (36 шт., мин. стоимость 136983 руб./ваг.) при штрафе за остаток узла 5000 руб./ваг. (профицит).
             Промывка дороже штрафа — MIP оставил вагоны в остатке (Wash не имеет штрафа за незаполнение).
  [s_idx  552] Стрижи | тип=БК | ЕТСНГ=— | period=10 | mass_unload=false | осталось 1 из 1 ваг.
    ПРИЧИНА: доступны только Wash-дуги (36 шт., мин. стоимость 136983 руб./ваг.) при штрафе за остаток узла 5000 руб./ваг. (профицит).
             Промывка дороже штрафа — MIP оставил вагоны в остатке (Wash не имеет штрафа за незаполнение).
  [s_idx  554] Гродеково (Экспорт на КЖД [Китай]) | тип=БК | ЕТСНГ=011005 | period=10 | mass_unload=false | осталось 1 из 1 ваг.
    ПРИЧИНА: все Load-спросы уже закрыты (Load-дуг 2, Wash-дуг 0; везде rem_demand=0).

  СВОДКА ПО ПРИЧИНАМ:
    доступны только Wash-дуги           узлов:  40, вагонов:   84
    все Load-адресаты закрыты           узлов:  41, вагонов:  470
---------------------------------
--- SEED ДЛЯ ALNS ---
  greedy : undist  782 (unmet 270 + excess 512), assigned 3899, real_cost 352366532.28 руб., objective 624926532.28 руб.
  MIP    : undist  769 (unmet 215 + excess 554), assigned 3857, real_cost 293271554.55 руб., objective 511041554.55 руб.
  выбран : MIP (критерий: min(unmet), затем min(objective) — как accept ALNS)
---------------------
--- ALNS СТАРТ ---
Начальная real_cost:       293271554.55 руб.
Начальная objective_cost:  511041554.55 руб. (penalty: 217770000.00, unmet: 215, excess: 554)
Нераспределено (итого):    769 ваг. (= unmet + excess)
Назначений:                797
Ремонтный оператор:        repair_mip (жёсткий MIN_BATCH)
Бюджет времени:            180 сек.
------------------
[iter   100] ·  27.1/180s | best real 293271554.55 | undist 769 (unmet 215 + excess 554) | accept 0 | K=24%
[iter   200] ·  68.8/180s | best real 293271554.55 | undist 769 (unmet 215 + excess 554) | accept 0 | K=28%
[iter   300] · 132.1/180s | best real 293271554.55 | undist 769 (unmet 215 + excess 554) | accept 0 | K=32%
--- ALNS ФИНИШ ---
Итераций:            359
Улучшений:           0
Лучшая real_cost:    293271554.55 руб.
Лучшая objective:    511041554.55 руб. (penalty: 217770000.00, unmet: 215, excess: 554)
Затрачено:           180.5 сек.
Финальный K:         34%
------------------
--- ДИАГНОСТИКА UNMET DEMAND (215 ваг. в 19 узлах) ---
  [d_idx   59] Ольха (ЮВС) | тип=Прочие | ЕТСНГ=542072 | период=1 | отправка=Повагонная | не закрыто 34 из 34 ваг.
    ПРИЧИНА: нет ни одной допустимой дуги — закрыть невозможно текущими данными. Отбраковка пар со всеми 556 узлами предложения:
             нет тарифа 0, несовм. тип 0, грязный ЕТСНГ 72, дальше потолка расстояния 30, бизнес-правила дорог (инотерритория/дефицит) 105, станция закрыта очередью (правило 4) 349, конвенция РЖД 0, нарушение срока 0.
             на станции 43 ваг. при мощности 7 ваг./сут. (6.1 суток работы) — подсыл закрыт во все периоды.
  [d_idx   79] Руденск (БЕЛ) | тип=Прочие | ЕТСНГ=014003 | период=1 | отправка=Повагонная | не закрыто 1 из 1 ваг.
    ПРИЧИНА: нет ни одной допустимой дуги — закрыть невозможно текущими данными. Отбраковка пар со всеми 556 узлами предложения:
             нет тарифа 11, несовм. тип 0, грязный ЕТСНГ 76, дальше потолка расстояния 31, бизнес-правила дорог (инотерритория/дефицит) 381, станция закрыта очередью (правило 4) 57, конвенция РЖД 0, нарушение срока 0.
             на станции 71 ваг. при мощности 10 ваг./сут. (7.1 суток работы) — подсыл закрыт во все периоды.
  [d_idx   80] Руденск (БЕЛ) | тип=Прочие | ЕТСНГ=014003 | период=1 | отправка=Повагонная | не закрыто 7 из 7 ваг.
    ПРИЧИНА: нет ни одной допустимой дуги — закрыть невозможно текущими данными. Отбраковка пар со всеми 556 узлами предложения:
             нет тарифа 11, несовм. тип 0, грязный ЕТСНГ 74, дальше потолка расстояния 31, бизнес-правила дорог (инотерритория/дефицит) 383, станция закрыта очередью (правило 4) 57, конвенция РЖД 0, нарушение срока 0.
             на станции 71 ваг. при мощности 10 ваг./сут. (7.1 суток работы) — подсыл закрыт во все периоды.
  [d_idx   81] Саханская (МСК) | тип=Прочие | ЕТСНГ=011005 | период=2 | отправка=Повагонная | не закрыто 10 из 10 ваг.
    ПРИЧИНА: нет ни одной допустимой дуги — закрыть невозможно текущими данными. Отбраковка пар со всеми 556 узлами предложения:
             нет тарифа 1, несовм. тип 0, грязный ЕТСНГ 70, дальше потолка расстояния 31, бизнес-правила дорог (инотерритория/дефицит) 113, станция закрыта очередью (правило 4) 341, конвенция РЖД 0, нарушение срока 0.
             на станции 16 ваг. при мощности 3 ваг./сут. (5.3 суток работы) — подсыл закрыт во все периоды.
  [d_idx  138] Ольха (ЮВС) | тип=Прочие | ЕТСНГ=542072 | период=2 | отправка=Повагонная | не закрыто 8 из 8 ваг.
    ПРИЧИНА: нет ни одной допустимой дуги — закрыть невозможно текущими данными. Отбраковка пар со всеми 556 узлами предложения:
             нет тарифа 0, несовм. тип 0, грязный ЕТСНГ 74, дальше потолка расстояния 30, бизнес-правила дорог (инотерритория/дефицит) 103, станция закрыта очередью (правило 4) 349, конвенция РЖД 0, нарушение срока 0.
             на станции 43 ваг. при мощности 7 ваг./сут. (6.1 суток работы) — подсыл закрыт во все периоды.
  [d_idx  155] Руденск (БЕЛ) | тип=Прочие | ЕТСНГ=014003 | период=2 | отправка=Повагонная | не закрыто 10 из 10 ваг.
    ПРИЧИНА: нет ни одной допустимой дуги — закрыть невозможно текущими данными. Отбраковка пар со всеми 556 узлами предложения:
             нет тарифа 11, несовм. тип 0, грязный ЕТСНГ 73, дальше потолка расстояния 31, бизнес-правила дорог (инотерритория/дефицит) 384, станция закрыта очередью (правило 4) 57, конвенция РЖД 0, нарушение срока 0.
             на станции 71 ваг. при мощности 10 ваг./сут. (7.1 суток работы) — подсыл закрыт во все периоды.
  [d_idx  156] Руденск (БЕЛ) | тип=Прочие | ЕТСНГ=014003 | период=2 | отправка=Повагонная | не закрыто 20 из 20 ваг.
    ПРИЧИНА: нет ни одной допустимой дуги — закрыть невозможно текущими данными. Отбраковка пар со всеми 556 узлами предложения:
             нет тарифа 11, несовм. тип 0, грязный ЕТСНГ 74, дальше потолка расстояния 31, бизнес-правила дорог (инотерритория/дефицит) 383, станция закрыта очередью (правило 4) 57, конвенция РЖД 0, нарушение срока 0.
             на станции 71 ваг. при мощности 10 ваг./сут. (7.1 суток работы) — подсыл закрыт во все периоды.
  [d_idx  157] Озинки (ПРВ) | тип=Прочие | ЕТСНГ=011005 | период=2 | отправка=Повагонная | не закрыто 3 из 3 ваг.
    ПРИЧИНА: нет ни одной допустимой дуги — закрыть невозможно текущими данными. Отбраковка пар со всеми 556 узлами предложения:
             нет тарифа 0, несовм. тип 0, грязный ЕТСНГ 70, дальше потолка расстояния 30, бизнес-правила дорог (инотерритория/дефицит) 120, станция закрыта очередью (правило 4) 336, конвенция РЖД 0, нарушение срока 0.
             на станции 60 ваг. при мощности 10 ваг./сут. (6.0 суток работы) — подсыл закрыт во все периоды.
  [d_idx  158] Саханская (МСК) | тип=Прочие | ЕТСНГ=011005 | период=3 | отправка=Повагонная | не закрыто 10 из 10 ваг.
    ПРИЧИНА: нет ни одной допустимой дуги — закрыть невозможно текущими данными. Отбраковка пар со всеми 556 узлами предложения:
             нет тарифа 1, несовм. тип 0, грязный ЕТСНГ 71, дальше потолка расстояния 31, бизнес-правила дорог (инотерритория/дефицит) 112, станция закрыта очередью (правило 4) 341, конвенция РЖД 0, нарушение срока 0.
             на станции 16 ваг. при мощности 3 ваг./сут. (5.3 суток работы) — подсыл закрыт во все периоды.
  [d_idx  221] Руденск (БЕЛ) | тип=Прочие | ЕТСНГ=014003 | период=3 | отправка=Повагонная | не закрыто 10 из 10 ваг.
    ПРИЧИНА: нет ни одной допустимой дуги — закрыть невозможно текущими данными. Отбраковка пар со всеми 556 узлами предложения:
             нет тарифа 11, несовм. тип 0, грязный ЕТСНГ 73, дальше потолка расстояния 31, бизнес-правила дорог (инотерритория/дефицит) 384, станция закрыта очередью (правило 4) 57, конвенция РЖД 0, нарушение срока 0.
             на станции 71 ваг. при мощности 10 ваг./сут. (7.1 суток работы) — подсыл закрыт во все периоды.
  [d_idx  222] Руденск (БЕЛ) | тип=Прочие | ЕТСНГ=014003 | период=3 | отправка=Повагонная | не закрыто 10 из 10 ваг.
    ПРИЧИНА: нет ни одной допустимой дуги — закрыть невозможно текущими данными. Отбраковка пар со всеми 556 узлами предложения:
             нет тарифа 11, несовм. тип 0, грязный ЕТСНГ 74, дальше потолка расстояния 31, бизнес-правила дорог (инотерритория/дефицит) 383, станция закрыта очередью (правило 4) 57, конвенция РЖД 0, нарушение срока 0.
             на станции 71 ваг. при мощности 10 ваг./сут. (7.1 суток работы) — подсыл закрыт во все периоды.
  [d_idx  223] Озинки (ПРВ) | тип=Прочие | ЕТСНГ=011005 | период=3 | отправка=Повагонная | не закрыто 5 из 5 ваг.
    ПРИЧИНА: нет ни одной допустимой дуги — закрыть невозможно текущими данными. Отбраковка пар со всеми 556 узлами предложения:
             нет тарифа 0, несовм. тип 0, грязный ЕТСНГ 73, дальше потолка расстояния 30, бизнес-правила дорог (инотерритория/дефицит) 120, станция закрыта очередью (правило 4) 333, конвенция РЖД 0, нарушение срока 0.
             на станции 60 ваг. при мощности 10 ваг./сут. (6.0 суток работы) — подсыл закрыт во все периоды.
  [d_idx  226] Саханская (МСК) | тип=Прочие | ЕТСНГ=011005 | период=4 | отправка=Повагонная | не закрыто 10 из 10 ваг.
    ПРИЧИНА: нет ни одной допустимой дуги — закрыть невозможно текущими данными. Отбраковка пар со всеми 556 узлами предложения:
             нет тарифа 1, несовм. тип 0, грязный ЕТСНГ 72, дальше потолка расстояния 31, бизнес-правила дорог (инотерритория/дефицит) 111, станция закрыта очередью (правило 4) 341, конвенция РЖД 0, нарушение срока 0.
             на станции 16 ваг. при мощности 3 ваг./сут. (5.3 суток работы) — подсыл закрыт во все периоды.
  [d_idx  244] Выселки (СКВ) | тип=Прочие | ЕТСНГ=542296 | период=4 | отправка=Повагонная | не закрыто 2 из 2 ваг.
    ПРИЧИНА: нет ни одной допустимой дуги — закрыть невозможно текущими данными. Отбраковка пар со всеми 556 узлами предложения:
             нет тарифа 19, несовм. тип 0, грязный ЕТСНГ 72, дальше потолка расстояния 31, бизнес-правила дорог (инотерритория/дефицит) 126, станция закрыта очередью (правило 4) 308, конвенция РЖД 0, нарушение срока 0.
             на станции 47 ваг. при мощности 6 ваг./сут. (7.8 суток работы) — подсыл закрыт во все периоды.
  [d_idx  314] Сасово (МСК) | тип=Прочие | ЕТСНГ=011005 | период=4 | отправка=Повагонная | не закрыто 8 из 8 ваг.
    ПРИЧИНА: нет ни одной допустимой дуги — закрыть невозможно текущими данными. Отбраковка пар со всеми 556 узлами предложения:
             нет тарифа 1, несовм. тип 0, грязный ЕТСНГ 73, дальше потолка расстояния 30, бизнес-правила дорог (инотерритория/дефицит) 110, станция закрыта очередью (правило 4) 342, конвенция РЖД 0, нарушение срока 0.
             на станции 42 ваг. при мощности 8 ваг./сут. (5.2 суток работы) — подсыл закрыт во все периоды.
  [d_idx  330] Руденск (БЕЛ) | тип=Прочие | ЕТСНГ=014003 | период=4 | отправка=Повагонная | не закрыто 20 из 20 ваг.
    ПРИЧИНА: нет ни одной допустимой дуги — закрыть невозможно текущими данными. Отбраковка пар со всеми 556 узлами предложения:
             нет тарифа 11, несовм. тип 0, грязный ЕТСНГ 73, дальше потолка расстояния 31, бизнес-правила дорог (инотерритория/дефицит) 384, станция закрыта очередью (правило 4) 57, конвенция РЖД 0, нарушение срока 0.
             на станции 71 ваг. при мощности 10 ваг./сут. (7.1 суток работы) — подсыл закрыт во все периоды.
  [d_idx  331] Руденск (БЕЛ) | тип=Прочие | ЕТСНГ=014003 | период=4 | отправка=Повагонная | не закрыто 5 из 5 ваг.
    ПРИЧИНА: нет ни одной допустимой дуги — закрыть невозможно текущими данными. Отбраковка пар со всеми 556 узлами предложения:
             нет тарифа 11, несовм. тип 0, грязный ЕТСНГ 73, дальше потолка расстояния 31, бизнес-правила дорог (инотерритория/дефицит) 384, станция закрыта очередью (правило 4) 57, конвенция РЖД 0, нарушение срока 0.
             на станции 71 ваг. при мощности 10 ваг./сут. (7.1 суток работы) — подсыл закрыт во все периоды.
  [d_idx  332] Озинки (ПРВ) | тип=Прочие | ЕТСНГ=011005 | период=4 | отправка=Повагонная | не закрыто 23 из 23 ваг.
    ПРИЧИНА: нет ни одной допустимой дуги — закрыть невозможно текущими данными. Отбраковка пар со всеми 556 узлами предложения:
             нет тарифа 0, несовм. тип 0, грязный ЕТСНГ 71, дальше потолка расстояния 30, бизнес-правила дорог (инотерритория/дефицит) 120, станция закрыта очередью (правило 4) 335, конвенция РЖД 0, нарушение срока 0.
             на станции 60 ваг. при мощности 10 ваг./сут. (6.0 суток работы) — подсыл закрыт во все периоды.
  [d_idx  333] Озинки (ПРВ) | тип=Прочие | ЕТСНГ=011005 | период=4 | отправка=Повагонная | не закрыто 19 из 19 ваг.
    ПРИЧИНА: нет ни одной допустимой дуги — закрыть невозможно текущими данными. Отбраковка пар со всеми 556 узлами предложения:
             нет тарифа 0, несовм. тип 0, грязный ЕТСНГ 72, дальше потолка расстояния 30, бизнес-правила дорог (инотерритория/дефицит) 119, станция закрыта очередью (правило 4) 335, конвенция РЖД 0, нарушение срока 0.
             на станции 60 ваг. при мощности 10 ваг./сут. (6.0 суток работы) — подсыл закрыт во все периоды.

  СВОДКА ПО ПРИЧИНАМ:
    нет допустимых дуг (структурно)        узлов:  19, вагонов:  215

  ЗАКРЫВАЕМОСТЬ (по реальному связывающему ограничению):
    структурно недостижимо (нет дуг):           215 ваг.  — нужны новые тарифы / смягчение жёстких фильтров
    упёрто в квоту ДМЗИ (инфраструктура):          0 ваг.  — поможет только повышение квоты на дороге
    держит MIN_BATCH (квота ДМЗИ ещё есть):        0 ваг.  — поможет смягчение партии (middle 0 / масс. 0 / маршр. 0)
    прочее (конкуренция / экономика штрафа):       0 ваг.
--------------------------------
--- УТИЛИЗАЦИЯ КВОТ ДМЗИ ---
  ВСБ  период  1:    0 из    4 ваг.
  ВСБ  период 10:    0 из    6 ваг.
  ГОР  период  1:    0 из  373 ваг.
  ГОР  период 10:   57 из  533 ваг.
  ЗАБ  период  1:    0 из   25 ваг.
  ЗАБ  период 10:    1 из   35 ваг.
  ЗСБ  период  1:   21 из  833 ваг.
  ЗСБ  период 10:  109 из 1167 ваг.
  КБШ  период  1:  109 из  934 ваг.
  КБШ  период 10:  805 из 1342 ваг.
  КРС  период  1:    0 из   10 ваг.
  КРС  период 10:    0 из   14 ваг.
  МСК  период  1:   46 из  748 ваг.
  МСК  период 10:  468 из 1048 ваг.
  ОКТ  период  1:    0 из  311 ваг.
  ОКТ  период 10:    0 из  441 ваг.
  ПРВ  период  1:   80 из 1009 ваг.
  ПРВ  период 10:  288 из 1439 ваг.
  СВР  период  1:    0 из  537 ваг.
  СВР  период 10:    0 из  771 ваг.
  СЕВ  период  1:    0 из   75 ваг.
  СЕВ  период 10:    0 из  105 ваг.
  СКВ  период  1:   54 из  335 ваг.
  СКВ  период 10:  115 из  469 ваг.
  ЮВС  период  1:  337 из 1428 ваг.
  ЮВС  период 10:  727 из 2050 ваг.
  ЮУР  период  1:   12 из  690 ваг.
  ЮУР  период 10:  151 из  990 ваг.
----------------------------
Тарифов до отстоя:           2194 (станций излишка 40, станций отстоя 55)
В отстой: 554 из 554 ваг. излишка → 30 станций отстоя, тариф 31191762 руб.; не размещено 0 ваг. (нет тарифа / ёмкость исчерпана)
Баланс отчёта оптимизации:   OK (4411 ваг. в записях = 4411 ваг. предложения)
Записей в отчёте (Excel):    1048 (900 оптим. + 53 по факту + 95 в ремонт) / 4772 вагонов
  → в POST АПИ (период 1):   310 записей / 1072 вагонов
  → исключено (предл. 10, дислокация): 738 записей / 3700 вагонов
Чекпоинт сохранён:           tmp/checkpoint_2026-09-17_19-12-52.xlsx

======= РЕЗУЛЬТАТЫ ОПТИМИЗАЦИИ =======
Статус решателя:      ALNS (359 итер., 0 улучш., 180.5 сек.)
Назначено вагонов:    3857
Избыток предложения:  554 ваг. (dummy-спрос)
  остаток по периодам предложения: p1=15 p10=539 прочие=0
  из них в отстой (этап 2): 554 ваг.
Неудовл. спрос:       215 ваг. (dummy-предложение)
Суммарная стоимость:  293271555 руб.
======================================

Результат сохранён:          tmp/result_20260917_191252.json
[SUCCESS] railoptim завершил работу успешно.
