[SUCCESS] railoptim завершил работу успешно.
[Пн 04 мая 2026 17:29:35 MSK] Запуск: /home/atretyakov/railoptim/target/release/railoptim (env=dev, MIP_WARM_START=on)
Получено узлов спроса (погрузка): 168 или 1590 вагонов
Получено узлов предложения 1 сут.:  288 или 1803 вагонов
  узлов дислокации (2-10 сут., период 10): 334 или 2241 вагонов
Получено узлов предложения всего:  622 или 4044 вагонов
  свободных для назначения:  502 или 3807 вагонов
  требуют ремонта (В ремонт):28 или 42 вагонов
  по факту (Assigned):       92 или 195 вагонов
Дороги без промывки (NoCleaningRoads): 8
Узлов спроса (промывка):     36 или мощность в период 5 суток 2795 вагонов
  предложений с ЕТСНГ из списка промывки: 369 вагонов (освобождены по NoCleaningRoads: 353; из них есть узел погрузки с тем же ЕТСНГ на любой станции — альтернатива промывке по спросу: 352 вагонов)
Получено тарифов:            21420
Загружено ремонтных станций: 102
Тарифов до ремонтных ст.:    1932
Тарифов до промывки (с надбавкой 10000+40000=50000 руб.): 1802
Всего пар supply×demand:     102408
  без тарифа:                        16641 (16.2%)
  нарушение срока (жёстко):          0 (0.0%)
  несовм. тип вагона:                206 (0.2%)
  грязный вагон → чужой ЕТСНГ:       18722 (18.3%)
  допустимых дуг со штрафом за срок:   42387 (41.4%)
  допустимых дуг всего в LP:      66839 (65.3%)
--- АНАЛИЗ РЕСУРСОВ ---
Предложение: 3807 ваг.
Спрос (погрузка): 1590 ваг.
Ёмкость промывки (верх): 2795 ваг.
Статус: ПРОФИЦИТ к погрузке (+2217 ваг.)
-----------------------
--- ЖАДНОЕ РЕШЕНИЕ ---
Назначений:            441 шт.
Назначено вагонов:     1852 / 1590 спрос (погрузка), 3807 предложение
Суммарная стоимость:   266810150.39 руб.
Неудовлетворён спрос:  0 ваг.
Избыток предложения:   1955 ваг.
Покрытие спроса (погр.): 116.5%
----------------------
MIP warm-start: ON (greedy) (управляется env MIP_WARM_START={on|off}, по умолч. on)
--- MIP РЕШЕНИЕ ---
Статус:                MIP Optimal (gap=0.000%)
Назначено вагонов:     1954 / 1590 спрос (погрузка), 3807 предложение
Суммарная стоимость:   334301870.63 руб.
Неудовлетворён спрос:  -0 ваг.
Избыток предложения:   1853 ваг.
Покрытие спроса (погр.): 122.9%
-------------------
MIP время: 3.29 сек (warm-start: ON)
MIP диагностика: status=Optimal, gap=0.0000%, undist=1853 (unmet=0, excess=1853), real_cost=334301870.63
MIP vs greedy:   greedy undist=1955 (unmet=0, excess=1955), real_cost=266810150.39  →  Δundist=-102, Δcost=+67491720.24
--- ДИАГНОСТИКА EXCESS SUPPLY (1853 ваг. в 218 узлах) ---
  [s_idx   13] Алтынтау | тип=БКТ | ЕТСНГ=421034 | period=1 | mass_unload=false | осталось 4 из 4 ваг.
    ПРИЧИНА: нет ни одной допустимой дуги (нет тарифа, несовм. тип вагона или грязный груз).
  [s_idx   25] Алтынтау | тип=БК | ЕТСНГ=421034 | period=1 | mass_unload=false | осталось 8 из 8 ваг.
    ПРИЧИНА: нет ни одной допустимой дуги (нет тарифа, несовм. тип вагона или грязный груз).
  [s_idx   26] Алтынтау | тип=Прочие | ЕТСНГ=421034 | period=1 | mass_unload=false | осталось 2 из 2 ваг.
    ПРИЧИНА: нет ни одной допустимой дуги (нет тарифа, несовм. тип вагона или грязный груз).
  [s_idx   52] Алтынтау | тип=Т | ЕТСНГ=421034 | period=1 | mass_unload=false | осталось 3 из 3 ваг.
    ПРИЧИНА: нет ни одной допустимой дуги (нет тарифа, несовм. тип вагона или грязный груз).
  [s_idx  191] Владивосток (Экспорт) | тип=Т | ЕТСНГ=014003 | period=10 | mass_unload=false | осталось 19 из 19 ваг.
    ПРИЧИНА: все Load-спросы уже закрыты (Load-дуг 167, Wash-дуг 0; везде rem_demand=0).
  [s_idx  192] ВЕНТСПИЛС (ЭКСП.) | тип=БКТ | ЕТСНГ=021083 | period=10 | mass_unload=false | осталось 26 из 26 ваг.
    ПРИЧИНА: все Load-спросы уже закрыты (Load-дуг 167, Wash-дуг 0; везде rem_demand=0).
  [s_idx  193] Парнас | тип=БК | ЕТСНГ=018112 | period=10 | mass_unload=false | осталось 6 из 6 ваг.
    ПРИЧИНА: все Load-спросы уже закрыты (Load-дуг 167, Wash-дуг 0; везде rem_demand=0).
  [s_idx  194] Невдубстрой | тип=БК | ЕТСНГ=011005 | period=10 | mass_unload=true | осталось 26 из 26 ваг.
    ПРИЧИНА: все Load-спросы уже закрыты (Load-дуг 167, Wash-дуг 0; везде rem_demand=0).
  [s_idx  195] Ульяновск-Центральный | тип=БКТ | ЕТСНГ=018112 | period=10 | mass_unload=false | осталось 9 из 9 ваг.
    ПРИЧИНА: все Load-спросы уже закрыты (Load-дуг 168, Wash-дуг 0; везде rem_demand=0).
  [s_idx  196] Высоцк (Экспорт) | тип=БКТ | ЕТСНГ=011005 | period=10 | mass_unload=false | осталось 66 из 66 ваг.
    ПРИЧИНА: все Load-спросы уже закрыты (Load-дуг 168, Wash-дуг 0; везде rem_demand=0).
  [s_idx  197] Порт Оля (Экспорт) | тип=БКТ | ЕТСНГ=021100 | period=10 | mass_unload=false | осталось 52 из 52 ваг.
    ПРИЧИНА: все Load-спросы уже закрыты (Load-дуг 168, Wash-дуг 0; везде rem_demand=0).
  [s_idx  198] Невдубстрой | тип=БК | ЕТСНГ=021100 | period=10 | mass_unload=true | осталось 4 из 4 ваг.
    ПРИЧИНА: все Load-спросы уже закрыты (Load-дуг 167, Wash-дуг 0; везде rem_demand=0).
  [s_idx  199] Высоцк (Экспорт) | тип=Т | ЕТСНГ=011005 | period=10 | mass_unload=false | осталось 24 из 24 ваг.
    ПРИЧИНА: все Load-спросы уже закрыты (Load-дуг 167, Wash-дуг 0; везде rem_demand=0).
  [s_idx  201] Слуцк | тип=БК | ЕТСНГ=542224 | period=10 | mass_unload=false | осталось 1 из 1 ваг.
    ПРИЧИНА: все Load-спросы уже закрыты (Load-дуг 166, Wash-дуг 0; везде rem_demand=0).
  [s_idx  202] Качалино | тип=БК | ЕТСНГ=— | period=10 | mass_unload=false | осталось 3 из 3 ваг.
    ПРИЧИНА: все Load-спросы уже закрыты (Load-дуг 166, Wash-дуг 0; везде rem_demand=0).
  [s_idx  203] Невдубстрой | тип=Т | ЕТСНГ=015006 | period=10 | mass_unload=true | осталось 4 из 4 ваг.
    ПРИЧИНА: все Load-спросы уже закрыты (Load-дуг 167, Wash-дуг 0; везде rem_demand=0).
  [s_idx  204] Забайкальск (Экспорт КЖД [Китай]) | тип=БКТ | ЕТСНГ=014003 | period=10 | mass_unload=false | осталось 13 из 13 ваг.
    ПРИЧИНА: все Load-спросы уже закрыты (Load-дуг 166, Wash-дуг 0; везде rem_demand=0).
  [s_idx  205] ЗИЕМЕЛЬБЛАЗМА (ЭКСП.) | тип=БКТ | ЕТСНГ=542239 | period=10 | mass_unload=true | осталось 20 из 20 ваг.
    ПРИЧИНА: все Load-спросы уже закрыты (Load-дуг 168, Wash-дуг 0; везде rem_demand=0).
  [s_idx  206] ЗИЕМЕЛЬБЛАЗМА (ЭКСП.) | тип=БК | ЕТСНГ=542239 | period=10 | mass_unload=true | осталось 17 из 17 ваг.
    ПРИЧИНА: все Load-спросы уже закрыты (Load-дуг 167, Wash-дуг 0; везде rem_demand=0).
  [s_idx  207] Забайкальск (Экспорт КЖД [Китай]) | тип=БКТ | ЕТСНГ=434034 | period=10 | mass_unload=false | осталось 3 из 3 ваг.
    ПРИЧИНА: все Load-спросы уже закрыты (Load-дуг 166, Wash-дуг 0; везде rem_demand=0).
  [s_idx  208] ЛИЕПАЯ- (ЭКСП.) | тип=БКТ | ЕТСНГ=021079 | period=10 | mass_unload=false | осталось 5 из 5 ваг.
    ПРИЧИНА: все Load-спросы уже закрыты (Load-дуг 168, Wash-дуг 0; везде rem_demand=0).
  [s_idx  211] Парнас | тип=БК | ЕТСНГ=014003 | period=10 | mass_unload=false | осталось 5 из 5 ваг.
    ПРИЧИНА: все Load-спросы уже закрыты (Load-дуг 167, Wash-дуг 0; везде rem_demand=0).
  [s_idx  212] Витебск | тип=БКТ | ЕТСНГ=021079 | period=10 | mass_unload=false | осталось 5 из 5 ваг.
    ПРИЧИНА: все Load-спросы уже закрыты (Load-дуг 162, Wash-дуг 0; везде rem_demand=0).
  [s_idx  213] Порт Оля | тип=БК | ЕТСНГ=— | period=10 | mass_unload=false | осталось 8 из 8 ваг.
    ПРИЧИНА: все Load-спросы уже закрыты (Load-дуг 166, Wash-дуг 0; везде rem_demand=0).
  [s_idx  215] Правый Берег | тип=БК | ЕТСНГ=014003 | period=10 | mass_unload=true | осталось 10 из 10 ваг.
    ПРИЧИНА: все Load-спросы уже закрыты (Load-дуг 165, Wash-дуг 0; везде rem_demand=0).
  [s_idx  216] Порт Оля (Экспорт) | тип=БК | ЕТСНГ=021100 | period=10 | mass_unload=false | осталось 15 из 15 ваг.
    ПРИЧИНА: все Load-спросы уже закрыты (Load-дуг 167, Wash-дуг 0; везде rem_demand=0).
  [s_idx  217] Правый Берег | тип=БКТ | ЕТСНГ=— | period=10 | mass_unload=true | осталось 29 из 29 ваг.
    ПРИЧИНА: все Load-спросы уже закрыты (Load-дуг 166, Wash-дуг 0; везде rem_demand=0).
  [s_idx  218] Автово (Экспорт) | тип=БКТ | ЕТСНГ=434034 | period=10 | mass_unload=false | осталось 5 из 5 ваг.
    ПРИЧИНА: все Load-спросы уже закрыты (Load-дуг 164, Wash-дуг 0; везде rem_demand=0).
  [s_idx  219] Лужская (Экспорт) | тип=БКТ | ЕТСНГ=011005 | period=10 | mass_unload=false | осталось 34 из 34 ваг.
    ПРИЧИНА: все Load-спросы уже закрыты (Load-дуг 164, Wash-дуг 0; везде rem_demand=0).
  [s_idx  220] Зуй | тип=Т | ЕТСНГ=421034 | period=10 | mass_unload=false | осталось 7 из 7 ваг.
    ПРИЧИНА: нет ни одной допустимой дуги (нет тарифа, несовм. тип вагона или грязный груз).
  [s_idx  221] Лужская (Экспорт) | тип=Т | ЕТСНГ=011005 | period=10 | mass_unload=false | осталось 16 из 16 ваг.
    ПРИЧИНА: все Load-спросы уже закрыты (Load-дуг 164, Wash-дуг 0; везде rem_demand=0).
  [s_idx  222] Забайкальск (Экспорт КЖД [Китай]) | тип=Т | ЕТСНГ=014003 | period=10 | mass_unload=false | осталось 12 из 12 ваг.
    ПРИЧИНА: все Load-спросы уже закрыты (Load-дуг 165, Wash-дуг 0; везде rem_demand=0).
  [s_idx  223] Наушки (эксп. АО «УБЖД»: участок Улаанбаатар (вкл.) и далее) | тип=БКТ | ЕТСНГ=011005 | period=10 | mass_unload=false | осталось 23 из 23 ваг.
    ПРИЧИНА: все Load-спросы уже закрыты (Load-дуг 167, Wash-дуг 0; везде rem_demand=0).
  [s_idx  224] Мальта | тип=Т | ЕТСНГ=— | period=10 | mass_unload=false | осталось 8 из 8 ваг.
    ПРИЧИНА: все Load-спросы уже закрыты (Load-дуг 167, Wash-дуг 0; везде rem_demand=0).
  [s_idx  225] Наушки (эксп. АО «УБЖД»: участок Улаанбаатар (вкл.) и далее) | тип=БК | ЕТСНГ=011005 | period=10 | mass_unload=false | осталось 10 из 10 ваг.
    ПРИЧИНА: все Load-спросы уже закрыты (Load-дуг 166, Wash-дуг 0; везде rem_demand=0).
  [s_idx  228] Владивосток (Экспорт) | тип=Т | ЕТСНГ=011005 | period=10 | mass_unload=false | осталось 20 из 20 ваг.
    ПРИЧИНА: все Load-спросы уже закрыты (Load-дуг 167, Wash-дуг 0; везде rem_demand=0).
  [s_idx  229] ВЕНТСПИЛС (ЭКСП.) | тип=Т | ЕТСНГ=021079 | period=10 | mass_unload=false | осталось 8 из 8 ваг.
    ПРИЧИНА: все Load-спросы уже закрыты (Load-дуг 166, Wash-дуг 0; везде rem_demand=0).
  [s_idx  230] Правый Берег | тип=БК | ЕТСНГ=018023 | period=10 | mass_unload=true | осталось 14 из 14 ваг.
    ПРИЧИНА: все Load-спросы уже закрыты (Load-дуг 165, Wash-дуг 0; везде rem_demand=0).
  [s_idx  231] Забайкальск (Экспорт КЖД [Китай]) | тип=БК | ЕТСНГ=013000 | period=10 | mass_unload=false | осталось 10 из 10 ваг.
    ПРИЧИНА: все Load-спросы уже закрыты (Load-дуг 165, Wash-дуг 0; везде rem_demand=0).
  [s_idx  232] Новый Порт (Экспорт) | тип=Т | ЕТСНГ=021079 | period=10 | mass_unload=false | осталось 5 из 5 ваг.
    ПРИЧИНА: все Load-спросы уже закрыты (Load-дуг 167, Wash-дуг 0; везде rem_demand=0).
  [s_idx  233] Вайвара | тип=Т | ЕТСНГ=542224 | period=10 | mass_unload=false | осталось 10 из 10 ваг.
    ПРИЧИНА: все Load-спросы уже закрыты (Load-дуг 166, Wash-дуг 0; везде rem_demand=0).
  [s_idx  234] Правый Берег | тип=Т | ЕТСНГ=018023 | period=10 | mass_unload=true | осталось 12 из 12 ваг.
    ПРИЧИНА: все Load-спросы уже закрыты (Load-дуг 165, Wash-дуг 0; везде rem_demand=0).
  [s_idx  235] Невдубстрой | тип=Т | ЕТСНГ=011005 | period=10 | mass_unload=true | осталось 19 из 19 ваг.
    ПРИЧИНА: все Load-спросы уже закрыты (Load-дуг 167, Wash-дуг 0; везде rem_demand=0).
  [s_idx  236] Новый Порт (Экспорт) | тип=БКТ | ЕТСНГ=021079 | period=10 | mass_unload=false | осталось 22 из 22 ваг.
    ПРИЧИНА: все Load-спросы уже закрыты (Load-дуг 168, Wash-дуг 0; везде rem_demand=0).
  [s_idx  237] Парнас | тип=БКТ | ЕТСНГ=014003 | period=10 | mass_unload=false | осталось 5 из 5 ваг.
    ПРИЧИНА: все Load-спросы уже закрыты (Load-дуг 168, Wash-дуг 0; везде rem_demand=0).
  [s_idx  238] Рощино | тип=БКТ | ЕТСНГ=011005 | period=10 | mass_unload=false | осталось 27 из 27 ваг.
    ПРИЧИНА: все Load-спросы уже закрыты (Load-дуг 168, Wash-дуг 0; везде rem_demand=0).
  [s_idx  240] Невдубстрой | тип=БКТ | ЕТСНГ=011005 | period=10 | mass_unload=true | осталось 45 из 45 ваг.
    ПРИЧИНА: все Load-спросы уже закрыты (Load-дуг 168, Wash-дуг 0; везде rem_demand=0).
  [s_idx  241] Санкт-Петербург-Товарный-Московский | тип=БКТ | ЕТСНГ=011005 | period=10 | mass_unload=false | осталось 34 из 34 ваг.
    ПРИЧИНА: все Load-спросы уже закрыты (Load-дуг 167, Wash-дуг 0; везде rem_demand=0).
  [s_idx  242] Правый Берег | тип=БКТ | ЕТСНГ=018023 | period=10 | mass_unload=true | осталось 90 из 90 ваг.
    ПРИЧИНА: все Load-спросы уже закрыты (Load-дуг 166, Wash-дуг 0; везде rem_demand=0).
  [s_idx  244] Дунайка | тип=БКТ | ЕТСНГ=014003 | period=10 | mass_unload=false | осталось 34 из 34 ваг.
    ПРИЧИНА: все Load-спросы уже закрыты (Load-дуг 168, Wash-дуг 0; везде rem_demand=0).
  [s_idx  245] Сенцово | тип=БКТ | ЕТСНГ=021083 | period=10 | mass_unload=false | осталось 31 из 31 ваг.
    ПРИЧИНА: все Load-спросы уже закрыты (Load-дуг 164, Wash-дуг 0; везде rem_demand=0).
  [s_idx  246] Вайвара | тип=БКТ | ЕТСНГ=542224 | period=10 | mass_unload=false | осталось 18 из 18 ваг.
    ПРИЧИНА: все Load-спросы уже закрыты (Load-дуг 167, Wash-дуг 0; везде rem_demand=0).
  [s_idx  247] Невдубстрой | тип=Т | ЕТСНГ=021100 | period=10 | mass_unload=true | осталось 4 из 4 ваг.
    ПРИЧИНА: все Load-спросы уже закрыты (Load-дуг 167, Wash-дуг 0; везде rem_demand=0).
  [s_idx  248] Санкт-Петербург-Товарный-Московский | тип=Т | ЕТСНГ=011005 | period=10 | mass_unload=false | осталось 13 из 13 ваг.
    ПРИЧИНА: все Load-спросы уже закрыты (Load-дуг 166, Wash-дуг 0; везде rem_demand=0).
  [s_idx  249] Правый Берег | тип=БК | ЕТСНГ=— | period=10 | mass_unload=true | осталось 5 из 5 ваг.
    ПРИЧИНА: все Load-спросы уже закрыты (Load-дуг 165, Wash-дуг 0; везде rem_demand=0).
  [s_idx  250] Владивосток (Экспорт) | тип=БК | ЕТСНГ=014003 | period=10 | mass_unload=false | осталось 6 из 6 ваг.
    ПРИЧИНА: все Load-спросы уже закрыты (Load-дуг 167, Wash-дуг 0; везде rem_demand=0).
  [s_idx  251] БОЛДЕРАЯ (ЭКСП.) | тип=Т | ЕТСНГ=021083 | period=10 | mass_unload=false | осталось 5 из 5 ваг.
    ПРИЧИНА: все Load-спросы уже закрыты (Load-дуг 163, Wash-дуг 0; везде rem_demand=0).
  [s_idx  252] Тула 1-Курская | тип=БК | ЕТСНГ=421195 | period=10 | mass_unload=false | осталось 1 из 1 ваг.
    ПРИЧИНА: все Load-спросы уже закрыты (Load-дуг 164, Wash-дуг 0; везде rem_demand=0).
  [s_idx  253] Ижоры | тип=БКТ | ЕТСНГ=014003 | period=10 | mass_unload=false | осталось 3 из 3 ваг.
    ПРИЧИНА: все Load-спросы уже закрыты (Load-дуг 159, Wash-дуг 0; везде rem_demand=0).
  [s_idx  254] Ефремов | тип=БК | ЕТСНГ=421034 | period=10 | mass_unload=false | осталось 5 из 5 ваг.
    ПРИЧИНА: все Load-спросы уже закрыты (Load-дуг 163, Wash-дуг 0; везде rem_demand=0).
  [s_idx  255] Ульяновск-Центральный | тип=Т | ЕТСНГ=018112 | period=10 | mass_unload=false | осталось 3 из 3 ваг.
    ПРИЧИНА: все Load-спросы уже закрыты (Load-дуг 167, Wash-дуг 0; везде rem_demand=0).
  [s_idx  256] Ульяновск-Центральный | тип=Т | ЕТСНГ=018112 | period=10 | mass_unload=false | осталось 5 из 5 ваг.
    ПРИЧИНА: все Load-спросы уже закрыты (Load-дуг 167, Wash-дуг 0; везде rem_demand=0).
  [s_idx  257] Правый Берег | тип=Т | ЕТСНГ=014003 | period=10 | mass_unload=true | осталось 4 из 4 ваг.
    ПРИЧИНА: все Load-спросы уже закрыты (Load-дуг 165, Wash-дуг 0; везде rem_demand=0).
  [s_idx  258] БОЛДЕРАЯ (ЭКСП.) | тип=БК | ЕТСНГ=021083 | period=10 | mass_unload=false | осталось 25 из 25 ваг.
    ПРИЧИНА: все Load-спросы уже закрыты (Load-дуг 163, Wash-дуг 0; везде rem_demand=0).
  [s_idx  259] Порт Оля | тип=Т | ЕТСНГ=014003 | period=10 | mass_unload=false | осталось 15 из 15 ваг.
    ПРИЧИНА: все Load-спросы уже закрыты (Load-дуг 166, Wash-дуг 0; везде rem_demand=0).
  [s_idx  260] Алексеевская | тип=БК | ЕТСНГ=018112 | period=10 | mass_unload=false | осталось 5 из 5 ваг.
    ПРИЧИНА: все Load-спросы уже закрыты (Load-дуг 167, Wash-дуг 0; везде rem_demand=0).
  [s_idx  261] Ульяновск-Центральный | тип=БК | ЕТСНГ=018112 | period=10 | mass_unload=false | осталось 11 из 13 ваг.
    ПРИЧИНА: все Load-спросы уже закрыты (Load-дуг 167, Wash-дуг 0; везде rem_demand=0).
  [s_idx  264] Владивосток (Экспорт) | тип=БКТ | ЕТСНГ=014003 | period=10 | mass_unload=false | осталось 17 из 17 ваг.
    ПРИЧИНА: все Load-спросы уже закрыты (Load-дуг 168, Wash-дуг 0; везде rem_demand=0).
  [s_idx  265] Владивосток (Экспорт) | тип=БКТ | ЕТСНГ=011005 | period=10 | mass_unload=false | осталось 26 из 26 ваг.
    ПРИЧИНА: все Load-спросы уже закрыты (Load-дуг 168, Wash-дуг 0; везде rem_demand=0).
  [s_idx  266] Вайвара | тип=БКТ | ЕТСНГ=542050 | period=10 | mass_unload=false | осталось 8 из 8 ваг.
    ПРИЧИНА: все Load-спросы уже закрыты (Load-дуг 167, Wash-дуг 0; везде rem_demand=0).
  [s_idx  267] Порт Оля | тип=БКТ | ЕТСНГ=014003 | period=10 | mass_unload=false | осталось 21 из 21 ваг.
    ПРИЧИНА: все Load-спросы уже закрыты (Load-дуг 167, Wash-дуг 0; везде rem_demand=0).
  [s_idx  268] Сухановка (Экспорт) | тип=БКТ | ЕТСНГ=014003 | period=10 | mass_unload=false | осталось 8 из 8 ваг.
    ПРИЧИНА: все Load-спросы уже закрыты (Load-дуг 7, Wash-дуг 0; везде rem_demand=0).
  [s_idx  269] БОЛДЕРАЯ (ЭКСП.) | тип=БКТ | ЕТСНГ=021083 | period=10 | mass_unload=false | осталось 26 из 26 ваг.
    ПРИЧИНА: все Load-спросы уже закрыты (Load-дуг 164, Wash-дуг 0; везде rem_demand=0).
  [s_idx  270] Ульяновск-Центральный | тип=БКТ | ЕТСНГ=018112 | period=10 | mass_unload=false | осталось 16 из 16 ваг.
    ПРИЧИНА: все Load-спросы уже закрыты (Load-дуг 168, Wash-дуг 0; везде rem_demand=0).
  [s_idx  272] Залари | тип=БКТ | ЕТСНГ=021083 | period=10 | mass_unload=false | осталось 8 из 8 ваг.
    ПРИЧИНА: все Load-спросы уже закрыты (Load-дуг 163, Wash-дуг 0; везде rem_demand=0).
  [s_idx  273] Правый Берег | тип=БКТ | ЕТСНГ=014003 | period=10 | mass_unload=true | осталось 23 из 23 ваг.
    ПРИЧИНА: все Load-спросы уже закрыты (Load-дуг 166, Wash-дуг 0; везде rem_demand=0).
  [s_idx  274] Невдубстрой | тип=БКТ | ЕТСНГ=021100 | period=10 | mass_unload=true | осталось 18 из 18 ваг.
    ПРИЧИНА: все Load-спросы уже закрыты (Load-дуг 168, Wash-дуг 0; везде rem_demand=0).
  [s_idx  275] ВЕНТСПИЛС (ЭКСП.) | тип=БКТ | ЕТСНГ=021079 | period=10 | mass_unload=false | осталось 10 из 10 ваг.
    ПРИЧИНА: все Load-спросы уже закрыты (Load-дуг 167, Wash-дуг 0; везде rem_demand=0).
  [s_idx  276] Залари | тип=БКТ | ЕТСНГ=— | period=10 | mass_unload=false | осталось 10 из 23 ваг.
    ПРИЧИНА: все Load-спросы уже закрыты (Load-дуг 163, Wash-дуг 0; везде rem_demand=0).
  [s_idx  277] Дунайка | тип=Т | ЕТСНГ=014003 | period=10 | mass_unload=false | осталось 11 из 11 ваг.
    ПРИЧИНА: все Load-спросы уже закрыты (Load-дуг 167, Wash-дуг 0; везде rem_demand=0).
  [s_idx  278] Наушки (эксп. АО «УБЖД»: участок Улаанбаатар (вкл.) и далее) | тип=Т | ЕТСНГ=011005 | period=10 | mass_unload=false | осталось 4 из 6 ваг.
    ПРИЧИНА: все Load-спросы уже закрыты (Load-дуг 166, Wash-дуг 0; везде rem_demand=0).
  [s_idx  279] Правый Берег | тип=БКТ | ЕТСНГ=014003 | period=10 | mass_unload=true | осталось 19 из 19 ваг.
    ПРИЧИНА: все Load-спросы уже закрыты (Load-дуг 166, Wash-дуг 0; везде rem_demand=0).
  [s_idx  280] ЗИЕМЕЛЬБЛАЗМА (ЭКСП.) | тип=БКТ | ЕТСНГ=011005 | period=10 | mass_unload=true | осталось 11 из 11 ваг.
    ПРИЧИНА: все Load-спросы уже закрыты (Load-дуг 168, Wash-дуг 0; везде rem_demand=0).
  [s_idx  281] Санкт-Петербург-Товарный-Московский | тип=БК | ЕТСНГ=011005 | period=10 | mass_unload=false | осталось 15 из 15 ваг.
    ПРИЧИНА: все Load-спросы уже закрыты (Load-дуг 166, Wash-дуг 0; везде rem_demand=0).
  [s_idx  282] Дунайка | тип=БК | ЕТСНГ=014003 | period=10 | mass_unload=false | осталось 7 из 7 ваг.
    ПРИЧИНА: все Load-спросы уже закрыты (Load-дуг 167, Wash-дуг 0; везде rem_demand=0).
  [s_idx  283] Вайвара | тип=БК | ЕТСНГ=542224 | period=10 | mass_unload=false | осталось 12 из 12 ваг.
    ПРИЧИНА: все Load-спросы уже закрыты (Load-дуг 166, Wash-дуг 0; везде rem_demand=0).
  [s_idx  284] Правый Берег | тип=Т | ЕТСНГ=— | period=10 | mass_unload=true | осталось 9 из 9 ваг.
    ПРИЧИНА: все Load-спросы уже закрыты (Load-дуг 165, Wash-дуг 0; везде rem_demand=0).
  [s_idx  285] Алексеевская | тип=БКТ | ЕТСНГ=018112 | period=10 | mass_unload=false | осталось 12 из 12 ваг.
    ПРИЧИНА: все Load-спросы уже закрыты (Load-дуг 168, Wash-дуг 0; везде rem_demand=0).
  [s_idx  286] Забайкальск (Экспорт КЖД [Китай]) | тип=БКТ | ЕТСНГ=013000 | period=10 | mass_unload=false | осталось 10 из 10 ваг.
    ПРИЧИНА: все Load-спросы уже закрыты (Load-дуг 166, Wash-дуг 0; везде rem_demand=0).
  [s_idx  287] ВЕНТСПИЛС (ЭКСП.) | тип=БК | ЕТСНГ=021083 | period=10 | mass_unload=false | осталось 9 из 9 ваг.
    ПРИЧИНА: все Load-спросы уже закрыты (Load-дуг 166, Wash-дуг 0; везде rem_demand=0).
  [s_idx  288] Глазуновка | тип=Т | ЕТСНГ=421034 | period=10 | mass_unload=false | осталось 1 из 1 ваг.
    ПРИЧИНА: все Load-спросы уже закрыты (Load-дуг 135, Wash-дуг 0; везде rem_demand=0).
  [s_idx  289] Правый Берег | тип=БК | ЕТСНГ=014003 | period=10 | mass_unload=true | осталось 5 из 5 ваг.
    ПРИЧИНА: все Load-спросы уже закрыты (Load-дуг 165, Wash-дуг 0; везде rem_demand=0).
  [s_idx  290] Алексеевская | тип=БК | ЕТСНГ=— | period=10 | mass_unload=false | осталось 5 из 5 ваг.
    ПРИЧИНА: все Load-спросы уже закрыты (Load-дуг 167, Wash-дуг 0; везде rem_demand=0).
  [s_idx  291] Правый Берег | тип=Т | ЕТСНГ=014003 | period=10 | mass_unload=true | осталось 10 из 10 ваг.
    ПРИЧИНА: все Load-спросы уже закрыты (Load-дуг 165, Wash-дуг 0; везде rem_demand=0).
  [s_idx  292] Порт Оля (Экспорт) | тип=Т | ЕТСНГ=021100 | period=10 | mass_unload=false | осталось 32 из 32 ваг.
    ПРИЧИНА: все Load-спросы уже закрыты (Load-дуг 167, Wash-дуг 0; везде rem_demand=0).
  [s_idx  293] Верда | тип=БКТ | ЕТСНГ=— | period=10 | mass_unload=false | осталось 3 из 3 ваг.
    ПРИЧИНА: все Load-спросы уже закрыты (Load-дуг 166, Wash-дуг 0; везде rem_demand=0).
  [s_idx  294] Невдубстрой | тип=БК | ЕТСНГ=015006 | period=10 | mass_unload=true | осталось 9 из 9 ваг.
    ПРИЧИНА: все Load-спросы уже закрыты (Load-дуг 167, Wash-дуг 0; везде rem_demand=0).
  [s_idx  295] Жилево | тип=БКТ | ЕТСНГ=011005 | period=10 | mass_unload=false | осталось 3 из 3 ваг.
    ПРИЧИНА: все Load-спросы уже закрыты (Load-дуг 165, Wash-дуг 0; везде rem_demand=0).
  [s_idx  298] Черниковка | тип=БК | ЕТСНГ=018112 | period=10 | mass_unload=false | осталось 11 из 11 ваг.
    ПРИЧИНА: все Load-спросы уже закрыты (Load-дуг 167, Wash-дуг 0; везде rem_demand=0).
  [s_idx  299] Парнас | тип=БКТ | ЕТСНГ=018112 | period=10 | mass_unload=false | осталось 7 из 7 ваг.
    ПРИЧИНА: все Load-спросы уже закрыты (Load-дуг 168, Wash-дуг 0; везде rem_demand=0).
  [s_idx  300] Парнас | тип=Т | ЕТСНГ=018112 | period=10 | mass_unload=false | осталось 7 из 7 ваг.
    ПРИЧИНА: все Load-спросы уже закрыты (Load-дуг 167, Wash-дуг 0; везде rem_demand=0).
  [s_idx  301] Круглое Поле | тип=БК | ЕТСНГ=018112 | period=10 | mass_unload=false | осталось 1 из 1 ваг.
    ПРИЧИНА: все Load-спросы уже закрыты (Load-дуг 167, Wash-дуг 0; везде rem_demand=0).
  [s_idx  302] Сенцово | тип=БК | ЕТСНГ=021083 | period=10 | mass_unload=false | осталось 13 из 13 ваг.
    ПРИЧИНА: все Load-спросы уже закрыты (Load-дуг 163, Wash-дуг 0; везде rem_demand=0).
  [s_idx  303] Мурманские Ворота | тип=БКТ | ЕТСНГ=011005 | period=10 | mass_unload=false | осталось 4 из 4 ваг.
    ПРИЧИНА: все Load-спросы уже закрыты (Load-дуг 165, Wash-дуг 0; везде rem_demand=0).
  [s_idx  304] Алексеевская | тип=БКТ | ЕТСНГ=— | period=10 | mass_unload=false | осталось 7 из 7 ваг.
    ПРИЧИНА: все Load-спросы уже закрыты (Load-дуг 168, Wash-дуг 0; везде rem_demand=0).
  [s_idx  305] Порт Оля | тип=БКТ | ЕТСНГ=— | period=10 | mass_unload=false | осталось 13 из 13 ваг.
    ПРИЧИНА: все Load-спросы уже закрыты (Load-дуг 167, Wash-дуг 0; везде rem_demand=0).
  [s_idx  306] ЛИЕПАЯ- (ЭКСП.) | тип=БКТ | ЕТСНГ=011005 | period=10 | mass_unload=false | осталось 7 из 7 ваг.
    ПРИЧИНА: все Load-спросы уже закрыты (Load-дуг 168, Wash-дуг 0; везде rem_demand=0).
  [s_idx  307] Парнас | тип=Т | ЕТСНГ=014003 | period=10 | mass_unload=false | осталось 3 из 3 ваг.
    ПРИЧИНА: все Load-спросы уже закрыты (Load-дуг 167, Wash-дуг 0; везде rem_demand=0).
  [s_idx  308] Черниковка | тип=БКТ | ЕТСНГ=018112 | period=10 | mass_unload=false | осталось 5 из 5 ваг.
    ПРИЧИНА: все Load-спросы уже закрыты (Load-дуг 168, Wash-дуг 0; везде rem_demand=0).
  [s_idx  309] Коротыш | тип=БК | ЕТСНГ=421034 | period=10 | mass_unload=false | осталось 4 из 4 ваг.
    ПРИЧИНА: все Load-спросы уже закрыты (Load-дуг 162, Wash-дуг 0; везде rem_demand=0).
  [s_idx  312] Забайкальск (Экспорт КЖД [Китай]) | тип=БКТ | ЕТСНГ=021083 | period=10 | mass_unload=false | осталось 14 из 14 ваг.
    ПРИЧИНА: все Load-спросы уже закрыты (Load-дуг 166, Wash-дуг 0; везде rem_demand=0).
  [s_idx  313] Правый Берег | тип=БКТ | ЕТСНГ=018023 | period=10 | mass_unload=true | осталось 8 из 8 ваг.
    ПРИЧИНА: все Load-спросы уже закрыты (Load-дуг 166, Wash-дуг 0; везде rem_demand=0).
  [s_idx  314] Алексеевская | тип=Т | ЕТСНГ=018112 | period=10 | mass_unload=false | осталось 4 из 4 ваг.
    ПРИЧИНА: все Load-спросы уже закрыты (Load-дуг 167, Wash-дуг 0; везде rem_demand=0).
  [s_idx  319] Невдубстрой | тип=БКТ | ЕТСНГ=015006 | period=10 | mass_unload=true | осталось 9 из 9 ваг.
    ПРИЧИНА: все Load-спросы уже закрыты (Load-дуг 168, Wash-дуг 0; везде rem_demand=0).
  [s_idx  321] Полоцк | тип=БКТ | ЕТСНГ=542239 | period=10 | mass_unload=false | осталось 7 из 7 ваг.
    ПРИЧИНА: все Load-спросы уже закрыты (Load-дуг 168, Wash-дуг 0; везде rem_demand=0).
  [s_idx  323] Новоельня | тип=БК | ЕТСНГ=542239 | period=10 | mass_unload=false | осталось 1 из 1 ваг.
    ПРИЧИНА: все Load-спросы уже закрыты (Load-дуг 167, Wash-дуг 0; везде rem_demand=0).
  [s_idx  324] Сенцово | тип=Т | ЕТСНГ=021083 | period=10 | mass_unload=false | осталось 4 из 4 ваг.
    ПРИЧИНА: все Load-спросы уже закрыты (Load-дуг 163, Wash-дуг 0; везде rem_demand=0).
  [s_idx  326] ЗИЕМЕЛЬБЛАЗМА (ЭКСП.) | тип=Т | ЕТСНГ=542072 | period=10 | mass_unload=true | осталось 3 из 3 ваг.
    ПРИЧИНА: все Load-спросы уже закрыты (Load-дуг 167, Wash-дуг 0; везде rem_demand=0).
  [s_idx  328] ЗИЕМЕЛЬБЛАЗМА (ЭКСП.) | тип=БКТ | ЕТСНГ=542072 | period=10 | mass_unload=true | осталось 17 из 17 ваг.
    ПРИЧИНА: все Load-спросы уже закрыты (Load-дуг 168, Wash-дуг 0; везде rem_demand=0).
  [s_idx  330] Лужская (Экспорт) | тип=БК | ЕТСНГ=011005 | period=10 | mass_unload=false | осталось 21 из 21 ваг.
    ПРИЧИНА: все Load-спросы уже закрыты (Load-дуг 164, Wash-дуг 0; везде rem_demand=0).
  [s_idx  332] ЛИЕПАЯ- (ЭКСП.) | тип=БК | ЕТСНГ=542239 | period=10 | mass_unload=false | осталось 20 из 20 ваг.
    ПРИЧИНА: все Load-спросы уже закрыты (Load-дуг 167, Wash-дуг 0; везде rem_demand=0).
  [s_idx  336] ЗИЕМЕЛЬБЛАЗМА (ЭКСП.) | тип=БК | ЕТСНГ=542072 | period=10 | mass_unload=true | осталось 7 из 7 ваг.
    ПРИЧИНА: все Load-спросы уже закрыты (Load-дуг 167, Wash-дуг 0; везде rem_demand=0).
  [s_idx  338] Позимь | тип=БКТ | ЕТСНГ=— | period=10 | mass_unload=false | осталось 6 из 6 ваг.
    ПРИЧИНА: все Load-спросы уже закрыты (Load-дуг 168, Wash-дуг 0; везде rem_demand=0).
  [s_idx  340] Лужская | тип=БКТ | ЕТСНГ=018023 | period=10 | mass_unload=false | осталось 1 из 1 ваг.
    ПРИЧИНА: все Load-спросы уже закрыты (Load-дуг 158, Wash-дуг 0; везде rem_demand=0).
  [s_idx  347] ВЕНТСПИЛС (ЭКСП.) | тип=БК | ЕТСНГ=021079 | period=10 | mass_unload=false | осталось 2 из 2 ваг.
    ПРИЧИНА: все Load-спросы уже закрыты (Load-дуг 166, Wash-дуг 0; везде rem_demand=0).
  [s_idx  348] Орша-Восточная | тип=БК | ЕТСНГ=542239 | period=10 | mass_unload=false | осталось 1 из 1 ваг.
    ПРИЧИНА: все Load-спросы уже закрыты (Load-дуг 166, Wash-дуг 0; везде rem_demand=0).
  [s_idx  349] Алексеевская | тип=Т | ЕТСНГ=— | period=10 | mass_unload=false | осталось 7 из 7 ваг.
    ПРИЧИНА: все Load-спросы уже закрыты (Load-дуг 167, Wash-дуг 0; везде rem_demand=0).
  [s_idx  350] Высоцк (Экспорт) | тип=БК | ЕТСНГ=011005 | period=10 | mass_unload=false | осталось 9 из 9 ваг.
    ПРИЧИНА: все Load-спросы уже закрыты (Load-дуг 167, Wash-дуг 0; везде rem_demand=0).
  [s_idx  352] ЛИЕПАЯ- (ЭКСП.) | тип=БКТ | ЕТСНГ=542101 | period=10 | mass_unload=false | осталось 3 из 3 ваг.
    ПРИЧИНА: все Load-спросы уже закрыты (Load-дуг 168, Wash-дуг 0; везде rem_demand=0).
  [s_idx  353] Блюхер (Экспорт) | тип=БК | ЕТСНГ=011005 | period=10 | mass_unload=false | осталось 11 из 11 ваг.
    ПРИЧИНА: все Load-спросы уже закрыты (Load-дуг 161, Wash-дуг 0; везде rem_demand=0).
  [s_idx  355] Блюхер (Экспорт) | тип=Т | ЕТСНГ=011005 | period=10 | mass_unload=false | осталось 27 из 29 ваг.
    ПРИЧИНА: все Load-спросы уже закрыты (Load-дуг 161, Wash-дуг 0; везде rem_demand=0).
  [s_idx  356] Забайкальск (Экспорт КЖД [Китай]) | тип=БК | ЕТСНГ=014003 | period=10 | mass_unload=false | осталось 5 из 8 ваг.
    ПРИЧИНА: все Load-спросы уже закрыты (Load-дуг 165, Wash-дуг 0; везде rem_demand=0).
  [s_idx  357] Ожерелье | тип=БК | ЕТСНГ=421195 | period=10 | mass_unload=false | осталось 1 из 1 ваг.
    ПРИЧИНА: все Load-спросы уже закрыты (Load-дуг 167, Wash-дуг 0; везде rem_demand=0).
  [s_idx  358] Мальта | тип=БКТ | ЕТСНГ=— | period=10 | mass_unload=false | осталось 6 из 6 ваг.
    ПРИЧИНА: все Load-спросы уже закрыты (Load-дуг 168, Wash-дуг 0; везде rem_demand=0).
  [s_idx  359] Глазуновка | тип=БКТ | ЕТСНГ=421034 | period=10 | mass_unload=false | осталось 1 из 1 ваг.
    ПРИЧИНА: все Load-спросы уже закрыты (Load-дуг 135, Wash-дуг 0; везде rem_demand=0).
  [s_idx  360] Тихвин | тип=БКТ | ЕТСНГ=421195 | period=10 | mass_unload=false | осталось 3 из 3 ваг.
    ПРИЧИНА: все Load-спросы уже закрыты (Load-дуг 168, Wash-дуг 0; везде rem_demand=0).
  [s_idx  361] Кочетовка 1 | тип=Т | ЕТСНГ=421195 | period=10 | mass_unload=false | осталось 1 из 1 ваг.
    ПРИЧИНА: все Load-спросы уже закрыты (Load-дуг 167, Wash-дуг 0; везде rem_demand=0).
  [s_idx  362] Вайвара | тип=БК | ЕТСНГ=021079 | period=10 | mass_unload=false | осталось 4 из 4 ваг.
    ПРИЧИНА: все Load-спросы уже закрыты (Load-дуг 166, Wash-дуг 0; везде rem_demand=0).
  [s_idx  363] Бологое-Московское | тип=БКТ | ЕТСНГ=421195 | period=10 | mass_unload=false | осталось 2 из 2 ваг.
    ПРИЧИНА: все Load-спросы уже закрыты (Load-дуг 159, Wash-дуг 0; везде rem_demand=0).
  [s_idx  364] Товарково | тип=Т | ЕТСНГ=421034 | period=10 | mass_unload=false | осталось 4 из 4 ваг.
    ПРИЧИНА: все Load-спросы уже закрыты (Load-дуг 165, Wash-дуг 0; везде rem_demand=0).
  [s_idx  365] Правый Берег | тип=БКТ | ЕТСНГ=015006 | period=10 | mass_unload=true | осталось 3 из 3 ваг.
    ПРИЧИНА: все Load-спросы уже закрыты (Load-дуг 166, Wash-дуг 0; везде rem_demand=0).
  [s_idx  366] Плавск | тип=Т | ЕТСНГ=421034 | period=10 | mass_unload=false | осталось 2 из 2 ваг.
    ПРИЧИНА: все Load-спросы уже закрыты (Load-дуг 163, Wash-дуг 0; везде rem_demand=0).
  [s_idx  367] Сухановка (Экспорт) | тип=Т | ЕТСНГ=014003 | period=10 | mass_unload=false | осталось 1 из 1 ваг.
    ПРИЧИНА: все Load-спросы уже закрыты (Load-дуг 6, Wash-дуг 0; везде rem_demand=0).
  [s_idx  368] Порт Оля | тип=Т | ЕТСНГ=— | period=10 | mass_unload=false | осталось 4 из 4 ваг.
    ПРИЧИНА: все Load-спросы уже закрыты (Load-дуг 166, Wash-дуг 0; везде rem_demand=0).
  [s_idx  369] Унеча | тип=БКТ | ЕТСНГ=421034 | period=10 | mass_unload=false | осталось 1 из 1 ваг.
    ПРИЧИНА: все Load-спросы уже закрыты (Load-дуг 166, Wash-дуг 0; везде rem_demand=0).
  [s_idx  372] Залари | тип=Т | ЕТСНГ=— | period=10 | mass_unload=false | осталось 2 из 2 ваг.
    ПРИЧИНА: все Load-спросы уже закрыты (Load-дуг 162, Wash-дуг 0; везде rem_demand=0).
  [s_idx  373] Ефремов | тип=БКТ | ЕТСНГ=421034 | period=10 | mass_unload=false | осталось 10 из 10 ваг.
    ПРИЧИНА: все Load-спросы уже закрыты (Load-дуг 163, Wash-дуг 0; везде rem_demand=0).
  [s_idx  374] ЛИЕПАЯ- (ЭКСП.) | тип=БК | ЕТСНГ=021079 | period=10 | mass_unload=false | осталось 2 из 2 ваг.
    ПРИЧИНА: все Load-спросы уже закрыты (Load-дуг 167, Wash-дуг 0; везде rem_demand=0).
  [s_idx  376] Старый Оскол | тип=БК | ЕТСНГ=421195 | period=10 | mass_unload=false | осталось 5 из 5 ваг.
    ПРИЧИНА: все Load-спросы уже закрыты (Load-дуг 167, Wash-дуг 0; везде rem_demand=0).
  [s_idx  378] Вайвара | тип=БК | ЕТСНГ=542050 | period=10 | mass_unload=false | осталось 2 из 2 ваг.
    ПРИЧИНА: все Load-спросы уже закрыты (Load-дуг 166, Wash-дуг 0; везде rem_demand=0).
  [s_idx  381] Зуй | тип=БКТ | ЕТСНГ=421034 | period=10 | mass_unload=false | осталось 4 из 4 ваг.
    ПРИЧИНА: нет ни одной допустимой дуги (нет тарифа, несовм. тип вагона или грязный груз).
  [s_idx  382] Алексеевская | тип=Т | ЕТСНГ=014003 | period=10 | mass_unload=false | осталось 1 из 1 ваг.
    ПРИЧИНА: все Load-спросы уже закрыты (Load-дуг 167, Wash-дуг 0; везде rem_demand=0).
  [s_idx  383] Текстильный | тип=БКТ | ЕТСНГ=018112 | period=10 | mass_unload=false | осталось 3 из 3 ваг.
    ПРИЧИНА: все Load-спросы уже закрыты (Load-дуг 168, Wash-дуг 0; везде rem_demand=0).
  [s_idx  384] Забайкальск (Экспорт КЖД [Китай]) | тип=Т | ЕТСНГ=021083 | period=10 | mass_unload=false | осталось 4 из 4 ваг.
    ПРИЧИНА: все Load-спросы уже закрыты (Load-дуг 165, Wash-дуг 0; везде rem_demand=0).
  [s_idx  385] Владивосток (Экспорт) | тип=БК | ЕТСНГ=011005 | period=10 | mass_unload=false | осталось 3 из 3 ваг.
    ПРИЧИНА: все Load-спросы уже закрыты (Load-дуг 167, Wash-дуг 0; везде rem_demand=0).
  [s_idx  389] Алексеевская | тип=БКТ | ЕТСНГ=014003 | period=10 | mass_unload=false | осталось 1 из 1 ваг.
    ПРИЧИНА: все Load-спросы уже закрыты (Load-дуг 168, Wash-дуг 0; везде rem_demand=0).
  [s_idx  390] Киров | тип=БКТ | ЕТСНГ=— | period=10 | mass_unload=false | осталось 2 из 2 ваг.
    ПРИЧИНА: все Load-спросы уже закрыты (Load-дуг 166, Wash-дуг 0; везде rem_demand=0).
  [s_idx  393] Алексеевка | тип=БКТ | ЕТСНГ=021100 | period=10 | mass_unload=false | осталось 2 из 2 ваг.
    ПРИЧИНА: все Load-спросы уже закрыты (Load-дуг 167, Wash-дуг 0; везде rem_demand=0).
  [s_idx  394] ЛИЕПАЯ- (ЭКСП.) | тип=БКТ | ЕТСНГ=542239 | period=10 | mass_unload=false | осталось 11 из 11 ваг.
    ПРИЧИНА: все Load-спросы уже закрыты (Load-дуг 168, Wash-дуг 0; везде rem_demand=0).
  [s_idx  395] Забайкальск (Экспорт КЖД [Китай]) | тип=БК | ЕТСНГ=021083 | period=10 | mass_unload=false | осталось 4 из 4 ваг.
    ПРИЧИНА: все Load-спросы уже закрыты (Load-дуг 165, Wash-дуг 0; везде rem_demand=0).
  [s_idx  396] Слуцк | тип=БКТ | ЕТСНГ=542224 | period=10 | mass_unload=false | осталось 4 из 4 ваг.
    ПРИЧИНА: все Load-спросы уже закрыты (Load-дуг 167, Wash-дуг 0; везде rem_demand=0).
  [s_idx  397] Качалино | тип=БКТ | ЕТСНГ=— | period=10 | mass_unload=false | осталось 4 из 4 ваг.
    ПРИЧИНА: все Load-спросы уже закрыты (Load-дуг 167, Wash-дуг 0; везде rem_demand=0).
  [s_idx  398] Городея | тип=БК | ЕТСНГ=542239 | period=10 | mass_unload=false | осталось 1 из 1 ваг.
    ПРИЧИНА: все Load-спросы уже закрыты (Load-дуг 166, Wash-дуг 0; везде rem_demand=0).
  [s_idx  399] ЛИЕПАЯ- (ЭКСП.) | тип=БКТ | ЕТСНГ=542072 | period=10 | mass_unload=false | осталось 1 из 1 ваг.
    ПРИЧИНА: все Load-спросы уже закрыты (Load-дуг 168, Wash-дуг 0; везде rem_demand=0).
  [s_idx  402] Дятьково | тип=БКТ | ЕТСНГ=421034 | period=10 | mass_unload=false | осталось 7 из 7 ваг.
    ПРИЧИНА: нет ни одной допустимой дуги (нет тарифа, несовм. тип вагона или грязный груз).
  [s_idx  408] Дятьково | тип=БК | ЕТСНГ=421034 | period=10 | mass_unload=false | осталось 4 из 4 ваг.
    ПРИЧИНА: нет ни одной допустимой дуги (нет тарифа, несовм. тип вагона или грязный груз).
  [s_idx  414] Лужская | тип=БК | ЕТСНГ=018023 | period=10 | mass_unload=false | осталось 2 из 2 ваг.
    ПРИЧИНА: все Load-спросы уже закрыты (Load-дуг 158, Wash-дуг 0; везде rem_demand=0).
  [s_idx  418] Витебск | тип=БКТ | ЕТСНГ=018019 | period=10 | mass_unload=false | осталось 3 из 3 ваг.
    ПРИЧИНА: все Load-спросы уже закрыты (Load-дуг 162, Wash-дуг 0; везде rem_demand=0).
  [s_idx  419] Зуй | тип=БК | ЕТСНГ=421034 | period=10 | mass_unload=false | осталось 2 из 2 ваг.
    ПРИЧИНА: нет ни одной допустимой дуги (нет тарифа, несовм. тип вагона или грязный груз).
  [s_idx  420] Климовичи | тип=БК | ЕТСНГ=542224 | period=10 | mass_unload=false | осталось 1 из 1 ваг.
    ПРИЧИНА: все Load-спросы уже закрыты (Load-дуг 167, Wash-дуг 0; везде rem_demand=0).
  [s_idx  421] Гродеково (Экспорт КЖД [Китай]) | тип=БК | ЕТСНГ=018023 | period=10 | mass_unload=false | осталось 1 из 1 ваг.
    ПРИЧИНА: все Load-спросы уже закрыты (Load-дуг 167, Wash-дуг 0; везде rem_demand=0).
  [s_idx  423] Гродеково (Экспорт КЖД [Китай]) | тип=БКТ | ЕТСНГ=018023 | period=10 | mass_unload=false | осталось 2 из 2 ваг.
    ПРИЧИНА: все Load-спросы уже закрыты (Load-дуг 168, Wash-дуг 0; везде rem_demand=0).
  [s_idx  424] Лужская | тип=Т | ЕТСНГ=018023 | period=10 | mass_unload=false | осталось 1 из 1 ваг.
    ПРИЧИНА: все Load-спросы уже закрыты (Load-дуг 158, Wash-дуг 0; везде rem_demand=0).
  [s_idx  425] Чернянка | тип=Т | ЕТСНГ=— | period=10 | mass_unload=false | осталось 1 из 1 ваг.
    ПРИЧИНА: все Load-спросы уже закрыты (Load-дуг 154, Wash-дуг 0; везде rem_demand=0).
  [s_idx  426] Правый Берег | тип=Т | ЕТСНГ=015006 | period=10 | mass_unload=true | осталось 1 из 1 ваг.
    ПРИЧИНА: все Load-спросы уже закрыты (Load-дуг 165, Wash-дуг 0; везде rem_demand=0).
  [s_idx  428] Тула 1-Курская | тип=Т | ЕТСНГ=421195 | period=10 | mass_unload=false | осталось 2 из 2 ваг.
    ПРИЧИНА: все Load-спросы уже закрыты (Load-дуг 164, Wash-дуг 0; везде rem_demand=0).
  [s_idx  429] Порт Оля | тип=БК | ЕТСНГ=014003 | period=10 | mass_unload=false | осталось 7 из 7 ваг.
    ПРИЧИНА: все Load-спросы уже закрыты (Load-дуг 166, Wash-дуг 0; везде rem_demand=0).
  [s_idx  430] Рощино | тип=Т | ЕТСНГ=011005 | period=10 | mass_unload=false | осталось 1 из 1 ваг.
    ПРИЧИНА: все Load-спросы уже закрыты (Load-дуг 167, Wash-дуг 0; везде rem_demand=0).
  [s_idx  432] Невдубстрой | тип=БКТ | ЕТСНГ=011005 | period=10 | mass_unload=true | осталось 1 из 1 ваг.
    ПРИЧИНА: все Load-спросы уже закрыты (Load-дуг 168, Wash-дуг 0; везде rem_demand=0).
  [s_idx  433] ЛИЕПАЯ- (ЭКСП.) | тип=БК | ЕТСНГ=011005 | period=10 | mass_unload=false | осталось 2 из 2 ваг.
    ПРИЧИНА: все Load-спросы уже закрыты (Load-дуг 167, Wash-дуг 0; везде rem_demand=0).
  [s_idx  434] Мурманские Ворота | тип=БК | ЕТСНГ=011005 | period=10 | mass_unload=false | осталось 1 из 1 ваг.
    ПРИЧИНА: все Load-спросы уже закрыты (Load-дуг 164, Wash-дуг 0; везде rem_demand=0).
  [s_idx  435] Тихвин | тип=БКТ | ЕТСНГ=421034 | period=10 | mass_unload=false | осталось 1 из 1 ваг.
    ПРИЧИНА: все Load-спросы уже закрыты (Load-дуг 168, Wash-дуг 0; везде rem_demand=0).
  [s_idx  436] Орша-Восточная | тип=Т | ЕТСНГ=542239 | period=10 | mass_unload=false | осталось 2 из 2 ваг.
    ПРИЧИНА: все Load-спросы уже закрыты (Load-дуг 166, Wash-дуг 0; везде rem_demand=0).
  [s_idx  437] Климовичи | тип=БКТ | ЕТСНГ=542224 | period=10 | mass_unload=false | осталось 1 из 1 ваг.
    ПРИЧИНА: все Load-спросы уже закрыты (Load-дуг 168, Wash-дуг 0; везде rem_demand=0).
  [s_idx  438] Новоельня | тип=БКТ | ЕТСНГ=542239 | period=10 | mass_unload=false | осталось 2 из 2 ваг.
    ПРИЧИНА: все Load-спросы уже закрыты (Load-дуг 168, Wash-дуг 0; везде rem_demand=0).
  [s_idx  449] Забайкальск (Экспорт КЖД [Китай]) | тип=Т | ЕТСНГ=013000 | period=10 | mass_unload=false | осталось 1 из 1 ваг.
    ПРИЧИНА: все Load-спросы уже закрыты (Load-дуг 165, Wash-дуг 0; везде rem_demand=0).
  [s_idx  450] Забайкальск (Экспорт КЖД [Китай]) | тип=Т | ЕТСНГ=018019 | period=10 | mass_unload=false | осталось 1 из 1 ваг.
    ПРИЧИНА: все Load-спросы уже закрыты (Load-дуг 165, Wash-дуг 0; везде rem_demand=0).
  [s_idx  454] Янов-Полесский | тип=БКТ | ЕТСНГ=014003 | period=10 | mass_unload=false | осталось 1 из 1 ваг.
    ПРИЧИНА: все Load-спросы уже закрыты (Load-дуг 165, Wash-дуг 0; везде rem_demand=0).
  [s_idx  456] Новый Порт (Экспорт) | тип=БК | ЕТСНГ=021079 | period=10 | mass_unload=false | осталось 2 из 2 ваг.
    ПРИЧИНА: все Load-спросы уже закрыты (Load-дуг 167, Wash-дуг 0; везде rem_demand=0).
  [s_idx  458] Алексеевка | тип=БК | ЕТСНГ=021100 | period=10 | mass_unload=false | осталось 2 из 2 ваг.
    ПРИЧИНА: все Load-спросы уже закрыты (Load-дуг 166, Wash-дуг 0; везде rem_demand=0).
  [s_idx  460] Гродеково (Экспорт КЖД [Китай]) | тип=Т | ЕТСНГ=018023 | period=10 | mass_unload=false | осталось 2 из 2 ваг.
    ПРИЧИНА: все Load-спросы уже закрыты (Load-дуг 167, Wash-дуг 0; везде rem_demand=0).
  [s_idx  461] Забайкальск (Экспорт КЖД [Китай]) | тип=БКТ | ЕТСНГ=018038 | period=10 | mass_unload=false | осталось 2 из 2 ваг.
    ПРИЧИНА: все Load-спросы уже закрыты (Load-дуг 166, Wash-дуг 0; везде rem_demand=0).
  [s_idx  462] Мурманские Ворота | тип=Т | ЕТСНГ=011005 | period=10 | mass_unload=false | осталось 2 из 2 ваг.
    ПРИЧИНА: все Load-спросы уже закрыты (Load-дуг 164, Wash-дуг 0; везде rem_demand=0).
  [s_idx  463] Тула 1-Курская | тип=БКТ | ЕТСНГ=421195 | period=10 | mass_unload=false | осталось 3 из 3 ваг.
    ПРИЧИНА: все Load-спросы уже закрыты (Load-дуг 165, Wash-дуг 0; везде rem_demand=0).
  [s_idx  464] Коротыш | тип=Т | ЕТСНГ=421034 | period=10 | mass_unload=false | осталось 1 из 1 ваг.
    ПРИЧИНА: все Load-спросы уже закрыты (Load-дуг 162, Wash-дуг 0; везде rem_demand=0).
  [s_idx  465] Круглое Поле | тип=БКТ | ЕТСНГ=018112 | period=10 | mass_unload=false | осталось 1 из 1 ваг.
    ПРИЧИНА: все Load-спросы уже закрыты (Load-дуг 168, Wash-дуг 0; везде rem_demand=0).
  [s_idx  466] Витебск | тип=Т | ЕТСНГ=018019 | period=10 | mass_unload=false | осталось 2 из 2 ваг.
    ПРИЧИНА: все Load-спросы уже закрыты (Load-дуг 161, Wash-дуг 0; везде rem_demand=0).
  [s_idx  468] Ефремов | тип=Т | ЕТСНГ=421034 | period=10 | mass_unload=false | осталось 2 из 2 ваг.
    ПРИЧИНА: все Load-спросы уже закрыты (Load-дуг 163, Wash-дуг 0; везде rem_demand=0).
  [s_idx  469] Климовичи | тип=Т | ЕТСНГ=542224 | period=10 | mass_unload=false | осталось 1 из 1 ваг.
    ПРИЧИНА: все Load-спросы уже закрыты (Load-дуг 167, Wash-дуг 0; везде rem_demand=0).
  [s_idx  470] Сморгонь | тип=БКТ | ЕТСНГ=542239 | period=10 | mass_unload=false | осталось 2 из 2 ваг.
    ПРИЧИНА: все Load-спросы уже закрыты (Load-дуг 166, Wash-дуг 0; везде rem_demand=0).
  [s_idx  471] Новый Порт | тип=БКТ | ЕТСНГ=021083 | period=10 | mass_unload=false | осталось 1 из 1 ваг.
    ПРИЧИНА: все Load-спросы уже закрыты (Load-дуг 160, Wash-дуг 0; везде rem_demand=0).
  [s_idx  476] ЛИЕПАЯ- (ЭКСП.) | тип=БК | ЕТСНГ=542101 | period=10 | mass_unload=false | осталось 1 из 1 ваг.
    ПРИЧИНА: все Load-спросы уже закрыты (Load-дуг 167, Wash-дуг 0; везде rem_demand=0).
  [s_idx  477] Пуховичи | тип=БКТ | ЕТСНГ=542239 | period=10 | mass_unload=false | осталось 1 из 1 ваг.
    ПРИЧИНА: все Load-спросы уже закрыты (Load-дуг 165, Wash-дуг 0; везде rem_demand=0).
  [s_idx  479] БРЕСТ-ЦЕНТР (ЭКСП.) | тип=БКТ | ЕТСНГ=542101 | period=10 | mass_unload=false | осталось 1 из 1 ваг.
    ПРИЧИНА: все Load-спросы уже закрыты (Load-дуг 15, Wash-дуг 0; везде rem_demand=0).
  [s_idx  480] ЗИЕМЕЛЬБЛАЗМА (ЭКСП.) | тип=Т | ЕТСНГ=542239 | period=10 | mass_unload=true | осталось 2 из 2 ваг.
    ПРИЧИНА: все Load-спросы уже закрыты (Load-дуг 167, Wash-дуг 0; везде rem_demand=0).
  [s_idx  482] ЗИЕМЕЛЬБЛАЗМА (ЭКСП.) | тип=Т | ЕТСНГ=011005 | period=10 | mass_unload=true | осталось 2 из 2 ваг.
    ПРИЧИНА: все Load-спросы уже закрыты (Load-дуг 167, Wash-дуг 0; везде rem_demand=0).
  [s_idx  483] ЛИЕПАЯ- (ЭКСП.) | тип=Т | ЕТСНГ=011005 | period=10 | mass_unload=false | осталось 2 из 2 ваг.
    ПРИЧИНА: все Load-спросы уже закрыты (Load-дуг 167, Wash-дуг 0; везде rem_demand=0).
  [s_idx  484] Товарково | тип=БКТ | ЕТСНГ=421034 | period=10 | mass_unload=false | осталось 1 из 1 ваг.
    ПРИЧИНА: все Load-спросы уже закрыты (Load-дуг 166, Wash-дуг 0; везде rem_demand=0).
  [s_idx  485] Плавск | тип=БКТ | ЕТСНГ=421034 | period=10 | mass_unload=false | осталось 1 из 1 ваг.
    ПРИЧИНА: все Load-спросы уже закрыты (Load-дуг 164, Wash-дуг 0; везде rem_demand=0).
  [s_idx  486] Коротыш | тип=БКТ | ЕТСНГ=421034 | period=10 | mass_unload=false | осталось 1 из 1 ваг.
    ПРИЧИНА: все Load-спросы уже закрыты (Load-дуг 163, Wash-дуг 0; везде rem_demand=0).
  [s_idx  490] Сморгонь | тип=Т | ЕТСНГ=542239 | period=10 | mass_unload=false | осталось 1 из 1 ваг.
    ПРИЧИНА: все Load-спросы уже закрыты (Load-дуг 165, Wash-дуг 0; везде rem_demand=0).
  [s_idx  491] Автово (Экспорт) | тип=Т | ЕТСНГ=434034 | period=10 | mass_unload=false | осталось 1 из 1 ваг.
    ПРИЧИНА: все Load-спросы уже закрыты (Load-дуг 163, Wash-дуг 0; везде rem_demand=0).
  [s_idx  492] Жилево | тип=БК | ЕТСНГ=011005 | period=10 | mass_unload=false | осталось 1 из 1 ваг.
    ПРИЧИНА: все Load-спросы уже закрыты (Load-дуг 164, Wash-дуг 0; везде rem_demand=0).
  [s_idx  496] Дунайка | тип=БКТ | ЕТСНГ=011005 | period=10 | mass_unload=false | осталось 1 из 1 ваг.
    ПРИЧИНА: все Load-спросы уже закрыты (Load-дуг 168, Wash-дуг 0; везде rem_demand=0).
  [s_idx  497] ЗИЕМЕЛЬБЛАЗМА (ЭКСП.) | тип=БК | ЕТСНГ=011005 | period=10 | mass_unload=true | осталось 1 из 1 ваг.
    ПРИЧИНА: все Load-спросы уже закрыты (Load-дуг 167, Wash-дуг 0; везде rem_demand=0).
  [s_idx  498] Алексеевская | тип=БК | ЕТСНГ=014003 | period=10 | mass_unload=false | осталось 1 из 1 ваг.
    ПРИЧИНА: все Load-спросы уже закрыты (Load-дуг 167, Wash-дуг 0; везде rem_demand=0).
  [s_idx  499] Верховье | тип=БК | ЕТСНГ=421034 | period=10 | mass_unload=false | осталось 1 из 1 ваг.
    ПРИЧИНА: все Load-спросы уже закрыты (Load-дуг 166, Wash-дуг 0; везде rem_demand=0).
  [s_idx  500] Городея | тип=БКТ | ЕТСНГ=542239 | period=10 | mass_unload=false | осталось 1 из 1 ваг.
    ПРИЧИНА: все Load-спросы уже закрыты (Load-дуг 167, Wash-дуг 0; везде rem_demand=0).

  СВОДКА ПО ПРИЧИНАМ:
    нет допустимых дуг                  узлов:   9, вагонов:   41
    все Load-адресаты закрыты           узлов: 209, вагонов: 1812
---------------------------------
MIP нашёл глобальный оптимум (gap=0.0000%) — фаза ALNS пропущена.
Записей в отчёте (Excel):    778 (649 оптим. + 101 по факту + 28 в ремонт) / 4044 вагонов
  → в POST АПИ (период 1):   432 записей / 1803 вагонов
  → исключено (предл. 10, дислокация): 346 записей / 2241 вагонов
Чекпоинт сохранён:           tmp/checkpoint_2026-05-04_17-32-21.xlsx
Назначения отправлены в АПИ: OK

======= РЕЗУЛЬТАТЫ ОПТИМИЗАЦИИ =======
Статус решателя:      MIP Optimal (gap=0.000%)
Назначено вагонов:    1954
Избыток предложения:  1853 ваг. (dummy-спрос)
  остаток по периодам предложения: p1=17 p10=1836 прочие=0
Суммарная стоимость:  334301871 руб.
======================================

Результат сохранён:          tmp/result_20260504_173223.json
[SUCCESS] railoptim завершил работу успешно.
[Пн 04 мая 2026 18:19:33 MSK] Запуск: /home/atretyakov/railoptim/target/release/railoptim (env=dev, MIP_WARM_START=on)
Получено узлов спроса (погрузка): 168 или 1590 вагонов
Получено узлов предложения 1 сут.:  288 или 1803 вагонов
  узлов дислокации (2-10 сут., период 10): 341 или 2241 вагонов
Получено узлов предложения всего:  629 или 4044 вагонов
  свободных для назначения:  509 или 3807 вагонов
  требуют ремонта (В ремонт):28 или 42 вагонов
  по факту (Assigned):       92 или 195 вагонов
Дороги без промывки (NoCleaningRoads): 8
Узлов спроса (промывка):     36 или мощность в период 5 суток 2795 вагонов
  предложений с ЕТСНГ из списка промывки: 365 вагонов (освобождены по NoCleaningRoads: 353; из них есть узел погрузки с тем же ЕТСНГ на любой станции — альтернатива промывке по спросу: 343 вагонов)
Получено тарифов:            21530
Загружено ремонтных станций: 102
Тарифов до ремонтных ст.:    1932
Тарифов до промывки (с надбавкой 10000+40000=50000 руб.): 1802
Всего пар supply×demand:     103836
  без тарифа:                        16867 (16.2%)
  нарушение срока (жёстко):          0 (0.0%)
  несовм. тип вагона:                210 (0.2%)
  грязный вагон → чужой ЕТСНГ:       18887 (18.2%)
  допустимых дуг со штрафом за срок:   43022 (41.4%)
  допустимых дуг всего в LP:      67872 (65.4%)
--- АНАЛИЗ РЕСУРСОВ ---
Предложение: 3807 ваг.
Спрос (погрузка): 1590 ваг.
Ёмкость промывки (верх): 2795 ваг.
Статус: ПРОФИЦИТ к погрузке (+2217 ваг.)
-----------------------
--- ЖАДНОЕ РЕШЕНИЕ ---
Назначений:            505 шт.
Назначено вагонов:     1915 / 1590 спрос (погрузка), 3807 предложение
Суммарная стоимость:   116876596.49 руб.
Неудовлетворён спрос:  0 ваг.
Избыток предложения:   1892 ваг.
Покрытие спроса (погр.): 120.4%
----------------------
MIP warm-start: ON (greedy) (управляется env MIP_WARM_START={on|off}, по умолч. on)
--- MIP РЕШЕНИЕ ---
Статус:                MIP Optimal (gap=0.000%)
Назначено вагонов:     1590 / 1590 спрос (погрузка), 3807 предложение
Суммарная стоимость:   68990740.78 руб.
Неудовлетворён спрос:  -0 ваг.
Избыток предложения:   2217 ваг.
Покрытие спроса (погр.): 100.0%
-------------------
MIP время: 3.76 сек (warm-start: ON)
MIP диагностика: status=Optimal, gap=0.0004%, undist=2217 (unmet=0, excess=2217), real_cost=68990740.78
MIP vs greedy:   greedy undist=1892 (unmet=0, excess=1892), real_cost=116876596.49  →  Δundist=+325, Δcost=-47885855.71
  ВНИМАНИЕ: MIP хуже greedy по числу нераспределённых вагонов. Возможные причины:
           (а) санитизация warm-start сняла вагоны с пар (0 < sum < MIN_BATCH),
           (б) PENALTY_UNMET ниже стоимости единственно допустимых плеч,
           (в) HiGHS остановился по rel_gap до полного перераспределения.
--- ДИАГНОСТИКА EXCESS SUPPLY (2217 ваг. в 272 узлах) ---
  [s_idx    1] Сиазань | тип=БКТ | ЕТСНГ=011005 | period=1 | mass_unload=false | осталось 1 из 3 ваг.
    ПРИЧИНА: все Load-спросы уже закрыты (Load-дуг 162, Wash-дуг 0; везде rem_demand=0).
  [s_idx    2] Гянджа | тип=БКТ | ЕТСНГ=011005 | period=1 | mass_unload=false | осталось 2 из 5 ваг.
    ПРИЧИНА: все Load-спросы уже закрыты (Load-дуг 161, Wash-дуг 0; везде rem_demand=0).
  [s_idx    4] Гянджа | тип=Т | ЕТСНГ=011005 | period=1 | mass_unload=false | осталось 5 из 5 ваг.
    ПРИЧИНА: все Load-спросы уже закрыты (Load-дуг 161, Wash-дуг 0; везде rem_demand=0).
  [s_idx    5] Лило | тип=БКТ | ЕТСНГ=011005 | period=1 | mass_unload=false | осталось 5 из 5 ваг.
    ПРИЧИНА: все Load-спросы уже закрыты (Load-дуг 143, Wash-дуг 0; везде rem_demand=0).
  [s_idx   13] Алтынтау | тип=БКТ | ЕТСНГ=421034 | period=1 | mass_unload=false | осталось 4 из 4 ваг.
    ПРИЧИНА: нет ни одной допустимой дуги (нет тарифа, несовм. тип вагона или грязный груз).
  [s_idx   27] Алтынтау | тип=БК | ЕТСНГ=421034 | period=1 | mass_unload=false | осталось 8 из 8 ваг.
    ПРИЧИНА: нет ни одной допустимой дуги (нет тарифа, несовм. тип вагона или грязный груз).
  [s_idx   28] Алтынтау | тип=Прочие | ЕТСНГ=421034 | period=1 | mass_unload=false | осталось 2 из 2 ваг.
    ПРИЧИНА: нет ни одной допустимой дуги (нет тарифа, несовм. тип вагона или грязный груз).
  [s_idx   52] Алтынтау | тип=Т | ЕТСНГ=421034 | period=1 | mass_unload=false | осталось 3 из 3 ваг.
    ПРИЧИНА: нет ни одной допустимой дуги (нет тарифа, несовм. тип вагона или грязный груз).
  [s_idx   55] Аламедин | тип=Т | ЕТСНГ=011005 | period=1 | mass_unload=false | осталось 2 из 2 ваг.
    ПРИЧИНА: все Load-спросы уже закрыты (Load-дуг 166, Wash-дуг 0; везде rem_demand=0).
  [s_idx   56] Аламедин | тип=БКТ | ЕТСНГ=011005 | period=1 | mass_unload=false | осталось 7 из 7 ваг.
    ПРИЧИНА: все Load-спросы уже закрыты (Load-дуг 167, Wash-дуг 0; везде rem_demand=0).
  [s_idx   58] Беловодская | тип=БК | ЕТСНГ=— | period=1 | mass_unload=false | осталось 10 из 10 ваг.
    ПРИЧИНА: все Load-спросы уже закрыты (Load-дуг 166, Wash-дуг 0; везде rem_demand=0).
  [s_idx   59] Аламедин | тип=БК | ЕТСНГ=011005 | period=1 | mass_unload=false | осталось 7 из 7 ваг.
    ПРИЧИНА: все Load-спросы уже закрыты (Load-дуг 166, Wash-дуг 0; везде rem_demand=0).
  [s_idx   60] Беловодская | тип=БКТ | ЕТСНГ=— | period=1 | mass_unload=false | осталось 7 из 10 ваг.
    ПРИЧИНА: все Load-спросы уже закрыты (Load-дуг 167, Wash-дуг 0; везде rem_demand=0).
  [s_idx   70] Беловодская | тип=Прочие | ЕТСНГ=— | period=1 | mass_unload=false | осталось 1 из 7 ваг.
    ПРИЧИНА: все Load-спросы уже закрыты (Load-дуг 166, Wash-дуг 0; везде rem_demand=0).
  [s_idx   71] Беловодская | тип=Т | ЕТСНГ=— | period=1 | mass_unload=false | осталось 5 из 5 ваг.
    ПРИЧИНА: все Load-спросы уже закрыты (Load-дуг 166, Wash-дуг 0; везде rem_demand=0).
  [s_idx   73] Аламедин | тип=Прочие | ЕТСНГ=011005 | period=1 | mass_unload=false | осталось 2 из 2 ваг.
    ПРИЧИНА: все Load-спросы уже закрыты (Load-дуг 166, Wash-дуг 0; везде rem_demand=0).
  [s_idx   75] Зиемельблазма (Экспорт) | тип=Т | ЕТСНГ=011005 | period=1 | mass_unload=true | осталось 6 из 6 ваг.
    ПРИЧИНА: все Load-спросы уже закрыты (Load-дуг 167, Wash-дуг 0; везде rem_demand=0).
  [s_idx   76] Зиемельблазма (Экспорт) | тип=БК | ЕТСНГ=011005 | period=1 | mass_unload=true | осталось 2 из 4 ваг.
    ПРИЧИНА: все Load-спросы уже закрыты (Load-дуг 167, Wash-дуг 0; везде rem_demand=0).
  [s_idx   78] Зиемельблазма (Экспорт) | тип=БК | ЕТСНГ=542239 | period=1 | mass_unload=true | осталось 7 из 7 ваг.
    ПРИЧИНА: все Load-спросы уже закрыты (Load-дуг 167, Wash-дуг 0; везде rem_demand=0).
  [s_idx   80] Зиемельблазма (Экспорт) | тип=Т | ЕТСНГ=542239 | period=1 | mass_unload=true | осталось 2 из 2 ваг.
    ПРИЧИНА: все Load-спросы уже закрыты (Load-дуг 167, Wash-дуг 0; везде rem_demand=0).
  [s_idx   84] Металлист | тип=Прочие | ЕТСНГ=— | period=1 | mass_unload=false | осталось 1 из 1 ваг.
    ПРИЧИНА: доступны только Wash-дуги (36 шт., мин. стоимость 59116 руб./ваг.). В модели Wash не имеет штрафа за незаполнение,
             а excess_supply бесплатный — отправка только увеличила бы obj, MIP корректно оставил вагоны в остатке.
  [s_idx   89] Татарская | тип=БКТ | ЕТСНГ=421195 | period=1 | mass_unload=false | осталось 1 из 1 ваг.
    ПРИЧИНА: доступны только Wash-дуги (36 шт., мин. стоимость 50118 руб./ваг.). В модели Wash не имеет штрафа за незаполнение,
             а excess_supply бесплатный — отправка только увеличила бы obj, MIP корректно оставил вагоны в остатке.
  [s_idx  112] Новый Порт (Экспорт) | тип=БКТ | ЕТСНГ=021079 | period=1 | mass_unload=false | осталось 4 из 14 ваг.
    ПРИЧИНА: все Load-спросы уже закрыты (Load-дуг 168, Wash-дуг 0; везде rem_demand=0).
  [s_idx  114] Новый Порт (Экспорт) | тип=Т | ЕТСНГ=021079 | period=1 | mass_unload=false | осталось 12 из 13 ваг.
    ПРИЧИНА: все Load-спросы уже закрыты (Load-дуг 167, Wash-дуг 0; везде rem_demand=0).
  [s_idx  115] Новый Порт | тип=БКТ | ЕТСНГ=021083 | period=1 | mass_unload=false | осталось 2 из 2 ваг.
    ПРИЧИНА: все Load-спросы уже закрыты (Load-дуг 160, Wash-дуг 0; везде rem_demand=0).
  [s_idx  116] Новый Порт | тип=Т | ЕТСНГ=021083 | period=1 | mass_unload=false | осталось 3 из 3 ваг.
    ПРИЧИНА: все Load-спросы уже закрыты (Load-дуг 159, Wash-дуг 0; везде rem_demand=0).
  [s_idx  117] Подберезье | тип=Прочие | ЕТСНГ=542239 | period=1 | mass_unload=false | осталось 3 из 3 ваг.
    ПРИЧИНА: доступны только Wash-дуги (36 шт., мин. стоимость 56689 руб./ваг.). В модели Wash не имеет штрафа за незаполнение,
             а excess_supply бесплатный — отправка только увеличила бы obj, MIP корректно оставил вагоны в остатке.
  [s_idx  118] Подберезье | тип=БК | ЕТСНГ=542239 | period=1 | mass_unload=false | осталось 1 из 1 ваг.
    ПРИЧИНА: доступны только Wash-дуги (36 шт., мин. стоимость 56689 руб./ваг.). В модели Wash не имеет штрафа за незаполнение,
             а excess_supply бесплатный — отправка только увеличила бы obj, MIP корректно оставил вагоны в остатке.
  [s_idx  119] Толмачево | тип=БК | ЕТСНГ=542239 | period=1 | mass_unload=false | осталось 2 из 2 ваг.
    ПРИЧИНА: доступны только Wash-дуги (36 шт., мин. стоимость 56828 руб./ваг.). В модели Wash не имеет штрафа за незаполнение,
             а excess_supply бесплатный — отправка только увеличила бы obj, MIP корректно оставил вагоны в остатке.
  [s_idx  120] Толмачево | тип=Прочие | ЕТСНГ=542239 | period=1 | mass_unload=false | осталось 1 из 1 ваг.
    ПРИЧИНА: доступны только Wash-дуги (36 шт., мин. стоимость 56828 руб./ваг.). В модели Wash не имеет штрафа за незаполнение,
             а excess_supply бесплатный — отправка только увеличила бы obj, MIP корректно оставил вагоны в остатке.
  [s_idx  122] Лечебный | тип=БК | ЕТСНГ=— | period=1 | mass_unload=false | осталось 2 из 2 ваг.
    ПРИЧИНА: доступны только Wash-дуги (36 шт., мин. стоимость 50669 руб./ваг.). В модели Wash не имеет штрафа за незаполнение,
             а excess_supply бесплатный — отправка только увеличила бы obj, MIP корректно оставил вагоны в остатке.
  [s_idx  123] Богандинская | тип=БКТ | ЕТСНГ=— | period=1 | mass_unload=false | осталось 1 из 1 ваг.
    ПРИЧИНА: доступны только Wash-дуги (36 шт., мин. стоимость 70388 руб./ваг.). В модели Wash не имеет штрафа за незаполнение,
             а excess_supply бесплатный — отправка только увеличила бы obj, MIP корректно оставил вагоны в остатке.
  [s_idx  124] Лечебный | тип=Прочие | ЕТСНГ=— | period=1 | mass_unload=false | осталось 1 из 1 ваг.
    ПРИЧИНА: доступны только Wash-дуги (36 шт., мин. стоимость 50669 руб./ваг.). В модели Wash не имеет штрафа за незаполнение,
             а excess_supply бесплатный — отправка только увеличила бы obj, MIP корректно оставил вагоны в остатке.
  [s_idx  126] Галич | тип=Прочие | ЕТСНГ=— | period=1 | mass_unload=false | осталось 1 из 1 ваг.
    ПРИЧИНА: доступны только Wash-дуги (36 шт., мин. стоимость 64208 руб./ваг.). В модели Wash не имеет штрафа за незаполнение,
             а excess_supply бесплатный — отправка только увеличила бы obj, MIP корректно оставил вагоны в остатке.
  [s_idx  130] Шуя | тип=БКТ | ЕТСНГ=542101 | period=1 | mass_unload=false | осталось 1 из 1 ваг.
    ПРИЧИНА: доступны только Wash-дуги (36 шт., мин. стоимость 51702 руб./ваг.). В модели Wash не имеет штрафа за незаполнение,
             а excess_supply бесплатный — отправка только увеличила бы obj, MIP корректно оставил вагоны в остатке.
  [s_idx  134] Ейск (Экспорт) | тип=Прочие | ЕТСНГ=542239 | period=1 | mass_unload=false | осталось 11 из 11 ваг.
    ПРИЧИНА: доступны только Wash-дуги (36 шт., мин. стоимость 58802 руб./ваг.). В модели Wash не имеет штрафа за незаполнение,
             а excess_supply бесплатный — отправка только увеличила бы obj, MIP корректно оставил вагоны в остатке.
  [s_idx  135] Ейск (Экспорт) | тип=БК | ЕТСНГ=542239 | period=1 | mass_unload=false | осталось 14 из 14 ваг.
    ПРИЧИНА: доступны только Wash-дуги (36 шт., мин. стоимость 58802 руб./ваг.). В модели Wash не имеет штрафа за незаполнение,
             а excess_supply бесплатный — отправка только увеличила бы obj, MIP корректно оставил вагоны в остатке.
  [s_idx  136] Ейск (Экспорт) | тип=БКТ | ЕТСНГ=542239 | period=1 | mass_unload=false | осталось 9 из 9 ваг.
    ПРИЧИНА: доступны только Wash-дуги (36 шт., мин. стоимость 58802 руб./ваг.). В модели Wash не имеет штрафа за незаполнение,
             а excess_supply бесплатный — отправка только увеличила бы obj, MIP корректно оставил вагоны в остатке.
  [s_idx  143] Азов | тип=Т | ЕТСНГ=505028 | period=1 | mass_unload=false | осталось 1 из 1 ваг.
    ПРИЧИНА: доступны только Wash-дуги (36 шт., мин. стоимость 59774 руб./ваг.). В модели Wash не имеет штрафа за незаполнение,
             а excess_supply бесплатный — отправка только увеличила бы obj, MIP корректно оставил вагоны в остатке.
  [s_idx  144] Азов | тип=БК | ЕТСНГ=505028 | period=1 | mass_unload=false | осталось 1 из 1 ваг.
    ПРИЧИНА: доступны только Wash-дуги (36 шт., мин. стоимость 59774 руб./ваг.). В модели Wash не имеет штрафа за незаполнение,
             а excess_supply бесплатный — отправка только увеличила бы obj, MIP корректно оставил вагоны в остатке.
  [s_idx  155] Ейск | тип=БКТ | ЕТСНГ=505032 | period=1 | mass_unload=false | осталось 1 из 1 ваг.
    ПРИЧИНА: доступны только Wash-дуги (36 шт., мин. стоимость 59154 руб./ваг.). В модели Wash не имеет штрафа за незаполнение,
             а excess_supply бесплатный — отправка только увеличила бы obj, MIP корректно оставил вагоны в остатке.
  [s_idx  160] Ейск | тип=БКТ | ЕТСНГ=542239 | period=1 | mass_unload=false | осталось 3 из 3 ваг.
    ПРИЧИНА: доступны только Wash-дуги (36 шт., мин. стоимость 59154 руб./ваг.). В модели Wash не имеет штрафа за незаполнение,
             а excess_supply бесплатный — отправка только увеличила бы obj, MIP корректно оставил вагоны в остатке.
  [s_idx  162] Ейск (Экспорт) | тип=Т | ЕТСНГ=542239 | period=1 | mass_unload=false | осталось 2 из 2 ваг.
    ПРИЧИНА: доступны только Wash-дуги (36 шт., мин. стоимость 58802 руб./ваг.). В модели Wash не имеет штрафа за незаполнение,
             а excess_supply бесплатный — отправка только увеличила бы obj, MIP корректно оставил вагоны в остатке.
  [s_idx  163] Ейск | тип=БК | ЕТСНГ=542239 | period=1 | mass_unload=false | осталось 1 из 1 ваг.
    ПРИЧИНА: доступны только Wash-дуги (36 шт., мин. стоимость 59154 руб./ваг.). В модели Wash не имеет штрафа за незаполнение,
             а excess_supply бесплатный — отправка только увеличила бы obj, MIP корректно оставил вагоны в остатке.
  [s_idx  175] Куйбас | тип=БКТ | ЕТСНГ=— | period=1 | mass_unload=false | осталось 1 из 1 ваг.
    ПРИЧИНА: доступны только Wash-дуги (36 шт., мин. стоимость 68876 руб./ваг.). В модели Wash не имеет штрафа за незаполнение,
             а excess_supply бесплатный — отправка только увеличила бы obj, MIP корректно оставил вагоны в остатке.
  [s_idx  189] Новороссийск (Экспорт) | тип=— | ЕТСНГ=— | period=1 | mass_unload=true | осталось 367 из 728 ваг.
    ПРИЧИНА: все Load-спросы уже закрыты (Load-дуг 167, Wash-дуг 0; везде rem_demand=0).
  [s_idx  191] Владивосток (Экспорт) | тип=Т | ЕТСНГ=014003 | period=10 | mass_unload=false | осталось 19 из 19 ваг.
    ПРИЧИНА: все Load-спросы уже закрыты (Load-дуг 167, Wash-дуг 0; везде rem_demand=0).
  [s_idx  192] ВЕНТСПИЛС (ЭКСП.) | тип=БКТ | ЕТСНГ=021083 | period=10 | mass_unload=false | осталось 26 из 26 ваг.
    ПРИЧИНА: все Load-спросы уже закрыты (Load-дуг 167, Wash-дуг 0; везде rem_demand=0).
  [s_idx  193] Парнас | тип=БК | ЕТСНГ=018112 | period=10 | mass_unload=false | осталось 6 из 6 ваг.
    ПРИЧИНА: все Load-спросы уже закрыты (Load-дуг 167, Wash-дуг 0; везде rem_demand=0).
  [s_idx  194] Невдубстрой | тип=БК | ЕТСНГ=011005 | period=10 | mass_unload=true | осталось 26 из 26 ваг.
    ПРИЧИНА: все Load-спросы уже закрыты (Load-дуг 167, Wash-дуг 0; везде rem_demand=0).
  [s_idx  196] Высоцк (Экспорт) | тип=БКТ | ЕТСНГ=011005 | period=10 | mass_unload=false | осталось 66 из 66 ваг.
    ПРИЧИНА: все Load-спросы уже закрыты (Load-дуг 168, Wash-дуг 0; везде rem_demand=0).
  [s_idx  197] Порт Оля (Экспорт) | тип=БКТ | ЕТСНГ=021100 | period=10 | mass_unload=false | осталось 37 из 37 ваг.
    ПРИЧИНА: все Load-спросы уже закрыты (Load-дуг 168, Wash-дуг 0; везде rem_demand=0).
  [s_idx  198] Невдубстрой | тип=БК | ЕТСНГ=021100 | period=10 | mass_unload=true | осталось 4 из 4 ваг.
    ПРИЧИНА: все Load-спросы уже закрыты (Load-дуг 167, Wash-дуг 0; везде rem_demand=0).
  [s_idx  199] Высоцк (Экспорт) | тип=Т | ЕТСНГ=011005 | period=10 | mass_unload=false | осталось 24 из 24 ваг.
    ПРИЧИНА: все Load-спросы уже закрыты (Load-дуг 167, Wash-дуг 0; везде rem_demand=0).
  [s_idx  200] Забайкальск (Экспорт КЖД [Китай]) | тип=БКТ | ЕТСНГ=018019 | period=10 | mass_unload=false | осталось 3 из 3 ваг.
    ПРИЧИНА: все Load-спросы уже закрыты (Load-дуг 166, Wash-дуг 0; везде rem_demand=0).
  [s_idx  201] Слуцк | тип=БК | ЕТСНГ=542224 | period=10 | mass_unload=false | осталось 1 из 1 ваг.
    ПРИЧИНА: все Load-спросы уже закрыты (Load-дуг 166, Wash-дуг 0; везде rem_demand=0).
  [s_idx  203] Невдубстрой | тип=Т | ЕТСНГ=015006 | period=10 | mass_unload=true | осталось 4 из 4 ваг.
    ПРИЧИНА: все Load-спросы уже закрыты (Load-дуг 167, Wash-дуг 0; везде rem_demand=0).
  [s_idx  204] Забайкальск (Экспорт КЖД [Китай]) | тип=БКТ | ЕТСНГ=014003 | period=10 | mass_unload=false | осталось 13 из 13 ваг.
    ПРИЧИНА: все Load-спросы уже закрыты (Load-дуг 166, Wash-дуг 0; везде rem_demand=0).
  [s_idx  205] ЗИЕМЕЛЬБЛАЗМА (ЭКСП.) | тип=БКТ | ЕТСНГ=542239 | period=10 | mass_unload=true | осталось 20 из 20 ваг.
    ПРИЧИНА: все Load-спросы уже закрыты (Load-дуг 168, Wash-дуг 0; везде rem_demand=0).
  [s_idx  206] ЗИЕМЕЛЬБЛАЗМА (ЭКСП.) | тип=БК | ЕТСНГ=542239 | period=10 | mass_unload=true | осталось 17 из 17 ваг.
    ПРИЧИНА: все Load-спросы уже закрыты (Load-дуг 167, Wash-дуг 0; везде rem_demand=0).
  [s_idx  208] ЛИЕПАЯ- (ЭКСП.) | тип=БКТ | ЕТСНГ=021079 | period=10 | mass_unload=false | осталось 5 из 5 ваг.
    ПРИЧИНА: все Load-спросы уже закрыты (Load-дуг 168, Wash-дуг 0; везде rem_demand=0).
  [s_idx  209] Металлист | тип=БКТ | ЕТСНГ=— | period=10 | mass_unload=false | осталось 9 из 9 ваг.
    ПРИЧИНА: доступны только Wash-дуги (36 шт., мин. стоимость 149116 руб./ваг.). В модели Wash не имеет штрафа за незаполнение,
             а excess_supply бесплатный — отправка только увеличила бы obj, MIP корректно оставил вагоны в остатке.
  [s_idx  210] Жердевка | тип=БКТ | ЕТСНГ=542239 | period=10 | mass_unload=false | осталось 6 из 6 ваг.
    ПРИЧИНА: доступны только Wash-дуги (36 шт., мин. стоимость 148802 руб./ваг.). В модели Wash не имеет штрафа за незаполнение,
             а excess_supply бесплатный — отправка только увеличила бы obj, MIP корректно оставил вагоны в остатке.
  [s_idx  211] Парнас | тип=БК | ЕТСНГ=014003 | period=10 | mass_unload=false | осталось 5 из 5 ваг.
    ПРИЧИНА: все Load-спросы уже закрыты (Load-дуг 167, Wash-дуг 0; везде rem_demand=0).
  [s_idx  212] Витебск | тип=БКТ | ЕТСНГ=021079 | period=10 | mass_unload=false | осталось 5 из 5 ваг.
    ПРИЧИНА: все Load-спросы уже закрыты (Load-дуг 162, Wash-дуг 0; везде rem_demand=0).
  [s_idx  213] Порт Оля | тип=БК | ЕТСНГ=— | period=10 | mass_unload=false | осталось 8 из 8 ваг.
    ПРИЧИНА: все Load-спросы уже закрыты (Load-дуг 166, Wash-дуг 0; везде rem_demand=0).
  [s_idx  214] Блюхер (Экспорт) | тип=БКТ | ЕТСНГ=011005 | period=10 | mass_unload=false | осталось 13 из 24 ваг.
    ПРИЧИНА: все Load-спросы уже закрыты (Load-дуг 162, Wash-дуг 0; везде rem_demand=0).
  [s_idx  215] Правый Берег | тип=БК | ЕТСНГ=014003 | period=10 | mass_unload=true | осталось 5 из 10 ваг.
    ПРИЧИНА: все Load-спросы уже закрыты (Load-дуг 165, Wash-дуг 0; везде rem_demand=0).
  [s_idx  216] Порт Оля (Экспорт) | тип=БК | ЕТСНГ=021100 | period=10 | mass_unload=false | осталось 15 из 15 ваг.
    ПРИЧИНА: все Load-спросы уже закрыты (Load-дуг 167, Wash-дуг 0; везде rem_demand=0).
  [s_idx  217] Правый Берег | тип=БКТ | ЕТСНГ=— | period=10 | mass_unload=true | осталось 4 из 29 ваг.
    ПРИЧИНА: все Load-спросы уже закрыты (Load-дуг 166, Wash-дуг 0; везде rem_demand=0).
  [s_idx  218] Автово (Экспорт) | тип=БКТ | ЕТСНГ=434034 | period=10 | mass_unload=false | осталось 1 из 1 ваг.
    ПРИЧИНА: все Load-спросы уже закрыты (Load-дуг 164, Wash-дуг 0; везде rem_demand=0).
  [s_idx  219] Лужская (Экспорт) | тип=БКТ | ЕТСНГ=011005 | period=10 | mass_unload=false | осталось 34 из 34 ваг.
    ПРИЧИНА: все Load-спросы уже закрыты (Load-дуг 164, Wash-дуг 0; везде rem_demand=0).
  [s_idx  220] Зуй | тип=Т | ЕТСНГ=421034 | period=10 | mass_unload=false | осталось 7 из 7 ваг.
    ПРИЧИНА: нет ни одной допустимой дуги (нет тарифа, несовм. тип вагона или грязный груз).
  [s_idx  221] Лужская (Экспорт) | тип=Т | ЕТСНГ=011005 | period=10 | mass_unload=false | осталось 16 из 16 ваг.
    ПРИЧИНА: все Load-спросы уже закрыты (Load-дуг 164, Wash-дуг 0; везде rem_demand=0).
  [s_idx  222] Забайкальск (Экспорт КЖД [Китай]) | тип=Т | ЕТСНГ=014003 | period=10 | mass_unload=false | осталось 12 из 12 ваг.
    ПРИЧИНА: все Load-спросы уже закрыты (Load-дуг 165, Wash-дуг 0; везде rem_demand=0).
  [s_idx  223] Наушки (эксп. АО «УБЖД»: участок Улаанбаатар (вкл.) и далее) | тип=БКТ | ЕТСНГ=011005 | period=10 | mass_unload=false | осталось 23 из 23 ваг.
    ПРИЧИНА: все Load-спросы уже закрыты (Load-дуг 167, Wash-дуг 0; везде rem_demand=0).
  [s_idx  224] Мальта | тип=Т | ЕТСНГ=— | period=10 | mass_unload=false | осталось 8 из 8 ваг.
    ПРИЧИНА: все Load-спросы уже закрыты (Load-дуг 167, Wash-дуг 0; везде rem_demand=0).
  [s_idx  225] Наушки (эксп. АО «УБЖД»: участок Улаанбаатар (вкл.) и далее) | тип=БК | ЕТСНГ=011005 | period=10 | mass_unload=false | осталось 10 из 10 ваг.
    ПРИЧИНА: все Load-спросы уже закрыты (Load-дуг 166, Wash-дуг 0; везде rem_demand=0).
  [s_idx  226] Ожерелье | тип=БКТ | ЕТСНГ=542224 | period=10 | mass_unload=false | осталось 16 из 16 ваг.
    ПРИЧИНА: доступны только Wash-дуги (36 шт., мин. стоимость 116022 руб./ваг.). В модели Wash не имеет штрафа за незаполнение,
             а excess_supply бесплатный — отправка только увеличила бы obj, MIP корректно оставил вагоны в остатке.
  [s_idx  227] Правый Берег | тип=Т | ЕТСНГ=542224 | period=10 | mass_unload=true | осталось 9 из 9 ваг.
    ПРИЧИНА: доступны только Wash-дуги (36 шт., мин. стоимость 113949 руб./ваг.). В модели Wash не имеет штрафа за незаполнение,
             а excess_supply бесплатный — отправка только увеличила бы obj, MIP корректно оставил вагоны в остатке.
  [s_idx  228] Владивосток (Экспорт) | тип=Т | ЕТСНГ=011005 | period=10 | mass_unload=false | осталось 20 из 20 ваг.
    ПРИЧИНА: все Load-спросы уже закрыты (Load-дуг 167, Wash-дуг 0; везде rem_demand=0).
  [s_idx  229] ВЕНТСПИЛС (ЭКСП.) | тип=Т | ЕТСНГ=021079 | period=10 | mass_unload=false | осталось 8 из 8 ваг.
    ПРИЧИНА: все Load-спросы уже закрыты (Load-дуг 166, Wash-дуг 0; везде rem_demand=0).
  [s_idx  230] Правый Берег | тип=БК | ЕТСНГ=018023 | period=10 | mass_unload=true | осталось 14 из 14 ваг.
    ПРИЧИНА: все Load-спросы уже закрыты (Load-дуг 165, Wash-дуг 0; везде rem_demand=0).
  [s_idx  231] Забайкальск (Экспорт КЖД [Китай]) | тип=БК | ЕТСНГ=013000 | period=10 | mass_unload=false | осталось 10 из 10 ваг.
    ПРИЧИНА: все Load-спросы уже закрыты (Load-дуг 165, Wash-дуг 0; везде rem_demand=0).
  [s_idx  232] Новый Порт (Экспорт) | тип=Т | ЕТСНГ=021079 | period=10 | mass_unload=false | осталось 5 из 5 ваг.
    ПРИЧИНА: все Load-спросы уже закрыты (Load-дуг 167, Wash-дуг 0; везде rem_demand=0).
  [s_idx  233] Вайвара | тип=Т | ЕТСНГ=542224 | period=10 | mass_unload=false | осталось 10 из 10 ваг.
    ПРИЧИНА: все Load-спросы уже закрыты (Load-дуг 166, Wash-дуг 0; везде rem_demand=0).
  [s_idx  235] Невдубстрой | тип=Т | ЕТСНГ=011005 | period=10 | mass_unload=true | осталось 19 из 19 ваг.
    ПРИЧИНА: все Load-спросы уже закрыты (Load-дуг 167, Wash-дуг 0; везде rem_demand=0).
  [s_idx  236] Порт Оля (Экспорт) | тип=БКТ | ЕТСНГ=021100 | period=10 | mass_unload=false | осталось 15 из 15 ваг.
    ПРИЧИНА: все Load-спросы уже закрыты (Load-дуг 168, Wash-дуг 0; везде rem_demand=0).
  [s_idx  237] Новый Порт (Экспорт) | тип=БКТ | ЕТСНГ=021079 | period=10 | mass_unload=false | осталось 22 из 22 ваг.
    ПРИЧИНА: все Load-спросы уже закрыты (Load-дуг 168, Wash-дуг 0; везде rem_demand=0).
  [s_idx  238] Парнас | тип=БКТ | ЕТСНГ=014003 | period=10 | mass_unload=false | осталось 5 из 5 ваг.
    ПРИЧИНА: все Load-спросы уже закрыты (Load-дуг 168, Wash-дуг 0; везде rem_demand=0).
  [s_idx  239] Рощино | тип=БКТ | ЕТСНГ=011005 | period=10 | mass_unload=false | осталось 27 из 27 ваг.
    ПРИЧИНА: все Load-спросы уже закрыты (Load-дуг 168, Wash-дуг 0; везде rem_demand=0).
  [s_idx  240] Чернянка | тип=Т | ЕТСНГ=542072 | period=10 | mass_unload=false | осталось 3 из 3 ваг.
    ПРИЧИНА: доступны только Wash-дуги (36 шт., мин. стоимость 150610 руб./ваг.). В модели Wash не имеет штрафа за незаполнение,
             а excess_supply бесплатный — отправка только увеличила бы obj, MIP корректно оставил вагоны в остатке.
  [s_idx  241] Невдубстрой | тип=БКТ | ЕТСНГ=011005 | period=10 | mass_unload=true | осталось 45 из 45 ваг.
    ПРИЧИНА: все Load-спросы уже закрыты (Load-дуг 168, Wash-дуг 0; везде rem_demand=0).
  [s_idx  242] Санкт-Петербург-Товарный-Московский | тип=БКТ | ЕТСНГ=011005 | period=10 | mass_unload=false | осталось 34 из 34 ваг.
    ПРИЧИНА: все Load-спросы уже закрыты (Load-дуг 167, Wash-дуг 0; везде rem_demand=0).
  [s_idx  243] Правый Берег | тип=БКТ | ЕТСНГ=018023 | period=10 | mass_unload=true | осталось 86 из 90 ваг.
    ПРИЧИНА: все Load-спросы уже закрыты (Load-дуг 166, Wash-дуг 0; везде rem_demand=0).
  [s_idx  244] Чернянка | тип=БКТ | ЕТСНГ=542072 | period=10 | mass_unload=false | осталось 2 из 2 ваг.
    ПРИЧИНА: доступны только Wash-дуги (36 шт., мин. стоимость 150610 руб./ваг.). В модели Wash не имеет штрафа за незаполнение,
             а excess_supply бесплатный — отправка только увеличила бы obj, MIP корректно оставил вагоны в остатке.
  [s_idx  247] Вайвара | тип=БКТ | ЕТСНГ=542224 | period=10 | mass_unload=false | осталось 18 из 18 ваг.
    ПРИЧИНА: все Load-спросы уже закрыты (Load-дуг 167, Wash-дуг 0; везде rem_demand=0).
  [s_idx  248] Невдубстрой | тип=Т | ЕТСНГ=021100 | period=10 | mass_unload=true | осталось 4 из 4 ваг.
    ПРИЧИНА: все Load-спросы уже закрыты (Load-дуг 167, Wash-дуг 0; везде rem_demand=0).
  [s_idx  249] Санкт-Петербург-Товарный-Московский | тип=Т | ЕТСНГ=011005 | period=10 | mass_unload=false | осталось 13 из 13 ваг.
    ПРИЧИНА: все Load-спросы уже закрыты (Load-дуг 166, Wash-дуг 0; везде rem_demand=0).
  [s_idx  251] Владивосток (Экспорт) | тип=БК | ЕТСНГ=014003 | period=10 | mass_unload=false | осталось 6 из 6 ваг.
    ПРИЧИНА: все Load-спросы уже закрыты (Load-дуг 167, Wash-дуг 0; везде rem_demand=0).
  [s_idx  252] БОЛДЕРАЯ (ЭКСП.) | тип=Т | ЕТСНГ=021083 | period=10 | mass_unload=false | осталось 5 из 5 ваг.
    ПРИЧИНА: все Load-спросы уже закрыты (Load-дуг 163, Wash-дуг 0; везде rem_demand=0).
  [s_idx  254] Ижоры | тип=БКТ | ЕТСНГ=014003 | period=10 | mass_unload=false | осталось 3 из 3 ваг.
    ПРИЧИНА: все Load-спросы уже закрыты (Load-дуг 159, Wash-дуг 0; везде rem_demand=0).
  [s_idx  259] БОЛДЕРАЯ (ЭКСП.) | тип=БК | ЕТСНГ=021083 | period=10 | mass_unload=false | осталось 25 из 25 ваг.
    ПРИЧИНА: все Load-спросы уже закрыты (Load-дуг 163, Wash-дуг 0; везде rem_demand=0).
  [s_idx  260] Порт Оля | тип=Т | ЕТСНГ=014003 | period=10 | mass_unload=false | осталось 14 из 14 ваг.
    ПРИЧИНА: все Load-спросы уже закрыты (Load-дуг 166, Wash-дуг 0; везде rem_demand=0).
  [s_idx  265] Владивосток (Экспорт) | тип=БКТ | ЕТСНГ=014003 | period=10 | mass_unload=false | осталось 17 из 17 ваг.
    ПРИЧИНА: все Load-спросы уже закрыты (Load-дуг 168, Wash-дуг 0; везде rem_demand=0).
  [s_idx  266] Владивосток (Экспорт) | тип=БКТ | ЕТСНГ=011005 | period=10 | mass_unload=false | осталось 26 из 26 ваг.
    ПРИЧИНА: все Load-спросы уже закрыты (Load-дуг 168, Wash-дуг 0; везде rem_demand=0).
  [s_idx  267] Вайвара | тип=БКТ | ЕТСНГ=542050 | period=10 | mass_unload=false | осталось 8 из 8 ваг.
    ПРИЧИНА: все Load-спросы уже закрыты (Load-дуг 167, Wash-дуг 0; везде rem_demand=0).
  [s_idx  268] Порт Оля | тип=БКТ | ЕТСНГ=014003 | period=10 | mass_unload=false | осталось 20 из 20 ваг.
    ПРИЧИНА: все Load-спросы уже закрыты (Load-дуг 167, Wash-дуг 0; везде rem_demand=0).
  [s_idx  269] Сухановка (Экспорт) | тип=БКТ | ЕТСНГ=014003 | period=10 | mass_unload=false | осталось 8 из 8 ваг.
    ПРИЧИНА: все Load-спросы уже закрыты (Load-дуг 7, Wash-дуг 0; везде rem_demand=0).
  [s_idx  270] БОЛДЕРАЯ (ЭКСП.) | тип=БКТ | ЕТСНГ=021083 | period=10 | mass_unload=false | осталось 26 из 26 ваг.
    ПРИЧИНА: все Load-спросы уже закрыты (Load-дуг 164, Wash-дуг 0; везде rem_demand=0).
  [s_idx  272] Чернянка | тип=БКТ | ЕТСНГ=— | period=10 | mass_unload=false | осталось 3 из 3 ваг.
    ПРИЧИНА: доступны только Wash-дуги (36 шт., мин. стоимость 150610 руб./ваг.). В модели Wash не имеет штрафа за незаполнение,
             а excess_supply бесплатный — отправка только увеличила бы obj, MIP корректно оставил вагоны в остатке.
  [s_idx  275] Невдубстрой | тип=БКТ | ЕТСНГ=021100 | period=10 | mass_unload=true | осталось 18 из 18 ваг.
    ПРИЧИНА: все Load-спросы уже закрыты (Load-дуг 168, Wash-дуг 0; везде rem_demand=0).
  [s_idx  276] ВЕНТСПИЛС (ЭКСП.) | тип=БКТ | ЕТСНГ=021079 | period=10 | mass_unload=false | осталось 10 из 10 ваг.
    ПРИЧИНА: все Load-спросы уже закрыты (Load-дуг 167, Wash-дуг 0; везде rem_demand=0).
  [s_idx  279] Наушки (эксп. АО «УБЖД»: участок Улаанбаатар (вкл.) и далее) | тип=Т | ЕТСНГ=011005 | period=10 | mass_unload=false | осталось 6 из 6 ваг.
    ПРИЧИНА: все Load-спросы уже закрыты (Load-дуг 166, Wash-дуг 0; везде rem_demand=0).
  [s_idx  281] ЗИЕМЕЛЬБЛАЗМА (ЭКСП.) | тип=БКТ | ЕТСНГ=011005 | period=10 | mass_unload=true | осталось 11 из 11 ваг.
    ПРИЧИНА: все Load-спросы уже закрыты (Load-дуг 168, Wash-дуг 0; везде rem_demand=0).
  [s_idx  282] Санкт-Петербург-Товарный-Московский | тип=БК | ЕТСНГ=011005 | period=10 | mass_unload=false | осталось 15 из 15 ваг.
    ПРИЧИНА: все Load-спросы уже закрыты (Load-дуг 166, Wash-дуг 0; везде rem_demand=0).
  [s_idx  284] Вайвара | тип=БК | ЕТСНГ=542224 | period=10 | mass_unload=false | осталось 12 из 12 ваг.
    ПРИЧИНА: все Load-спросы уже закрыты (Load-дуг 166, Wash-дуг 0; везде rem_demand=0).
  [s_idx  285] Правый Берег | тип=Т | ЕТСНГ=— | period=10 | mass_unload=true | осталось 9 из 9 ваг.
    ПРИЧИНА: все Load-спросы уже закрыты (Load-дуг 165, Wash-дуг 0; везде rem_demand=0).
  [s_idx  287] Забайкальск (Экспорт КЖД [Китай]) | тип=БКТ | ЕТСНГ=013000 | period=10 | mass_unload=false | осталось 10 из 10 ваг.
    ПРИЧИНА: все Load-спросы уже закрыты (Load-дуг 166, Wash-дуг 0; везде rem_demand=0).
  [s_idx  288] ВЕНТСПИЛС (ЭКСП.) | тип=БК | ЕТСНГ=021083 | period=10 | mass_unload=false | осталось 9 из 9 ваг.
    ПРИЧИНА: все Load-спросы уже закрыты (Load-дуг 166, Wash-дуг 0; везде rem_demand=0).
  [s_idx  292] Правый Берег | тип=Т | ЕТСНГ=014003 | period=10 | mass_unload=true | осталось 10 из 10 ваг.
    ПРИЧИНА: все Load-спросы уже закрыты (Load-дуг 165, Wash-дуг 0; везде rem_demand=0).
  [s_idx  293] Порт Оля (Экспорт) | тип=Т | ЕТСНГ=021100 | period=10 | mass_unload=false | осталось 23 из 23 ваг.
    ПРИЧИНА: все Load-спросы уже закрыты (Load-дуг 167, Wash-дуг 0; везде rem_demand=0).
  [s_idx  295] Невдубстрой | тип=БК | ЕТСНГ=015006 | period=10 | mass_unload=true | осталось 9 из 9 ваг.
    ПРИЧИНА: все Load-спросы уже закрыты (Load-дуг 167, Wash-дуг 0; везде rem_demand=0).
  [s_idx  298] Порт Оля (Экспорт) | тип=Т | ЕТСНГ=021100 | period=10 | mass_unload=false | осталось 9 из 9 ваг.
    ПРИЧИНА: все Load-спросы уже закрыты (Load-дуг 167, Wash-дуг 0; везде rem_demand=0).
  [s_idx  299] Денежниково | тип=БКТ | ЕТСНГ=542239 | period=10 | mass_unload=false | осталось 11 из 11 ваг.
    ПРИЧИНА: доступны только Wash-дуги (36 шт., мин. стоимость 149116 руб./ваг.). В модели Wash не имеет штрафа за незаполнение,
             а excess_supply бесплатный — отправка только увеличила бы obj, MIP корректно оставил вагоны в остатке.
  [s_idx  301] Парнас | тип=БКТ | ЕТСНГ=018112 | period=10 | mass_unload=false | осталось 7 из 7 ваг.
    ПРИЧИНА: все Load-спросы уже закрыты (Load-дуг 168, Wash-дуг 0; везде rem_demand=0).
  [s_idx  302] Парнас | тип=Т | ЕТСНГ=018112 | period=10 | mass_unload=false | осталось 7 из 7 ваг.
    ПРИЧИНА: все Load-спросы уже закрыты (Load-дуг 167, Wash-дуг 0; везде rem_demand=0).
  [s_idx  305] Мурманские Ворота | тип=БКТ | ЕТСНГ=011005 | period=10 | mass_unload=false | осталось 4 из 4 ваг.
    ПРИЧИНА: все Load-спросы уже закрыты (Load-дуг 165, Wash-дуг 0; везде rem_demand=0).
  [s_idx  307] Порт Оля | тип=БКТ | ЕТСНГ=— | period=10 | mass_unload=false | осталось 13 из 13 ваг.
    ПРИЧИНА: все Load-спросы уже закрыты (Load-дуг 167, Wash-дуг 0; везде rem_demand=0).
  [s_idx  308] ЛИЕПАЯ- (ЭКСП.) | тип=БКТ | ЕТСНГ=011005 | period=10 | mass_unload=false | осталось 7 из 7 ваг.
    ПРИЧИНА: все Load-спросы уже закрыты (Load-дуг 168, Wash-дуг 0; везде rem_demand=0).
  [s_idx  309] Парнас | тип=Т | ЕТСНГ=014003 | period=10 | mass_unload=false | осталось 3 из 3 ваг.
    ПРИЧИНА: все Load-спросы уже закрыты (Load-дуг 167, Wash-дуг 0; везде rem_demand=0).
  [s_idx  314] Забайкальск (Экспорт КЖД [Китай]) | тип=БКТ | ЕТСНГ=021083 | period=10 | mass_unload=false | осталось 14 из 14 ваг.
    ПРИЧИНА: все Load-спросы уже закрыты (Load-дуг 166, Wash-дуг 0; везде rem_demand=0).
  [s_idx  317] Металлист | тип=БК | ЕТСНГ=— | period=10 | mass_unload=false | осталось 7 из 7 ваг.
    ПРИЧИНА: доступны только Wash-дуги (36 шт., мин. стоимость 149116 руб./ваг.). В модели Wash не имеет штрафа за незаполнение,
             а excess_supply бесплатный — отправка только увеличила бы obj, MIP корректно оставил вагоны в остатке.
  [s_idx  318] Жердевка | тип=БК | ЕТСНГ=542239 | period=10 | mass_unload=false | осталось 4 из 4 ваг.
    ПРИЧИНА: доступны только Wash-дуги (36 шт., мин. стоимость 148802 руб./ваг.). В модели Wash не имеет штрафа за незаполнение,
             а excess_supply бесплатный — отправка только увеличила бы obj, MIP корректно оставил вагоны в остатке.
  [s_idx  319] Денежниково | тип=БК | ЕТСНГ=542239 | period=10 | mass_unload=false | осталось 4 из 4 ваг.
    ПРИЧИНА: доступны только Wash-дуги (36 шт., мин. стоимость 149116 руб./ваг.). В модели Wash не имеет штрафа за незаполнение,
             а excess_supply бесплатный — отправка только увеличила бы obj, MIP корректно оставил вагоны в остатке.
  [s_idx  320] Верда | тип=БК | ЕТСНГ=542224 | period=10 | mass_unload=false | осталось 1 из 1 ваг.
    ПРИЧИНА: доступны только Wash-дуги (36 шт., мин. стоимость 152283 руб./ваг.). В модели Wash не имеет штрафа за незаполнение,
             а excess_supply бесплатный — отправка только увеличила бы obj, MIP корректно оставил вагоны в остатке.
  [s_idx  321] Невдубстрой | тип=БКТ | ЕТСНГ=015006 | period=10 | mass_unload=true | осталось 9 из 9 ваг.
    ПРИЧИНА: все Load-спросы уже закрыты (Load-дуг 168, Wash-дуг 0; везде rem_demand=0).
  [s_idx  322] Качалино | тип=БКТ | ЕТСНГ=542224 | period=10 | mass_unload=false | осталось 4 из 4 ваг.
    ПРИЧИНА: доступны только Wash-дуги (36 шт., мин. стоимость 111398 руб./ваг.). В модели Wash не имеет штрафа за незаполнение,
             а excess_supply бесплатный — отправка только увеличила бы obj, MIP корректно оставил вагоны в остатке.
  [s_idx  323] Полоцк | тип=БКТ | ЕТСНГ=542239 | period=10 | mass_unload=false | осталось 7 из 7 ваг.
    ПРИЧИНА: все Load-спросы уже закрыты (Load-дуг 168, Wash-дуг 0; везде rem_demand=0).
  [s_idx  325] Новоельня | тип=БК | ЕТСНГ=542239 | period=10 | mass_unload=false | осталось 1 из 1 ваг.
    ПРИЧИНА: все Load-спросы уже закрыты (Load-дуг 167, Wash-дуг 0; везде rem_demand=0).
  [s_idx  327] Качалино | тип=Т | ЕТСНГ=542224 | period=10 | mass_unload=false | осталось 1 из 1 ваг.
    ПРИЧИНА: доступны только Wash-дуги (36 шт., мин. стоимость 111398 руб./ваг.). В модели Wash не имеет штрафа за незаполнение,
             а excess_supply бесплатный — отправка только увеличила бы obj, MIP корректно оставил вагоны в остатке.
  [s_idx  328] ЗИЕМЕЛЬБЛАЗМА (ЭКСП.) | тип=Т | ЕТСНГ=542072 | period=10 | mass_unload=true | осталось 3 из 3 ваг.
    ПРИЧИНА: все Load-спросы уже закрыты (Load-дуг 167, Wash-дуг 0; везде rem_demand=0).
  [s_idx  329] Почеп | тип=БК | ЕТСНГ=542224 | period=10 | mass_unload=false | осталось 3 из 3 ваг.
    ПРИЧИНА: доступны только Wash-дуги (36 шт., мин. стоимость 113949 руб./ваг.). В модели Wash не имеет штрафа за незаполнение,
             а excess_supply бесплатный — отправка только увеличила бы obj, MIP корректно оставил вагоны в остатке.
  [s_idx  330] ЗИЕМЕЛЬБЛАЗМА (ЭКСП.) | тип=БКТ | ЕТСНГ=542072 | period=10 | mass_unload=true | осталось 17 из 17 ваг.
    ПРИЧИНА: все Load-спросы уже закрыты (Load-дуг 168, Wash-дуг 0; везде rem_demand=0).
  [s_idx  331] Селикса | тип=БК | ЕТСНГ=542224 | period=10 | mass_unload=false | осталось 4 из 4 ваг.
    ПРИЧИНА: доступны только Wash-дуги (36 шт., мин. стоимость 153187 руб./ваг.). В модели Wash не имеет штрафа за незаполнение,
             а excess_supply бесплатный — отправка только увеличила бы obj, MIP корректно оставил вагоны в остатке.
  [s_idx  332] Лужская (Экспорт) | тип=БК | ЕТСНГ=011005 | period=10 | mass_unload=false | осталось 21 из 21 ваг.
    ПРИЧИНА: все Load-спросы уже закрыты (Load-дуг 164, Wash-дуг 0; везде rem_demand=0).
  [s_idx  333] Порт Оля | тип=БК | ЕТСНГ=542224 | period=10 | mass_unload=false | осталось 2 из 2 ваг.
    ПРИЧИНА: доступны только Wash-дуги (36 шт., мин. стоимость 151413 руб./ваг.). В модели Wash не имеет штрафа за незаполнение,
             а excess_supply бесплатный — отправка только увеличила бы obj, MIP корректно оставил вагоны в остатке.
  [s_idx  334] ЛИЕПАЯ- (ЭКСП.) | тип=БК | ЕТСНГ=542239 | period=10 | mass_unload=false | осталось 20 из 20 ваг.
    ПРИЧИНА: все Load-спросы уже закрыты (Load-дуг 167, Wash-дуг 0; везде rem_demand=0).
  [s_idx  335] Кромская | тип=БКТ | ЕТСНГ=421034 | period=10 | mass_unload=false | осталось 11 из 11 ваг.
    ПРИЧИНА: доступны только Wash-дуги (36 шт., мин. стоимость 146828 руб./ваг.). В модели Wash не имеет штрафа за незаполнение,
             а excess_supply бесплатный — отправка только увеличила бы obj, MIP корректно оставил вагоны в остатке.
  [s_idx  336] Толмачево | тип=БКТ | ЕТСНГ=542239 | period=10 | mass_unload=false | осталось 4 из 4 ваг.
    ПРИЧИНА: доступны только Wash-дуги (36 шт., мин. стоимость 176828 руб./ваг.). В модели Wash не имеет штрафа за незаполнение,
             а excess_supply бесплатный — отправка только увеличила бы obj, MIP корректно оставил вагоны в остатке.
  [s_idx  337] Глазов | тип=БКТ | ЕТСНГ=— | period=10 | mass_unload=false | осталось 10 из 10 ваг.
    ПРИЧИНА: доступны только Wash-дуги (36 шт., мин. стоимость 200301 руб./ваг.). В модели Wash не имеет штрафа за незаполнение,
             а excess_supply бесплатный — отправка только увеличила бы obj, MIP корректно оставил вагоны в остатке.
  [s_idx  338] ЗИЕМЕЛЬБЛАЗМА (ЭКСП.) | тип=БК | ЕТСНГ=542072 | period=10 | mass_unload=true | осталось 7 из 7 ваг.
    ПРИЧИНА: все Load-спросы уже закрыты (Load-дуг 167, Wash-дуг 0; везде rem_demand=0).
  [s_idx  339] Воскресенск | тип=БКТ | ЕТСНГ=421208 | period=10 | mass_unload=false | осталось 5 из 5 ваг.
    ПРИЧИНА: доступны только Wash-дуги (36 шт., мин. стоимость 110975 руб./ваг.). В модели Wash не имеет штрафа за незаполнение,
             а excess_supply бесплатный — отправка только увеличила бы obj, MIP корректно оставил вагоны в остатке.
  [s_idx  340] Позимь | тип=БКТ | ЕТСНГ=— | period=10 | mass_unload=false | осталось 5 из 6 ваг.
    ПРИЧИНА: все Load-спросы уже закрыты (Load-дуг 168, Wash-дуг 0; везде rem_demand=0).
  [s_idx  341] Ружино | тип=БКТ | ЕТСНГ=421208 | period=10 | mass_unload=false | осталось 13 из 13 ваг.
    ПРИЧИНА: доступны только Wash-дуги (36 шт., мин. стоимость 110104 руб./ваг.). В модели Wash не имеет штрафа за незаполнение,
             а excess_supply бесплатный — отправка только увеличила бы obj, MIP корректно оставил вагоны в остатке.
  [s_idx  342] Лужская | тип=БКТ | ЕТСНГ=018023 | period=10 | mass_unload=false | осталось 1 из 1 ваг.
    ПРИЧИНА: все Load-спросы уже закрыты (Load-дуг 158, Wash-дуг 0; везде rem_demand=0).
  [s_idx  343] Тверь | тип=БКТ | ЕТСНГ=542239 | period=10 | mass_unload=false | осталось 1 из 1 ваг.
    ПРИЧИНА: доступны только Wash-дуги (36 шт., мин. стоимость 201728 руб./ваг.). В модели Wash не имеет штрафа за незаполнение,
             а excess_supply бесплатный — отправка только увеличила бы obj, MIP корректно оставил вагоны в остатке.
  [s_idx  344] Богоявленск | тип=БКТ | ЕТСНГ=542239 | period=10 | mass_unload=false | осталось 2 из 2 ваг.
    ПРИЧИНА: доступны только Wash-дуги (36 шт., мин. стоимость 146828 руб./ваг.). В модели Wash не имеет штрафа за незаполнение,
             а excess_supply бесплатный — отправка только увеличила бы obj, MIP корректно оставил вагоны в остатке.
  [s_idx  345] Токаревка | тип=БКТ | ЕТСНГ=542239 | period=10 | mass_unload=false | осталось 10 из 10 ваг.
    ПРИЧИНА: доступны только Wash-дуги (36 шт., мин. стоимость 148766 руб./ваг.). В модели Wash не имеет штрафа за незаполнение,
             а excess_supply бесплатный — отправка только увеличила бы obj, MIP корректно оставил вагоны в остатке.
  [s_idx  346] Касьяновка | тип=БК | ЕТСНГ=421208 | period=10 | mass_unload=false | осталось 2 из 2 ваг.
    ПРИЧИНА: доступны только Wash-дуги (36 шт., мин. стоимость 110100 руб./ваг.). В модели Wash не имеет штрафа за незаполнение,
             а excess_supply бесплатный — отправка только увеличила бы obj, MIP корректно оставил вагоны в остатке.
  [s_idx  347] Стрижи | тип=БК | ЕТСНГ=— | period=10 | mass_unload=false | осталось 1 из 1 ваг.
    ПРИЧИНА: доступны только Wash-дуги (36 шт., мин. стоимость 224983 руб./ваг.). В модели Wash не имеет штрафа за незаполнение,
             а excess_supply бесплатный — отправка только увеличила бы obj, MIP корректно оставил вагоны в остатке.
  [s_idx  348] Глазов | тип=БК | ЕТСНГ=— | period=10 | mass_unload=false | осталось 6 из 6 ваг.
    ПРИЧИНА: доступны только Wash-дуги (36 шт., мин. стоимость 200301 руб./ваг.). В модели Wash не имеет штрафа за незаполнение,
             а excess_supply бесплатный — отправка только увеличила бы obj, MIP корректно оставил вагоны в остатке.
  [s_idx  349] ВЕНТСПИЛС (ЭКСП.) | тип=БК | ЕТСНГ=021079 | period=10 | mass_unload=false | осталось 2 из 2 ваг.
    ПРИЧИНА: все Load-спросы уже закрыты (Load-дуг 166, Wash-дуг 0; везде rem_demand=0).
  [s_idx  350] Орша-Восточная | тип=БК | ЕТСНГ=542239 | period=10 | mass_unload=false | осталось 1 из 1 ваг.
    ПРИЧИНА: все Load-спросы уже закрыты (Load-дуг 166, Wash-дуг 0; везде rem_demand=0).
  [s_idx  352] Высоцк (Экспорт) | тип=БК | ЕТСНГ=011005 | period=10 | mass_unload=false | осталось 9 из 9 ваг.
    ПРИЧИНА: все Load-спросы уже закрыты (Load-дуг 167, Wash-дуг 0; везде rem_demand=0).
  [s_idx  353] Правый Берег | тип=БК | ЕТСНГ=542224 | period=10 | mass_unload=true | осталось 2 из 2 ваг.
    ПРИЧИНА: доступны только Wash-дуги (36 шт., мин. стоимость 113949 руб./ваг.). В модели Wash не имеет штрафа за незаполнение,
             а excess_supply бесплатный — отправка только увеличила бы obj, MIP корректно оставил вагоны в остатке.
  [s_idx  354] ЛИЕПАЯ- (ЭКСП.) | тип=БКТ | ЕТСНГ=542101 | period=10 | mass_unload=false | осталось 3 из 3 ваг.
    ПРИЧИНА: все Load-спросы уже закрыты (Load-дуг 168, Wash-дуг 0; везде rem_demand=0).
  [s_idx  355] Блюхер (Экспорт) | тип=БК | ЕТСНГ=011005 | period=10 | mass_unload=false | осталось 11 из 11 ваг.
    ПРИЧИНА: все Load-спросы уже закрыты (Load-дуг 161, Wash-дуг 0; везде rem_demand=0).
  [s_idx  357] Блюхер (Экспорт) | тип=Т | ЕТСНГ=011005 | period=10 | mass_unload=false | осталось 14 из 29 ваг.
    ПРИЧИНА: все Load-спросы уже закрыты (Load-дуг 161, Wash-дуг 0; везде rem_demand=0).
  [s_idx  358] Забайкальск (Экспорт КЖД [Китай]) | тип=БК | ЕТСНГ=014003 | period=10 | mass_unload=false | осталось 4 из 8 ваг.
    ПРИЧИНА: все Load-спросы уже закрыты (Load-дуг 165, Wash-дуг 0; везде rem_demand=0).
  [s_idx  360] Мальта | тип=БКТ | ЕТСНГ=— | period=10 | mass_unload=false | осталось 4 из 6 ваг.
    ПРИЧИНА: все Load-спросы уже закрыты (Load-дуг 168, Wash-дуг 0; везде rem_demand=0).
  [s_idx  362] Тихвин | тип=БКТ | ЕТСНГ=421195 | period=10 | mass_unload=false | осталось 3 из 3 ваг.
    ПРИЧИНА: все Load-спросы уже закрыты (Load-дуг 168, Wash-дуг 0; везде rem_demand=0).
  [s_idx  364] Вайвара | тип=БК | ЕТСНГ=021079 | period=10 | mass_unload=false | осталось 4 из 4 ваг.
    ПРИЧИНА: все Load-спросы уже закрыты (Load-дуг 166, Wash-дуг 0; везде rem_demand=0).
  [s_idx  365] Бологое-Московское | тип=БКТ | ЕТСНГ=421195 | period=10 | mass_unload=false | осталось 2 из 2 ваг.
    ПРИЧИНА: все Load-спросы уже закрыты (Load-дуг 159, Wash-дуг 0; везде rem_demand=0).
  [s_idx  367] Правый Берег | тип=БКТ | ЕТСНГ=015006 | period=10 | mass_unload=true | осталось 3 из 3 ваг.
    ПРИЧИНА: все Load-спросы уже закрыты (Load-дуг 166, Wash-дуг 0; везде rem_demand=0).
  [s_idx  369] Сухановка (Экспорт) | тип=Т | ЕТСНГ=014003 | period=10 | mass_unload=false | осталось 1 из 1 ваг.
    ПРИЧИНА: все Load-спросы уже закрыты (Load-дуг 6, Wash-дуг 0; везде rem_demand=0).
  [s_idx  370] Порт Оля | тип=Т | ЕТСНГ=— | period=10 | mass_unload=false | осталось 4 из 4 ваг.
    ПРИЧИНА: все Load-спросы уже закрыты (Load-дуг 166, Wash-дуг 0; везде rem_demand=0).
  [s_idx  373] Ожерелье | тип=БК | ЕТСНГ=542224 | period=10 | mass_unload=false | осталось 2 из 2 ваг.
    ПРИЧИНА: доступны только Wash-дуги (36 шт., мин. стоимость 116022 руб./ваг.). В модели Wash не имеет штрафа за незаполнение,
             а excess_supply бесплатный — отправка только увеличила бы obj, MIP корректно оставил вагоны в остатке.
  [s_idx  376] ЛИЕПАЯ- (ЭКСП.) | тип=БК | ЕТСНГ=021079 | period=10 | mass_unload=false | осталось 2 из 2 ваг.
    ПРИЧИНА: все Load-спросы уже закрыты (Load-дуг 167, Wash-дуг 0; везде rem_demand=0).
  [s_idx  379] Рощино | тип=БК | ЕТСНГ=542239 | period=10 | mass_unload=false | осталось 5 из 5 ваг.
    ПРИЧИНА: доступны только Wash-дуги (36 шт., мин. стоимость 143949 руб./ваг.). В модели Wash не имеет штрафа за незаполнение,
             а excess_supply бесплатный — отправка только увеличила бы obj, MIP корректно оставил вагоны в остатке.
  [s_idx  380] Вайвара | тип=БК | ЕТСНГ=542050 | period=10 | mass_unload=false | осталось 2 из 2 ваг.
    ПРИЧИНА: все Load-спросы уже закрыты (Load-дуг 166, Wash-дуг 0; везде rem_demand=0).
  [s_idx  381] Смоленск | тип=БКТ | ЕТСНГ=542239 | period=10 | mass_unload=false | осталось 2 из 2 ваг.
    ПРИЧИНА: доступны только Wash-дуги (36 шт., мин. стоимость 155210 руб./ваг.). В модели Wash не имеет штрафа за незаполнение,
             а excess_supply бесплатный — отправка только увеличила бы obj, MIP корректно оставил вагоны в остатке.
  [s_idx  383] Зуй | тип=БКТ | ЕТСНГ=421034 | period=10 | mass_unload=false | осталось 4 из 4 ваг.
    ПРИЧИНА: нет ни одной допустимой дуги (нет тарифа, несовм. тип вагона или грязный груз).
  [s_idx  386] Забайкальск (Экспорт КЖД [Китай]) | тип=Т | ЕТСНГ=021083 | period=10 | mass_unload=false | осталось 1 из 4 ваг.
    ПРИЧИНА: все Load-спросы уже закрыты (Load-дуг 165, Wash-дуг 0; везде rem_demand=0).
  [s_idx  387] Владивосток (Экспорт) | тип=БК | ЕТСНГ=011005 | period=10 | mass_unload=false | осталось 3 из 3 ваг.
    ПРИЧИНА: все Load-спросы уже закрыты (Load-дуг 167, Wash-дуг 0; везде rem_demand=0).
  [s_idx  388] Позимь | тип=БКТ | ЕТСНГ=542239 | period=10 | mass_unload=false | осталось 14 из 14 ваг.
    ПРИЧИНА: доступны только Wash-дуги (36 шт., мин. стоимость 188003 руб./ваг.). В модели Wash не имеет штрафа за незаполнение,
             а excess_supply бесплатный — отправка только увеличила бы obj, MIP корректно оставил вагоны в остатке.
  [s_idx  392] Киров | тип=БКТ | ЕТСНГ=— | period=10 | mass_unload=false | осталось 2 из 2 ваг.
    ПРИЧИНА: все Load-спросы уже закрыты (Load-дуг 166, Wash-дуг 0; везде rem_demand=0).
  [s_idx  396] ЛИЕПАЯ- (ЭКСП.) | тип=БКТ | ЕТСНГ=542239 | period=10 | mass_unload=false | осталось 11 из 11 ваг.
    ПРИЧИНА: все Load-спросы уже закрыты (Load-дуг 168, Wash-дуг 0; везде rem_demand=0).
  [s_idx  397] Забайкальск (Экспорт КЖД [Китай]) | тип=БК | ЕТСНГ=021083 | period=10 | mass_unload=false | осталось 4 из 4 ваг.
    ПРИЧИНА: все Load-спросы уже закрыты (Load-дуг 165, Wash-дуг 0; везде rem_demand=0).
  [s_idx  398] Слуцк | тип=БКТ | ЕТСНГ=542224 | period=10 | mass_unload=false | осталось 4 из 4 ваг.
    ПРИЧИНА: все Load-спросы уже закрыты (Load-дуг 167, Wash-дуг 0; везде rem_demand=0).
  [s_idx  400] Городея | тип=БК | ЕТСНГ=542239 | period=10 | mass_unload=false | осталось 1 из 1 ваг.
    ПРИЧИНА: все Load-спросы уже закрыты (Load-дуг 166, Wash-дуг 0; везде rem_demand=0).
  [s_idx  401] ЛИЕПАЯ- (ЭКСП.) | тип=БКТ | ЕТСНГ=542072 | period=10 | mass_unload=false | осталось 1 из 1 ваг.
    ПРИЧИНА: все Load-спросы уже закрыты (Load-дуг 168, Wash-дуг 0; везде rem_demand=0).
  [s_idx  402] Мальта | тип=БКТ | ЕТСНГ=542239 | period=10 | mass_unload=false | осталось 1 из 1 ваг.
    ПРИЧИНА: доступны только Wash-дуги (36 шт., мин. стоимость 112310 руб./ваг.). В модели Wash не имеет штрафа за незаполнение,
             а excess_supply бесплатный — отправка только увеличила бы obj, MIP корректно оставил вагоны в остатке.
  [s_idx  403] Сборная-Угольная | тип=Т | ЕТСНГ=542072 | period=10 | mass_unload=false | осталось 1 из 1 ваг.
    ПРИЧИНА: доступны только Wash-дуги (36 шт., мин. стоимость 151776 руб./ваг.). В модели Wash не имеет штрафа за незаполнение,
             а excess_supply бесплатный — отправка только увеличила бы obj, MIP корректно оставил вагоны в остатке.
  [s_idx  404] Дятьково | тип=БКТ | ЕТСНГ=421034 | period=10 | mass_unload=false | осталось 7 из 7 ваг.
    ПРИЧИНА: нет ни одной допустимой дуги (нет тарифа, несовм. тип вагона или грязный груз).
  [s_idx  405] Селикса | тип=БКТ | ЕТСНГ=542224 | period=10 | mass_unload=false | осталось 3 из 3 ваг.
    ПРИЧИНА: доступны только Wash-дуги (36 шт., мин. стоимость 153187 руб./ваг.). В модели Wash не имеет штрафа за незаполнение,
             а excess_supply бесплатный — отправка только увеличила бы obj, MIP корректно оставил вагоны в остатке.
  [s_idx  406] Правый Берег | тип=БКТ | ЕТСНГ=542224 | period=10 | mass_unload=true | осталось 6 из 6 ваг.
    ПРИЧИНА: доступны только Wash-дуги (36 шт., мин. стоимость 113949 руб./ваг.). В модели Wash не имеет штрафа за незаполнение,
             а excess_supply бесплатный — отправка только увеличила бы obj, MIP корректно оставил вагоны в остатке.
  [s_idx  407] Готня | тип=БК | ЕТСНГ=542239 | period=10 | mass_unload=false | осталось 1 из 1 ваг.
    ПРИЧИНА: доступны только Wash-дуги (36 шт., мин. стоимость 186366 руб./ваг.). В модели Wash не имеет штрафа за незаполнение,
             а excess_supply бесплатный — отправка только увеличила бы obj, MIP корректно оставил вагоны в остатке.
  [s_idx  408] Толмачево | тип=БК | ЕТСНГ=542239 | period=10 | mass_unload=false | осталось 1 из 1 ваг.
    ПРИЧИНА: доступны только Wash-дуги (36 шт., мин. стоимость 176828 руб./ваг.). В модели Wash не имеет штрафа за незаполнение,
             а excess_supply бесплатный — отправка только увеличила бы obj, MIP корректно оставил вагоны в остатке.
  [s_idx  409] Йошкар-Ола | тип=БКТ | ЕТСНГ=— | period=10 | mass_unload=false | осталось 1 из 1 ваг.
    ПРИЧИНА: доступны только Wash-дуги (36 шт., мин. стоимость 194817 руб./ваг.). В модели Wash не имеет штрафа за незаполнение,
             а excess_supply бесплатный — отправка только увеличила бы obj, MIP корректно оставил вагоны в остатке.
  [s_idx  410] Дятьково | тип=БК | ЕТСНГ=421034 | period=10 | mass_unload=false | осталось 4 из 4 ваг.
    ПРИЧИНА: нет ни одной допустимой дуги (нет тарифа, несовм. тип вагона или грязный груз).
  [s_idx  411] Глазов | тип=БКТ | ЕТСНГ=542239 | period=10 | mass_unload=false | осталось 4 из 4 ваг.
    ПРИЧИНА: доступны только Wash-дуги (36 шт., мин. стоимость 200301 руб./ваг.). В модели Wash не имеет штрафа за незаполнение,
             а excess_supply бесплатный — отправка только увеличила бы obj, MIP корректно оставил вагоны в остатке.
  [s_idx  412] Санкт-Петербург-Товарный-Московский | тип=БКТ | ЕТСНГ=542239 | period=10 | mass_unload=false | осталось 1 из 1 ваг.
    ПРИЧИНА: доступны только Wash-дуги (36 шт., мин. стоимость 141205 руб./ваг.). В модели Wash не имеет штрафа за незаполнение,
             а excess_supply бесплатный — отправка только увеличила бы obj, MIP корректно оставил вагоны в остатке.
  [s_idx  413] Рощино | тип=БКТ | ЕТСНГ=542239 | period=10 | mass_unload=false | осталось 3 из 3 ваг.
    ПРИЧИНА: доступны только Wash-дуги (36 шт., мин. стоимость 143949 руб./ваг.). В модели Wash не имеет штрафа за незаполнение,
             а excess_supply бесплатный — отправка только увеличила бы obj, MIP корректно оставил вагоны в остатке.
  [s_idx  414] Тербуны | тип=БКТ | ЕТСНГ=542239 | period=10 | mass_unload=false | осталось 1 из 1 ваг.
    ПРИЧИНА: доступны только Wash-дуги (36 шт., мин. стоимость 147899 руб./ваг.). В модели Wash не имеет штрафа за незаполнение,
             а excess_supply бесплатный — отправка только увеличила бы obj, MIP корректно оставил вагоны в остатке.
  [s_idx  415] Позимь | тип=БК | ЕТСНГ=— | period=10 | mass_unload=false | осталось 1 из 1 ваг.
    ПРИЧИНА: доступны только Wash-дуги (36 шт., мин. стоимость 188003 руб./ваг.). В модели Wash не имеет штрафа за незаполнение,
             а excess_supply бесплатный — отправка только увеличила бы obj, MIP корректно оставил вагоны в остатке.
  [s_idx  416] Лужская | тип=БК | ЕТСНГ=018023 | period=10 | mass_unload=false | осталось 2 из 2 ваг.
    ПРИЧИНА: все Load-спросы уже закрыты (Load-дуг 158, Wash-дуг 0; везде rem_demand=0).
  [s_idx  417] Сендега | тип=БК | ЕТСНГ=542239 | period=10 | mass_unload=false | осталось 1 из 1 ваг.
    ПРИЧИНА: доступны только Wash-дуги (36 шт., мин. стоимость 146828 руб./ваг.). В модели Wash не имеет штрафа за незаполнение,
             а excess_supply бесплатный — отправка только увеличила бы obj, MIP корректно оставил вагоны в остатке.
  [s_idx  418] Кромская | тип=БК | ЕТСНГ=421034 | period=10 | mass_unload=false | осталось 4 из 4 ваг.
    ПРИЧИНА: доступны только Wash-дуги (36 шт., мин. стоимость 146828 руб./ваг.). В модели Wash не имеет штрафа за незаполнение,
             а excess_supply бесплатный — отправка только увеличила бы obj, MIP корректно оставил вагоны в остатке.
  [s_idx  419] Шуя | тип=БКТ | ЕТСНГ=542239 | period=10 | mass_unload=false | осталось 1 из 1 ваг.
    ПРИЧИНА: доступны только Wash-дуги (36 шт., мин. стоимость 111702 руб./ваг.). В модели Wash не имеет штрафа за незаполнение,
             а excess_supply бесплатный — отправка только увеличила бы obj, MIP корректно оставил вагоны в остатке.
  [s_idx  420] Витебск | тип=БКТ | ЕТСНГ=018019 | period=10 | mass_unload=false | осталось 3 из 3 ваг.
    ПРИЧИНА: все Load-спросы уже закрыты (Load-дуг 162, Wash-дуг 0; везде rem_demand=0).
  [s_idx  421] Зуй | тип=БК | ЕТСНГ=421034 | period=10 | mass_unload=false | осталось 2 из 2 ваг.
    ПРИЧИНА: нет ни одной допустимой дуги (нет тарифа, несовм. тип вагона или грязный груз).
  [s_idx  423] Автово (Экспорт) | тип=БКТ | ЕТСНГ=434034 | period=10 | mass_unload=false | осталось 4 из 4 ваг.
    ПРИЧИНА: все Load-спросы уже закрыты (Load-дуг 164, Wash-дуг 0; везде rem_demand=0).
  [s_idx  424] Гродеково (Экспорт КЖД [Китай]) | тип=БК | ЕТСНГ=018023 | period=10 | mass_unload=false | осталось 1 из 1 ваг.
    ПРИЧИНА: все Load-спросы уже закрыты (Load-дуг 167, Wash-дуг 0; везде rem_demand=0).
  [s_idx  425] Чернянка | тип=БК | ЕТСНГ=— | period=10 | mass_unload=false | осталось 3 из 3 ваг.
    ПРИЧИНА: доступны только Wash-дуги (36 шт., мин. стоимость 150610 руб./ваг.). В модели Wash не имеет штрафа за незаполнение,
             а excess_supply бесплатный — отправка только увеличила бы obj, MIP корректно оставил вагоны в остатке.
  [s_idx  426] Гродеково (Экспорт КЖД [Китай]) | тип=БКТ | ЕТСНГ=018023 | period=10 | mass_unload=false | осталось 2 из 2 ваг.
    ПРИЧИНА: все Load-спросы уже закрыты (Load-дуг 168, Wash-дуг 0; везде rem_demand=0).
  [s_idx  427] Лужская | тип=Т | ЕТСНГ=018023 | period=10 | mass_unload=false | осталось 1 из 1 ваг.
    ПРИЧИНА: все Load-спросы уже закрыты (Load-дуг 158, Wash-дуг 0; везде rem_demand=0).
  [s_idx  432] Порт Оля | тип=БК | ЕТСНГ=014003 | period=10 | mass_unload=false | осталось 5 из 5 ваг.
    ПРИЧИНА: все Load-спросы уже закрыты (Load-дуг 166, Wash-дуг 0; везде rem_demand=0).
  [s_idx  433] Порт Оля | тип=БК | ЕТСНГ=014003 | period=10 | mass_unload=false | осталось 2 из 2 ваг.
    ПРИЧИНА: все Load-спросы уже закрыты (Load-дуг 166, Wash-дуг 0; везде rem_demand=0).
  [s_idx  434] Рощино | тип=Т | ЕТСНГ=011005 | period=10 | mass_unload=false | осталось 1 из 1 ваг.
    ПРИЧИНА: все Load-спросы уже закрыты (Load-дуг 167, Wash-дуг 0; везде rem_demand=0).
  [s_idx  435] Придонская | тип=БКТ | ЕТСНГ=542239 | period=10 | mass_unload=false | осталось 3 из 3 ваг.
    ПРИЧИНА: доступны только Wash-дуги (36 шт., мин. стоимость 114987 руб./ваг.). В модели Wash не имеет штрафа за незаполнение,
             а excess_supply бесплатный — отправка только увеличила бы obj, MIP корректно оставил вагоны в остатке.
  [s_idx  437] ЛИЕПАЯ- (ЭКСП.) | тип=БК | ЕТСНГ=011005 | period=10 | mass_unload=false | осталось 2 из 2 ваг.
    ПРИЧИНА: все Load-спросы уже закрыты (Load-дуг 167, Wash-дуг 0; везде rem_demand=0).
  [s_idx  438] Мурманские Ворота | тип=БК | ЕТСНГ=011005 | period=10 | mass_unload=false | осталось 1 из 1 ваг.
    ПРИЧИНА: все Load-спросы уже закрыты (Load-дуг 164, Wash-дуг 0; везде rem_demand=0).
  [s_idx  439] Тихвин | тип=БКТ | ЕТСНГ=421034 | period=10 | mass_unload=false | осталось 1 из 1 ваг.
    ПРИЧИНА: все Load-спросы уже закрыты (Load-дуг 168, Wash-дуг 0; везде rem_demand=0).
  [s_idx  440] Орша-Восточная | тип=Т | ЕТСНГ=542239 | period=10 | mass_unload=false | осталось 2 из 2 ваг.
    ПРИЧИНА: все Load-спросы уже закрыты (Load-дуг 166, Wash-дуг 0; везде rem_demand=0).
  [s_idx  442] Новоельня | тип=БКТ | ЕТСНГ=542239 | period=10 | mass_unload=false | осталось 2 из 2 ваг.
    ПРИЧИНА: все Load-спросы уже закрыты (Load-дуг 168, Wash-дуг 0; везде rem_demand=0).
  [s_idx  443] Сендега | тип=БКТ | ЕТСНГ=542239 | period=10 | mass_unload=false | осталось 4 из 4 ваг.
    ПРИЧИНА: доступны только Wash-дуги (36 шт., мин. стоимость 146828 руб./ваг.). В модели Wash не имеет штрафа за незаполнение,
             а excess_supply бесплатный — отправка только увеличила бы obj, MIP корректно оставил вагоны в остатке.
  [s_idx  444] Мальта | тип=БК | ЕТСНГ=— | period=10 | mass_unload=false | осталось 3 из 3 ваг.
    ПРИЧИНА: доступны только Wash-дуги (36 шт., мин. стоимость 112310 руб./ваг.). В модели Wash не имеет штрафа за незаполнение,
             а excess_supply бесплатный — отправка только увеличила бы obj, MIP корректно оставил вагоны в остатке.
  [s_idx  445] Стрижи | тип=БКТ | ЕТСНГ=— | period=10 | mass_unload=false | осталось 1 из 1 ваг.
    ПРИЧИНА: доступны только Wash-дуги (36 шт., мин. стоимость 224983 руб./ваг.). В модели Wash не имеет штрафа за незаполнение,
             а excess_supply бесплатный — отправка только увеличила бы obj, MIP корректно оставил вагоны в остатке.
  [s_idx  446] Мурманские Ворота | тип=БКТ | ЕТСНГ=542239 | period=10 | mass_unload=false | осталось 1 из 1 ваг.
    ПРИЧИНА: доступны только Wash-дуги (36 шт., мин. стоимость 114342 руб./ваг.). В модели Wash не имеет штрафа за незаполнение,
             а excess_supply бесплатный — отправка только увеличила бы obj, MIP корректно оставил вагоны в остатке.
  [s_idx  447] Качалино | тип=БКТ | ЕТСНГ=542224 | period=10 | mass_unload=false | осталось 1 из 1 ваг.
    ПРИЧИНА: доступны только Wash-дуги (36 шт., мин. стоимость 111398 руб./ваг.). В модели Wash не имеет штрафа за незаполнение,
             а excess_supply бесплатный — отправка только увеличила бы obj, MIP корректно оставил вагоны в остатке.
  [s_idx  448] Йошкар-Ола | тип=БКТ | ЕТСНГ=542239 | period=10 | mass_unload=false | осталось 2 из 2 ваг.
    ПРИЧИНА: доступны только Wash-дуги (36 шт., мин. стоимость 194817 руб./ваг.). В модели Wash не имеет штрафа за незаполнение,
             а excess_supply бесплатный — отправка только увеличила бы obj, MIP корректно оставил вагоны в остатке.
  [s_idx  449] НЕВЕЛЬ 1 | тип=БКТ | ЕТСНГ=542239 | period=10 | mass_unload=false | осталось 3 из 3 ваг.
    ПРИЧИНА: доступны только Wash-дуги (36 шт., мин. стоимость 227462 руб./ваг.). В модели Wash не имеет штрафа за незаполнение,
             а excess_supply бесплатный — отправка только увеличила бы obj, MIP корректно оставил вагоны в остатке.
  [s_idx  450] Металлист | тип=БК | ЕТСНГ=542239 | period=10 | mass_unload=false | осталось 2 из 2 ваг.
    ПРИЧИНА: доступны только Wash-дуги (36 шт., мин. стоимость 149116 руб./ваг.). В модели Wash не имеет штрафа за незаполнение,
             а excess_supply бесплатный — отправка только увеличила бы obj, MIP корректно оставил вагоны в остатке.
  [s_idx  451] Йошкар-Ола | тип=БК | ЕТСНГ=— | period=10 | mass_unload=false | осталось 1 из 1 ваг.
    ПРИЧИНА: доступны только Wash-дуги (36 шт., мин. стоимость 194817 руб./ваг.). В модели Wash не имеет штрафа за незаполнение,
             а excess_supply бесплатный — отправка только увеличила бы obj, MIP корректно оставил вагоны в остатке.
  [s_idx  452] Воскресенск | тип=БК | ЕТСНГ=421208 | period=10 | mass_unload=false | осталось 1 из 1 ваг.
    ПРИЧИНА: доступны только Wash-дуги (36 шт., мин. стоимость 110975 руб./ваг.). В модели Wash не имеет штрафа за незаполнение,
             а excess_supply бесплатный — отправка только увеличила бы obj, MIP корректно оставил вагоны в остатке.
  [s_idx  453] Позимь | тип=БК | ЕТСНГ=542239 | period=10 | mass_unload=false | осталось 3 из 3 ваг.
    ПРИЧИНА: доступны только Wash-дуги (36 шт., мин. стоимость 188003 руб./ваг.). В модели Wash не имеет штрафа за незаполнение,
             а excess_supply бесплатный — отправка только увеличила бы obj, MIP корректно оставил вагоны в остатке.
  [s_idx  455] Забайкальск (Экспорт КЖД [Китай]) | тип=Т | ЕТСНГ=018019 | period=10 | mass_unload=false | осталось 1 из 1 ваг.
    ПРИЧИНА: все Load-спросы уже закрыты (Load-дуг 165, Wash-дуг 0; везде rem_demand=0).
  [s_idx  456] Качалино | тип=БК | ЕТСНГ=542224 | period=10 | mass_unload=false | осталось 3 из 3 ваг.
    ПРИЧИНА: доступны только Wash-дуги (36 шт., мин. стоимость 111398 руб./ваг.). В модели Wash не имеет штрафа за незаполнение,
             а excess_supply бесплатный — отправка только увеличила бы obj, MIP корректно оставил вагоны в остатке.
  [s_idx  457] Почеп | тип=БКТ | ЕТСНГ=542224 | period=10 | mass_unload=false | осталось 3 из 3 ваг.
    ПРИЧИНА: доступны только Wash-дуги (36 шт., мин. стоимость 113949 руб./ваг.). В модели Wash не имеет штрафа за незаполнение,
             а excess_supply бесплатный — отправка только увеличила бы obj, MIP корректно оставил вагоны в остатке.
  [s_idx  458] Тверь | тип=БК | ЕТСНГ=542239 | period=10 | mass_unload=false | осталось 1 из 1 ваг.
    ПРИЧИНА: доступны только Wash-дуги (36 шт., мин. стоимость 201728 руб./ваг.). В модели Wash не имеет штрафа за незаполнение,
             а excess_supply бесплатный — отправка только увеличила бы obj, MIP корректно оставил вагоны в остатке.
  [s_idx  459] Янов-Полесский | тип=БКТ | ЕТСНГ=014003 | period=10 | mass_unload=false | осталось 1 из 1 ваг.
    ПРИЧИНА: все Load-спросы уже закрыты (Load-дуг 165, Wash-дуг 0; везде rem_demand=0).
  [s_idx  461] Порт Оля | тип=Т | ЕТСНГ=014003 | period=10 | mass_unload=false | осталось 1 из 1 ваг.
    ПРИЧИНА: все Load-спросы уже закрыты (Load-дуг 166, Wash-дуг 0; везде rem_demand=0).
  [s_idx  462] Новый Порт (Экспорт) | тип=БК | ЕТСНГ=021079 | period=10 | mass_unload=false | осталось 2 из 2 ваг.
    ПРИЧИНА: все Load-спросы уже закрыты (Load-дуг 167, Wash-дуг 0; везде rem_demand=0).
  [s_idx  463] Готня | тип=БК | ЕТСНГ=542224 | period=10 | mass_unload=false | осталось 1 из 1 ваг.
    ПРИЧИНА: доступны только Wash-дуги (36 шт., мин. стоимость 186366 руб./ваг.). В модели Wash не имеет штрафа за незаполнение,
             а excess_supply бесплатный — отправка только увеличила бы obj, MIP корректно оставил вагоны в остатке.
  [s_idx  466] Гродеково (Экспорт КЖД [Китай]) | тип=Т | ЕТСНГ=018023 | period=10 | mass_unload=false | осталось 2 из 2 ваг.
    ПРИЧИНА: все Load-спросы уже закрыты (Load-дуг 167, Wash-дуг 0; везде rem_demand=0).
  [s_idx  467] Порт Оля | тип=БКТ | ЕТСНГ=014003 | period=10 | mass_unload=false | осталось 1 из 1 ваг.
    ПРИЧИНА: все Load-спросы уже закрыты (Load-дуг 167, Wash-дуг 0; везде rem_demand=0).
  [s_idx  468] Забайкальск (Экспорт КЖД [Китай]) | тип=БКТ | ЕТСНГ=018038 | period=10 | mass_unload=false | осталось 2 из 2 ваг.
    ПРИЧИНА: все Load-спросы уже закрыты (Load-дуг 166, Wash-дуг 0; везде rem_demand=0).
  [s_idx  469] Мурманские Ворота | тип=Т | ЕТСНГ=011005 | period=10 | mass_unload=false | осталось 2 из 2 ваг.
    ПРИЧИНА: все Load-спросы уже закрыты (Load-дуг 164, Wash-дуг 0; везде rem_demand=0).
  [s_idx  472] Круглое Поле | тип=БКТ | ЕТСНГ=018112 | period=10 | mass_unload=false | осталось 1 из 1 ваг.
    ПРИЧИНА: все Load-спросы уже закрыты (Load-дуг 168, Wash-дуг 0; везде rem_demand=0).
  [s_idx  473] Витебск | тип=Т | ЕТСНГ=018019 | period=10 | mass_unload=false | осталось 2 из 2 ваг.
    ПРИЧИНА: все Load-спросы уже закрыты (Load-дуг 161, Wash-дуг 0; везде rem_demand=0).
  [s_idx  474] Уссурийск | тип=БКТ | ЕТСНГ=542239 | period=10 | mass_unload=false | осталось 2 из 2 ваг.
    ПРИЧИНА: доступны только Wash-дуги (36 шт., мин. стоимость 154208 руб./ваг.). В модели Wash не имеет штрафа за незаполнение,
             а excess_supply бесплатный — отправка только увеличила бы obj, MIP корректно оставил вагоны в остатке.
  [s_idx  477] Сморгонь | тип=БКТ | ЕТСНГ=542239 | period=10 | mass_unload=false | осталось 2 из 2 ваг.
    ПРИЧИНА: все Load-спросы уже закрыты (Load-дуг 166, Wash-дуг 0; везде rem_demand=0).
  [s_idx  478] Новый Порт | тип=БКТ | ЕТСНГ=021083 | period=10 | mass_unload=false | осталось 1 из 1 ваг.
    ПРИЧИНА: все Load-спросы уже закрыты (Load-дуг 160, Wash-дуг 0; везде rem_demand=0).
  [s_idx  479] Ожерелье | тип=Т | ЕТСНГ=542224 | period=10 | mass_unload=false | осталось 3 из 3 ваг.
    ПРИЧИНА: доступны только Wash-дуги (36 шт., мин. стоимость 116022 руб./ваг.). В модели Wash не имеет штрафа за незаполнение,
             а excess_supply бесплатный — отправка только увеличила бы obj, MIP корректно оставил вагоны в остатке.
  [s_idx  480] Токаревка | тип=БК | ЕТСНГ=542239 | period=10 | mass_unload=false | осталось 5 из 5 ваг.
    ПРИЧИНА: доступны только Wash-дуги (36 шт., мин. стоимость 148766 руб./ваг.). В модели Wash не имеет штрафа за незаполнение,
             а excess_supply бесплатный — отправка только увеличила бы obj, MIP корректно оставил вагоны в остатке.
  [s_idx  481] Вязьма | тип=БКТ | ЕТСНГ=421195 | period=10 | mass_unload=false | осталось 1 из 1 ваг.
    ПРИЧИНА: доступны только Wash-дуги (36 шт., мин. стоимость 187638 руб./ваг.). В модели Wash не имеет штрафа за незаполнение,
             а excess_supply бесплатный — отправка только увеличила бы obj, MIP корректно оставил вагоны в остатке.
  [s_idx  482] Почеп | тип=БКТ | ЕТСНГ=542239 | period=10 | mass_unload=false | осталось 1 из 1 ваг.
    ПРИЧИНА: доступны только Wash-дуги (36 шт., мин. стоимость 113949 руб./ваг.). В модели Wash не имеет штрафа за незаполнение,
             а excess_supply бесплатный — отправка только увеличила бы obj, MIP корректно оставил вагоны в остатке.
  [s_idx  483] ЛИЕПАЯ- (ЭКСП.) | тип=БК | ЕТСНГ=542101 | period=10 | mass_unload=false | осталось 1 из 1 ваг.
    ПРИЧИНА: все Load-спросы уже закрыты (Load-дуг 167, Wash-дуг 0; везде rem_demand=0).
  [s_idx  484] Пуховичи | тип=БКТ | ЕТСНГ=542239 | period=10 | mass_unload=false | осталось 1 из 1 ваг.
    ПРИЧИНА: все Load-спросы уже закрыты (Load-дуг 165, Wash-дуг 0; везде rem_demand=0).
  [s_idx  487] ЗИЕМЕЛЬБЛАЗМА (ЭКСП.) | тип=Т | ЕТСНГ=542239 | period=10 | mass_unload=true | осталось 2 из 2 ваг.
    ПРИЧИНА: все Load-спросы уже закрыты (Load-дуг 167, Wash-дуг 0; везде rem_demand=0).
  [s_idx  488] Шуя | тип=БК | ЕТСНГ=542239 | period=10 | mass_unload=false | осталось 1 из 1 ваг.
    ПРИЧИНА: доступны только Wash-дуги (36 шт., мин. стоимость 111702 руб./ваг.). В модели Wash не имеет штрафа за незаполнение,
             а excess_supply бесплатный — отправка только увеличила бы obj, MIP корректно оставил вагоны в остатке.
  [s_idx  489] ЗИЕМЕЛЬБЛАЗМА (ЭКСП.) | тип=Т | ЕТСНГ=011005 | period=10 | mass_unload=true | осталось 2 из 2 ваг.
    ПРИЧИНА: все Load-спросы уже закрыты (Load-дуг 167, Wash-дуг 0; везде rem_demand=0).
  [s_idx  490] ЛИЕПАЯ- (ЭКСП.) | тип=Т | ЕТСНГ=011005 | period=10 | mass_unload=false | осталось 2 из 2 ваг.
    ПРИЧИНА: все Load-спросы уже закрыты (Load-дуг 167, Wash-дуг 0; везде rem_demand=0).
  [s_idx  496] Готня | тип=БКТ | ЕТСНГ=542224 | period=10 | mass_unload=false | осталось 2 из 2 ваг.
    ПРИЧИНА: доступны только Wash-дуги (36 шт., мин. стоимость 186366 руб./ваг.). В модели Wash не имеет штрафа за незаполнение,
             а excess_supply бесплатный — отправка только увеличила бы obj, MIP корректно оставил вагоны в остатке.
  [s_idx  497] Сморгонь | тип=Т | ЕТСНГ=542239 | period=10 | mass_unload=false | осталось 1 из 1 ваг.
    ПРИЧИНА: все Load-спросы уже закрыты (Load-дуг 165, Wash-дуг 0; везде rem_demand=0).
  [s_idx  498] Автово (Экспорт) | тип=Т | ЕТСНГ=434034 | period=10 | mass_unload=false | осталось 1 из 1 ваг.
    ПРИЧИНА: все Load-спросы уже закрыты (Load-дуг 163, Wash-дуг 0; везде rem_demand=0).
  [s_idx  500] Воскресенск | тип=Т | ЕТСНГ=421208 | period=10 | mass_unload=false | осталось 1 из 1 ваг.
    ПРИЧИНА: доступны только Wash-дуги (36 шт., мин. стоимость 110975 руб./ваг.). В модели Wash не имеет штрафа за незаполнение,
             а excess_supply бесплатный — отправка только увеличила бы obj, MIP корректно оставил вагоны в остатке.
  [s_idx  501] Иваново-Сортировочное | тип=БКТ | ЕТСНГ=421208 | period=10 | mass_unload=false | осталось 1 из 1 ваг.
    ПРИЧИНА: доступны только Wash-дуги (36 шт., мин. стоимость 110104 руб./ваг.). В модели Wash не имеет штрафа за незаполнение,
             а excess_supply бесплатный — отправка только увеличила бы obj, MIP корректно оставил вагоны в остатке.
  [s_idx  504] ЗИЕМЕЛЬБЛАЗМА (ЭКСП.) | тип=БК | ЕТСНГ=011005 | period=10 | mass_unload=true | осталось 1 из 1 ваг.
    ПРИЧИНА: все Load-спросы уже закрыты (Load-дуг 167, Wash-дуг 0; везде rem_demand=0).
  [s_idx  507] Городея | тип=БКТ | ЕТСНГ=542239 | period=10 | mass_unload=false | осталось 1 из 1 ваг.
    ПРИЧИНА: все Load-спросы уже закрыты (Load-дуг 167, Wash-дуг 0; везде rem_demand=0).
  [s_idx  508] Глазов | тип=Т | ЕТСНГ=— | period=10 | mass_unload=false | осталось 1 из 1 ваг.
    ПРИЧИНА: доступны только Wash-дуги (36 шт., мин. стоимость 200301 руб./ваг.). В модели Wash не имеет штрафа за незаполнение,
             а excess_supply бесплатный — отправка только увеличила бы obj, MIP корректно оставил вагоны в остатке.

  СВОДКА ПО ПРИЧИНАМ:
    нет допустимых дуг                  узлов:   9, вагонов:   41
    доступны только Wash-дуги           узлов:  96, вагонов:  322
    все Load-адресаты закрыты           узлов: 167, вагонов: 1854
---------------------------------
--- SEED ДЛЯ ALNS ---
  greedy : undist 1892 (unmet   0 + excess 1892), assigned 1915, real_cost 116876596.49 руб.
  MIP    : undist 2217 (unmet   0 + excess 2217), assigned 1590, real_cost  68990740.78 руб.
  выбран : greedy (критерий: min(undist), затем min(unmet), затем min(real_cost))
---------------------
--- ALNS СТАРТ ---
Начальная real_cost:       116876596.49 руб.
Начальная objective_cost:  126336596.49 руб. (penalty: 9460000.00, unmet: 0, excess: 1892)
Нераспределено (итого):    1892 ваг. (= unmet + excess)
Назначений:                505
Ремонтный оператор:        repair_mip (жёсткий MIN_BATCH)
Бюджет времени:            180 сек.
------------------
[iter   100] ·  34.0/180s | best real 116876596.49 | undist 1892 (unmet 0 + excess 1892) | accept 0 | K=24%
[iter   200] ·  88.0/180s | best real 116876596.49 | undist 1892 (unmet 0 + excess 1892) | accept 0 | K=28%
[iter   300] · 167.0/180s | best real 116876596.49 | undist 1892 (unmet 0 + excess 1892) | accept 0 | K=32%
--- ALNS ФИНИШ ---
Итераций:            316
Улучшений:           0
Лучшая real_cost:    116876596.49 руб.
Лучшая objective:    126336596.49 руб. (penalty: 9460000.00, unmet: 0, excess: 1892)
Затрачено:           180.2 сек.
Финальный K:         32%
------------------
Записей в отчёте (Excel):    780 (651 оптим. + 101 по факту + 28 в ремонт) / 3612 вагонов
  → в POST АПИ (период 1):   398 записей / 1371 вагонов
  → исключено (предл. 10, дислокация): 382 записей / 2241 вагонов
Чекпоинт сохранён:           tmp/checkpoint_2026-05-04_18-25-18.xlsx
Назначения отправлены в АПИ: OK

======= РЕЗУЛЬТАТЫ ОПТИМИЗАЦИИ =======
Статус решателя:      ALNS (316 итер., 0 улучш., 180.2 сек.)
Назначено вагонов:    1915
Избыток предложения:  1892 ваг. (dummy-спрос)
  остаток по периодам предложения: p1=506 p10=1386 прочие=0
Суммарная стоимость:  116876596 руб.
======================================

Результат сохранён:          tmp/result_20260504_182520.json
[SUCCESS] railoptim завершил работу успешно.
