[Чт 10 сен 2026 11:05:00 MSK] Запуск: /home/atretyakov/railoptim/app/bin/railoptim (env=prod, MIP_WARM_START=on)
stations_geo: 19494 записей, data/stations/stations_geo.sqlite (baltic=671, china_mongolia=339, cis=6263, ru=11848, south_caucasus=373)
Получено узлов спроса (погрузка): 450 или 6715 вагонов
Получено узлов предложения 1 сут.:  197 или 745 вагонов
Получено узлов предложения всего:  197 или 745 вагонов
  свободных для назначения:  149 или 644 вагонов
  требуют ремонта (В ремонт):13 или 37 вагонов
  по факту (Assigned):       35 или 64 вагонов
Дороги без промывки (NoCleaningRoads): 8
Коды «уже промыт/ремонт» (WashedEmptyEtsngCodes): 2
Бизнес-правила (business_rules.json): потолок подсыла 5000 км; инотерриторий 12 (исключений 2); дефицитных дорог 6 (вывоз ≤ 300 км, надбавка 30000 руб.)
Ban-list чужих владельцев отстоя (reserve_owners.json): 4 пар (станция+ОКПО)
Узлов спроса (промывка):     36 или мощность в период 5 суток 2795 вагонов
  предложений с ЕТСНГ из списка промывки: 12 вагонов (освобождены по NoCleaningRoads: 5; из них есть узел погрузки с тем же ЕТСНГ на любой станции — альтернатива промывке по спросу: 12 вагонов)
Получено тарифов:            14212
Загружено ремонтных станций: 102
Тарифов до ремонтных ст.:    612
Тарифов до промывки (с надбавкой 10000+40000=50000 руб.): 170
Ограничения ДМЗИ:            13 дорог (90 записей Ostatok)
  ВСБ  период 1 ≤    5, период 10 ≤    7 ваг.
  ГОР  период 1 ≤  391, период 10 ≤  551 ваг.
  ЗАБ  период 1 ≤   20, период 10 ≤   30 ваг.
  ЗСБ  период 1 ≤ 1080, период 10 ≤ 1532 ваг.
  КБШ  период 1 ≤  972, период 10 ≤ 1380 ваг.
  КРС  период 1 ≤   15, период 10 ≤   21 ваг.
  МСК  период 1 ≤  707, период 10 ≤ 1007 ваг.
  ОКТ  период 1 ≤  306, период 10 ≤  436 ваг.
  ПРВ  период 1 ≤ 1042, период 10 ≤ 1472 ваг.
  СВР  период 1 ≤  556, период 10 ≤  790 ваг.
  СЕВ  период 1 ≤   15, период 10 ≤   21 ваг.
  ЮВС  период 1 ≤ 1454, период 10 ≤ 2076 ваг.
  ЮУР  период 1 ≤  745, период 10 ≤ 1045 ваг.
БД отстоя обновлена:         получено 32 / записано 32 / без etran_id 0
Узлы отстоя (резервы):       74 узлов / ёмкость 2155 ваг. (записей в БД 207, дублей 0, отфильтровано 133, чужих по ban-list 421)
FREE_LOADROADS_STATS={"date_from": "2026-03-10", "date_to": "2026-09-10", "load_station_codes": 492, "cars_on_station_rows": 1916, "cars_total": 80674}
Свободные ёмкости путей:     85 крупных станций -> data/load_stations_free_capacity.json
Всего пар supply×demand:     72414
  без тарифа:                        5947 (8.2%)
  нарушение срока (жёстко):          0 (0.0%)
  несовм. тип вагона:                1734 (2.4%)
  грязный вагон → чужой ЕТСНГ:       2618 (3.6%)
  грязный: дальняя погрузка дороже промывки → в промывку: 7 (0.0%)
  погрузка дальше потолка расстояния (5000 км): 7513 (10.4%)
  инотерритория (правило 1):           3704 (5.1%)
  вывоз с дефицитной дороги (правило 2): 18231 (25.2%)
  допустимых дуг с надбавкой по правилам: 585 (0.8%)
  допустимых дуг со штрафом за срок:   16077 (22.2%)
  допустимых дуг всего в LP:      32660 (45.1%)
Ограничения партии (MIN_BATCH): массовая выгрузка — 2678 дуг / 143 пар; средние станции — 6681 дуг / 626 пар (станций образования: 11, погрузки: 121)
  маршрутные отправки (B=10): 266 дуг / 38 пар (станций образования: 8, маршрутных станций погрузки: 6)
--- АНАЛИЗ РЕСУРСОВ ---
Предложение: 644 ваг.
Спрос (погрузка): 6715 ваг.
Ёмкость промывки (верх): 2795 ваг.
Статус: ДЕФИЦИТ  (6071 ваг. — штрафные дуги)
-----------------------
--- ЖАДНОЕ РЕШЕНИЕ ---
Назначений:            215 шт.
Назначено вагонов:     636 / 6715 спрос (погрузка), 644 предложение
Суммарная стоимость:   23794107.76 руб.
Неудовлетворён спрос:  6088 ваг.
Избыток предложения:   8 ваг.
Покрытие спроса (погр.): 9.5%
----------------------
MIP warm-start: ON (greedy) (управляется env MIP_WARM_START={on|off}, по умолч. on)
--- MIP РЕШЕНИЕ ---
Статус:                MIP Optimal (gap=0.000%)
Назначено вагонов:     632 / 6715 спрос (погрузка), 644 предложение
Суммарная стоимость:   23729716.59 руб.
Неудовлетворён спрос:  6083 ваг.
Избыток предложения:   12 ваг.
Покрытие спроса (погр.): 9.4%
-------------------
MIP время: 3.39 сек (warm-start: ON)
MIP диагностика: status=Optimal, gap=0.0000%, undist=6095 (unmet=6083, excess=12), real_cost=23729716.59
MIP vs greedy:   greedy undist=6096 (unmet=6088, excess=8), real_cost=23794107.76  →  Δundist=-1, Δcost=-64391.17
  ВНИМАНИЕ: MIP не закрыл 6083 ваг. спроса на погрузку (unmet > 0). Возможные причины:
           (а) PENALTY_UNMET ниже стоимости единственно допустимых плеч,
           (б) HiGHS остановился по rel_gap до закрытия всего спроса.
--- ДИАГНОСТИКА EXCESS SUPPLY (12 ваг. в 5 узлах) ---
  [s_idx   49] Блюхер (Экспорт) | тип=БК | ЕТСНГ=011005 | period=1 | mass_unload=false | осталось 3 из 5 ваг.
    ПРИЧИНА: все Load-спросы уже закрыты (Load-дуг 5, Wash-дуг 0; везде rem_demand=0).
  [s_idx   88] Селикса | тип=БКТ | ЕТСНГ=— | period=1 | mass_unload=false | осталось 3 из 3 ваг.
    ПРИЧИНА: доступны только Wash-дуги (36 шт., мин. стоимость 63187 руб./ваг.). В модели Wash не имеет штрафа за незаполнение,
             а excess_supply бесплатный — отправка только увеличила бы obj, MIP корректно оставил вагоны в остатке.
  [s_idx  108] Денежниково | тип=БКТ | ЕТСНГ=542239 | period=1 | mass_unload=false | осталось 1 из 1 ваг.
    ПРИЧИНА: доступны только Wash-дуги (36 шт., мин. стоимость 59116 руб./ваг.). В модели Wash не имеет штрафа за незаполнение,
             а excess_supply бесплатный — отправка только увеличила бы obj, MIP корректно оставил вагоны в остатке.
  [s_idx  109] Денежниково | тип=БК | ЕТСНГ=542239 | period=1 | mass_unload=false | осталось 1 из 1 ваг.
    ПРИЧИНА: доступны только Wash-дуги (36 шт., мин. стоимость 59116 руб./ваг.). В модели Wash не имеет штрафа за незаполнение,
             а excess_supply бесплатный — отправка только увеличила бы obj, MIP корректно оставил вагоны в остатке.
  [s_idx  110] Новый Порт (Экспорт) | тип=БК | ЕТСНГ=542296 | period=1 | mass_unload=false | осталось 4 из 4 ваг.
    ПРИЧИНА: доступны только Wash-дуги (36 шт., мин. стоимость 51205 руб./ваг.). В модели Wash не имеет штрафа за незаполнение,
             а excess_supply бесплатный — отправка только увеличила бы obj, MIP корректно оставил вагоны в остатке.

  СВОДКА ПО ПРИЧИНАМ:
    доступны только Wash-дуги           узлов:   4, вагонов:    9
    все Load-адресаты закрыты           узлов:   1, вагонов:    3
---------------------------------
MIP нашёл глобальный оптимум (gap=0.0000%) — фаза ALNS пропущена.
--- ДИАГНОСТИКА UNMET DEMAND (6083 ваг. в 388 узлах) ---
  [d_idx    0] Тобол (КЗХ) | тип=Прочие | ЕТСНГ=018131 | период=1 | отправка=Повагонная | не закрыто 13 из 15 ваг.
    ПРИЧИНА: дуги есть (39 шт.), но все совместимые узлы предложения исчерпаны — вагоны ушли на другие заявки (конкуренция за предложение).
  [d_idx    2] Ак-Куль (КЗХ) | тип=Прочие | ЕТСНГ=018131 | период=1 | отправка=Повагонная | не закрыто 11 из 17 ваг.
    ПРИЧИНА: дуги есть (39 шт.), но все совместимые узлы предложения исчерпаны — вагоны ушли на другие заявки (конкуренция за предложение).
  [d_idx    3] Курорт-Боровое (КЗХ) | тип=Прочие | ЕТСНГ=018131 | период=1 | отправка=Повагонная | не закрыто 25 из 25 ваг.
    ПРИЧИНА: дуги есть (39 шт.), но все совместимые узлы предложения исчерпаны — вагоны ушли на другие заявки (конкуренция за предложение).
  [d_idx    4] Балаково (ПРВ) | тип=Прочие | ЕТСНГ=542239 | период=1 | отправка=Повагонная | не закрыто 4 из 4 ваг.
    ПРИЧИНА: дуги есть (78 шт.), но все совместимые узлы предложения исчерпаны — вагоны ушли на другие заявки (конкуренция за предложение).
  [d_idx    5] Обоянь (ЮВС) | тип=Прочие | ЕТСНГ=011005 | период=1 | отправка=Повагонная | не закрыто 27 из 27 ваг.
    ПРИЧИНА: дуги есть (76 шт.), но все совместимые узлы предложения исчерпаны — вагоны ушли на другие заявки (конкуренция за предложение).
  [d_idx    6] Ржакса (ЮВС) | тип=Прочие | ЕТСНГ=011005 | период=1 | отправка=Повагонная | не закрыто 6 из 6 ваг.
    ПРИЧИНА: дуги есть (72 шт.), но все совместимые узлы предложения исчерпаны — вагоны ушли на другие заявки (конкуренция за предложение).
  [d_idx    7] Бударино (ПРВ) | тип=Прочие | ЕТСНГ=011005 | период=1 | отправка=Повагонная | не закрыто 1 из 1 ваг.
    ПРИЧИНА: дуги есть (76 шт.), но все совместимые узлы предложения исчерпаны — вагоны ушли на другие заявки (конкуренция за предложение).
  [d_idx    8] Янаул (ГОР) | тип=Прочие | ЕТСНГ=011005 | период=1 | отправка=Повагонная | не закрыто 4 из 4 ваг.
    ПРИЧИНА: дуги есть (72 шт.), но все совместимые узлы предложения исчерпаны — вагоны ушли на другие заявки (конкуренция за предложение).
  [d_idx    9] Студенец (КБШ) | тип=Прочие | ЕТСНГ=011005 | период=1 | отправка=Повагонная | не закрыто 2 из 2 ваг.
    ПРИЧИНА: дуги есть (73 шт.), но все совместимые узлы предложения исчерпаны — вагоны ушли на другие заявки (конкуренция за предложение).
  [d_idx   10] Теренсай (ЮУР) | тип=Прочие | ЕТСНГ=014003 | период=1 | отправка=Повагонная | не закрыто 3 из 3 ваг.
    ПРИЧИНА: дуги есть (79 шт.), но все совместимые узлы предложения исчерпаны — вагоны ушли на другие заявки (конкуренция за предложение).
  [d_idx   11] Хомутово (МСК) | тип=Прочие | ЕТСНГ=011005 | период=1 | отправка=Повагонная | не закрыто 6 из 6 ваг.
    ПРИЧИНА: дуги есть (90 шт.), но все совместимые узлы предложения исчерпаны — вагоны ушли на другие заявки (конкуренция за предложение).
  [d_idx   12] Асекеево (КБШ) | тип=Прочие | ЕТСНГ=011005 | период=1 | отправка=Повагонная | не закрыто 10 из 10 ваг.
    ПРИЧИНА: дуги есть (73 шт.), но все совместимые узлы предложения исчерпаны — вагоны ушли на другие заявки (конкуренция за предложение).
  [d_idx   13] Урюпино (ПРВ) | тип=Прочие | ЕТСНГ=542239 | период=1 | отправка=Повагонная | не закрыто 6 из 6 ваг.
    ПРИЧИНА: дуги есть (77 шт.), но все совместимые узлы предложения исчерпаны — вагоны ушли на другие заявки (конкуренция за предложение).
  [d_idx   14] Москаленки (ЗСБ) | тип=Прочие | ЕТСНГ=011005 | период=1 | отправка=Повагонная | не закрыто 7 из 7 ваг.
    ПРИЧИНА: дуги есть (100 шт.), но все совместимые узлы предложения исчерпаны — вагоны ушли на другие заявки (конкуренция за предложение).
  [d_idx   15] Москаленки (ЗСБ) | тип=Прочие | ЕТСНГ=011005 | период=1 | отправка=Повагонная | не закрыто 10 из 10 ваг.
    ПРИЧИНА: дуги есть (100 шт.), но все совместимые узлы предложения исчерпаны — вагоны ушли на другие заявки (конкуренция за предложение).
  [d_idx   16] Алексеевка (ЮВС) | тип=Прочие | ЕТСНГ=542239 | период=1 | отправка=Повагонная | не закрыто 12 из 12 ваг.
    ПРИЧИНА: дуги есть (72 шт.), но все совместимые узлы предложения исчерпаны — вагоны ушли на другие заявки (конкуренция за предложение).
  [d_idx   17] Алексеевка (ЮВС) | тип=Прочие | ЕТСНГ=542239 | период=1 | отправка=Повагонная | не закрыто 12 из 12 ваг.
    ПРИЧИНА: дуги есть (72 шт.), но все совместимые узлы предложения исчерпаны — вагоны ушли на другие заявки (конкуренция за предложение).
  [d_idx   19] Приютово (КБШ) | тип=БКТ | ЕТСНГ=011005 | период=1 | отправка=Повагонная | не закрыто 28 из 28 ваг.
    ПРИЧИНА: дуги есть (19 шт.), но все совместимые узлы предложения исчерпаны — вагоны ушли на другие заявки (конкуренция за предложение).
  [d_idx   20] Приютово (КБШ) | тип=Прочие | ЕТСНГ=011005 | период=1 | отправка=Повагонная | не закрыто 4 из 4 ваг.
    ПРИЧИНА: дуги есть (73 шт.), но все совместимые узлы предложения исчерпаны — вагоны ушли на другие заявки (конкуренция за предложение).
  [d_idx   21] Среднесибирская (ЗСБ) | тип=Прочие | ЕТСНГ=011005 | период=1 | отправка=Повагонная | не закрыто 6 из 10 ваг.
    ПРИЧИНА: дуги есть (88 шт.), но все совместимые узлы предложения исчерпаны — вагоны ушли на другие заявки (конкуренция за предложение).
  [d_idx   22] Аксуат (КЗХ) | тип=Прочие | ЕТСНГ=018131 | период=1 | отправка=Повагонная | не закрыто 20 из 20 ваг.
    ПРИЧИНА: дуги есть (39 шт.), но все совместимые узлы предложения исчерпаны — вагоны ушли на другие заявки (конкуренция за предложение).
  [d_idx   23] Чкалово (КЗХ) | тип=Прочие | ЕТСНГ=018131 | период=1 | отправка=Повагонная | не закрыто 16 из 16 ваг.
    ПРИЧИНА: дуги есть (39 шт.), но все совместимые узлы предложения исчерпаны — вагоны ушли на другие заявки (конкуренция за предложение).
  [d_idx   24] Чкалово (КЗХ) | тип=Прочие | ЕТСНГ=018131 | период=1 | отправка=Повагонная | не закрыто 2 из 2 ваг.
    ПРИЧИНА: дуги есть (39 шт.), но все совместимые узлы предложения исчерпаны — вагоны ушли на другие заявки (конкуренция за предложение).
  [d_idx   25] Тамала (ЮВС) | тип=БКТ | ЕТСНГ=011005 | период=1 | отправка=Повагонная | не закрыто 6 из 6 ваг.
    ПРИЧИНА: дуги есть (19 шт.), но все совместимые узлы предложения исчерпаны — вагоны ушли на другие заявки (конкуренция за предложение).
  [d_idx   29] Эртиль (ЮВС) | тип=Прочие | ЕТСНГ=542072 | период=1 | отправка=Повагонная | не закрыто 10 из 10 ваг.
    ПРИЧИНА: дуги есть (68 шт.), но все совместимые узлы предложения исчерпаны — вагоны ушли на другие заявки (конкуренция за предложение).
  [d_idx   30] Святославка (ЮВС) | тип=Прочие | ЕТСНГ=011005 | период=1 | отправка=Повагонная | не закрыто 4 из 4 ваг.
    ПРИЧИНА: дуги есть (72 шт.), но все совместимые узлы предложения исчерпаны — вагоны ушли на другие заявки (конкуренция за предложение).
  [d_idx   31] Шемордан (ГОР) | тип=Прочие | ЕТСНГ=014003 | период=1 | отправка=Повагонная | не закрыто 5 из 5 ваг.
    ПРИЧИНА: дуги есть (72 шт.), но все совместимые узлы предложения исчерпаны — вагоны ушли на другие заявки (конкуренция за предложение).
  [d_idx   33] Кривецкая (ЮВС) | тип=Прочие | ЕТСНГ=542072 | период=1 | отправка=Повагонная | не закрыто 20 из 20 ваг.
    ПРИЧИНА: дуги есть (76 шт.), но все совместимые узлы предложения исчерпаны — вагоны ушли на другие заявки (конкуренция за предложение).
  [d_idx   34] Золотухино (МСК) | тип=Прочие | ЕТСНГ=011005 | период=1 | отправка=Повагонная | не закрыто 8 из 8 ваг.
    ПРИЧИНА: дуги есть (90 шт.), но все совместимые узлы предложения исчерпаны — вагоны ушли на другие заявки (конкуренция за предложение).
  [d_idx   35] Золотухино (МСК) | тип=Прочие | ЕТСНГ=011005 | период=1 | отправка=Повагонная | не закрыто 27 из 34 ваг.
    ПРИЧИНА: дуги есть (90 шт.), но все совместимые узлы предложения исчерпаны — вагоны ушли на другие заявки (конкуренция за предложение).
  [d_idx   36] Смирново (КЗХ) | тип=Прочие | ЕТСНГ=018131 | период=1 | отправка=Повагонная | не закрыто 1 из 1 ваг.
    ПРИЧИНА: дуги есть (39 шт.), но все совместимые узлы предложения исчерпаны — вагоны ушли на другие заявки (конкуренция за предложение).
  [d_idx   37] Земетчино (КБШ) | тип=Прочие | ЕТСНГ=542072 | период=1 | отправка=Повагонная | не закрыто 13 из 13 ваг.
    ПРИЧИНА: дуги есть (73 шт.), но все совместимые узлы предложения исчерпаны — вагоны ушли на другие заявки (конкуренция за предложение).
  [d_idx   40] Новоспасское (КБШ) | тип=Прочие | ЕТСНГ=011005 | период=1 | отправка=Повагонная | не закрыто 1 из 1 ваг.
    ПРИЧИНА: дуги есть (73 шт.), но все совместимые узлы предложения исчерпаны — вагоны ушли на другие заявки (конкуренция за предложение).
  [d_idx   41] Раевка (КБШ) | тип=Прочие | ЕТСНГ=011005 | период=1 | отправка=Повагонная | не закрыто 14 из 14 ваг.
    ПРИЧИНА: дуги есть (73 шт.), но все совместимые узлы предложения исчерпаны — вагоны ушли на другие заявки (конкуренция за предложение).
  [d_idx   43] Меновой Двор (ЮУР) | тип=Прочие | ЕТСНГ=011005 | период=1 | отправка=Повагонная | не закрыто 3 из 3 ваг.
    ПРИЧИНА: дуги есть (79 шт.), но все совместимые узлы предложения исчерпаны — вагоны ушли на другие заявки (конкуренция за предложение).
  [d_idx   44] Меновой Двор (ЮУР) | тип=Прочие | ЕТСНГ=011005 | период=1 | отправка=Повагонная | не закрыто 5 из 6 ваг.
    ПРИЧИНА: дуги есть (79 шт.), но все совместимые узлы предложения исчерпаны — вагоны ушли на другие заявки (конкуренция за предложение).
  [d_idx   45] Атбасар (КЗХ) | тип=Прочие | ЕТСНГ=018131 | период=1 | отправка=Повагонная | не закрыто 29 из 29 ваг.
    ПРИЧИНА: дуги есть (39 шт.), но все совместимые узлы предложения исчерпаны — вагоны ушли на другие заявки (конкуренция за предложение).
  [d_idx   46] Ефремов (МСК) | тип=Прочие | ЕТСНГ=011005 | период=1 | отправка=Повагонная | не закрыто 4 из 4 ваг.
    ПРИЧИНА: дуги есть (90 шт.), но все совместимые узлы предложения исчерпаны — вагоны ушли на другие заявки (конкуренция за предложение).
  [d_idx   47] Пачелма (КБШ) | тип=Прочие | ЕТСНГ=011005 | период=1 | отправка=Повагонная | не закрыто 34 из 34 ваг.
    ПРИЧИНА: дуги есть (73 шт.), но все совместимые узлы предложения исчерпаны — вагоны ушли на другие заявки (конкуренция за предложение).
  [d_idx   49] Жана-Есиль (КЗХ) | тип=Прочие | ЕТСНГ=018131 | период=1 | отправка=Повагонная | не закрыто 3 из 3 ваг.
    ПРИЧИНА: дуги есть (39 шт.), но все совместимые узлы предложения исчерпаны — вагоны ушли на другие заявки (конкуренция за предложение).
  [d_idx   50] Заинск (КБШ) | тип=Прочие | ЕТСНГ=011005 | период=1 | отправка=Повагонная | не закрыто 10 из 10 ваг.
    ПРИЧИНА: дуги есть (73 шт.), но все совместимые узлы предложения исчерпаны — вагоны ушли на другие заявки (конкуренция за предложение).
  [d_idx   51] Карламан (КБШ) | тип=Прочие | ЕТСНГ=011005 | период=1 | отправка=Повагонная | не закрыто 36 из 36 ваг.
    ПРИЧИНА: дуги есть (73 шт.), но все совместимые узлы предложения исчерпаны — вагоны ушли на другие заявки (конкуренция за предложение).
  [d_idx   53] Белое Озеро (КБШ) | тип=Прочие | ЕТСНГ=011005 | период=1 | отправка=Повагонная | не закрыто 13 из 13 ваг.
    ПРИЧИНА: дуги есть (73 шт.), но все совместимые узлы предложения исчерпаны — вагоны ушли на другие заявки (конкуренция за предложение).
  [d_idx   54] Заречная (СКВ) | тип=Прочие | ЕТСНГ=011005 | период=1 | отправка=Повагонная | не закрыто 1 из 1 ваг.
    ПРИЧИНА: дуги есть (72 шт.), но все совместимые узлы предложения исчерпаны — вагоны ушли на другие заявки (конкуренция за предложение).
  [d_idx   55] Заречная (СКВ) | тип=Прочие | ЕТСНГ=011005 | период=1 | отправка=Групповая | не закрыто 71 из 100 ваг.
    ПРИЧИНА: дуги есть (72 шт.), но все совместимые узлы предложения исчерпаны — вагоны ушли на другие заявки (конкуренция за предложение).
  [d_idx   56] Ольха (ЮВС) | тип=Прочие | ЕТСНГ=542072 | период=1 | отправка=Повагонная | не закрыто 5 из 5 ваг.
    ПРИЧИНА: дуги есть (72 шт.), но все совместимые узлы предложения исчерпаны — вагоны ушли на другие заявки (конкуренция за предложение).
  [d_idx   57] Верда (КБШ) | тип=Прочие | ЕТСНГ=011005 | период=1 | отправка=Повагонная | не закрыто 6 из 6 ваг.
    ПРИЧИНА: дуги есть (72 шт.), но все совместимые узлы предложения исчерпаны — вагоны ушли на другие заявки (конкуренция за предложение).
  [d_idx   58] Сампур (ЮВС) | тип=Прочие | ЕТСНГ=011005 | период=1 | отправка=Повагонная | не закрыто 8 из 8 ваг.
    ПРИЧИНА: дуги есть (72 шт.), но все совместимые узлы предложения исчерпаны — вагоны ушли на другие заявки (конкуренция за предложение).
  [d_idx   59] Янко (КЗХ) | тип=Прочие | ЕТСНГ=018131 | период=1 | отправка=Повагонная | не закрыто 8 из 8 ваг.
    ПРИЧИНА: дуги есть (39 шт.), но все совместимые узлы предложения исчерпаны — вагоны ушли на другие заявки (конкуренция за предложение).
  [d_idx   60] Янко (КЗХ) | тип=Прочие | ЕТСНГ=018131 | период=1 | отправка=Повагонная | не закрыто 1 из 1 ваг.
    ПРИЧИНА: дуги есть (39 шт.), но все совместимые узлы предложения исчерпаны — вагоны ушли на другие заявки (конкуренция за предложение).
  [d_idx   61] Елец (ЮВС) | тип=Прочие | ЕТСНГ=542224 | период=1 | отправка=Повагонная | не закрыто 1 из 1 ваг.
    ПРИЧИНА: дуги есть (78 шт.), но все совместимые узлы предложения исчерпаны — вагоны ушли на другие заявки (конкуренция за предложение).
  [d_idx   62] Елец (ЮВС) | тип=Прочие | ЕТСНГ=542224 | период=1 | отправка=Повагонная | не закрыто 1 из 1 ваг.
    ПРИЧИНА: дуги есть (78 шт.), но все совместимые узлы предложения исчерпаны — вагоны ушли на другие заявки (конкуренция за предложение).
  [d_idx   63] Елец (ЮВС) | тип=Прочие | ЕТСНГ=542224 | период=1 | отправка=Повагонная | не закрыто 2 из 2 ваг.
    ПРИЧИНА: дуги есть (78 шт.), но все совместимые узлы предложения исчерпаны — вагоны ушли на другие заявки (конкуренция за предложение).
  [d_idx   64] Чернышков (ПРВ) | тип=Прочие | ЕТСНГ=011005 | период=1 | отправка=Повагонная | не закрыто 8 из 55 ваг.
    ПРИЧИНА: дуги есть (76 шт.), но все совместимые узлы предложения исчерпаны — вагоны ушли на другие заявки (конкуренция за предложение).
  [d_idx   65] Селезни (ЮВС) | тип=Прочие | ЕТСНГ=011005 | период=1 | отправка=Повагонная | не закрыто 14 из 14 ваг.
    ПРИЧИНА: дуги есть (72 шт.), но все совместимые узлы предложения исчерпаны — вагоны ушли на другие заявки (конкуренция за предложение).
  [d_idx   66] Охотничья (КБШ) | тип=Прочие | ЕТСНГ=011005 | период=1 | отправка=Повагонная | не закрыто 13 из 13 ваг.
    ПРИЧИНА: дуги есть (73 шт.), но все совместимые узлы предложения исчерпаны — вагоны ушли на другие заявки (конкуренция за предложение).
  [d_idx   67] Избердей (ЮВС) | тип=Прочие | ЕТСНГ=011005 | период=1 | отправка=Маршрутная | не закрыто 136 из 136 ваг.
    ПРИЧИНА: дуги есть (72 шт.), но все совместимые узлы предложения исчерпаны — вагоны ушли на другие заявки (конкуренция за предложение).
  [d_idx   68] Кантемировка (ЮВС) | тип=Прочие | ЕТСНГ=011005 | период=1 | отправка=Повагонная | не закрыто 24 из 24 ваг.
    ПРИЧИНА: дуги есть (72 шт.), но все совместимые узлы предложения исчерпаны — вагоны ушли на другие заявки (конкуренция за предложение).
  [d_idx   70] Шамхал (СКВ) | тип=Прочие | ЕТСНГ=011005 | период=1 | отправка=Повагонная | не закрыто 6 из 6 ваг.
    ПРИЧИНА: дуги есть (70 шт.), но все совместимые узлы предложения исчерпаны — вагоны ушли на другие заявки (конкуренция за предложение).
  [d_idx   72] Петровск-Саратовский (ПРВ) | тип=Прочие | ЕТСНГ=011005 | период=1 | отправка=Повагонная | не закрыто 6 из 6 ваг.
    ПРИЧИНА: дуги есть (76 шт.), но все совместимые узлы предложения исчерпаны — вагоны ушли на другие заявки (конкуренция за предложение).
  [d_idx   73] Кандры (КБШ) | тип=Прочие | ЕТСНГ=011005 | период=1 | отправка=Повагонная | не закрыто 24 из 24 ваг.
    ПРИЧИНА: дуги есть (73 шт.), но все совместимые узлы предложения исчерпаны — вагоны ушли на другие заявки (конкуренция за предложение).
  [d_idx   74] Тобол (КЗХ) | тип=Прочие | ЕТСНГ=018131 | период=2 | отправка=Повагонная | не закрыто 25 из 30 ваг.
    ПРИЧИНА: дуги есть (39 шт.), но все совместимые узлы предложения исчерпаны — вагоны ушли на другие заявки (конкуренция за предложение).
  [d_idx   75] Красный Кут (ПРВ) | тип=Прочие | ЕТСНГ=011005 | период=2 | отправка=Повагонная | не закрыто 4 из 4 ваг.
    ПРИЧИНА: дуги есть (76 шт.), но все совместимые узлы предложения исчерпаны — вагоны ушли на другие заявки (конкуренция за предложение).
  [d_idx   77] Курорт-Боровое (КЗХ) | тип=Прочие | ЕТСНГ=018131 | период=2 | отправка=Повагонная | не закрыто 12 из 12 ваг.
    ПРИЧИНА: дуги есть (39 шт.), но все совместимые узлы предложения исчерпаны — вагоны ушли на другие заявки (конкуренция за предложение).
  [d_idx   78] Балаково (ПРВ) | тип=Прочие | ЕТСНГ=542239 | период=2 | отправка=Повагонная | не закрыто 9 из 9 ваг.
    ПРИЧИНА: дуги есть (78 шт.), но все совместимые узлы предложения исчерпаны — вагоны ушли на другие заявки (конкуренция за предложение).
  [d_idx   79] Балаково (ПРВ) | тип=Прочие | ЕТСНГ=542239 | период=2 | отправка=Повагонная | не закрыто 10 из 10 ваг.
    ПРИЧИНА: дуги есть (78 шт.), но все совместимые узлы предложения исчерпаны — вагоны ушли на другие заявки (конкуренция за предложение).
  [d_idx   80] Балаково (ПРВ) | тип=Прочие | ЕТСНГ=542239 | период=2 | отправка=Повагонная | не закрыто 8 из 8 ваг.
    ПРИЧИНА: дуги есть (78 шт.), но все совместимые узлы предложения исчерпаны — вагоны ушли на другие заявки (конкуренция за предложение).
  [d_idx   81] Орел (МСК) | тип=Прочие | ЕТСНГ=011005 | период=2 | отправка=Повагонная | не закрыто 1 из 2 ваг.
    ПРИЧИНА: дуги есть (90 шт.), но все совместимые узлы предложения исчерпаны — вагоны ушли на другие заявки (конкуренция за предложение).
  [d_idx   82] Обоянь (ЮВС) | тип=Прочие | ЕТСНГ=011005 | период=2 | отправка=Повагонная | не закрыто 16 из 16 ваг.
    ПРИЧИНА: дуги есть (76 шт.), но все совместимые узлы предложения исчерпаны — вагоны ушли на другие заявки (конкуренция за предложение).
  [d_idx   83] Ржакса (ЮВС) | тип=Прочие | ЕТСНГ=011005 | период=2 | отправка=Повагонная | не закрыто 16 из 16 ваг.
    ПРИЧИНА: дуги есть (72 шт.), но все совместимые узлы предложения исчерпаны — вагоны ушли на другие заявки (конкуренция за предложение).
  [d_idx   84] Чаглинка (КЗХ) | тип=Прочие | ЕТСНГ=018131 | период=2 | отправка=Повагонная | не закрыто 20 из 20 ваг.
    ПРИЧИНА: дуги есть (39 шт.), но все совместимые узлы предложения исчерпаны — вагоны ушли на другие заявки (конкуренция за предложение).
  [d_idx   85] Кшень (МСК) | тип=Прочие | ЕТСНГ=542072 | период=2 | отправка=Повагонная | не закрыто 13 из 13 ваг.
    ПРИЧИНА: дуги есть (90 шт.), но все совместимые узлы предложения исчерпаны — вагоны ушли на другие заявки (конкуренция за предложение).
  [d_idx   86] Шильда (ЮУР) | тип=Прочие | ЕТСНГ=011005 | период=2 | отправка=Повагонная | не закрыто 5 из 5 ваг.
    ПРИЧИНА: дуги есть (79 шт.), но все совместимые узлы предложения исчерпаны — вагоны ушли на другие заявки (конкуренция за предложение).
  [d_idx   87] Бударино (ПРВ) | тип=Прочие | ЕТСНГ=011005 | период=2 | отправка=Повагонная | не закрыто 5 из 5 ваг.
    ПРИЧИНА: дуги есть (76 шт.), но все совместимые узлы предложения исчерпаны — вагоны ушли на другие заявки (конкуренция за предложение).
  [d_idx   88] Ишим (СВР) | тип=Прочие | ЕТСНГ=011005 | период=2 | отправка=Повагонная | не закрыто 5 из 5 ваг.
    ПРИЧИНА: дуги есть (77 шт.), но все совместимые узлы предложения исчерпаны — вагоны ушли на другие заявки (конкуренция за предложение).
  [d_idx   89] Студенец (КБШ) | тип=Прочие | ЕТСНГ=011005 | период=2 | отправка=Повагонная | не закрыто 10 из 12 ваг.
    ПРИЧИНА: дуги есть (73 шт.), но все совместимые узлы предложения исчерпаны — вагоны ушли на другие заявки (конкуренция за предложение).
  [d_idx   90] Теренсай (ЮУР) | тип=Прочие | ЕТСНГ=014003 | период=2 | отправка=Повагонная | не закрыто 4 из 4 ваг.
    ПРИЧИНА: дуги есть (79 шт.), но все совместимые узлы предложения исчерпаны — вагоны ушли на другие заявки (конкуренция за предложение).
  [d_idx   91] Теренсай (ЮУР) | тип=Прочие | ЕТСНГ=014003 | период=2 | отправка=Повагонная | не закрыто 3 из 3 ваг.
    ПРИЧИНА: дуги есть (79 шт.), но все совместимые узлы предложения исчерпаны — вагоны ушли на другие заявки (конкуренция за предложение).
  [d_idx   92] Асекеево (КБШ) | тип=БКТ | ЕТСНГ=011005 | период=2 | отправка=Повагонная | не закрыто 7 из 7 ваг.
    ПРИЧИНА: дуги есть (19 шт.), но все совместимые узлы предложения исчерпаны — вагоны ушли на другие заявки (конкуренция за предложение).
  [d_idx   93] Асекеево (КБШ) | тип=Прочие | ЕТСНГ=011005 | период=2 | отправка=Повагонная | не закрыто 3 из 3 ваг.
    ПРИЧИНА: дуги есть (73 шт.), но все совместимые узлы предложения исчерпаны — вагоны ушли на другие заявки (конкуренция за предложение).
  [d_idx   94] Буздяк (КБШ) | тип=Прочие | ЕТСНГ=011005 | период=2 | отправка=Повагонная | не закрыто 4 из 4 ваг.
    ПРИЧИНА: дуги есть (70 шт.), но все совместимые узлы предложения исчерпаны — вагоны ушли на другие заявки (конкуренция за предложение).
  [d_idx   95] Димитровград (КБШ) | тип=Прочие | ЕТСНГ=011005 | период=2 | отправка=Маршрутная | не закрыто 46 из 46 ваг.
    ПРИЧИНА: дуги есть (73 шт.), но все совместимые узлы предложения исчерпаны — вагоны ушли на другие заявки (конкуренция за предложение).
  [d_idx   96] Москаленки (ЗСБ) | тип=Прочие | ЕТСНГ=011005 | период=2 | отправка=Повагонная | не закрыто 10 из 10 ваг.
    ПРИЧИНА: дуги есть (100 шт.), но все совместимые узлы предложения исчерпаны — вагоны ушли на другие заявки (конкуренция за предложение).
  [d_idx   97] Москаленки (ЗСБ) | тип=Прочие | ЕТСНГ=011005 | период=2 | отправка=Повагонная | не закрыто 9 из 10 ваг.
    ПРИЧИНА: дуги есть (100 шт.), но все совместимые узлы предложения исчерпаны — вагоны ушли на другие заявки (конкуренция за предложение).
  [d_idx   98] Перелешино (ЮВС) | тип=Прочие | ЕТСНГ=542072 | период=2 | отправка=Повагонная | не закрыто 10 из 10 ваг.
    ПРИЧИНА: дуги есть (72 шт.), но все совместимые узлы предложения исчерпаны — вагоны ушли на другие заявки (конкуренция за предложение).
  [d_idx   99] Алексеевка (ЮВС) | тип=Прочие | ЕТСНГ=542239 | период=2 | отправка=Повагонная | не закрыто 4 из 4 ваг.
    ПРИЧИНА: дуги есть (74 шт.), но все совместимые узлы предложения исчерпаны — вагоны ушли на другие заявки (конкуренция за предложение).
  [d_idx  100] Приютово (КБШ) | тип=БКТ | ЕТСНГ=011005 | период=2 | отправка=Повагонная | не закрыто 10 из 10 ваг.
    ПРИЧИНА: дуги есть (19 шт.), но все совместимые узлы предложения исчерпаны — вагоны ушли на другие заявки (конкуренция за предложение).
  [d_idx  101] Приютово (КБШ) | тип=Прочие | ЕТСНГ=011005 | период=2 | отправка=Повагонная | не закрыто 7 из 7 ваг.
    ПРИЧИНА: дуги есть (73 шт.), но все совместимые узлы предложения исчерпаны — вагоны ушли на другие заявки (конкуренция за предложение).
  [d_idx  103] Сорочинская (ЮУР) | тип=Прочие | ЕТСНГ=542239 | период=2 | отправка=Повагонная | не закрыто 6 из 7 ваг.
    ПРИЧИНА: дуги есть (81 шт.), но все совместимые узлы предложения исчерпаны — вагоны ушли на другие заявки (конкуренция за предложение).
  [d_idx  106] Аксуат (КЗХ) | тип=Прочие | ЕТСНГ=018131 | период=2 | отправка=Повагонная | не закрыто 20 из 20 ваг.
    ПРИЧИНА: дуги есть (39 шт.), но все совместимые узлы предложения исчерпаны — вагоны ушли на другие заявки (конкуренция за предложение).
  [d_idx  107] Раненбург (ЮВС) | тип=Прочие | ЕТСНГ=014003 | период=2 | отправка=Повагонная | не закрыто 7 из 7 ваг.
    ПРИЧИНА: дуги есть (72 шт.), но все совместимые узлы предложения исчерпаны — вагоны ушли на другие заявки (конкуренция за предложение).
  [d_idx  108] Чкалово (КЗХ) | тип=Прочие | ЕТСНГ=018131 | период=2 | отправка=Повагонная | не закрыто 11 из 11 ваг.
    ПРИЧИНА: дуги есть (39 шт.), но все совместимые узлы предложения исчерпаны — вагоны ушли на другие заявки (конкуренция за предложение).
  [d_idx  109] Плавица (ЮВС) | тип=Прочие | ЕТСНГ=011005 | период=2 | отправка=Повагонная | не закрыто 29 из 29 ваг.
    ПРИЧИНА: дуги есть (72 шт.), но все совместимые узлы предложения исчерпаны — вагоны ушли на другие заявки (конкуренция за предложение).
  [d_idx  111] Тамала (ЮВС) | тип=БКТ | ЕТСНГ=011005 | период=2 | отправка=Повагонная | не закрыто 20 из 20 ваг.
    ПРИЧИНА: дуги есть (19 шт.), но все совместимые узлы предложения исчерпаны — вагоны ушли на другие заявки (конкуренция за предложение).
  [d_idx  112] Новосергиевская (ЮУР) | тип=Прочие | ЕТСНГ=011005 | период=2 | отправка=Повагонная | не закрыто 6 из 9 ваг.
    ПРИЧИНА: дуги есть (79 шт.), но все совместимые узлы предложения исчерпаны — вагоны ушли на другие заявки (конкуренция за предложение).
  [d_idx  113] Азат (КЗХ) | тип=Прочие | ЕТСНГ=018131 | период=2 | отправка=Повагонная | не закрыто 4 из 10 ваг.
    ПРИЧИНА: дуги есть (39 шт.), но все совместимые узлы предложения исчерпаны — вагоны ушли на другие заявки (конкуренция за предложение).
  [d_idx  117] Эртиль (ЮВС) | тип=Прочие | ЕТСНГ=542072 | период=2 | отправка=Повагонная | не закрыто 5 из 5 ваг.
    ПРИЧИНА: дуги есть (68 шт.), но все совместимые узлы предложения исчерпаны — вагоны ушли на другие заявки (конкуренция за предложение).
  [d_idx  118] Медведица (ПРВ) | тип=Прочие | ЕТСНГ=011005 | период=2 | отправка=Повагонная | не закрыто 9 из 9 ваг.
    ПРИЧИНА: дуги есть (74 шт.), но все совместимые узлы предложения исчерпаны — вагоны ушли на другие заявки (конкуренция за предложение).
  [d_idx  119] Святославка (ЮВС) | тип=Прочие | ЕТСНГ=011005 | период=2 | отправка=Повагонная | не закрыто 15 из 15 ваг.
    ПРИЧИНА: дуги есть (72 шт.), но все совместимые узлы предложения исчерпаны — вагоны ушли на другие заявки (конкуренция за предложение).
  [d_idx  120] Шемордан (ГОР) | тип=Прочие | ЕТСНГ=014003 | период=2 | отправка=Повагонная | не закрыто 7 из 7 ваг.
    ПРИЧИНА: дуги есть (72 шт.), но все совместимые узлы предложения исчерпаны — вагоны ушли на другие заявки (конкуренция за предложение).
  [d_idx  121] Красногвардеец (ЮУР) | тип=Прочие | ЕТСНГ=011005 | период=2 | отправка=Повагонная | не закрыто 9 из 9 ваг.
    ПРИЧИНА: дуги есть (79 шт.), но все совместимые узлы предложения исчерпаны — вагоны ушли на другие заявки (конкуренция за предложение).
  [d_idx  122] Красногвардеец (ЮУР) | тип=Прочие | ЕТСНГ=011005 | период=2 | отправка=Повагонная | не закрыто 8 из 8 ваг.
    ПРИЧИНА: дуги есть (79 шт.), но все совместимые узлы предложения исчерпаны — вагоны ушли на другие заявки (конкуренция за предложение).
  [d_idx  124] Кривецкая (ЮВС) | тип=Прочие | ЕТСНГ=542072 | период=2 | отправка=Повагонная | не закрыто 20 из 20 ваг.
    ПРИЧИНА: дуги есть (76 шт.), но все совместимые узлы предложения исчерпаны — вагоны ушли на другие заявки (конкуренция за предложение).
  [d_idx  125] Золотухино (МСК) | тип=Прочие | ЕТСНГ=011005 | период=2 | отправка=Повагонная | не закрыто 10 из 10 ваг.
    ПРИЧИНА: дуги есть (90 шт.), но все совместимые узлы предложения исчерпаны — вагоны ушли на другие заявки (конкуренция за предложение).
  [d_idx  126] Золотухино (МСК) | тип=Прочие | ЕТСНГ=011005 | период=2 | отправка=Повагонная | не закрыто 20 из 20 ваг.
    ПРИЧИНА: дуги есть (90 шт.), но все совместимые узлы предложения исчерпаны — вагоны ушли на другие заявки (конкуренция за предложение).
  [d_idx  127] Золотухино (МСК) | тип=Прочие | ЕТСНГ=011005 | период=2 | отправка=Повагонная | не закрыто 13 из 13 ваг.
    ПРИЧИНА: дуги есть (90 шт.), но все совместимые узлы предложения исчерпаны — вагоны ушли на другие заявки (конкуренция за предложение).
  [d_idx  128] Земетчино (КБШ) | тип=Прочие | ЕТСНГ=542072 | период=2 | отправка=Повагонная | не закрыто 15 из 15 ваг.
    ПРИЧИНА: дуги есть (73 шт.), но все совместимые узлы предложения исчерпаны — вагоны ушли на другие заявки (конкуренция за предложение).
  [d_idx  129] Есиль (КЗХ) | тип=Прочие | ЕТСНГ=018131 | период=2 | отправка=Повагонная | не закрыто 7 из 7 ваг.
    ПРИЧИНА: дуги есть (39 шт.), но все совместимые узлы предложения исчерпаны — вагоны ушли на другие заявки (конкуренция за предложение).
  [d_idx  131] Змиевка (МСК) | тип=Прочие | ЕТСНГ=011005 | период=2 | отправка=Повагонная | не закрыто 1 из 7 ваг.
    ПРИЧИНА: дуги есть (90 шт.), но все совместимые узлы предложения исчерпаны — вагоны ушли на другие заявки (конкуренция за предложение).
  [d_idx  134] Кораблино (МСК) | тип=Прочие | ЕТСНГ=011005 | период=2 | отправка=Повагонная | не закрыто 10 из 10 ваг.
    ПРИЧИНА: дуги есть (90 шт.), но все совместимые узлы предложения исчерпаны — вагоны ушли на другие заявки (конкуренция за предложение).
  [d_idx  135] Обшаровка (КБШ) | тип=Прочие | ЕТСНГ=011005 | период=2 | отправка=Повагонная | не закрыто 17 из 17 ваг.
    ПРИЧИНА: дуги есть (73 шт.), но все совместимые узлы предложения исчерпаны — вагоны ушли на другие заявки (конкуренция за предложение).
  [d_idx  136] Обшаровка (КБШ) | тип=Прочие | ЕТСНГ=011005 | период=2 | отправка=Повагонная | не закрыто 34 из 34 ваг.
    ПРИЧИНА: дуги есть (73 шт.), но все совместимые узлы предложения исчерпаны — вагоны ушли на другие заявки (конкуренция за предложение).
  [d_idx  137] Новоспасское (КБШ) | тип=Прочие | ЕТСНГ=011005 | период=2 | отправка=Повагонная | не закрыто 16 из 16 ваг.
    ПРИЧИНА: дуги есть (73 шт.), но все совместимые узлы предложения исчерпаны — вагоны ушли на другие заявки (конкуренция за предложение).
  [d_idx  139] Раевка (КБШ) | тип=Прочие | ЕТСНГ=011005 | период=2 | отправка=Повагонная | не закрыто 14 из 14 ваг.
    ПРИЧИНА: дуги есть (73 шт.), но все совместимые узлы предложения исчерпаны — вагоны ушли на другие заявки (конкуренция за предложение).
  [d_idx  141] Атбасар (КЗХ) | тип=Прочие | ЕТСНГ=018131 | период=2 | отправка=Повагонная | не закрыто 15 из 15 ваг.
    ПРИЧИНА: дуги есть (39 шт.), но все совместимые узлы предложения исчерпаны — вагоны ушли на другие заявки (конкуренция за предложение).
  [d_idx  142] Ефремов (МСК) | тип=Прочие | ЕТСНГ=011005 | период=2 | отправка=Повагонная | не закрыто 4 из 4 ваг.
    ПРИЧИНА: дуги есть (90 шт.), но все совместимые узлы предложения исчерпаны — вагоны ушли на другие заявки (конкуренция за предложение).
  [d_idx  143] Придача (ЮВС) | тип=Прочие | ЕТСНГ=011005 | период=2 | отправка=Маршрутная | не закрыто 41 из 41 ваг.
    ПРИЧИНА: дуги есть (75 шт.), но все совместимые узлы предложения исчерпаны — вагоны ушли на другие заявки (конкуренция за предложение).
  [d_idx  144] Алтата (ПРВ) | тип=Прочие | ЕТСНГ=011005 | период=2 | отправка=Повагонная | не закрыто 1 из 1 ваг.
    ПРИЧИНА: дуги есть (69 шт.), но все совместимые узлы предложения исчерпаны — вагоны ушли на другие заявки (конкуренция за предложение).
  [d_idx  145] Кротовка (КБШ) | тип=Прочие | ЕТСНГ=011005 | период=2 | отправка=Повагонная | не закрыто 1 из 1 ваг.
    ПРИЧИНА: дуги есть (76 шт.), но все совместимые узлы предложения исчерпаны — вагоны ушли на другие заявки (конкуренция за предложение).
  [d_idx  146] Пачелма (КБШ) | тип=Прочие | ЕТСНГ=011005 | период=2 | отправка=Повагонная | не закрыто 12 из 12 ваг.
    ПРИЧИНА: дуги есть (73 шт.), но все совместимые узлы предложения исчерпаны — вагоны ушли на другие заявки (конкуренция за предложение).
  [d_idx  147] Пачелма (КБШ) | тип=Прочие | ЕТСНГ=011005 | период=2 | отправка=Повагонная | не закрыто 4 из 4 ваг.
    ПРИЧИНА: дуги есть (73 шт.), но все совместимые узлы предложения исчерпаны — вагоны ушли на другие заявки (конкуренция за предложение).
  [d_idx  148] Ряжск 1 (МСК) | тип=Прочие | ЕТСНГ=011005 | период=2 | отправка=Повагонная | не закрыто 7 из 7 ваг.
    ПРИЧИНА: дуги есть (90 шт.), но все совместимые узлы предложения исчерпаны — вагоны ушли на другие заявки (конкуренция за предложение).
  [d_idx  149] Жана-Есиль (КЗХ) | тип=Прочие | ЕТСНГ=018131 | период=2 | отправка=Повагонная | не закрыто 11 из 11 ваг.
    ПРИЧИНА: дуги есть (39 шт.), но все совместимые узлы предложения исчерпаны — вагоны ушли на другие заявки (конкуренция за предложение).
  [d_idx  150] Заинск (КБШ) | тип=Прочие | ЕТСНГ=011005 | период=2 | отправка=Повагонная | не закрыто 2 из 3 ваг.
    ПРИЧИНА: дуги есть (73 шт.), но все совместимые узлы предложения исчерпаны — вагоны ушли на другие заявки (конкуренция за предложение).
  [d_idx  151] Карламан (КБШ) | тип=Прочие | ЕТСНГ=011005 | период=2 | отправка=Повагонная | не закрыто 15 из 15 ваг.
    ПРИЧИНА: дуги есть (73 шт.), но все совместимые узлы предложения исчерпаны — вагоны ушли на другие заявки (конкуренция за предложение).
  [d_idx  153] Заречная (СКВ) | тип=Прочие | ЕТСНГ=011005 | период=2 | отправка=Повагонная | не закрыто 30 из 30 ваг.
    ПРИЧИНА: дуги есть (72 шт.), но все совместимые узлы предложения исчерпаны — вагоны ушли на другие заявки (конкуренция за предложение).
  [d_idx  154] Заречная (СКВ) | тип=Прочие | ЕТСНГ=011005 | период=2 | отправка=Повагонная | не закрыто 17 из 21 ваг.
    ПРИЧИНА: дуги есть (72 шт.), но все совместимые узлы предложения исчерпаны — вагоны ушли на другие заявки (конкуренция за предложение).
  [d_idx  155] Заречная (СКВ) | тип=Прочие | ЕТСНГ=011005 | период=2 | отправка=Групповая | не закрыто 75 из 75 ваг.
    ПРИЧИНА: дуги есть (72 шт.), но все совместимые узлы предложения исчерпаны — вагоны ушли на другие заявки (конкуренция за предложение).
  [d_idx  157] Сампур (ЮВС) | тип=Прочие | ЕТСНГ=011005 | период=2 | отправка=Повагонная | не закрыто 10 из 10 ваг.
    ПРИЧИНА: дуги есть (72 шт.), но все совместимые узлы предложения исчерпаны — вагоны ушли на другие заявки (конкуренция за предложение).
  [d_idx  159] Речица (БЕЛ) | тип=Прочие | ЕТСНГ=014003 | период=2 | отправка=Повагонная | не закрыто 3 из 3 ваг.
    ПРИЧИНА: нет ни одной допустимой дуги — закрыть невозможно текущими данными. Отбраковка пар со всеми 149 узлами предложения:
             нет тарифа 10, несовм. тип 0, грязный ЕТСНГ 6, дальше потолка расстояния 17, бизнес-правила дорог (инотерритория/дефицит) 116, нарушение срока 0.
  [d_idx  160] Янко (КЗХ) | тип=Прочие | ЕТСНГ=018131 | период=2 | отправка=Повагонная | не закрыто 9 из 9 ваг.
    ПРИЧИНА: дуги есть (39 шт.), но все совместимые узлы предложения исчерпаны — вагоны ушли на другие заявки (конкуренция за предложение).
  [d_idx  161] Елец (ЮВС) | тип=Прочие | ЕТСНГ=542224 | период=2 | отправка=Повагонная | не закрыто 1 из 1 ваг.
    ПРИЧИНА: дуги есть (78 шт.), но все совместимые узлы предложения исчерпаны — вагоны ушли на другие заявки (конкуренция за предложение).
  [d_idx  162] Елец (ЮВС) | тип=Прочие | ЕТСНГ=542224 | период=2 | отправка=Повагонная | не закрыто 2 из 2 ваг.
    ПРИЧИНА: дуги есть (78 шт.), но все совместимые узлы предложения исчерпаны — вагоны ушли на другие заявки (конкуренция за предложение).
  [d_idx  164] Чернышков (ПРВ) | тип=Прочие | ЕТСНГ=011005 | период=2 | отправка=Повагонная | не закрыто 55 из 65 ваг.
    ПРИЧИНА: дуги есть (76 шт.), но все совместимые узлы предложения исчерпаны — вагоны ушли на другие заявки (конкуренция за предложение).
  [d_idx  165] Кирсанов (ЮВС) | тип=Прочие | ЕТСНГ=011005 | период=2 | отправка=Повагонная | не закрыто 13 из 13 ваг.
    ПРИЧИНА: дуги есть (73 шт.), но все совместимые узлы предложения исчерпаны — вагоны ушли на другие заявки (конкуренция за предложение).
  [d_idx  166] Тоцкая (ЮУР) | тип=Прочие | ЕТСНГ=014003 | период=2 | отправка=Повагонная | не закрыто 5 из 6 ваг.
    ПРИЧИНА: дуги есть (79 шт.), но все совместимые узлы предложения исчерпаны — вагоны ушли на другие заявки (конкуренция за предложение).
  [d_idx  167] Охотничья (КБШ) | тип=Прочие | ЕТСНГ=011005 | период=2 | отправка=Повагонная | не закрыто 15 из 15 ваг.
    ПРИЧИНА: дуги есть (73 шт.), но все совместимые узлы предложения исчерпаны — вагоны ушли на другие заявки (конкуренция за предложение).
  [d_idx  168] Охотничья (КБШ) | тип=Прочие | ЕТСНГ=011005 | период=2 | отправка=Повагонная | не закрыто 11 из 11 ваг.
    ПРИЧИНА: дуги есть (73 шт.), но все совместимые узлы предложения исчерпаны — вагоны ушли на другие заявки (конкуренция за предложение).
  [d_idx  169] Охотничья (КБШ) | тип=Прочие | ЕТСНГ=021100 | период=2 | отправка=Повагонная | не закрыто 9 из 9 ваг.
    ПРИЧИНА: дуги есть (73 шт.), но все совместимые узлы предложения исчерпаны — вагоны ушли на другие заявки (конкуренция за предложение).
  [d_idx  170] Избердей (ЮВС) | тип=Прочие | ЕТСНГ=011005 | период=2 | отправка=Маршрутная | не закрыто 50 из 50 ваг.
    ПРИЧИНА: дуги есть (72 шт.), но все совместимые узлы предложения исчерпаны — вагоны ушли на другие заявки (конкуренция за предложение).
  [d_idx  171] Кантемировка (ЮВС) | тип=Прочие | ЕТСНГ=011005 | период=2 | отправка=Повагонная | не закрыто 24 из 24 ваг.
    ПРИЧИНА: дуги есть (72 шт.), но все совместимые узлы предложения исчерпаны — вагоны ушли на другие заявки (конкуренция за предложение).
  [d_idx  172] Аллагуват (КБШ) | тип=Прочие | ЕТСНГ=011005 | период=2 | отправка=Повагонная | не закрыто 5 из 5 ваг.
    ПРИЧИНА: дуги есть (73 шт.), но все совместимые узлы предложения исчерпаны — вагоны ушли на другие заявки (конкуренция за предложение).
  [d_idx  174] Шамхал (СКВ) | тип=Прочие | ЕТСНГ=011005 | период=2 | отправка=Повагонная | не закрыто 2 из 19 ваг.
    ПРИЧИНА: дуги есть (70 шт.), но все совместимые узлы предложения исчерпаны — вагоны ушли на другие заявки (конкуренция за предложение).
  [d_idx  175] Любовка (ЗСБ) | тип=Прочие | ЕТСНГ=011005 | период=2 | отправка=Повагонная | не закрыто 3 из 3 ваг.
    ПРИЧИНА: дуги есть (100 шт.), но все совместимые узлы предложения исчерпаны — вагоны ушли на другие заявки (конкуренция за предложение).
  [d_idx  176] Мальчевская (СКВ) | тип=Прочие | ЕТСНГ=011005 | период=2 | отправка=Повагонная | не закрыто 8 из 8 ваг.
    ПРИЧИНА: дуги есть (68 шт.), но все совместимые узлы предложения исчерпаны — вагоны ушли на другие заявки (конкуренция за предложение).
  [d_idx  177] Хохольская (ЮВС) | тип=БКТ | ЕТСНГ=011005 | период=2 | отправка=Повагонная | не закрыто 2 из 2 ваг.
    ПРИЧИНА: дуги есть (20 шт.), но все совместимые узлы предложения исчерпаны — вагоны ушли на другие заявки (конкуренция за предложение).
  [d_idx  178] Саханская (МСК) | тип=Прочие | ЕТСНГ=011005 | период=3 | отправка=Повагонная | не закрыто 10 из 10 ваг.
    ПРИЧИНА: дуги есть (90 шт.), но все совместимые узлы предложения исчерпаны — вагоны ушли на другие заявки (конкуренция за предложение).
  [d_idx  179] Балаково (ПРВ) | тип=Прочие | ЕТСНГ=542239 | период=3 | отправка=Повагонная | не закрыто 8 из 10 ваг.
    ПРИЧИНА: дуги есть (78 шт.), но все совместимые узлы предложения исчерпаны — вагоны ушли на другие заявки (конкуренция за предложение).
  [d_idx  180] Орел (МСК) | тип=Прочие | ЕТСНГ=011005 | период=3 | отправка=Повагонная | не закрыто 8 из 13 ваг.
    ПРИЧИНА: дуги есть (90 шт.), но все совместимые узлы предложения исчерпаны — вагоны ушли на другие заявки (конкуренция за предложение).
  [d_idx  181] Жердевка (ЮВС) | тип=Прочие | ЕТСНГ=014003 | период=3 | отправка=Повагонная | не закрыто 14 из 14 ваг.
    ПРИЧИНА: дуги есть (72 шт.), но все совместимые узлы предложения исчерпаны — вагоны ушли на другие заявки (конкуренция за предложение).
  [d_idx  182] Ржакса (ЮВС) | тип=Прочие | ЕТСНГ=011005 | период=3 | отправка=Повагонная | не закрыто 12 из 12 ваг.
    ПРИЧИНА: дуги есть (72 шт.), но все совместимые узлы предложения исчерпаны — вагоны ушли на другие заявки (конкуренция за предложение).
  [d_idx  183] Шильда (ЮУР) | тип=Прочие | ЕТСНГ=011005 | период=3 | отправка=Повагонная | не закрыто 2 из 2 ваг.
    ПРИЧИНА: дуги есть (79 шт.), но все совместимые узлы предложения исчерпаны — вагоны ушли на другие заявки (конкуренция за предложение).
  [d_idx  184] Елань-Камышинская (ЮВС) | тип=Прочие | ЕТСНГ=011005 | период=3 | отправка=Повагонная | не закрыто 16 из 16 ваг.
    ПРИЧИНА: дуги есть (72 шт.), но все совместимые узлы предложения исчерпаны — вагоны ушли на другие заявки (конкуренция за предложение).
  [d_idx  185] Бударино (ПРВ) | тип=Прочие | ЕТСНГ=011005 | период=3 | отправка=Повагонная | не закрыто 5 из 5 ваг.
    ПРИЧИНА: дуги есть (76 шт.), но все совместимые узлы предложения исчерпаны — вагоны ушли на другие заявки (конкуренция за предложение).
  [d_idx  186] Бударино (ПРВ) | тип=Прочие | ЕТСНГ=011005 | период=3 | отправка=Повагонная | не закрыто 2 из 2 ваг.
    ПРИЧИНА: дуги есть (76 шт.), но все совместимые узлы предложения исчерпаны — вагоны ушли на другие заявки (конкуренция за предложение).
  [d_idx  188] Янаул (ГОР) | тип=Прочие | ЕТСНГ=011005 | период=3 | отправка=Повагонная | не закрыто 13 из 13 ваг.
    ПРИЧИНА: дуги есть (72 шт.), но все совместимые узлы предложения исчерпаны — вагоны ушли на другие заявки (конкуренция за предложение).
  [d_idx  189] Янаул (ГОР) | тип=Прочие | ЕТСНГ=011005 | период=3 | отправка=Повагонная | не закрыто 4 из 4 ваг.
    ПРИЧИНА: дуги есть (72 шт.), но все совместимые узлы предложения исчерпаны — вагоны ушли на другие заявки (конкуренция за предложение).
  [d_idx  190] Теренсай (ЮУР) | тип=Прочие | ЕТСНГ=014003 | период=3 | отправка=Повагонная | не закрыто 4 из 4 ваг.
    ПРИЧИНА: дуги есть (79 шт.), но все совместимые узлы предложения исчерпаны — вагоны ушли на другие заявки (конкуренция за предложение).
  [d_idx  191] Вернадовка (КБШ) | тип=Прочие | ЕТСНГ=011005 | период=3 | отправка=Повагонная | не закрыто 15 из 15 ваг.
    ПРИЧИНА: дуги есть (73 шт.), но все совместимые узлы предложения исчерпаны — вагоны ушли на другие заявки (конкуренция за предложение).
  [d_idx  192] Асекеево (КБШ) | тип=Прочие | ЕТСНГ=011005 | период=3 | отправка=Повагонная | не закрыто 10 из 10 ваг.
    ПРИЧИНА: дуги есть (73 шт.), но все совместимые узлы предложения исчерпаны — вагоны ушли на другие заявки (конкуренция за предложение).
  [d_idx  193] Буздяк (КБШ) | тип=Прочие | ЕТСНГ=011005 | период=3 | отправка=Повагонная | не закрыто 4 из 4 ваг.
    ПРИЧИНА: дуги есть (70 шт.), но все совместимые узлы предложения исчерпаны — вагоны ушли на другие заявки (конкуренция за предложение).
  [d_idx  194] Урюпино (ПРВ) | тип=Прочие | ЕТСНГ=542239 | период=3 | отправка=Повагонная | не закрыто 5 из 5 ваг.
    ПРИЧИНА: дуги есть (78 шт.), но все совместимые узлы предложения исчерпаны — вагоны ушли на другие заявки (конкуренция за предложение).
  [d_idx  195] Москаленки (ЗСБ) | тип=Прочие | ЕТСНГ=011005 | период=3 | отправка=Повагонная | не закрыто 10 из 10 ваг.
    ПРИЧИНА: дуги есть (100 шт.), но все совместимые узлы предложения исчерпаны — вагоны ушли на другие заявки (конкуренция за предложение).
  [d_idx  196] Верховье (МСК) | тип=Прочие | ЕТСНГ=011005 | период=3 | отправка=Повагонная | не закрыто 9 из 12 ваг.
    ПРИЧИНА: дуги есть (90 шт.), но все совместимые узлы предложения исчерпаны — вагоны ушли на другие заявки (конкуренция за предложение).
  [d_idx  197] Перелешино (ЮВС) | тип=Прочие | ЕТСНГ=542072 | период=3 | отправка=Повагонная | не закрыто 10 из 10 ваг.
    ПРИЧИНА: дуги есть (72 шт.), но все совместимые узлы предложения исчерпаны — вагоны ушли на другие заявки (конкуренция за предложение).
  [d_idx  198] Алексеевка (ЮВС) | тип=Прочие | ЕТСНГ=542239 | период=3 | отправка=Повагонная | не закрыто 15 из 15 ваг.
    ПРИЧИНА: дуги есть (74 шт.), но все совместимые узлы предложения исчерпаны — вагоны ушли на другие заявки (конкуренция за предложение).
  [d_idx  199] Приютово (КБШ) | тип=БКТ | ЕТСНГ=011005 | период=3 | отправка=Повагонная | не закрыто 10 из 10 ваг.
    ПРИЧИНА: дуги есть (19 шт.), но все совместимые узлы предложения исчерпаны — вагоны ушли на другие заявки (конкуренция за предложение).
  [d_idx  201] Среднесибирская (ЗСБ) | тип=Прочие | ЕТСНГ=011005 | период=3 | отправка=Повагонная | не закрыто 3 из 3 ваг.
    ПРИЧИНА: дуги есть (88 шт.), но все совместимые узлы предложения исчерпаны — вагоны ушли на другие заявки (конкуренция за предложение).
  [d_idx  202] Добринка (ЮВС) | тип=Прочие | ЕТСНГ=011005 | период=3 | отправка=Повагонная | не закрыто 17 из 17 ваг.
    ПРИЧИНА: дуги есть (72 шт.), но все совместимые узлы предложения исчерпаны — вагоны ушли на другие заявки (конкуренция за предложение).
  [d_idx  203] Аксуат (КЗХ) | тип=Прочие | ЕТСНГ=018131 | период=3 | отправка=Повагонная | не закрыто 10 из 10 ваг.
    ПРИЧИНА: дуги есть (39 шт.), но все совместимые узлы предложения исчерпаны — вагоны ушли на другие заявки (конкуренция за предложение).
  [d_idx  205] Плавица (ЮВС) | тип=Прочие | ЕТСНГ=011005 | период=3 | отправка=Повагонная | не закрыто 15 из 15 ваг.
    ПРИЧИНА: дуги есть (72 шт.), но все совместимые узлы предложения исчерпаны — вагоны ушли на другие заявки (конкуренция за предложение).
  [d_idx  207] Новосергиевская (ЮУР) | тип=Прочие | ЕТСНГ=011005 | период=3 | отправка=Повагонная | не закрыто 2 из 2 ваг.
    ПРИЧИНА: дуги есть (79 шт.), но все совместимые узлы предложения исчерпаны — вагоны ушли на другие заявки (конкуренция за предложение).
  [d_idx  208] Новосергиевская (ЮУР) | тип=Прочие | ЕТСНГ=011005 | период=3 | отправка=Повагонная | не закрыто 9 из 9 ваг.
    ПРИЧИНА: дуги есть (79 шт.), но все совместимые узлы предложения исчерпаны — вагоны ушли на другие заявки (конкуренция за предложение).
  [d_idx  209] Новоперелюбская (ПРВ) | тип=Прочие | ЕТСНГ=011005 | период=3 | отправка=Повагонная | не закрыто 11 из 11 ваг.
    ПРИЧИНА: дуги есть (73 шт.), но все совместимые узлы предложения исчерпаны — вагоны ушли на другие заявки (конкуренция за предложение).
  [d_idx  210] Эртиль (ЮВС) | тип=Прочие | ЕТСНГ=542072 | период=3 | отправка=Повагонная | не закрыто 5 из 5 ваг.
    ПРИЧИНА: дуги есть (68 шт.), но все совместимые узлы предложения исчерпаны — вагоны ушли на другие заявки (конкуренция за предложение).
  [d_idx  211] Медведица (ПРВ) | тип=Прочие | ЕТСНГ=011005 | период=3 | отправка=Повагонная | не закрыто 8 из 8 ваг.
    ПРИЧИНА: дуги есть (74 шт.), но все совместимые узлы предложения исчерпаны — вагоны ушли на другие заявки (конкуренция за предложение).
  [d_idx  212] Кормиловка (ЗСБ) | тип=Прочие | ЕТСНГ=011005 | период=3 | отправка=Повагонная | не закрыто 5 из 5 ваг.
    ПРИЧИНА: дуги есть (100 шт.), но все совместимые узлы предложения исчерпаны — вагоны ушли на другие заявки (конкуренция за предложение).
  [d_idx  213] Шемордан (ГОР) | тип=Прочие | ЕТСНГ=014003 | период=3 | отправка=Повагонная | не закрыто 8 из 8 ваг.
    ПРИЧИНА: дуги есть (72 шт.), но все совместимые узлы предложения исчерпаны — вагоны ушли на другие заявки (конкуренция за предложение).
  [d_idx  214] Красногвардеец (ЮУР) | тип=Прочие | ЕТСНГ=011005 | период=3 | отправка=Повагонная | не закрыто 1 из 1 ваг.
    ПРИЧИНА: дуги есть (79 шт.), но все совместимые узлы предложения исчерпаны — вагоны ушли на другие заявки (конкуренция за предложение).
  [d_idx  215] Красногвардеец (ЮУР) | тип=Прочие | ЕТСНГ=011005 | период=3 | отправка=Повагонная | не закрыто 4 из 4 ваг.
    ПРИЧИНА: дуги есть (79 шт.), но все совместимые узлы предложения исчерпаны — вагоны ушли на другие заявки (конкуренция за предложение).
  [d_idx  217] Золотухино (МСК) | тип=Прочие | ЕТСНГ=011005 | период=3 | отправка=Повагонная | не закрыто 10 из 10 ваг.
    ПРИЧИНА: дуги есть (90 шт.), но все совместимые узлы предложения исчерпаны — вагоны ушли на другие заявки (конкуренция за предложение).
  [d_idx  218] Золотухино (МСК) | тип=Прочие | ЕТСНГ=011005 | период=3 | отправка=Повагонная | не закрыто 10 из 10 ваг.
    ПРИЧИНА: дуги есть (90 шт.), но все совместимые узлы предложения исчерпаны — вагоны ушли на другие заявки (конкуренция за предложение).
  [d_idx  219] Земетчино (КБШ) | тип=Прочие | ЕТСНГ=542072 | период=3 | отправка=Повагонная | не закрыто 10 из 10 ваг.
    ПРИЧИНА: дуги есть (73 шт.), но все совместимые узлы предложения исчерпаны — вагоны ушли на другие заявки (конкуренция за предложение).
  [d_idx  221] Змиевка (МСК) | тип=Прочие | ЕТСНГ=011005 | период=3 | отправка=Повагонная | не закрыто 4 из 4 ваг.
    ПРИЧИНА: дуги есть (90 шт.), но все совместимые узлы предложения исчерпаны — вагоны ушли на другие заявки (конкуренция за предложение).
  [d_idx  222] Острогожск (ЮВС) | тип=БКТ | ЕТСНГ=011005 | период=3 | отправка=Повагонная | не закрыто 5 из 5 ваг.
    ПРИЧИНА: дуги есть (19 шт.), но все совместимые узлы предложения исчерпаны — вагоны ушли на другие заявки (конкуренция за предложение).
  [d_idx  224] Кораблино (МСК) | тип=Прочие | ЕТСНГ=011005 | период=3 | отправка=Повагонная | не закрыто 8 из 8 ваг.
    ПРИЧИНА: дуги есть (90 шт.), но все совместимые узлы предложения исчерпаны — вагоны ушли на другие заявки (конкуренция за предложение).
  [d_idx  225] Кораблино (МСК) | тип=Прочие | ЕТСНГ=014003 | период=3 | отправка=Повагонная | не закрыто 7 из 7 ваг.
    ПРИЧИНА: дуги есть (90 шт.), но все совместимые узлы предложения исчерпаны — вагоны ушли на другие заявки (конкуренция за предложение).
  [d_idx  226] Измалково (МСК) | тип=Прочие | ЕТСНГ=011005 | период=3 | отправка=Групповая | не закрыто 19 из 19 ваг.
    ПРИЧИНА: дуги есть (90 шт.), но все совместимые узлы предложения исчерпаны — вагоны ушли на другие заявки (конкуренция за предложение).
  [d_idx  227] Ключики (КБШ) | тип=Прочие | ЕТСНГ=011005 | период=3 | отправка=Повагонная | не закрыто 1 из 1 ваг.
    ПРИЧИНА: дуги есть (73 шт.), но все совместимые узлы предложения исчерпаны — вагоны ушли на другие заявки (конкуренция за предложение).
  [d_idx  228] Обшаровка (КБШ) | тип=Прочие | ЕТСНГ=011005 | период=3 | отправка=Повагонная | не закрыто 10 из 10 ваг.
    ПРИЧИНА: дуги есть (73 шт.), но все совместимые узлы предложения исчерпаны — вагоны ушли на другие заявки (конкуренция за предложение).
  [d_idx  229] Новоспасское (КБШ) | тип=Прочие | ЕТСНГ=011005 | период=3 | отправка=Повагонная | не закрыто 3 из 3 ваг.
    ПРИЧИНА: дуги есть (73 шт.), но все совместимые узлы предложения исчерпаны — вагоны ушли на другие заявки (конкуренция за предложение).
  [d_idx  230] Новоспасское (КБШ) | тип=Прочие | ЕТСНГ=011005 | период=3 | отправка=Повагонная | не закрыто 8 из 8 ваг.
    ПРИЧИНА: дуги есть (73 шт.), но все совместимые узлы предложения исчерпаны — вагоны ушли на другие заявки (конкуренция за предложение).
  [d_idx  231] Раевка (КБШ) | тип=Прочие | ЕТСНГ=011005 | период=3 | отправка=Повагонная | не закрыто 7 из 7 ваг.
    ПРИЧИНА: дуги есть (73 шт.), но все совместимые узлы предложения исчерпаны — вагоны ушли на другие заявки (конкуренция за предложение).
  [d_idx  233] Становая (ЮВС) | тип=Прочие | ЕТСНГ=011005 | период=3 | отправка=Повагонная | не закрыто 23 из 23 ваг.
    ПРИЧИНА: дуги есть (80 шт.), но все совместимые узлы предложения исчерпаны — вагоны ушли на другие заявки (конкуренция за предложение).
  [d_idx  234] Ефремов (МСК) | тип=Прочие | ЕТСНГ=014003 | период=3 | отправка=Повагонная | не закрыто 9 из 9 ваг.
    ПРИЧИНА: дуги есть (90 шт.), но все совместимые узлы предложения исчерпаны — вагоны ушли на другие заявки (конкуренция за предложение).
  [d_idx  235] Ефремов (МСК) | тип=Прочие | ЕТСНГ=011005 | период=3 | отправка=Повагонная | не закрыто 4 из 4 ваг.
    ПРИЧИНА: дуги есть (90 шт.), но все совместимые узлы предложения исчерпаны — вагоны ушли на другие заявки (конкуренция за предложение).
  [d_idx  236] Карбышево 1 (ЗСБ) | тип=Прочие | ЕТСНГ=011005 | период=3 | отправка=Повагонная | не закрыто 14 из 14 ваг.
    ПРИЧИНА: дуги есть (100 шт.), но все совместимые узлы предложения исчерпаны — вагоны ушли на другие заявки (конкуренция за предложение).
  [d_idx  238] Кротовка (КБШ) | тип=Прочие | ЕТСНГ=011005 | период=3 | отправка=Повагонная | не закрыто 10 из 10 ваг.
    ПРИЧИНА: дуги есть (76 шт.), но все совместимые узлы предложения исчерпаны — вагоны ушли на другие заявки (конкуренция за предложение).
  [d_idx  239] Малорефтинская (СВР) | тип=Прочие | ЕТСНГ=235020 | период=3 | отправка=Повагонная | не закрыто 2 из 2 ваг.
    ПРИЧИНА: дуги есть (61 шт.), но все совместимые узлы предложения исчерпаны — вагоны ушли на другие заявки (конкуренция за предложение).
  [d_idx  240] Пачелма (КБШ) | тип=Прочие | ЕТСНГ=011005 | период=3 | отправка=Повагонная | не закрыто 11 из 11 ваг.
    ПРИЧИНА: дуги есть (73 шт.), но все совместимые узлы предложения исчерпаны — вагоны ушли на другие заявки (конкуренция за предложение).
  [d_idx  242] Маслянская (СВР) | тип=Прочие | ЕТСНГ=011005 | период=3 | отправка=Повагонная | не закрыто 5 из 5 ваг.
    ПРИЧИНА: дуги есть (77 шт.), но все совместимые узлы предложения исчерпаны — вагоны ушли на другие заявки (конкуренция за предложение).
  [d_idx  243] Карламан (КБШ) | тип=Прочие | ЕТСНГ=011005 | период=3 | отправка=Повагонная | не закрыто 7 из 7 ваг.
    ПРИЧИНА: дуги есть (73 шт.), но все совместимые узлы предложения исчерпаны — вагоны ушли на другие заявки (конкуренция за предложение).
  [d_idx  244] Карламан (КБШ) | тип=Прочие | ЕТСНГ=011005 | период=3 | отправка=Повагонная | не закрыто 10 из 10 ваг.
    ПРИЧИНА: дуги есть (73 шт.), но все совместимые узлы предложения исчерпаны — вагоны ушли на другие заявки (конкуренция за предложение).
  [d_idx  246] Чердаклы (КБШ) | тип=Прочие | ЕТСНГ=011005 | период=3 | отправка=Повагонная | не закрыто 1 из 1 ваг.
    ПРИЧИНА: дуги есть (73 шт.), но все совместимые узлы предложения исчерпаны — вагоны ушли на другие заявки (конкуренция за предложение).
  [d_idx  247] Заречная (СКВ) | тип=Прочие | ЕТСНГ=011005 | период=3 | отправка=Повагонная | не закрыто 10 из 10 ваг.
    ПРИЧИНА: дуги есть (72 шт.), но все совместимые узлы предложения исчерпаны — вагоны ушли на другие заявки (конкуренция за предложение).
  [d_idx  248] Заречная (СКВ) | тип=Прочие | ЕТСНГ=011005 | период=3 | отправка=Повагонная | не закрыто 18 из 18 ваг.
    ПРИЧИНА: дуги есть (72 шт.), но все совместимые узлы предложения исчерпаны — вагоны ушли на другие заявки (конкуренция за предложение).
  [d_idx  249] Заречная (СКВ) | тип=Прочие | ЕТСНГ=011005 | период=3 | отправка=Повагонная | не закрыто 16 из 16 ваг.
    ПРИЧИНА: дуги есть (72 шт.), но все совместимые узлы предложения исчерпаны — вагоны ушли на другие заявки (конкуренция за предложение).
  [d_idx  250] Заречная (СКВ) | тип=Прочие | ЕТСНГ=011005 | период=3 | отправка=Групповая | не закрыто 50 из 50 ваг.
    ПРИЧИНА: дуги есть (72 шт.), но все совместимые узлы предложения исчерпаны — вагоны ушли на другие заявки (конкуренция за предложение).
  [d_idx  251] Ольха (ЮВС) | тип=Прочие | ЕТСНГ=542072 | период=3 | отправка=Повагонная | не закрыто 13 из 13 ваг.
    ПРИЧИНА: дуги есть (72 шт.), но все совместимые узлы предложения исчерпаны — вагоны ушли на другие заявки (конкуренция за предложение).
  [d_idx  253] Новохоперск (ЮВС) | тип=Прочие | ЕТСНГ=011005 | период=3 | отправка=Повагонная | не закрыто 8 из 8 ваг.
    ПРИЧИНА: дуги есть (68 шт.), но все совместимые узлы предложения исчерпаны — вагоны ушли на другие заявки (конкуренция за предложение).
  [d_idx  254] Свобода (МСК) | тип=Прочие | ЕТСНГ=542072 | период=3 | отправка=Повагонная | не закрыто 1 из 1 ваг.
    ПРИЧИНА: дуги есть (90 шт.), но все совместимые узлы предложения исчерпаны — вагоны ушли на другие заявки (конкуренция за предложение).
  [d_idx  255] Речица (БЕЛ) | тип=Прочие | ЕТСНГ=014003 | период=3 | отправка=Повагонная | не закрыто 1 из 1 ваг.
    ПРИЧИНА: нет ни одной допустимой дуги — закрыть невозможно текущими данными. Отбраковка пар со всеми 149 узлами предложения:
             нет тарифа 10, несовм. тип 0, грязный ЕТСНГ 6, дальше потолка расстояния 17, бизнес-правила дорог (инотерритория/дефицит) 116, нарушение срока 0.
  [d_idx  256] Алексиково (ПРВ) | тип=Прочие | ЕТСНГ=011005 | период=3 | отправка=Групповая | не закрыто 11 из 11 ваг.
    ПРИЧИНА: дуги есть (76 шт.), но все совместимые узлы предложения исчерпаны — вагоны ушли на другие заявки (конкуренция за предложение).
  [d_idx  257] Алексиково (ПРВ) | тип=Прочие | ЕТСНГ=011005 | период=3 | отправка=Повагонная | не закрыто 3 из 3 ваг.
    ПРИЧИНА: дуги есть (76 шт.), но все совместимые узлы предложения исчерпаны — вагоны ушли на другие заявки (конкуренция за предложение).
  [d_idx  258] Славгород (ЗСБ) | тип=Прочие | ЕТСНГ=014003 | период=3 | отправка=Повагонная | не закрыто 5 из 5 ваг.
    ПРИЧИНА: дуги есть (97 шт.), но все совместимые узлы предложения исчерпаны — вагоны ушли на другие заявки (конкуренция за предложение).
  [d_idx  259] Кирсанов (ЮВС) | тип=Прочие | ЕТСНГ=011005 | период=3 | отправка=Повагонная | не закрыто 10 из 10 ваг.
    ПРИЧИНА: дуги есть (73 шт.), но все совместимые узлы предложения исчерпаны — вагоны ушли на другие заявки (конкуренция за предложение).
  [d_idx  260] Охотничья (КБШ) | тип=Прочие | ЕТСНГ=011005 | период=3 | отправка=Повагонная | не закрыто 10 из 10 ваг.
    ПРИЧИНА: дуги есть (73 шт.), но все совместимые узлы предложения исчерпаны — вагоны ушли на другие заявки (конкуренция за предложение).
  [d_idx  261] Охотничья (КБШ) | тип=Прочие | ЕТСНГ=011005 | период=3 | отправка=Повагонная | не закрыто 11 из 11 ваг.
    ПРИЧИНА: дуги есть (73 шт.), но все совместимые узлы предложения исчерпаны — вагоны ушли на другие заявки (конкуренция за предложение).
  [d_idx  262] Избердей (ЮВС) | тип=Прочие | ЕТСНГ=011005 | период=3 | отправка=Маршрутная | не закрыто 100 из 100 ваг.
    ПРИЧИНА: дуги есть (72 шт.), но все совместимые узлы предложения исчерпаны — вагоны ушли на другие заявки (конкуренция за предложение).
  [d_idx  263] Кантемировка (ЮВС) | тип=Прочие | ЕТСНГ=011005 | период=3 | отправка=Повагонная | не закрыто 12 из 12 ваг.
    ПРИЧИНА: дуги есть (72 шт.), но все совместимые узлы предложения исчерпаны — вагоны ушли на другие заявки (конкуренция за предложение).
  [d_idx  265] Башмаково (КБШ) | тип=Прочие | ЕТСНГ=014003 | период=3 | отправка=Повагонная | не закрыто 7 из 7 ваг.
    ПРИЧИНА: дуги есть (73 шт.), но все совместимые узлы предложения исчерпаны — вагоны ушли на другие заявки (конкуренция за предложение).
  [d_idx  266] Любовка (ЗСБ) | тип=Прочие | ЕТСНГ=011005 | период=3 | отправка=Повагонная | не закрыто 5 из 5 ваг.
    ПРИЧИНА: дуги есть (100 шт.), но все совместимые узлы предложения исчерпаны — вагоны ушли на другие заявки (конкуренция за предложение).
  [d_idx  267] Мальчевская (СКВ) | тип=Прочие | ЕТСНГ=011005 | период=3 | отправка=Повагонная | не закрыто 10 из 10 ваг.
    ПРИЧИНА: дуги есть (68 шт.), но все совместимые узлы предложения исчерпаны — вагоны ушли на другие заявки (конкуренция за предложение).
  [d_idx  268] Бугуруслан (КБШ) | тип=Прочие | ЕТСНГ=011005 | период=3 | отправка=Повагонная | не закрыто 15 из 15 ваг.
    ПРИЧИНА: дуги есть (73 шт.), но все совместимые узлы предложения исчерпаны — вагоны ушли на другие заявки (конкуренция за предложение).
  [d_idx  269] Хохольская (ЮВС) | тип=БКТ | ЕТСНГ=011005 | период=3 | отправка=Повагонная | не закрыто 10 из 10 ваг.
    ПРИЧИНА: дуги есть (20 шт.), но все совместимые узлы предложения исчерпаны — вагоны ушли на другие заявки (конкуренция за предложение).
  [d_idx  270] Руденск (БЕЛ) | тип=Прочие | ЕТСНГ=014003 | период=3 | отправка=Повагонная | не закрыто 14 из 14 ваг.
    ПРИЧИНА: нет ни одной допустимой дуги — закрыть невозможно текущими данными. Отбраковка пар со всеми 149 узлами предложения:
             нет тарифа 10, несовм. тип 0, грязный ЕТСНГ 6, дальше потолка расстояния 17, бизнес-правила дорог (инотерритория/дефицит) 116, нарушение срока 0.
  [d_idx  271] Руденск (БЕЛ) | тип=Прочие | ЕТСНГ=014003 | период=3 | отправка=Повагонная | не закрыто 2 из 2 ваг.
    ПРИЧИНА: нет ни одной допустимой дуги — закрыть невозможно текущими данными. Отбраковка пар со всеми 149 узлами предложения:
             нет тарифа 10, несовм. тип 0, грязный ЕТСНГ 6, дальше потолка расстояния 17, бизнес-правила дорог (инотерритория/дефицит) 116, нарушение срока 0.
  [d_idx  272] Целина (СКВ) | тип=Прочие | ЕТСНГ=011005 | период=4 | отправка=Повагонная | не закрыто 17 из 17 ваг.
    ПРИЧИНА: дуги есть (40 шт.), но все совместимые узлы предложения исчерпаны — вагоны ушли на другие заявки (конкуренция за предложение).
  [d_idx  274] Саханская (МСК) | тип=Прочие | ЕТСНГ=011005 | период=4 | отправка=Повагонная | не закрыто 20 из 20 ваг.
    ПРИЧИНА: дуги есть (90 шт.), но все совместимые узлы предложения исчерпаны — вагоны ушли на другие заявки (конкуренция за предложение).
  [d_idx  275] Гнилоаксайская (ПРВ) | тип=Прочие | ЕТСНГ=011005 | период=4 | отправка=Повагонная | не закрыто 8 из 8 ваг.
    ПРИЧИНА: дуги есть (67 шт.), но все совместимые узлы предложения исчерпаны — вагоны ушли на другие заявки (конкуренция за предложение).
  [d_idx  276] Балаково (ПРВ) | тип=Прочие | ЕТСНГ=542239 | период=4 | отправка=Повагонная | не закрыто 10 из 10 ваг.
    ПРИЧИНА: дуги есть (78 шт.), но все совместимые узлы предложения исчерпаны — вагоны ушли на другие заявки (конкуренция за предложение).
  [d_idx  277] Балаково (ПРВ) | тип=Прочие | ЕТСНГ=542239 | период=4 | отправка=Повагонная | не закрыто 10 из 10 ваг.
    ПРИЧИНА: дуги есть (78 шт.), но все совместимые узлы предложения исчерпаны — вагоны ушли на другие заявки (конкуренция за предложение).
  [d_idx  278] Кущевка (СКВ) | тип=Прочие | ЕТСНГ=011005 | период=4 | отправка=Грузовой экспресс | не закрыто 15 из 15 ваг.
    ПРИЧИНА: дуги есть (72 шт.), но все совместимые узлы предложения исчерпаны — вагоны ушли на другие заявки (конкуренция за предложение).
  [d_idx  279] Полоцк (БЕЛ) | тип=Прочие | ЕТСНГ=542239 | период=4 | отправка=Повагонная | не закрыто 5 из 5 ваг.
    ПРИЧИНА: нет ни одной допустимой дуги — закрыть невозможно текущими данными. Отбраковка пар со всеми 149 узлами предложения:
             нет тарифа 4, несовм. тип 0, грязный ЕТСНГ 2, дальше потолка расстояния 17, бизнес-правила дорог (инотерритория/дефицит) 126, нарушение срока 0.
  [d_idx  280] Орел (МСК) | тип=Прочие | ЕТСНГ=011005 | период=4 | отправка=Повагонная | не закрыто 28 из 28 ваг.
    ПРИЧИНА: дуги есть (90 шт.), но все совместимые узлы предложения исчерпаны — вагоны ушли на другие заявки (конкуренция за предложение).
  [d_idx  281] Жердевка (ЮВС) | тип=Прочие | ЕТСНГ=014003 | период=4 | отправка=Повагонная | не закрыто 50 из 50 ваг.
    ПРИЧИНА: дуги есть (72 шт.), но все совместимые узлы предложения исчерпаны — вагоны ушли на другие заявки (конкуренция за предложение).
  [d_idx  282] Кшень (МСК) | тип=Прочие | ЕТСНГ=542072 | период=4 | отправка=Повагонная | не закрыто 20 из 20 ваг.
    ПРИЧИНА: дуги есть (90 шт.), но все совместимые узлы предложения исчерпаны — вагоны ушли на другие заявки (конкуренция за предложение).
  [d_idx  283] Улусарка (ЮВС) | тип=БКТ | ЕТСНГ=011005 | период=4 | отправка=Маршрутная | не закрыто 51 из 51 ваг.
    ПРИЧИНА: дуги есть (21 шт.), но все совместимые узлы предложения исчерпаны — вагоны ушли на другие заявки (конкуренция за предложение).
  [d_idx  284] Улусарка (ЮВС) | тип=Прочие | ЕТСНГ=011005 | период=4 | отправка=Маршрутная | не закрыто 4 из 4 ваг.
    ПРИЧИНА: дуги есть (78 шт.), но все совместимые узлы предложения исчерпаны — вагоны ушли на другие заявки (конкуренция за предложение).
  [d_idx  285] Улусарка (ЮВС) | тип=Прочие | ЕТСНГ=015006 | период=4 | отправка=Повагонная | не закрыто 9 из 9 ваг.
    ПРИЧИНА: дуги есть (78 шт.), но все совместимые узлы предложения исчерпаны — вагоны ушли на другие заявки (конкуренция за предложение).
  [d_idx  286] Шильда (ЮУР) | тип=Прочие | ЕТСНГ=011005 | период=4 | отправка=Повагонная | не закрыто 16 из 16 ваг.
    ПРИЧИНА: дуги есть (79 шт.), но все совместимые узлы предложения исчерпаны — вагоны ушли на другие заявки (конкуренция за предложение).
  [d_idx  287] Шильда (ЮУР) | тип=Прочие | ЕТСНГ=014003 | период=4 | отправка=Повагонная | не закрыто 41 из 41 ваг.
    ПРИЧИНА: дуги есть (79 шт.), но все совместимые узлы предложения исчерпаны — вагоны ушли на другие заявки (конкуренция за предложение).
  [d_idx  288] Елань-Камышинская (ЮВС) | тип=Прочие | ЕТСНГ=011005 | период=4 | отправка=Повагонная | не закрыто 50 из 50 ваг.
    ПРИЧИНА: дуги есть (72 шт.), но все совместимые узлы предложения исчерпаны — вагоны ушли на другие заявки (конкуренция за предложение).
  [d_idx  289] Бударино (ПРВ) | тип=Прочие | ЕТСНГ=011005 | период=4 | отправка=Повагонная | не закрыто 14 из 14 ваг.
    ПРИЧИНА: дуги есть (76 шт.), но все совместимые узлы предложения исчерпаны — вагоны ушли на другие заявки (конкуренция за предложение).
  [d_idx  290] Бударино (ПРВ) | тип=Прочие | ЕТСНГ=011005 | период=4 | отправка=Повагонная | не закрыто 3 из 3 ваг.
    ПРИЧИНА: дуги есть (76 шт.), но все совместимые узлы предложения исчерпаны — вагоны ушли на другие заявки (конкуренция за предложение).
  [d_idx  291] Армавир-Туапсинский (СКВ) | тип=Прочие | ЕТСНГ=021083 | период=4 | отправка=Повагонная | не закрыто 3 из 3 ваг.
    ПРИЧИНА: дуги есть (70 шт.), но все совместимые узлы предложения исчерпаны — вагоны ушли на другие заявки (конкуренция за предложение).
  [d_idx  292] Рузаевка (КБШ) | тип=Прочие | ЕТСНГ=014003 | период=4 | отправка=Повагонная | не закрыто 1 из 1 ваг.
    ПРИЧИНА: дуги есть (70 шт.), но все совместимые узлы предложения исчерпаны — вагоны ушли на другие заявки (конкуренция за предложение).
  [d_idx  293] Янаул (ГОР) | тип=Прочие | ЕТСНГ=011005 | период=4 | отправка=Повагонная | не закрыто 9 из 9 ваг.
    ПРИЧИНА: дуги есть (72 шт.), но все совместимые узлы предложения исчерпаны — вагоны ушли на другие заявки (конкуренция за предложение).
  [d_idx  294] Дмитриев-Льговский (МСК) | тип=Прочие | ЕТСНГ=011005 | период=4 | отправка=Повагонная | не закрыто 18 из 18 ваг.
    ПРИЧИНА: дуги есть (87 шт.), но все совместимые узлы предложения исчерпаны — вагоны ушли на другие заявки (конкуренция за предложение).
  [d_idx  295] Теренсай (ЮУР) | тип=Прочие | ЕТСНГ=014003 | период=4 | отправка=Повагонная | не закрыто 10 из 10 ваг.
    ПРИЧИНА: дуги есть (79 шт.), но все совместимые узлы предложения исчерпаны — вагоны ушли на другие заявки (конкуренция за предложение).
  [d_idx  296] Теренсай (ЮУР) | тип=Прочие | ЕТСНГ=011005 | период=4 | отправка=Повагонная | не закрыто 9 из 9 ваг.
    ПРИЧИНА: дуги есть (79 шт.), но все совместимые узлы предложения исчерпаны — вагоны ушли на другие заявки (конкуренция за предложение).
  [d_idx  297] Теренсай (ЮУР) | тип=Прочие | ЕТСНГ=014003 | период=4 | отправка=Повагонная | не закрыто 7 из 7 ваг.
    ПРИЧИНА: дуги есть (79 шт.), но все совместимые узлы предложения исчерпаны — вагоны ушли на другие заявки (конкуренция за предложение).
  [d_idx  298] Теренсай (ЮУР) | тип=Прочие | ЕТСНГ=011005 | период=4 | отправка=Повагонная | не закрыто 2 из 2 ваг.
    ПРИЧИНА: дуги есть (79 шт.), но все совместимые узлы предложения исчерпаны — вагоны ушли на другие заявки (конкуренция за предложение).
  [d_idx  299] Орск (ЮУР) | тип=Прочие | ЕТСНГ=011005 | период=4 | отправка=Повагонная | не закрыто 19 из 19 ваг.
    ПРИЧИНА: дуги есть (79 шт.), но все совместимые узлы предложения исчерпаны — вагоны ушли на другие заявки (конкуренция за предложение).
  [d_idx  300] Вернадовка (КБШ) | тип=Прочие | ЕТСНГ=011005 | период=4 | отправка=Повагонная | не закрыто 15 из 15 ваг.
    ПРИЧИНА: дуги есть (73 шт.), но все совместимые узлы предложения исчерпаны — вагоны ушли на другие заявки (конкуренция за предложение).
  [d_idx  301] Ртищево 1 (ЮВС) | тип=Прочие | ЕТСНГ=011005 | период=4 | отправка=Повагонная | не закрыто 12 из 12 ваг.
    ПРИЧИНА: дуги есть (70 шт.), но все совместимые узлы предложения исчерпаны — вагоны ушли на другие заявки (конкуренция за предложение).
  [d_idx  302] Асекеево (КБШ) | тип=Прочие | ЕТСНГ=011005 | период=4 | отправка=Повагонная | не закрыто 20 из 20 ваг.
    ПРИЧИНА: дуги есть (73 шт.), но все совместимые узлы предложения исчерпаны — вагоны ушли на другие заявки (конкуренция за предложение).
  [d_idx  303] Димитровград (КБШ) | тип=Прочие | ЕТСНГ=011005 | период=4 | отправка=Повагонная | не закрыто 20 из 20 ваг.
    ПРИЧИНА: дуги есть (73 шт.), но все совместимые узлы предложения исчерпаны — вагоны ушли на другие заявки (конкуренция за предложение).
  [d_idx  304] Урюпино (ПРВ) | тип=Прочие | ЕТСНГ=542239 | период=4 | отправка=Повагонная | не закрыто 10 из 10 ваг.
    ПРИЧИНА: дуги есть (78 шт.), но все совместимые узлы предложения исчерпаны — вагоны ушли на другие заявки (конкуренция за предложение).
  [d_idx  305] Урюпино (ПРВ) | тип=Прочие | ЕТСНГ=542239 | период=4 | отправка=Повагонная | не закрыто 10 из 10 ваг.
    ПРИЧИНА: дуги есть (78 шт.), но все совместимые узлы предложения исчерпаны — вагоны ушли на другие заявки (конкуренция за предложение).
  [d_idx  306] Москаленки (ЗСБ) | тип=Прочие | ЕТСНГ=011005 | период=4 | отправка=Повагонная | не закрыто 8 из 8 ваг.
    ПРИЧИНА: дуги есть (100 шт.), но все совместимые узлы предложения исчерпаны — вагоны ушли на другие заявки (конкуренция за предложение).
  [d_idx  307] Москаленки (ЗСБ) | тип=Прочие | ЕТСНГ=011005 | период=4 | отправка=Повагонная | не закрыто 10 из 10 ваг.
    ПРИЧИНА: дуги есть (100 шт.), но все совместимые узлы предложения исчерпаны — вагоны ушли на другие заявки (конкуренция за предложение).
  [d_idx  308] Белинская (КБШ) | тип=Прочие | ЕТСНГ=011005 | период=4 | отправка=Повагонная | не закрыто 36 из 36 ваг.
    ПРИЧИНА: дуги есть (73 шт.), но все совместимые узлы предложения исчерпаны — вагоны ушли на другие заявки (конкуренция за предложение).
  [d_idx  309] Верховье (МСК) | тип=Прочие | ЕТСНГ=011005 | период=4 | отправка=Повагонная | не закрыто 56 из 56 ваг.
    ПРИЧИНА: дуги есть (90 шт.), но все совместимые узлы предложения исчерпаны — вагоны ушли на другие заявки (конкуренция за предложение).
  [d_idx  310] Верховье (МСК) | тип=Прочие | ЕТСНГ=011005 | период=4 | отправка=Повагонная | не закрыто 24 из 24 ваг.
    ПРИЧИНА: дуги есть (90 шт.), но все совместимые узлы предложения исчерпаны — вагоны ушли на другие заявки (конкуренция за предложение).
  [d_idx  311] Перелешино (ЮВС) | тип=Прочие | ЕТСНГ=542072 | период=4 | отправка=Повагонная | не закрыто 20 из 20 ваг.
    ПРИЧИНА: дуги есть (72 шт.), но все совместимые узлы предложения исчерпаны — вагоны ушли на другие заявки (конкуренция за предложение).
  [d_idx  312] Выселки (СКВ) | тип=Прочие | ЕТСНГ=542296 | период=4 | отправка=Повагонная | не закрыто 15 из 15 ваг.
    ПРИЧИНА: дуги есть (50 шт.), но все совместимые узлы предложения исчерпаны — вагоны ушли на другие заявки (конкуренция за предложение).
  [d_idx  313] Безенчук (КБШ) | тип=Прочие | ЕТСНГ=011005 | период=4 | отправка=Повагонная | не закрыто 22 из 22 ваг.
    ПРИЧИНА: дуги есть (74 шт.), но все совместимые узлы предложения исчерпаны — вагоны ушли на другие заявки (конкуренция за предложение).
  [d_idx  314] Безенчук (КБШ) | тип=Прочие | ЕТСНГ=011005 | период=4 | отправка=Повагонная | не закрыто 16 из 16 ваг.
    ПРИЧИНА: дуги есть (74 шт.), но все совместимые узлы предложения исчерпаны — вагоны ушли на другие заявки (конкуренция за предложение).
  [d_idx  315] Приютово (КБШ) | тип=БКТ | ЕТСНГ=011005 | период=4 | отправка=Повагонная | не закрыто 8 из 8 ваг.
    ПРИЧИНА: дуги есть (19 шт.), но все совместимые узлы предложения исчерпаны — вагоны ушли на другие заявки (конкуренция за предложение).
  [d_idx  316] Приютово (КБШ) | тип=Прочие | ЕТСНГ=011005 | период=4 | отправка=Повагонная | не закрыто 5 из 5 ваг.
    ПРИЧИНА: дуги есть (73 шт.), но все совместимые узлы предложения исчерпаны — вагоны ушли на другие заявки (конкуренция за предложение).
  [d_idx  317] Приютово (КБШ) | тип=Прочие | ЕТСНГ=011005 | период=4 | отправка=Повагонная | не закрыто 13 из 13 ваг.
    ПРИЧИНА: дуги есть (73 шт.), но все совместимые узлы предложения исчерпаны — вагоны ушли на другие заявки (конкуренция за предложение).
  [d_idx  318] Ольховатка (ЮВС) | тип=Прочие | ЕТСНГ=542072 | период=4 | отправка=Повагонная | не закрыто 13 из 13 ваг.
    ПРИЧИНА: дуги есть (68 шт.), но все совместимые узлы предложения исчерпаны — вагоны ушли на другие заявки (конкуренция за предложение).
  [d_idx  319] Сорочинская (ЮУР) | тип=Прочие | ЕТСНГ=542239 | период=4 | отправка=Повагонная | не закрыто 10 из 10 ваг.
    ПРИЧИНА: дуги есть (81 шт.), но все совместимые узлы предложения исчерпаны — вагоны ушли на другие заявки (конкуренция за предложение).
  [d_idx  320] Усть-Тальменская (ЗСБ) | тип=Прочие | ЕТСНГ=011005 | период=4 | отправка=Повагонная | не закрыто 1 из 5 ваг.
    ПРИЧИНА: дуги есть (99 шт.), но все совместимые узлы предложения исчерпаны — вагоны ушли на другие заявки (конкуренция за предложение).
  [d_idx  321] Кубанская (СКВ) | тип=Прочие | ЕТСНГ=011005 | период=4 | отправка=Повагонная | не закрыто 4 из 7 ваг.
    ПРИЧИНА: дуги есть (72 шт.), но все совместимые узлы предложения исчерпаны — вагоны ушли на другие заявки (конкуренция за предложение).
  [d_idx  322] Кубанская (СКВ) | тип=Прочие | ЕТСНГ=011005 | период=4 | отправка=Повагонная | не закрыто 8 из 8 ваг.
    ПРИЧИНА: дуги есть (72 шт.), но все совместимые узлы предложения исчерпаны — вагоны ушли на другие заявки (конкуренция за предложение).
  [d_idx  323] Кубанская (СКВ) | тип=Прочие | ЕТСНГ=015006 | период=4 | отправка=Повагонная | не закрыто 10 из 10 ваг.
    ПРИЧИНА: дуги есть (72 шт.), но все совместимые узлы предложения исчерпаны — вагоны ушли на другие заявки (конкуренция за предложение).
  [d_idx  324] Добринка (ЮВС) | тип=Прочие | ЕТСНГ=011005 | период=4 | отправка=Повагонная | не закрыто 40 из 40 ваг.
    ПРИЧИНА: дуги есть (72 шт.), но все совместимые узлы предложения исчерпаны — вагоны ушли на другие заявки (конкуренция за предложение).
  [d_idx  327] Аксуат (КЗХ) | тип=Прочие | ЕТСНГ=018131 | период=4 | отправка=Повагонная | не закрыто 20 из 20 ваг.
    ПРИЧИНА: дуги есть (39 шт.), но все совместимые узлы предложения исчерпаны — вагоны ушли на другие заявки (конкуренция за предложение).
  [d_idx  329] Заглядино (КБШ) | тип=Прочие | ЕТСНГ=011005 | период=4 | отправка=Повагонная | не закрыто 28 из 28 ваг.
    ПРИЧИНА: дуги есть (73 шт.), но все совместимые узлы предложения исчерпаны — вагоны ушли на другие заявки (конкуренция за предложение).
  [d_idx  330] Ейск (СКВ) | тип=Прочие | ЕТСНГ=505028 | период=4 | отправка=Повагонная | не закрыто 16 из 16 ваг.
    ПРИЧИНА: дуги есть (47 шт.), но все совместимые узлы предложения исчерпаны — вагоны ушли на другие заявки (конкуренция за предложение).
  [d_idx  331] Раненбург (ЮВС) | тип=Прочие | ЕТСНГ=014003 | период=4 | отправка=Повагонная | не закрыто 9 из 9 ваг.
    ПРИЧИНА: дуги есть (72 шт.), но все совместимые узлы предложения исчерпаны — вагоны ушли на другие заявки (конкуренция за предложение).
  [d_idx  332] Раненбург (ЮВС) | тип=Прочие | ЕТСНГ=014003 | период=4 | отправка=Повагонная | не закрыто 4 из 4 ваг.
    ПРИЧИНА: дуги есть (72 шт.), но все совместимые узлы предложения исчерпаны — вагоны ушли на другие заявки (конкуренция за предложение).
  [d_idx  333] Плавица (ЮВС) | тип=Прочие | ЕТСНГ=011005 | период=4 | отправка=Повагонная | не закрыто 44 из 44 ваг.
    ПРИЧИНА: дуги есть (72 шт.), но все совместимые узлы предложения исчерпаны — вагоны ушли на другие заявки (конкуренция за предложение).
  [d_idx  334] Гирей (СКВ) | тип=Прочие | ЕТСНГ=011005 | период=4 | отправка=Грузовой экспресс | не закрыто 10 из 10 ваг.
    ПРИЧИНА: дуги есть (72 шт.), но все совместимые узлы предложения исчерпаны — вагоны ушли на другие заявки (конкуренция за предложение).
  [d_idx  335] Тамала (ЮВС) | тип=БКТ | ЕТСНГ=011005 | период=4 | отправка=Повагонная | не закрыто 18 из 18 ваг.
    ПРИЧИНА: дуги есть (19 шт.), но все совместимые узлы предложения исчерпаны — вагоны ушли на другие заявки (конкуренция за предложение).
  [d_idx  336] Новосергиевская (ЮУР) | тип=Прочие | ЕТСНГ=011005 | период=4 | отправка=Повагонная | не закрыто 18 из 18 ваг.
    ПРИЧИНА: дуги есть (79 шт.), но все совместимые узлы предложения исчерпаны — вагоны ушли на другие заявки (конкуренция за предложение).
  [d_idx  337] Новосергиевская (ЮУР) | тип=Прочие | ЕТСНГ=011005 | период=4 | отправка=Повагонная | не закрыто 7 из 7 ваг.
    ПРИЧИНА: дуги есть (79 шт.), но все совместимые узлы предложения исчерпаны — вагоны ушли на другие заявки (конкуренция за предложение).
  [d_idx  338] Новосергиевская (ЮУР) | тип=Прочие | ЕТСНГ=011005 | период=4 | отправка=Повагонная | не закрыто 9 из 9 ваг.
    ПРИЧИНА: дуги есть (79 шт.), но все совместимые узлы предложения исчерпаны — вагоны ушли на другие заявки (конкуренция за предложение).
  [d_idx  339] Новосергиевская (ЮУР) | тип=Прочие | ЕТСНГ=011005 | период=4 | отправка=Повагонная | не закрыто 7 из 7 ваг.
    ПРИЧИНА: дуги есть (79 шт.), но все совместимые узлы предложения исчерпаны — вагоны ушли на другие заявки (конкуренция за предложение).
  [d_idx  340] Аткарск (ПРВ) | тип=Прочие | ЕТСНГ=542239 | период=4 | отправка=Повагонная | не закрыто 3 из 3 ваг.
    ПРИЧИНА: дуги есть (79 шт.), но все совместимые узлы предложения исчерпаны — вагоны ушли на другие заявки (конкуренция за предложение).
  [d_idx  341] Новоперелюбская (ПРВ) | тип=Прочие | ЕТСНГ=011005 | период=4 | отправка=Повагонная | не закрыто 12 из 12 ваг.
    ПРИЧИНА: дуги есть (73 шт.), но все совместимые узлы предложения исчерпаны — вагоны ушли на другие заявки (конкуренция за предложение).
  [d_idx  342] Калачинская (ЗСБ) | тип=Прочие | ЕТСНГ=011005 | период=4 | отправка=Повагонная | не закрыто 3 из 3 ваг.
    ПРИЧИНА: дуги есть (100 шт.), но все совместимые узлы предложения исчерпаны — вагоны ушли на другие заявки (конкуренция за предложение).
  [d_idx  343] Эртиль (ЮВС) | тип=Прочие | ЕТСНГ=542072 | период=4 | отправка=Повагонная | не закрыто 10 из 10 ваг.
    ПРИЧИНА: дуги есть (68 шт.), но все совместимые узлы предложения исчерпаны — вагоны ушли на другие заявки (конкуренция за предложение).
  [d_idx  344] Медведица (ПРВ) | тип=Прочие | ЕТСНГ=011005 | период=4 | отправка=Повагонная | не закрыто 14 из 14 ваг.
    ПРИЧИНА: дуги есть (74 шт.), но все совместимые узлы предложения исчерпаны — вагоны ушли на другие заявки (конкуренция за предложение).
  [d_idx  345] Воробьевка (ЮВС) | тип=Прочие | ЕТСНГ=011005 | период=4 | отправка=Повагонная | не закрыто 3 из 3 ваг.
    ПРИЧИНА: дуги есть (72 шт.), но все совместимые узлы предложения исчерпаны — вагоны ушли на другие заявки (конкуренция за предложение).
  [d_idx  346] Кормиловка (ЗСБ) | тип=Прочие | ЕТСНГ=011005 | период=4 | отправка=Повагонная | не закрыто 7 из 7 ваг.
    ПРИЧИНА: дуги есть (100 шт.), но все совместимые узлы предложения исчерпаны — вагоны ушли на другие заявки (конкуренция за предложение).
  [d_idx  347] Аркадак (ЮВС) | тип=Прочие | ЕТСНГ=011005 | период=4 | отправка=Повагонная | не закрыто 25 из 25 ваг.
    ПРИЧИНА: дуги есть (73 шт.), но все совместимые узлы предложения исчерпаны — вагоны ушли на другие заявки (конкуренция за предложение).
  [d_idx  348] Шемордан (ГОР) | тип=Прочие | ЕТСНГ=014003 | период=4 | отправка=Повагонная | не закрыто 14 из 14 ваг.
    ПРИЧИНА: дуги есть (72 шт.), но все совместимые узлы предложения исчерпаны — вагоны ушли на другие заявки (конкуренция за предложение).
  [d_idx  349] Красногвардеец (ЮУР) | тип=Прочие | ЕТСНГ=011005 | период=4 | отправка=Повагонная | не закрыто 20 из 20 ваг.
    ПРИЧИНА: дуги есть (79 шт.), но все совместимые узлы предложения исчерпаны — вагоны ушли на другие заявки (конкуренция за предложение).
  [d_idx  350] Кривецкая (ЮВС) | тип=Прочие | ЕТСНГ=542072 | период=4 | отправка=Повагонная | не закрыто 20 из 20 ваг.
    ПРИЧИНА: дуги есть (76 шт.), но все совместимые узлы предложения исчерпаны — вагоны ушли на другие заявки (конкуренция за предложение).
  [d_idx  352] Золотухино (МСК) | тип=Прочие | ЕТСНГ=011005 | период=4 | отправка=Повагонная | не закрыто 33 из 33 ваг.
    ПРИЧИНА: дуги есть (90 шт.), но все совместимые узлы предложения исчерпаны — вагоны ушли на другие заявки (конкуренция за предложение).
  [d_idx  353] Золотухино (МСК) | тип=Прочие | ЕТСНГ=011005 | период=4 | отправка=Повагонная | не закрыто 9 из 9 ваг.
    ПРИЧИНА: дуги есть (90 шт.), но все совместимые узлы предложения исчерпаны — вагоны ушли на другие заявки (конкуренция за предложение).
  [d_idx  354] Смирново (КЗХ) | тип=Прочие | ЕТСНГ=018131 | период=4 | отправка=Повагонная | не закрыто 6 из 7 ваг.
    ПРИЧИНА: дуги есть (39 шт.), но все совместимые узлы предложения исчерпаны — вагоны ушли на другие заявки (конкуренция за предложение).
  [d_idx  355] Земетчино (КБШ) | тип=Прочие | ЕТСНГ=542072 | период=4 | отправка=Повагонная | не закрыто 20 из 20 ваг.
    ПРИЧИНА: дуги есть (73 шт.), но все совместимые узлы предложения исчерпаны — вагоны ушли на другие заявки (конкуренция за предложение).
  [d_idx  357] Есиль (КЗХ) | тип=Прочие | ЕТСНГ=018131 | период=4 | отправка=Повагонная | не закрыто 6 из 7 ваг.
    ПРИЧИНА: дуги есть (39 шт.), но все совместимые узлы предложения исчерпаны — вагоны ушли на другие заявки (конкуренция за предложение).
  [d_idx  358] Макушино (ЮУР) | тип=Прочие | ЕТСНГ=011005 | период=4 | отправка=Повагонная | не закрыто 7 из 7 ваг.
    ПРИЧИНА: дуги есть (83 шт.), но все совместимые узлы предложения исчерпаны — вагоны ушли на другие заявки (конкуренция за предложение).
  [d_idx  359] Макушино (ЮУР) | тип=Прочие | ЕТСНГ=011005 | период=4 | отправка=Повагонная | не закрыто 8 из 8 ваг.
    ПРИЧИНА: дуги есть (83 шт.), но все совместимые узлы предложения исчерпаны — вагоны ушли на другие заявки (конкуренция за предложение).
  [d_idx  360] Змиевка (МСК) | тип=БКТ | ЕТСНГ=011005 | период=4 | отправка=Повагонная | не закрыто 11 из 11 ваг.
    ПРИЧИНА: дуги есть (26 шт.), но все совместимые узлы предложения исчерпаны — вагоны ушли на другие заявки (конкуренция за предложение).
  [d_idx  361] Змиевка (МСК) | тип=Прочие | ЕТСНГ=011005 | период=4 | отправка=Повагонная | не закрыто 6 из 6 ваг.
    ПРИЧИНА: дуги есть (90 шт.), но все совместимые узлы предложения исчерпаны — вагоны ушли на другие заявки (конкуренция за предложение).
  [d_idx  362] Змиевка (МСК) | тип=Прочие | ЕТСНГ=011005 | период=4 | отправка=Повагонная | не закрыто 8 из 8 ваг.
    ПРИЧИНА: дуги есть (90 шт.), но все совместимые узлы предложения исчерпаны — вагоны ушли на другие заявки (конкуренция за предложение).
  [d_idx  363] Острогожск (ЮВС) | тип=БКТ | ЕТСНГ=011005 | период=4 | отправка=Повагонная | не закрыто 25 из 25 ваг.
    ПРИЧИНА: дуги есть (19 шт.), но все совместимые узлы предложения исчерпаны — вагоны ушли на другие заявки (конкуренция за предложение).
  [d_idx  364] Тополек (ПРВ) | тип=Прочие | ЕТСНГ=011005 | период=4 | отправка=Повагонная | не закрыто 25 из 25 ваг.
    ПРИЧИНА: дуги есть (68 шт.), но все совместимые узлы предложения исчерпаны — вагоны ушли на другие заявки (конкуренция за предложение).
  [d_idx  365] Краснозерское (ЗСБ) | тип=Прочие | ЕТСНГ=011005 | период=4 | отправка=Повагонная | не закрыто 53 из 53 ваг.
    ПРИЧИНА: дуги есть (100 шт.), но все совместимые узлы предложения исчерпаны — вагоны ушли на другие заявки (конкуренция за предложение).
  [d_idx  366] Краснозерское (ЗСБ) | тип=Прочие | ЕТСНГ=011005 | период=4 | отправка=Повагонная | не закрыто 15 из 15 ваг.
    ПРИЧИНА: дуги есть (100 шт.), но все совместимые узлы предложения исчерпаны — вагоны ушли на другие заявки (конкуренция за предложение).
  [d_idx  367] Кораблино (МСК) | тип=Прочие | ЕТСНГ=011005 | период=4 | отправка=Повагонная | не закрыто 12 из 12 ваг.
    ПРИЧИНА: дуги есть (90 шт.), но все совместимые узлы предложения исчерпаны — вагоны ушли на другие заявки (конкуренция за предложение).
  [d_idx  368] Измалково (МСК) | тип=БКТ | ЕТСНГ=011005 | период=4 | отправка=Групповая | не закрыто 41 из 41 ваг.
    ПРИЧИНА: дуги есть (26 шт.), но все совместимые узлы предложения исчерпаны — вагоны ушли на другие заявки (конкуренция за предложение).
  [d_idx  369] Ключики (КБШ) | тип=Прочие | ЕТСНГ=011005 | период=4 | отправка=Повагонная | не закрыто 15 из 15 ваг.
    ПРИЧИНА: дуги есть (73 шт.), но все совместимые узлы предложения исчерпаны — вагоны ушли на другие заявки (конкуренция за предложение).
  [d_idx  370] Обшаровка (КБШ) | тип=БКТ | ЕТСНГ=011005 | период=4 | отправка=Повагонная | не закрыто 12 из 12 ваг.
    ПРИЧИНА: дуги есть (19 шт.), но все совместимые узлы предложения исчерпаны — вагоны ушли на другие заявки (конкуренция за предложение).
  [d_idx  371] Обшаровка (КБШ) | тип=Прочие | ЕТСНГ=011005 | период=4 | отправка=Повагонная | не закрыто 20 из 20 ваг.
    ПРИЧИНА: дуги есть (73 шт.), но все совместимые узлы предложения исчерпаны — вагоны ушли на другие заявки (конкуренция за предложение).
  [d_idx  372] Обшаровка (КБШ) | тип=Прочие | ЕТСНГ=011005 | период=4 | отправка=Повагонная | не закрыто 6 из 6 ваг.
    ПРИЧИНА: дуги есть (73 шт.), но все совместимые узлы предложения исчерпаны — вагоны ушли на другие заявки (конкуренция за предложение).
  [d_idx  373] Обшаровка (КБШ) | тип=Прочие | ЕТСНГ=011005 | период=4 | отправка=Повагонная | не закрыто 26 из 26 ваг.
    ПРИЧИНА: дуги есть (73 шт.), но все совместимые узлы предложения исчерпаны — вагоны ушли на другие заявки (конкуренция за предложение).
  [d_idx  374] Новоспасское (КБШ) | тип=Прочие | ЕТСНГ=011005 | период=4 | отправка=Повагонная | не закрыто 40 из 40 ваг.
    ПРИЧИНА: дуги есть (73 шт.), но все совместимые узлы предложения исчерпаны — вагоны ушли на другие заявки (конкуренция за предложение).
  [d_idx  375] Новоспасское (КБШ) | тип=Прочие | ЕТСНГ=011005 | период=4 | отправка=Повагонная | не закрыто 18 из 18 ваг.
    ПРИЧИНА: дуги есть (73 шт.), но все совместимые узлы предложения исчерпаны — вагоны ушли на другие заявки (конкуренция за предложение).
  [d_idx  376] Алейская (ЗСБ) | тип=Прочие | ЕТСНГ=011005 | период=4 | отправка=Повагонная | не закрыто 7 из 7 ваг.
    ПРИЧИНА: дуги есть (96 шт.), но все совместимые узлы предложения исчерпаны — вагоны ушли на другие заявки (конкуренция за предложение).
  [d_idx  377] Раевка (КБШ) | тип=Прочие | ЕТСНГ=011005 | период=4 | отправка=Повагонная | не закрыто 14 из 14 ваг.
    ПРИЧИНА: дуги есть (73 шт.), но все совместимые узлы предложения исчерпаны — вагоны ушли на другие заявки (конкуренция за предложение).
  [d_idx  379] Становая (ЮВС) | тип=Прочие | ЕТСНГ=011005 | период=4 | отправка=Повагонная | не закрыто 65 из 66 ваг.
    ПРИЧИНА: дуги есть (80 шт.), но все совместимые узлы предложения исчерпаны — вагоны ушли на другие заявки (конкуренция за предложение).
  [d_idx  381] Ефремов (МСК) | тип=Прочие | ЕТСНГ=014003 | период=4 | отправка=Повагонная | не закрыто 18 из 18 ваг.
    ПРИЧИНА: дуги есть (90 шт.), но все совместимые узлы предложения исчерпаны — вагоны ушли на другие заявки (конкуренция за предложение).
  [d_idx  382] Карбышево 1 (ЗСБ) | тип=Прочие | ЕТСНГ=011005 | период=4 | отправка=Повагонная | не закрыто 7 из 7 ваг.
    ПРИЧИНА: дуги есть (100 шт.), но все совместимые узлы предложения исчерпаны — вагоны ушли на другие заявки (конкуренция за предложение).
  [d_idx  383] Карбышево 1 (ЗСБ) | тип=Прочие | ЕТСНГ=011005 | период=4 | отправка=Повагонная | не закрыто 10 из 10 ваг.
    ПРИЧИНА: дуги есть (100 шт.), но все совместимые узлы предложения исчерпаны — вагоны ушли на другие заявки (конкуренция за предложение).
  [d_idx  384] Придача (ЮВС) | тип=Прочие | ЕТСНГ=011005 | период=4 | отправка=Маршрутная | не закрыто 42 из 42 ваг.
    ПРИЧИНА: дуги есть (75 шт.), но все совместимые узлы предложения исчерпаны — вагоны ушли на другие заявки (конкуренция за предложение).
  [d_idx  387] Кротовка (КБШ) | тип=Прочие | ЕТСНГ=011005 | период=4 | отправка=Повагонная | не закрыто 18 из 18 ваг.
    ПРИЧИНА: дуги есть (76 шт.), но все совместимые узлы предложения исчерпаны — вагоны ушли на другие заявки (конкуренция за предложение).
  [d_idx  388] Пресногорьковская (КЗХ) | тип=Прочие | ЕТСНГ=018131 | период=4 | отправка=Повагонная | не закрыто 2 из 2 ваг.
    ПРИЧИНА: дуги есть (39 шт.), но все совместимые узлы предложения исчерпаны — вагоны ушли на другие заявки (конкуренция за предложение).
  [d_idx  389] Пачелма (КБШ) | тип=Прочие | ЕТСНГ=011005 | период=4 | отправка=Повагонная | не закрыто 31 из 31 ваг.
    ПРИЧИНА: дуги есть (73 шт.), но все совместимые узлы предложения исчерпаны — вагоны ушли на другие заявки (конкуренция за предложение).
  [d_idx  391] Жана-Есиль (КЗХ) | тип=Прочие | ЕТСНГ=018131 | период=4 | отправка=Повагонная | не закрыто 19 из 19 ваг.
    ПРИЧИНА: дуги есть (39 шт.), но все совместимые узлы предложения исчерпаны — вагоны ушли на другие заявки (конкуренция за предложение).
  [d_idx  392] Жана-Есиль (КЗХ) | тип=Прочие | ЕТСНГ=021083 | период=4 | отправка=Повагонная | не закрыто 2 из 2 ваг.
    ПРИЧИНА: дуги есть (39 шт.), но все совместимые узлы предложения исчерпаны — вагоны ушли на другие заявки (конкуренция за предложение).
  [d_idx  393] Тюльган (КБШ) | тип=Прочие | ЕТСНГ=011005 | период=4 | отправка=Повагонная | не закрыто 28 из 28 ваг.
    ПРИЧИНА: дуги есть (74 шт.), но все совместимые узлы предложения исчерпаны — вагоны ушли на другие заявки (конкуренция за предложение).
  [d_idx  394] Тихорецкая (ГОР) | тип=Прочие | ЕТСНГ=018112 | период=4 | отправка=Повагонная | не закрыто 4 из 4 ваг.
    ПРИЧИНА: дуги есть (72 шт.), но все совместимые узлы предложения исчерпаны — вагоны ушли на другие заявки (конкуренция за предложение).
  [d_idx  395] Карламан (КБШ) | тип=Прочие | ЕТСНГ=011005 | период=4 | отправка=Повагонная | не закрыто 7 из 7 ваг.
    ПРИЧИНА: дуги есть (73 шт.), но все совместимые узлы предложения исчерпаны — вагоны ушли на другие заявки (конкуренция за предложение).
  [d_idx  396] Карламан (КБШ) | тип=Прочие | ЕТСНГ=011005 | период=4 | отправка=Повагонная | не закрыто 45 из 45 ваг.
    ПРИЧИНА: дуги есть (73 шт.), но все совместимые узлы предложения исчерпаны — вагоны ушли на другие заявки (конкуренция за предложение).
  [d_idx  397] Зензеватка (ПРВ) | тип=Прочие | ЕТСНГ=011005 | период=4 | отправка=Повагонная | не закрыто 5 из 5 ваг.
    ПРИЧИНА: дуги есть (76 шт.), но все совместимые узлы предложения исчерпаны — вагоны ушли на другие заявки (конкуренция за предложение).
  [d_idx  398] Оренбург (ЮУР) | тип=Прочие | ЕТСНГ=011005 | период=4 | отправка=Повагонная | не закрыто 15 из 28 ваг.
    ПРИЧИНА: дуги есть (79 шт.), но все совместимые узлы предложения исчерпаны — вагоны ушли на другие заявки (конкуренция за предложение).
  [d_idx  400] Заречная (СКВ) | тип=Прочие | ЕТСНГ=011005 | период=4 | отправка=Повагонная | не закрыто 50 из 50 ваг.
    ПРИЧИНА: дуги есть (72 шт.), но все совместимые узлы предложения исчерпаны — вагоны ушли на другие заявки (конкуренция за предложение).
  [d_idx  401] Заречная (СКВ) | тип=Прочие | ЕТСНГ=011005 | период=4 | отправка=Повагонная | не закрыто 143 из 143 ваг.
    ПРИЧИНА: дуги есть (72 шт.), но все совместимые узлы предложения исчерпаны — вагоны ушли на другие заявки (конкуренция за предложение).
  [d_idx  402] Заречная (СКВ) | тип=Прочие | ЕТСНГ=011005 | период=4 | отправка=Повагонная | не закрыто 40 из 40 ваг.
    ПРИЧИНА: дуги есть (72 шт.), но все совместимые узлы предложения исчерпаны — вагоны ушли на другие заявки (конкуренция за предложение).
  [d_idx  403] Ольха (ЮВС) | тип=Прочие | ЕТСНГ=542072 | период=4 | отправка=Повагонная | не закрыто 50 из 50 ваг.
    ПРИЧИНА: дуги есть (72 шт.), но все совместимые узлы предложения исчерпаны — вагоны ушли на другие заявки (конкуренция за предложение).
  [d_idx  404] Верда (КБШ) | тип=Прочие | ЕТСНГ=011005 | период=4 | отправка=Повагонная | не закрыто 16 из 24 ваг.
    ПРИЧИНА: дуги есть (72 шт.), но все совместимые узлы предложения исчерпаны — вагоны ушли на другие заявки (конкуренция за предложение).
  [d_idx  405] Отрешково (МСК) | тип=Прочие | ЕТСНГ=011005 | период=4 | отправка=Маршрутная | не закрыто 112 из 112 ваг.
    ПРИЧИНА: дуги есть (90 шт.), но все совместимые узлы предложения исчерпаны — вагоны ушли на другие заявки (конкуренция за предложение).
  [d_idx  406] Сампур (ЮВС) | тип=Прочие | ЕТСНГ=011005 | период=4 | отправка=Повагонная | не закрыто 10 из 10 ваг.
    ПРИЧИНА: дуги есть (72 шт.), но все совместимые узлы предложения исчерпаны — вагоны ушли на другие заявки (конкуренция за предложение).
  [d_idx  407] Новохоперск (ЮВС) | тип=Прочие | ЕТСНГ=011005 | период=4 | отправка=Повагонная | не закрыто 16 из 16 ваг.
    ПРИЧИНА: дуги есть (68 шт.), но все совместимые узлы предложения исчерпаны — вагоны ушли на другие заявки (конкуренция за предложение).
  [d_idx  408] Свобода (МСК) | тип=Прочие | ЕТСНГ=542072 | период=4 | отправка=Повагонная | не закрыто 25 из 25 ваг.
    ПРИЧИНА: дуги есть (90 шт.), но все совместимые узлы предложения исчерпаны — вагоны ушли на другие заявки (конкуренция за предложение).
  [d_idx  409] Платоновка (ЮВС) | тип=Прочие | ЕТСНГ=011005 | период=4 | отправка=Повагонная | не закрыто 8 из 8 ваг.
    ПРИЧИНА: дуги есть (72 шт.), но все совместимые узлы предложения исчерпаны — вагоны ушли на другие заявки (конкуренция за предложение).
  [d_idx  410] Новоблаговещенка (ЗСБ) | тип=Прочие | ЕТСНГ=011005 | период=4 | отправка=Повагонная | не закрыто 5 из 5 ваг.
    ПРИЧИНА: дуги есть (87 шт.), но все совместимые узлы предложения исчерпаны — вагоны ушли на другие заявки (конкуренция за предложение).
  [d_idx  411] Алексиково (ПРВ) | тип=Прочие | ЕТСНГ=011005 | период=4 | отправка=Групповая | не закрыто 94 из 94 ваг.
    ПРИЧИНА: дуги есть (76 шт.), но все совместимые узлы предложения исчерпаны — вагоны ушли на другие заявки (конкуренция за предложение).
  [d_idx  412] Алексиково (ПРВ) | тип=Прочие | ЕТСНГ=011005 | период=4 | отправка=Повагонная | не закрыто 20 из 20 ваг.
    ПРИЧИНА: дуги есть (76 шт.), но все совместимые узлы предложения исчерпаны — вагоны ушли на другие заявки (конкуренция за предложение).
  [d_idx  413] Удобрительная (МСК) | тип=Прочие | ЕТСНГ=011005 | период=4 | отправка=Повагонная | не закрыто 49 из 49 ваг.
    ПРИЧИНА: дуги есть (90 шт.), но все совместимые узлы предложения исчерпаны — вагоны ушли на другие заявки (конкуренция за предложение).
  [d_idx  414] Елец (ЮВС) | тип=Прочие | ЕТСНГ=542224 | период=4 | отправка=Повагонная | не закрыто 3 из 3 ваг.
    ПРИЧИНА: дуги есть (78 шт.), но все совместимые узлы предложения исчерпаны — вагоны ушли на другие заявки (конкуренция за предложение).
  [d_idx  415] Елец (ЮВС) | тип=Прочие | ЕТСНГ=011005 | период=4 | отправка=Повагонная | не закрыто 16 из 16 ваг.
    ПРИЧИНА: дуги есть (78 шт.), но все совместимые узлы предложения исчерпаны — вагоны ушли на другие заявки (конкуренция за предложение).
  [d_idx  416] Елец (ЮВС) | тип=Прочие | ЕТСНГ=542224 | период=4 | отправка=Повагонная | не закрыто 6 из 6 ваг.
    ПРИЧИНА: дуги есть (78 шт.), но все совместимые узлы предложения исчерпаны — вагоны ушли на другие заявки (конкуренция за предложение).
  [d_idx  417] Жутово (ПРВ) | тип=Прочие | ЕТСНГ=011005 | период=4 | отправка=Маршрутная | не закрыто 67 из 67 ваг.
    ПРИЧИНА: дуги есть (76 шт.), но все совместимые узлы предложения исчерпаны — вагоны ушли на другие заявки (конкуренция за предложение).
  [d_idx  418] Славгород (ЗСБ) | тип=Прочие | ЕТСНГ=011005 | период=4 | отправка=Повагонная | не закрыто 3 из 3 ваг.
    ПРИЧИНА: дуги есть (97 шт.), но все совместимые узлы предложения исчерпаны — вагоны ушли на другие заявки (конкуренция за предложение).
  [d_idx  419] Сасово (МСК) | тип=Прочие | ЕТСНГ=011005 | период=4 | отправка=Повагонная | не закрыто 2 из 2 ваг.
    ПРИЧИНА: дуги есть (77 шт.), но все совместимые узлы предложения исчерпаны — вагоны ушли на другие заявки (конкуренция за предложение).
  [d_idx  420] Курган (ЮУР) | тип=Прочие | ЕТСНГ=011005 | период=4 | отправка=Повагонная | не закрыто 20 из 20 ваг.
    ПРИЧИНА: дуги есть (83 шт.), но все совместимые узлы предложения исчерпаны — вагоны ушли на другие заявки (конкуренция за предложение).
  [d_idx  421] Чернышков (ПРВ) | тип=Прочие | ЕТСНГ=011005 | период=4 | отправка=Повагонная | не закрыто 83 из 83 ваг.
    ПРИЧИНА: дуги есть (76 шт.), но все совместимые узлы предложения исчерпаны — вагоны ушли на другие заявки (конкуренция за предложение).
  [d_idx  422] Тоцкая (ЮУР) | тип=Прочие | ЕТСНГ=011005 | период=4 | отправка=Повагонная | не закрыто 19 из 19 ваг.
    ПРИЧИНА: дуги есть (79 шт.), но все совместимые узлы предложения исчерпаны — вагоны ушли на другие заявки (конкуренция за предложение).
  [d_idx  423] Тоцкая (ЮУР) | тип=Прочие | ЕТСНГ=014003 | период=4 | отправка=Повагонная | не закрыто 8 из 8 ваг.
    ПРИЧИНА: дуги есть (79 шт.), но все совместимые узлы предложения исчерпаны — вагоны ушли на другие заявки (конкуренция за предложение).
  [d_idx  424] Сабурово (ЮВС) | тип=Прочие | ЕТСНГ=505028 | период=4 | отправка=Повагонная | не закрыто 31 из 31 ваг.
    ПРИЧИНА: дуги есть (68 шт.), но все совместимые узлы предложения исчерпаны — вагоны ушли на другие заявки (конкуренция за предложение).
  [d_idx  425] Охотничья (КБШ) | тип=Прочие | ЕТСНГ=011005 | период=4 | отправка=Повагонная | не закрыто 10 из 10 ваг.
    ПРИЧИНА: дуги есть (73 шт.), но все совместимые узлы предложения исчерпаны — вагоны ушли на другие заявки (конкуренция за предложение).
  [d_idx  426] Охотничья (КБШ) | тип=Прочие | ЕТСНГ=011005 | период=4 | отправка=Повагонная | не закрыто 17 из 17 ваг.
    ПРИЧИНА: дуги есть (73 шт.), но все совместимые узлы предложения исчерпаны — вагоны ушли на другие заявки (конкуренция за предложение).
  [d_idx  427] Охотничья (КБШ) | тип=Прочие | ЕТСНГ=021100 | период=4 | отправка=Повагонная | не закрыто 3 из 3 ваг.
    ПРИЧИНА: дуги есть (73 шт.), но все совместимые узлы предложения исчерпаны — вагоны ушли на другие заявки (конкуренция за предложение).
  [d_idx  428] Избердей (ЮВС) | тип=Прочие | ЕТСНГ=011005 | период=4 | отправка=Маршрутная | не закрыто 51 из 51 ваг.
    ПРИЧИНА: дуги есть (72 шт.), но все совместимые узлы предложения исчерпаны — вагоны ушли на другие заявки (конкуренция за предложение).
  [d_idx  429] Избердей (ЮВС) | тип=Прочие | ЕТСНГ=011005 | период=4 | отправка=Маршрутная | не закрыто 250 из 250 ваг.
    ПРИЧИНА: дуги есть (72 шт.), но все совместимые узлы предложения исчерпаны — вагоны ушли на другие заявки (конкуренция за предложение).
  [d_idx  430] Саумалколь (КЗХ) | тип=Прочие | ЕТСНГ=021083 | период=4 | отправка=Повагонная | не закрыто 23 из 43 ваг.
    ПРИЧИНА: дуги есть (36 шт.), но все совместимые узлы предложения исчерпаны — вагоны ушли на другие заявки (конкуренция за предложение).
  [d_idx  431] Аллагуват (КБШ) | тип=Прочие | ЕТСНГ=011005 | период=4 | отправка=Повагонная | не закрыто 5 из 5 ваг.
    ПРИЧИНА: дуги есть (73 шт.), но все совместимые узлы предложения исчерпаны — вагоны ушли на другие заявки (конкуренция за предложение).
  [d_idx  432] Аллагуват (КБШ) | тип=Прочие | ЕТСНГ=014003 | период=4 | отправка=Повагонная | не закрыто 8 из 8 ваг.
    ПРИЧИНА: дуги есть (73 шт.), но все совместимые узлы предложения исчерпаны — вагоны ушли на другие заявки (конкуренция за предложение).
  [d_idx  433] Золотая Степь (ПРВ) | тип=Прочие | ЕТСНГ=011005 | период=4 | отправка=Повагонная | не закрыто 5 из 5 ваг.
    ПРИЧИНА: дуги есть (76 шт.), но все совместимые узлы предложения исчерпаны — вагоны ушли на другие заявки (конкуренция за предложение).
  [d_idx  434] Пикетное (ЗСБ) | тип=Прочие | ЕТСНГ=011005 | период=4 | отправка=Повагонная | не закрыто 5 из 5 ваг.
    ПРИЧИНА: дуги есть (92 шт.), но все совместимые узлы предложения исчерпаны — вагоны ушли на другие заявки (конкуренция за предложение).
  [d_idx  439] Шамхал (СКВ) | тип=Прочие | ЕТСНГ=011005 | период=4 | отправка=Повагонная | не закрыто 2 из 10 ваг.
    ПРИЧИНА: дуги есть (70 шт.), но все совместимые узлы предложения исчерпаны — вагоны ушли на другие заявки (конкуренция за предложение).
  [d_idx  440] Башмаково (КБШ) | тип=Прочие | ЕТСНГ=014003 | период=4 | отправка=Повагонная | не закрыто 18 из 18 ваг.
    ПРИЧИНА: дуги есть (73 шт.), но все совместимые узлы предложения исчерпаны — вагоны ушли на другие заявки (конкуренция за предложение).
  [d_idx  441] Любовка (ЗСБ) | тип=Прочие | ЕТСНГ=011005 | период=4 | отправка=Повагонная | не закрыто 15 из 15 ваг.
    ПРИЧИНА: дуги есть (100 шт.), но все совместимые узлы предложения исчерпаны — вагоны ушли на другие заявки (конкуренция за предложение).
  [d_idx  442] Петровск-Саратовский (ПРВ) | тип=Прочие | ЕТСНГ=011005 | период=4 | отправка=Повагонная | не закрыто 5 из 5 ваг.
    ПРИЧИНА: дуги есть (76 шт.), но все совместимые узлы предложения исчерпаны — вагоны ушли на другие заявки (конкуренция за предложение).
  [d_idx  443] Мальчевская (СКВ) | тип=Прочие | ЕТСНГ=011005 | период=4 | отправка=Повагонная | не закрыто 30 из 30 ваг.
    ПРИЧИНА: дуги есть (68 шт.), но все совместимые узлы предложения исчерпаны — вагоны ушли на другие заявки (конкуренция за предложение).
  [d_idx  445] Бугуруслан (КБШ) | тип=Прочие | ЕТСНГ=011005 | период=4 | отправка=Повагонная | не закрыто 13 из 13 ваг.
    ПРИЧИНА: дуги есть (73 шт.), но все совместимые узлы предложения исчерпаны — вагоны ушли на другие заявки (конкуренция за предложение).
  [d_idx  446] Бугуруслан (КБШ) | тип=Прочие | ЕТСНГ=011005 | период=4 | отправка=Повагонная | не закрыто 10 из 10 ваг.
    ПРИЧИНА: дуги есть (73 шт.), но все совместимые узлы предложения исчерпаны — вагоны ушли на другие заявки (конкуренция за предложение).
  [d_idx  447] Хохольская (ЮВС) | тип=БКТ | ЕТСНГ=011005 | период=4 | отправка=Повагонная | не закрыто 7 из 7 ваг.
    ПРИЧИНА: дуги есть (20 шт.), но все совместимые узлы предложения исчерпаны — вагоны ушли на другие заявки (конкуренция за предложение).
  [d_idx  448] Руденск (БЕЛ) | тип=Прочие | ЕТСНГ=014003 | период=4 | отправка=Повагонная | не закрыто 32 из 32 ваг.
    ПРИЧИНА: нет ни одной допустимой дуги — закрыть невозможно текущими данными. Отбраковка пар со всеми 149 узлами предложения:
             нет тарифа 10, несовм. тип 0, грязный ЕТСНГ 6, дальше потолка расстояния 17, бизнес-правила дорог (инотерритория/дефицит) 116, нарушение срока 0.
  [d_idx  449] Руденск (БЕЛ) | тип=Прочие | ЕТСНГ=014003 | период=4 | отправка=Повагонная | не закрыто 30 из 30 ваг.
    ПРИЧИНА: нет ни одной допустимой дуги — закрыть невозможно текущими данными. Отбраковка пар со всеми 149 узлами предложения:
             нет тарифа 10, несовм. тип 0, грязный ЕТСНГ 6, дальше потолка расстояния 17, бизнес-правила дорог (инотерритория/дефицит) 116, нарушение срока 0.

  СВОДКА ПО ПРИЧИНАМ:
    нет допустимых дуг (структурно)        узлов:   7, вагонов:   87
    источники предложения исчерпаны        узлов: 381, вагонов: 5996

  ЗАКРЫВАЕМОСТЬ (по реальному связывающему ограничению):
    структурно недостижимо (нет дуг):            87 ваг.  — нужны новые тарифы / смягчение жёстких фильтров
    упёрто в квоту ДМЗИ (инфраструктура):          0 ваг.  — поможет только повышение квоты на дороге
    держит MIN_BATCH (квота ДМЗИ ещё есть):        0 ваг.  — поможет смягчение партии (middle 0 / масс. 0 / маршр. 0)
    прочее (конкуренция / экономика штрафа):    5996 ваг.
--------------------------------
--- УТИЛИЗАЦИЯ КВОТ ДМЗИ ---
  ВСБ  период  1:    0 из    5 ваг.
  ВСБ  период 10:    0 из    7 ваг.
  ГОР  период  1:    1 из  391 ваг.
  ГОР  период 10:    0 из  551 ваг.
  ЗАБ  период  1:   15 из   20 ваг.
  ЗАБ  период 10:    0 из   30 ваг.
  ЗСБ  период  1:  108 из 1080 ваг.
  ЗСБ  период 10:    0 из 1532 ваг.
  КБШ  период  1:   44 из  972 ваг.
  КБШ  период 10:    0 из 1380 ваг.
  КРС  период  1:    0 из   15 ваг.
  КРС  период 10:    0 из   21 ваг.
  МСК  период  1:  196 из  707 ваг.
  МСК  период 10:    0 из 1007 ваг.
  ОКТ  период  1:    0 из  306 ваг.
  ОКТ  период 10:    0 из  436 ваг.
  ПРВ  период  1:   59 из 1042 ваг.
  ПРВ  период 10:    0 из 1472 ваг.
  СВР  период  1:    0 из  556 ваг.
  СВР  период 10:    0 из  790 ваг.
  СЕВ  период  1:    2 из   15 ваг.
  СЕВ  период 10:    0 из   21 ваг.
  ЮВС  период  1:    1 из 1454 ваг.
  ЮВС  период 10:    0 из 2076 ваг.
  ЮУР  период  1:   30 из  745 ваг.
  ЮУР  период 10:    0 из 1045 ваг.
----------------------------
Тарифов до отстоя:           208 (станций излишка 4, станций отстоя 52)
В отстой: 12 из 12 ваг. излишка → 4 станций отстоя, тариф 62925 руб.; не размещено 0 ваг. (нет тарифа / ёмкость исчерпана)
Баланс отчёта оптимизации:   OK (644 ваг. в записях = 644 ваг. предложения)
Записей в отчёте (Excel):    242 (193 оптим. + 36 по факту + 13 в ремонт) / 745 вагонов
  → в POST АПИ (период 1):   242 записей / 745 вагонов
Чекпоинт сохранён:           tmp/checkpoint_2026-09-10_11-13-42.xlsx

======= РЕЗУЛЬТАТЫ ОПТИМИЗАЦИИ =======
Статус решателя:      MIP Optimal (gap=0.000%)
Назначено вагонов:    632
Избыток предложения:  12 ваг. (dummy-спрос)
  остаток по периодам предложения: p1=12 p10=0 прочие=0
  из них в отстой (этап 2): 12 ваг.
Неудовл. спрос:       6083 ваг. (dummy-предложение)
Суммарная стоимость:  23729717 руб.
======================================

Результат сохранён:          tmp/result_20260910_111342.json
[SUCCESS] railoptim завершил работу успешно.
[Чт 10 сен 2026 13:44:09 MSK] Запуск: /home/atretyakov/railoptim/app/bin/railoptim (env=prod, MIP_WARM_START=on)
stations_geo: 19494 записей, data/stations/stations_geo.sqlite (baltic=671, china_mongolia=339, cis=6263, ru=11848, south_caucasus=373)
Получено узлов спроса (погрузка): 450 или 6715 вагонов
Получено узлов предложения 1 сут.:  197 или 745 вагонов
Получено узлов предложения всего:  197 или 745 вагонов
  свободных для назначения:  149 или 644 вагонов
  требуют ремонта (В ремонт):13 или 37 вагонов
  по факту (Assigned):       35 или 64 вагонов
Дороги без промывки (NoCleaningRoads): 8
Коды «уже промыт/ремонт» (WashedEmptyEtsngCodes): 2
Бизнес-правила (business_rules.json): потолок подсыла 5000 км; инотерриторий 12 (исключений 3); дефицитных дорог 6 (вывоз ≤ 300 км, надбавка 30000 руб.)
Ban-list чужих владельцев отстоя (reserve_owners.json): 4 пар (станция+ОКПО)
Узлов спроса (промывка):     36 или мощность в период 5 суток 2795 вагонов
  предложений с ЕТСНГ из списка промывки: 12 вагонов (освобождены по NoCleaningRoads: 5; из них есть узел погрузки с тем же ЕТСНГ на любой станции — альтернатива промывке по спросу: 12 вагонов)
Получено тарифов:            14212
Загружено ремонтных станций: 102
Тарифов до ремонтных ст.:    612
Тарифов до промывки (с надбавкой 10000+40000=50000 руб.): 170
Ограничения ДМЗИ:            13 дорог (90 записей Ostatok)
  ВСБ  период 1 ≤    5, период 10 ≤    7 ваг.
  ГОР  период 1 ≤  391, период 10 ≤  551 ваг.
  ЗАБ  период 1 ≤   20, период 10 ≤   30 ваг.
  ЗСБ  период 1 ≤ 1080, период 10 ≤ 1532 ваг.
  КБШ  период 1 ≤  972, период 10 ≤ 1380 ваг.
  КРС  период 1 ≤   15, период 10 ≤   21 ваг.
  МСК  период 1 ≤  707, период 10 ≤ 1007 ваг.
  ОКТ  период 1 ≤  306, период 10 ≤  436 ваг.
  ПРВ  период 1 ≤ 1042, период 10 ≤ 1472 ваг.
  СВР  период 1 ≤  556, период 10 ≤  790 ваг.
  СЕВ  период 1 ≤   15, период 10 ≤   21 ваг.
  ЮВС  период 1 ≤ 1454, период 10 ≤ 2076 ваг.
  ЮУР  период 1 ≤  745, период 10 ≤ 1045 ваг.
БД отстоя обновлена:         получено 32 / записано 32 / без etran_id 0
Узлы отстоя (резервы):       74 узлов / ёмкость 2155 ваг. (записей в БД 207, дублей 0, отфильтровано 133, чужих по ban-list 421)
FREE_LOADROADS_STATS={"date_from": "2026-03-10", "date_to": "2026-09-10", "load_station_codes": 492, "cars_on_station_rows": 1915, "cars_total": 80527}
Свободные ёмкости путей:     84 крупных станций -> data/load_stations_free_capacity.json
Всего пар supply×demand:     72414
  без тарифа:                        5947 (8.2%)
  нарушение срока (жёстко):          0 (0.0%)
  несовм. тип вагона:                1734 (2.4%)
  грязный вагон → чужой ЕТСНГ:       2618 (3.6%)
  грязный: дальняя погрузка дороже промывки → в промывку: 7 (0.0%)
  погрузка дальше потолка расстояния (5000 км): 7513 (10.4%)
  инотерритория (правило 1):           3641 (5.0%)
  вывоз с дефицитной дороги (правило 2): 18231 (25.2%)
  допустимых дуг с надбавкой по правилам: 585 (0.8%)
  допустимых дуг со штрафом за срок:   16104 (22.2%)
  допустимых дуг всего в LP:      32723 (45.2%)
Ограничения партии (MIN_BATCH): массовая выгрузка — 2727 дуг / 146 пар; средние станции — 6681 дуг / 626 пар (станций образования: 11, погрузки: 121)
  маршрутные отправки (B=10): 266 дуг / 38 пар (станций образования: 8, маршрутных станций погрузки: 6)
--- АНАЛИЗ РЕСУРСОВ ---
Предложение: 644 ваг.
Спрос (погрузка): 6715 ваг.
Ёмкость промывки (верх): 2795 ваг.
Статус: ДЕФИЦИТ  (6071 ваг. — штрафные дуги)
-----------------------
--- ЖАДНОЕ РЕШЕНИЕ ---
Назначений:            213 шт.
Назначено вагонов:     636 / 6715 спрос (погрузка), 644 предложение
Суммарная стоимость:   22410826.38 руб.
Неудовлетворён спрос:  6088 ваг.
Избыток предложения:   8 ваг.
Покрытие спроса (погр.): 9.5%
----------------------
MIP warm-start: ON (greedy) (управляется env MIP_WARM_START={on|off}, по умолч. on)
--- MIP РЕШЕНИЕ ---
Статус:                MIP Optimal (gap=0.000%)
Назначено вагонов:     632 / 6715 спрос (погрузка), 644 предложение
Суммарная стоимость:   22295424.52 руб.
Неудовлетворён спрос:  6083 ваг.
Избыток предложения:   12 ваг.
Покрытие спроса (погр.): 9.4%
-------------------
MIP время: 3.45 сек (warm-start: ON)
MIP диагностика: status=Optimal, gap=0.0000%, undist=6095 (unmet=6083, excess=12), real_cost=22295424.52
MIP vs greedy:   greedy undist=6096 (unmet=6088, excess=8), real_cost=22410826.38  →  Δundist=-1, Δcost=-115401.86
  ВНИМАНИЕ: MIP не закрыл 6083 ваг. спроса на погрузку (unmet > 0). Возможные причины:
           (а) PENALTY_UNMET ниже стоимости единственно допустимых плеч,
           (б) HiGHS остановился по rel_gap до закрытия всего спроса.
--- ДИАГНОСТИКА EXCESS SUPPLY (12 ваг. в 7 узлах) ---
  [s_idx   45] Блюхер (Экспорт) | тип=Прочие | ЕТСНГ=011005 | period=1 | mass_unload=false | осталось 1 из 1 ваг.
    ПРИЧИНА: все Load-спросы уже закрыты (Load-дуг 5, Wash-дуг 0; везде rem_demand=0).
  [s_idx   51] Блюхер (Экспорт) | тип=БК | ЕТСНГ=011005 | period=1 | mass_unload=false | осталось 1 из 5 ваг.
    ПРИЧИНА: все Load-спросы уже закрыты (Load-дуг 5, Wash-дуг 0; везде rem_demand=0).
  [s_idx   53] Блюхер (Экспорт) | тип=БКТ | ЕТСНГ=011005 | period=1 | mass_unload=false | осталось 1 из 3 ваг.
    ПРИЧИНА: все Load-спросы уже закрыты (Load-дуг 5, Wash-дуг 0; везде rem_demand=0).
  [s_idx   88] Селикса | тип=БКТ | ЕТСНГ=— | period=1 | mass_unload=false | осталось 3 из 3 ваг.
    ПРИЧИНА: доступны только Wash-дуги (36 шт., мин. стоимость 63187 руб./ваг.). В модели Wash не имеет штрафа за незаполнение,
             а excess_supply бесплатный — отправка только увеличила бы obj, MIP корректно оставил вагоны в остатке.
  [s_idx   95] Денежниково | тип=БКТ | ЕТСНГ=542239 | period=1 | mass_unload=false | осталось 1 из 1 ваг.
    ПРИЧИНА: доступны только Wash-дуги (36 шт., мин. стоимость 59116 руб./ваг.). В модели Wash не имеет штрафа за незаполнение,
             а excess_supply бесплатный — отправка только увеличила бы obj, MIP корректно оставил вагоны в остатке.
  [s_idx   96] Денежниково | тип=БК | ЕТСНГ=542239 | period=1 | mass_unload=false | осталось 1 из 1 ваг.
    ПРИЧИНА: доступны только Wash-дуги (36 шт., мин. стоимость 59116 руб./ваг.). В модели Wash не имеет штрафа за незаполнение,
             а excess_supply бесплатный — отправка только увеличила бы obj, MIP корректно оставил вагоны в остатке.
  [s_idx  110] Новый Порт (Экспорт) | тип=БК | ЕТСНГ=542296 | period=1 | mass_unload=false | осталось 4 из 4 ваг.
    ПРИЧИНА: доступны только Wash-дуги (36 шт., мин. стоимость 51205 руб./ваг.). В модели Wash не имеет штрафа за незаполнение,
             а excess_supply бесплатный — отправка только увеличила бы obj, MIP корректно оставил вагоны в остатке.

  СВОДКА ПО ПРИЧИНАМ:
    доступны только Wash-дуги           узлов:   4, вагонов:    9
    все Load-адресаты закрыты           узлов:   3, вагонов:    3
---------------------------------
MIP нашёл глобальный оптимум (gap=0.0000%) — фаза ALNS пропущена.
--- ДИАГНОСТИКА UNMET DEMAND (6083 ваг. в 387 узлах) ---
  [d_idx    0] Тобол (КЗХ) | тип=Прочие | ЕТСНГ=018131 | период=1 | отправка=Повагонная | не закрыто 15 из 15 ваг.
    ПРИЧИНА: дуги есть (39 шт.), но все совместимые узлы предложения исчерпаны — вагоны ушли на другие заявки (конкуренция за предложение).
  [d_idx    2] Ак-Куль (КЗХ) | тип=Прочие | ЕТСНГ=018131 | период=1 | отправка=Повагонная | не закрыто 11 из 17 ваг.
    ПРИЧИНА: дуги есть (39 шт.), но все совместимые узлы предложения исчерпаны — вагоны ушли на другие заявки (конкуренция за предложение).
  [d_idx    3] Курорт-Боровое (КЗХ) | тип=Прочие | ЕТСНГ=018131 | период=1 | отправка=Повагонная | не закрыто 25 из 25 ваг.
    ПРИЧИНА: дуги есть (39 шт.), но все совместимые узлы предложения исчерпаны — вагоны ушли на другие заявки (конкуренция за предложение).
  [d_idx    4] Балаково (ПРВ) | тип=Прочие | ЕТСНГ=542239 | период=1 | отправка=Повагонная | не закрыто 4 из 4 ваг.
    ПРИЧИНА: дуги есть (78 шт.), но все совместимые узлы предложения исчерпаны — вагоны ушли на другие заявки (конкуренция за предложение).
  [d_idx    5] Обоянь (ЮВС) | тип=Прочие | ЕТСНГ=011005 | период=1 | отправка=Повагонная | не закрыто 27 из 27 ваг.
    ПРИЧИНА: дуги есть (76 шт.), но все совместимые узлы предложения исчерпаны — вагоны ушли на другие заявки (конкуренция за предложение).
  [d_idx    6] Ржакса (ЮВС) | тип=Прочие | ЕТСНГ=011005 | период=1 | отправка=Повагонная | не закрыто 6 из 6 ваг.
    ПРИЧИНА: дуги есть (72 шт.), но все совместимые узлы предложения исчерпаны — вагоны ушли на другие заявки (конкуренция за предложение).
  [d_idx    7] Бударино (ПРВ) | тип=Прочие | ЕТСНГ=011005 | период=1 | отправка=Повагонная | не закрыто 1 из 1 ваг.
    ПРИЧИНА: дуги есть (76 шт.), но все совместимые узлы предложения исчерпаны — вагоны ушли на другие заявки (конкуренция за предложение).
  [d_idx    8] Янаул (ГОР) | тип=Прочие | ЕТСНГ=011005 | период=1 | отправка=Повагонная | не закрыто 4 из 4 ваг.
    ПРИЧИНА: дуги есть (72 шт.), но все совместимые узлы предложения исчерпаны — вагоны ушли на другие заявки (конкуренция за предложение).
  [d_idx    9] Студенец (КБШ) | тип=Прочие | ЕТСНГ=011005 | период=1 | отправка=Повагонная | не закрыто 2 из 2 ваг.
    ПРИЧИНА: дуги есть (73 шт.), но все совместимые узлы предложения исчерпаны — вагоны ушли на другие заявки (конкуренция за предложение).
  [d_idx   10] Теренсай (ЮУР) | тип=Прочие | ЕТСНГ=014003 | период=1 | отправка=Повагонная | не закрыто 3 из 3 ваг.
    ПРИЧИНА: дуги есть (79 шт.), но все совместимые узлы предложения исчерпаны — вагоны ушли на другие заявки (конкуренция за предложение).
  [d_idx   11] Хомутово (МСК) | тип=Прочие | ЕТСНГ=011005 | период=1 | отправка=Повагонная | не закрыто 6 из 6 ваг.
    ПРИЧИНА: дуги есть (90 шт.), но все совместимые узлы предложения исчерпаны — вагоны ушли на другие заявки (конкуренция за предложение).
  [d_idx   12] Асекеево (КБШ) | тип=Прочие | ЕТСНГ=011005 | период=1 | отправка=Повагонная | не закрыто 10 из 10 ваг.
    ПРИЧИНА: дуги есть (73 шт.), но все совместимые узлы предложения исчерпаны — вагоны ушли на другие заявки (конкуренция за предложение).
  [d_idx   13] Урюпино (ПРВ) | тип=Прочие | ЕТСНГ=542239 | период=1 | отправка=Повагонная | не закрыто 6 из 6 ваг.
    ПРИЧИНА: дуги есть (77 шт.), но все совместимые узлы предложения исчерпаны — вагоны ушли на другие заявки (конкуренция за предложение).
  [d_idx   14] Москаленки (ЗСБ) | тип=Прочие | ЕТСНГ=011005 | период=1 | отправка=Повагонная | не закрыто 7 из 7 ваг.
    ПРИЧИНА: дуги есть (100 шт.), но все совместимые узлы предложения исчерпаны — вагоны ушли на другие заявки (конкуренция за предложение).
  [d_idx   15] Москаленки (ЗСБ) | тип=Прочие | ЕТСНГ=011005 | период=1 | отправка=Повагонная | не закрыто 10 из 10 ваг.
    ПРИЧИНА: дуги есть (100 шт.), но все совместимые узлы предложения исчерпаны — вагоны ушли на другие заявки (конкуренция за предложение).
  [d_idx   16] Алексеевка (ЮВС) | тип=Прочие | ЕТСНГ=542239 | период=1 | отправка=Повагонная | не закрыто 12 из 12 ваг.
    ПРИЧИНА: дуги есть (72 шт.), но все совместимые узлы предложения исчерпаны — вагоны ушли на другие заявки (конкуренция за предложение).
  [d_idx   17] Алексеевка (ЮВС) | тип=Прочие | ЕТСНГ=542239 | период=1 | отправка=Повагонная | не закрыто 12 из 12 ваг.
    ПРИЧИНА: дуги есть (72 шт.), но все совместимые узлы предложения исчерпаны — вагоны ушли на другие заявки (конкуренция за предложение).
  [d_idx   19] Приютово (КБШ) | тип=БКТ | ЕТСНГ=011005 | период=1 | отправка=Повагонная | не закрыто 28 из 28 ваг.
    ПРИЧИНА: дуги есть (19 шт.), но все совместимые узлы предложения исчерпаны — вагоны ушли на другие заявки (конкуренция за предложение).
  [d_idx   20] Приютово (КБШ) | тип=Прочие | ЕТСНГ=011005 | период=1 | отправка=Повагонная | не закрыто 4 из 4 ваг.
    ПРИЧИНА: дуги есть (73 шт.), но все совместимые узлы предложения исчерпаны — вагоны ушли на другие заявки (конкуренция за предложение).
  [d_idx   21] Среднесибирская (ЗСБ) | тип=Прочие | ЕТСНГ=011005 | период=1 | отправка=Повагонная | не закрыто 6 из 10 ваг.
    ПРИЧИНА: дуги есть (88 шт.), но все совместимые узлы предложения исчерпаны — вагоны ушли на другие заявки (конкуренция за предложение).
  [d_idx   22] Аксуат (КЗХ) | тип=Прочие | ЕТСНГ=018131 | период=1 | отправка=Повагонная | не закрыто 20 из 20 ваг.
    ПРИЧИНА: дуги есть (39 шт.), но все совместимые узлы предложения исчерпаны — вагоны ушли на другие заявки (конкуренция за предложение).
  [d_idx   23] Чкалово (КЗХ) | тип=Прочие | ЕТСНГ=018131 | период=1 | отправка=Повагонная | не закрыто 16 из 16 ваг.
    ПРИЧИНА: дуги есть (39 шт.), но все совместимые узлы предложения исчерпаны — вагоны ушли на другие заявки (конкуренция за предложение).
  [d_idx   24] Чкалово (КЗХ) | тип=Прочие | ЕТСНГ=018131 | период=1 | отправка=Повагонная | не закрыто 2 из 2 ваг.
    ПРИЧИНА: дуги есть (39 шт.), но все совместимые узлы предложения исчерпаны — вагоны ушли на другие заявки (конкуренция за предложение).
  [d_idx   25] Тамала (ЮВС) | тип=БКТ | ЕТСНГ=011005 | период=1 | отправка=Повагонная | не закрыто 6 из 6 ваг.
    ПРИЧИНА: дуги есть (19 шт.), но все совместимые узлы предложения исчерпаны — вагоны ушли на другие заявки (конкуренция за предложение).
  [d_idx   29] Эртиль (ЮВС) | тип=Прочие | ЕТСНГ=542072 | период=1 | отправка=Повагонная | не закрыто 10 из 10 ваг.
    ПРИЧИНА: дуги есть (68 шт.), но все совместимые узлы предложения исчерпаны — вагоны ушли на другие заявки (конкуренция за предложение).
  [d_idx   30] Святославка (ЮВС) | тип=Прочие | ЕТСНГ=011005 | период=1 | отправка=Повагонная | не закрыто 4 из 4 ваг.
    ПРИЧИНА: дуги есть (72 шт.), но все совместимые узлы предложения исчерпаны — вагоны ушли на другие заявки (конкуренция за предложение).
  [d_idx   31] Шемордан (ГОР) | тип=Прочие | ЕТСНГ=014003 | период=1 | отправка=Повагонная | не закрыто 5 из 5 ваг.
    ПРИЧИНА: дуги есть (72 шт.), но все совместимые узлы предложения исчерпаны — вагоны ушли на другие заявки (конкуренция за предложение).
  [d_idx   33] Кривецкая (ЮВС) | тип=Прочие | ЕТСНГ=542072 | период=1 | отправка=Повагонная | не закрыто 20 из 20 ваг.
    ПРИЧИНА: дуги есть (76 шт.), но все совместимые узлы предложения исчерпаны — вагоны ушли на другие заявки (конкуренция за предложение).
  [d_idx   34] Золотухино (МСК) | тип=Прочие | ЕТСНГ=011005 | период=1 | отправка=Повагонная | не закрыто 8 из 8 ваг.
    ПРИЧИНА: дуги есть (90 шт.), но все совместимые узлы предложения исчерпаны — вагоны ушли на другие заявки (конкуренция за предложение).
  [d_idx   35] Золотухино (МСК) | тип=Прочие | ЕТСНГ=011005 | период=1 | отправка=Повагонная | не закрыто 34 из 34 ваг.
    ПРИЧИНА: дуги есть (90 шт.), но все совместимые узлы предложения исчерпаны — вагоны ушли на другие заявки (конкуренция за предложение).
  [d_idx   36] Смирново (КЗХ) | тип=Прочие | ЕТСНГ=018131 | период=1 | отправка=Повагонная | не закрыто 1 из 1 ваг.
    ПРИЧИНА: дуги есть (39 шт.), но все совместимые узлы предложения исчерпаны — вагоны ушли на другие заявки (конкуренция за предложение).
  [d_idx   37] Земетчино (КБШ) | тип=Прочие | ЕТСНГ=542072 | период=1 | отправка=Повагонная | не закрыто 13 из 13 ваг.
    ПРИЧИНА: дуги есть (73 шт.), но все совместимые узлы предложения исчерпаны — вагоны ушли на другие заявки (конкуренция за предложение).
  [d_idx   38] Змиевка (МСК) | тип=Прочие | ЕТСНГ=018112 | период=1 | отправка=Повагонная | не закрыто 1 из 1 ваг.
    ПРИЧИНА: дуги есть (90 шт.), но все совместимые узлы предложения исчерпаны — вагоны ушли на другие заявки (конкуренция за предложение).
  [d_idx   40] Новоспасское (КБШ) | тип=Прочие | ЕТСНГ=011005 | период=1 | отправка=Повагонная | не закрыто 1 из 1 ваг.
    ПРИЧИНА: дуги есть (73 шт.), но все совместимые узлы предложения исчерпаны — вагоны ушли на другие заявки (конкуренция за предложение).
  [d_idx   41] Раевка (КБШ) | тип=Прочие | ЕТСНГ=011005 | период=1 | отправка=Повагонная | не закрыто 14 из 14 ваг.
    ПРИЧИНА: дуги есть (73 шт.), но все совместимые узлы предложения исчерпаны — вагоны ушли на другие заявки (конкуренция за предложение).
  [d_idx   43] Меновой Двор (ЮУР) | тип=Прочие | ЕТСНГ=011005 | период=1 | отправка=Повагонная | не закрыто 3 из 3 ваг.
    ПРИЧИНА: дуги есть (79 шт.), но все совместимые узлы предложения исчерпаны — вагоны ушли на другие заявки (конкуренция за предложение).
  [d_idx   44] Меновой Двор (ЮУР) | тип=Прочие | ЕТСНГ=011005 | период=1 | отправка=Повагонная | не закрыто 5 из 6 ваг.
    ПРИЧИНА: дуги есть (79 шт.), но все совместимые узлы предложения исчерпаны — вагоны ушли на другие заявки (конкуренция за предложение).
  [d_idx   45] Атбасар (КЗХ) | тип=Прочие | ЕТСНГ=018131 | период=1 | отправка=Повагонная | не закрыто 29 из 29 ваг.
    ПРИЧИНА: дуги есть (39 шт.), но все совместимые узлы предложения исчерпаны — вагоны ушли на другие заявки (конкуренция за предложение).
  [d_idx   46] Ефремов (МСК) | тип=Прочие | ЕТСНГ=011005 | период=1 | отправка=Повагонная | не закрыто 4 из 4 ваг.
    ПРИЧИНА: дуги есть (90 шт.), но все совместимые узлы предложения исчерпаны — вагоны ушли на другие заявки (конкуренция за предложение).
  [d_idx   47] Пачелма (КБШ) | тип=Прочие | ЕТСНГ=011005 | период=1 | отправка=Повагонная | не закрыто 34 из 34 ваг.
    ПРИЧИНА: дуги есть (73 шт.), но все совместимые узлы предложения исчерпаны — вагоны ушли на другие заявки (конкуренция за предложение).
  [d_idx   48] Товарково (МСК) | тип=Прочие | ЕТСНГ=014003 | период=1 | отправка=Повагонная | не закрыто 2 из 2 ваг.
    ПРИЧИНА: дуги есть (90 шт.), но все совместимые узлы предложения исчерпаны — вагоны ушли на другие заявки (конкуренция за предложение).
  [d_idx   49] Жана-Есиль (КЗХ) | тип=Прочие | ЕТСНГ=018131 | период=1 | отправка=Повагонная | не закрыто 3 из 3 ваг.
    ПРИЧИНА: дуги есть (39 шт.), но все совместимые узлы предложения исчерпаны — вагоны ушли на другие заявки (конкуренция за предложение).
  [d_idx   50] Заинск (КБШ) | тип=Прочие | ЕТСНГ=011005 | период=1 | отправка=Повагонная | не закрыто 10 из 10 ваг.
    ПРИЧИНА: дуги есть (73 шт.), но все совместимые узлы предложения исчерпаны — вагоны ушли на другие заявки (конкуренция за предложение).
  [d_idx   51] Карламан (КБШ) | тип=Прочие | ЕТСНГ=011005 | период=1 | отправка=Повагонная | не закрыто 36 из 36 ваг.
    ПРИЧИНА: дуги есть (73 шт.), но все совместимые узлы предложения исчерпаны — вагоны ушли на другие заявки (конкуренция за предложение).
  [d_idx   52] Горбачево (МСК) | тип=Прочие | ЕТСНГ=011005 | период=1 | отправка=Повагонная | не закрыто 5 из 5 ваг.
    ПРИЧИНА: дуги есть (90 шт.), но все совместимые узлы предложения исчерпаны — вагоны ушли на другие заявки (конкуренция за предложение).
  [d_idx   53] Белое Озеро (КБШ) | тип=Прочие | ЕТСНГ=011005 | период=1 | отправка=Повагонная | не закрыто 13 из 13 ваг.
    ПРИЧИНА: дуги есть (73 шт.), но все совместимые узлы предложения исчерпаны — вагоны ушли на другие заявки (конкуренция за предложение).
  [d_idx   55] Заречная (СКВ) | тип=Прочие | ЕТСНГ=011005 | период=1 | отправка=Групповая | не закрыто 98 из 100 ваг.
    ПРИЧИНА: дуги есть (72 шт.), но все совместимые узлы предложения исчерпаны — вагоны ушли на другие заявки (конкуренция за предложение).
  [d_idx   56] Ольха (ЮВС) | тип=Прочие | ЕТСНГ=542072 | период=1 | отправка=Повагонная | не закрыто 5 из 5 ваг.
    ПРИЧИНА: дуги есть (72 шт.), но все совместимые узлы предложения исчерпаны — вагоны ушли на другие заявки (конкуренция за предложение).
  [d_idx   57] Верда (КБШ) | тип=Прочие | ЕТСНГ=011005 | период=1 | отправка=Повагонная | не закрыто 6 из 6 ваг.
    ПРИЧИНА: дуги есть (72 шт.), но все совместимые узлы предложения исчерпаны — вагоны ушли на другие заявки (конкуренция за предложение).
  [d_idx   58] Сампур (ЮВС) | тип=Прочие | ЕТСНГ=011005 | период=1 | отправка=Повагонная | не закрыто 8 из 8 ваг.
    ПРИЧИНА: дуги есть (72 шт.), но все совместимые узлы предложения исчерпаны — вагоны ушли на другие заявки (конкуренция за предложение).
  [d_idx   59] Янко (КЗХ) | тип=Прочие | ЕТСНГ=018131 | период=1 | отправка=Повагонная | не закрыто 8 из 8 ваг.
    ПРИЧИНА: дуги есть (39 шт.), но все совместимые узлы предложения исчерпаны — вагоны ушли на другие заявки (конкуренция за предложение).
  [d_idx   60] Янко (КЗХ) | тип=Прочие | ЕТСНГ=018131 | период=1 | отправка=Повагонная | не закрыто 1 из 1 ваг.
    ПРИЧИНА: дуги есть (39 шт.), но все совместимые узлы предложения исчерпаны — вагоны ушли на другие заявки (конкуренция за предложение).
  [d_idx   61] Елец (ЮВС) | тип=Прочие | ЕТСНГ=542224 | период=1 | отправка=Повагонная | не закрыто 1 из 1 ваг.
    ПРИЧИНА: дуги есть (78 шт.), но все совместимые узлы предложения исчерпаны — вагоны ушли на другие заявки (конкуренция за предложение).
  [d_idx   62] Елец (ЮВС) | тип=Прочие | ЕТСНГ=542224 | период=1 | отправка=Повагонная | не закрыто 1 из 1 ваг.
    ПРИЧИНА: дуги есть (78 шт.), но все совместимые узлы предложения исчерпаны — вагоны ушли на другие заявки (конкуренция за предложение).
  [d_idx   63] Елец (ЮВС) | тип=Прочие | ЕТСНГ=542224 | период=1 | отправка=Повагонная | не закрыто 2 из 2 ваг.
    ПРИЧИНА: дуги есть (78 шт.), но все совместимые узлы предложения исчерпаны — вагоны ушли на другие заявки (конкуренция за предложение).
  [d_idx   65] Селезни (ЮВС) | тип=Прочие | ЕТСНГ=011005 | период=1 | отправка=Повагонная | не закрыто 14 из 14 ваг.
    ПРИЧИНА: дуги есть (72 шт.), но все совместимые узлы предложения исчерпаны — вагоны ушли на другие заявки (конкуренция за предложение).
  [d_idx   66] Охотничья (КБШ) | тип=Прочие | ЕТСНГ=011005 | период=1 | отправка=Повагонная | не закрыто 13 из 13 ваг.
    ПРИЧИНА: дуги есть (73 шт.), но все совместимые узлы предложения исчерпаны — вагоны ушли на другие заявки (конкуренция за предложение).
  [d_idx   67] Избердей (ЮВС) | тип=Прочие | ЕТСНГ=011005 | период=1 | отправка=Маршрутная | не закрыто 136 из 136 ваг.
    ПРИЧИНА: дуги есть (72 шт.), но все совместимые узлы предложения исчерпаны — вагоны ушли на другие заявки (конкуренция за предложение).
  [d_idx   68] Кантемировка (ЮВС) | тип=Прочие | ЕТСНГ=011005 | период=1 | отправка=Повагонная | не закрыто 24 из 24 ваг.
    ПРИЧИНА: дуги есть (72 шт.), но все совместимые узлы предложения исчерпаны — вагоны ушли на другие заявки (конкуренция за предложение).
  [d_idx   72] Петровск-Саратовский (ПРВ) | тип=Прочие | ЕТСНГ=011005 | период=1 | отправка=Повагонная | не закрыто 6 из 6 ваг.
    ПРИЧИНА: дуги есть (76 шт.), но все совместимые узлы предложения исчерпаны — вагоны ушли на другие заявки (конкуренция за предложение).
  [d_idx   73] Кандры (КБШ) | тип=Прочие | ЕТСНГ=011005 | период=1 | отправка=Повагонная | не закрыто 24 из 24 ваг.
    ПРИЧИНА: дуги есть (73 шт.), но все совместимые узлы предложения исчерпаны — вагоны ушли на другие заявки (конкуренция за предложение).
  [d_idx   74] Тобол (КЗХ) | тип=Прочие | ЕТСНГ=018131 | период=2 | отправка=Повагонная | не закрыто 23 из 30 ваг.
    ПРИЧИНА: дуги есть (39 шт.), но все совместимые узлы предложения исчерпаны — вагоны ушли на другие заявки (конкуренция за предложение).
  [d_idx   75] Красный Кут (ПРВ) | тип=Прочие | ЕТСНГ=011005 | период=2 | отправка=Повагонная | не закрыто 4 из 4 ваг.
    ПРИЧИНА: дуги есть (76 шт.), но все совместимые узлы предложения исчерпаны — вагоны ушли на другие заявки (конкуренция за предложение).
  [d_idx   77] Курорт-Боровое (КЗХ) | тип=Прочие | ЕТСНГ=018131 | период=2 | отправка=Повагонная | не закрыто 12 из 12 ваг.
    ПРИЧИНА: дуги есть (39 шт.), но все совместимые узлы предложения исчерпаны — вагоны ушли на другие заявки (конкуренция за предложение).
  [d_idx   78] Балаково (ПРВ) | тип=Прочие | ЕТСНГ=542239 | период=2 | отправка=Повагонная | не закрыто 9 из 9 ваг.
    ПРИЧИНА: дуги есть (78 шт.), но все совместимые узлы предложения исчерпаны — вагоны ушли на другие заявки (конкуренция за предложение).
  [d_idx   79] Балаково (ПРВ) | тип=Прочие | ЕТСНГ=542239 | период=2 | отправка=Повагонная | не закрыто 10 из 10 ваг.
    ПРИЧИНА: дуги есть (78 шт.), но все совместимые узлы предложения исчерпаны — вагоны ушли на другие заявки (конкуренция за предложение).
  [d_idx   80] Балаково (ПРВ) | тип=Прочие | ЕТСНГ=542239 | период=2 | отправка=Повагонная | не закрыто 8 из 8 ваг.
    ПРИЧИНА: дуги есть (78 шт.), но все совместимые узлы предложения исчерпаны — вагоны ушли на другие заявки (конкуренция за предложение).
  [d_idx   81] Орел (МСК) | тип=Прочие | ЕТСНГ=011005 | период=2 | отправка=Повагонная | не закрыто 1 из 2 ваг.
    ПРИЧИНА: дуги есть (90 шт.), но все совместимые узлы предложения исчерпаны — вагоны ушли на другие заявки (конкуренция за предложение).
  [d_idx   82] Обоянь (ЮВС) | тип=Прочие | ЕТСНГ=011005 | период=2 | отправка=Повагонная | не закрыто 16 из 16 ваг.
    ПРИЧИНА: дуги есть (76 шт.), но все совместимые узлы предложения исчерпаны — вагоны ушли на другие заявки (конкуренция за предложение).
  [d_idx   83] Ржакса (ЮВС) | тип=Прочие | ЕТСНГ=011005 | период=2 | отправка=Повагонная | не закрыто 16 из 16 ваг.
    ПРИЧИНА: дуги есть (72 шт.), но все совместимые узлы предложения исчерпаны — вагоны ушли на другие заявки (конкуренция за предложение).
  [d_idx   84] Чаглинка (КЗХ) | тип=Прочие | ЕТСНГ=018131 | период=2 | отправка=Повагонная | не закрыто 20 из 20 ваг.
    ПРИЧИНА: дуги есть (39 шт.), но все совместимые узлы предложения исчерпаны — вагоны ушли на другие заявки (конкуренция за предложение).
  [d_idx   85] Кшень (МСК) | тип=Прочие | ЕТСНГ=542072 | период=2 | отправка=Повагонная | не закрыто 13 из 13 ваг.
    ПРИЧИНА: дуги есть (90 шт.), но все совместимые узлы предложения исчерпаны — вагоны ушли на другие заявки (конкуренция за предложение).
  [d_idx   86] Шильда (ЮУР) | тип=Прочие | ЕТСНГ=011005 | период=2 | отправка=Повагонная | не закрыто 5 из 5 ваг.
    ПРИЧИНА: дуги есть (79 шт.), но все совместимые узлы предложения исчерпаны — вагоны ушли на другие заявки (конкуренция за предложение).
  [d_idx   87] Бударино (ПРВ) | тип=Прочие | ЕТСНГ=011005 | период=2 | отправка=Повагонная | не закрыто 5 из 5 ваг.
    ПРИЧИНА: дуги есть (76 шт.), но все совместимые узлы предложения исчерпаны — вагоны ушли на другие заявки (конкуренция за предложение).
  [d_idx   88] Ишим (СВР) | тип=Прочие | ЕТСНГ=011005 | период=2 | отправка=Повагонная | не закрыто 5 из 5 ваг.
    ПРИЧИНА: дуги есть (77 шт.), но все совместимые узлы предложения исчерпаны — вагоны ушли на другие заявки (конкуренция за предложение).
  [d_idx   89] Студенец (КБШ) | тип=Прочие | ЕТСНГ=011005 | период=2 | отправка=Повагонная | не закрыто 10 из 12 ваг.
    ПРИЧИНА: дуги есть (73 шт.), но все совместимые узлы предложения исчерпаны — вагоны ушли на другие заявки (конкуренция за предложение).
  [d_idx   90] Теренсай (ЮУР) | тип=Прочие | ЕТСНГ=014003 | период=2 | отправка=Повагонная | не закрыто 4 из 4 ваг.
    ПРИЧИНА: дуги есть (79 шт.), но все совместимые узлы предложения исчерпаны — вагоны ушли на другие заявки (конкуренция за предложение).
  [d_idx   91] Теренсай (ЮУР) | тип=Прочие | ЕТСНГ=014003 | период=2 | отправка=Повагонная | не закрыто 3 из 3 ваг.
    ПРИЧИНА: дуги есть (79 шт.), но все совместимые узлы предложения исчерпаны — вагоны ушли на другие заявки (конкуренция за предложение).
  [d_idx   92] Асекеево (КБШ) | тип=БКТ | ЕТСНГ=011005 | период=2 | отправка=Повагонная | не закрыто 7 из 7 ваг.
    ПРИЧИНА: дуги есть (19 шт.), но все совместимые узлы предложения исчерпаны — вагоны ушли на другие заявки (конкуренция за предложение).
  [d_idx   93] Асекеево (КБШ) | тип=Прочие | ЕТСНГ=011005 | период=2 | отправка=Повагонная | не закрыто 3 из 3 ваг.
    ПРИЧИНА: дуги есть (73 шт.), но все совместимые узлы предложения исчерпаны — вагоны ушли на другие заявки (конкуренция за предложение).
  [d_idx   94] Буздяк (КБШ) | тип=Прочие | ЕТСНГ=011005 | период=2 | отправка=Повагонная | не закрыто 4 из 4 ваг.
    ПРИЧИНА: дуги есть (70 шт.), но все совместимые узлы предложения исчерпаны — вагоны ушли на другие заявки (конкуренция за предложение).
  [d_idx   95] Димитровград (КБШ) | тип=Прочие | ЕТСНГ=011005 | период=2 | отправка=Маршрутная | не закрыто 46 из 46 ваг.
    ПРИЧИНА: дуги есть (73 шт.), но все совместимые узлы предложения исчерпаны — вагоны ушли на другие заявки (конкуренция за предложение).
  [d_idx   96] Москаленки (ЗСБ) | тип=Прочие | ЕТСНГ=011005 | период=2 | отправка=Повагонная | не закрыто 10 из 10 ваг.
    ПРИЧИНА: дуги есть (100 шт.), но все совместимые узлы предложения исчерпаны — вагоны ушли на другие заявки (конкуренция за предложение).
  [d_idx   97] Москаленки (ЗСБ) | тип=Прочие | ЕТСНГ=011005 | период=2 | отправка=Повагонная | не закрыто 9 из 10 ваг.
    ПРИЧИНА: дуги есть (100 шт.), но все совместимые узлы предложения исчерпаны — вагоны ушли на другие заявки (конкуренция за предложение).
  [d_idx   98] Перелешино (ЮВС) | тип=Прочие | ЕТСНГ=542072 | период=2 | отправка=Повагонная | не закрыто 10 из 10 ваг.
    ПРИЧИНА: дуги есть (72 шт.), но все совместимые узлы предложения исчерпаны — вагоны ушли на другие заявки (конкуренция за предложение).
  [d_idx   99] Алексеевка (ЮВС) | тип=Прочие | ЕТСНГ=542239 | период=2 | отправка=Повагонная | не закрыто 4 из 4 ваг.
    ПРИЧИНА: дуги есть (74 шт.), но все совместимые узлы предложения исчерпаны — вагоны ушли на другие заявки (конкуренция за предложение).
  [d_idx  100] Приютово (КБШ) | тип=БКТ | ЕТСНГ=011005 | период=2 | отправка=Повагонная | не закрыто 10 из 10 ваг.
    ПРИЧИНА: дуги есть (19 шт.), но все совместимые узлы предложения исчерпаны — вагоны ушли на другие заявки (конкуренция за предложение).
  [d_idx  101] Приютово (КБШ) | тип=Прочие | ЕТСНГ=011005 | период=2 | отправка=Повагонная | не закрыто 7 из 7 ваг.
    ПРИЧИНА: дуги есть (73 шт.), но все совместимые узлы предложения исчерпаны — вагоны ушли на другие заявки (конкуренция за предложение).
  [d_idx  103] Сорочинская (ЮУР) | тип=Прочие | ЕТСНГ=542239 | период=2 | отправка=Повагонная | не закрыто 6 из 7 ваг.
    ПРИЧИНА: дуги есть (81 шт.), но все совместимые узлы предложения исчерпаны — вагоны ушли на другие заявки (конкуренция за предложение).
  [d_idx  106] Аксуат (КЗХ) | тип=Прочие | ЕТСНГ=018131 | период=2 | отправка=Повагонная | не закрыто 20 из 20 ваг.
    ПРИЧИНА: дуги есть (39 шт.), но все совместимые узлы предложения исчерпаны — вагоны ушли на другие заявки (конкуренция за предложение).
  [d_idx  107] Раненбург (ЮВС) | тип=Прочие | ЕТСНГ=014003 | период=2 | отправка=Повагонная | не закрыто 7 из 7 ваг.
    ПРИЧИНА: дуги есть (72 шт.), но все совместимые узлы предложения исчерпаны — вагоны ушли на другие заявки (конкуренция за предложение).
  [d_idx  108] Чкалово (КЗХ) | тип=Прочие | ЕТСНГ=018131 | период=2 | отправка=Повагонная | не закрыто 11 из 11 ваг.
    ПРИЧИНА: дуги есть (39 шт.), но все совместимые узлы предложения исчерпаны — вагоны ушли на другие заявки (конкуренция за предложение).
  [d_idx  109] Плавица (ЮВС) | тип=Прочие | ЕТСНГ=011005 | период=2 | отправка=Повагонная | не закрыто 29 из 29 ваг.
    ПРИЧИНА: дуги есть (72 шт.), но все совместимые узлы предложения исчерпаны — вагоны ушли на другие заявки (конкуренция за предложение).
  [d_idx  111] Тамала (ЮВС) | тип=БКТ | ЕТСНГ=011005 | период=2 | отправка=Повагонная | не закрыто 20 из 20 ваг.
    ПРИЧИНА: дуги есть (19 шт.), но все совместимые узлы предложения исчерпаны — вагоны ушли на другие заявки (конкуренция за предложение).
  [d_idx  112] Новосергиевская (ЮУР) | тип=Прочие | ЕТСНГ=011005 | период=2 | отправка=Повагонная | не закрыто 6 из 9 ваг.
    ПРИЧИНА: дуги есть (79 шт.), но все совместимые узлы предложения исчерпаны — вагоны ушли на другие заявки (конкуренция за предложение).
  [d_idx  113] Азат (КЗХ) | тип=Прочие | ЕТСНГ=018131 | период=2 | отправка=Повагонная | не закрыто 4 из 10 ваг.
    ПРИЧИНА: дуги есть (39 шт.), но все совместимые узлы предложения исчерпаны — вагоны ушли на другие заявки (конкуренция за предложение).
  [d_idx  117] Эртиль (ЮВС) | тип=Прочие | ЕТСНГ=542072 | период=2 | отправка=Повагонная | не закрыто 5 из 5 ваг.
    ПРИЧИНА: дуги есть (68 шт.), но все совместимые узлы предложения исчерпаны — вагоны ушли на другие заявки (конкуренция за предложение).
  [d_idx  118] Медведица (ПРВ) | тип=Прочие | ЕТСНГ=011005 | период=2 | отправка=Повагонная | не закрыто 9 из 9 ваг.
    ПРИЧИНА: дуги есть (74 шт.), но все совместимые узлы предложения исчерпаны — вагоны ушли на другие заявки (конкуренция за предложение).
  [d_idx  119] Святославка (ЮВС) | тип=Прочие | ЕТСНГ=011005 | период=2 | отправка=Повагонная | не закрыто 15 из 15 ваг.
    ПРИЧИНА: дуги есть (72 шт.), но все совместимые узлы предложения исчерпаны — вагоны ушли на другие заявки (конкуренция за предложение).
  [d_idx  120] Шемордан (ГОР) | тип=Прочие | ЕТСНГ=014003 | период=2 | отправка=Повагонная | не закрыто 7 из 7 ваг.
    ПРИЧИНА: дуги есть (72 шт.), но все совместимые узлы предложения исчерпаны — вагоны ушли на другие заявки (конкуренция за предложение).
  [d_idx  121] Красногвардеец (ЮУР) | тип=Прочие | ЕТСНГ=011005 | период=2 | отправка=Повагонная | не закрыто 9 из 9 ваг.
    ПРИЧИНА: дуги есть (79 шт.), но все совместимые узлы предложения исчерпаны — вагоны ушли на другие заявки (конкуренция за предложение).
  [d_idx  122] Красногвардеец (ЮУР) | тип=Прочие | ЕТСНГ=011005 | период=2 | отправка=Повагонная | не закрыто 8 из 8 ваг.
    ПРИЧИНА: дуги есть (79 шт.), но все совместимые узлы предложения исчерпаны — вагоны ушли на другие заявки (конкуренция за предложение).
  [d_idx  123] Зарайск (МСК) | тип=Прочие | ЕТСНГ=011005 | период=2 | отправка=Повагонная | не закрыто 4 из 10 ваг.
    ПРИЧИНА: дуги есть (88 шт.), но все совместимые узлы предложения исчерпаны — вагоны ушли на другие заявки (конкуренция за предложение).
  [d_idx  124] Кривецкая (ЮВС) | тип=Прочие | ЕТСНГ=542072 | период=2 | отправка=Повагонная | не закрыто 20 из 20 ваг.
    ПРИЧИНА: дуги есть (76 шт.), но все совместимые узлы предложения исчерпаны — вагоны ушли на другие заявки (конкуренция за предложение).
  [d_idx  125] Золотухино (МСК) | тип=Прочие | ЕТСНГ=011005 | период=2 | отправка=Повагонная | не закрыто 3 из 10 ваг.
    ПРИЧИНА: дуги есть (90 шт.), но все совместимые узлы предложения исчерпаны — вагоны ушли на другие заявки (конкуренция за предложение).
  [d_idx  126] Золотухино (МСК) | тип=Прочие | ЕТСНГ=011005 | период=2 | отправка=Повагонная | не закрыто 20 из 20 ваг.
    ПРИЧИНА: дуги есть (90 шт.), но все совместимые узлы предложения исчерпаны — вагоны ушли на другие заявки (конкуренция за предложение).
  [d_idx  127] Золотухино (МСК) | тип=Прочие | ЕТСНГ=011005 | период=2 | отправка=Повагонная | не закрыто 13 из 13 ваг.
    ПРИЧИНА: дуги есть (90 шт.), но все совместимые узлы предложения исчерпаны — вагоны ушли на другие заявки (конкуренция за предложение).
  [d_idx  128] Земетчино (КБШ) | тип=Прочие | ЕТСНГ=542072 | период=2 | отправка=Повагонная | не закрыто 15 из 15 ваг.
    ПРИЧИНА: дуги есть (73 шт.), но все совместимые узлы предложения исчерпаны — вагоны ушли на другие заявки (конкуренция за предложение).
  [d_idx  129] Есиль (КЗХ) | тип=Прочие | ЕТСНГ=018131 | период=2 | отправка=Повагонная | не закрыто 7 из 7 ваг.
    ПРИЧИНА: дуги есть (39 шт.), но все совместимые узлы предложения исчерпаны — вагоны ушли на другие заявки (конкуренция за предложение).
  [d_idx  134] Кораблино (МСК) | тип=Прочие | ЕТСНГ=011005 | период=2 | отправка=Повагонная | не закрыто 10 из 10 ваг.
    ПРИЧИНА: дуги есть (90 шт.), но все совместимые узлы предложения исчерпаны — вагоны ушли на другие заявки (конкуренция за предложение).
  [d_idx  135] Обшаровка (КБШ) | тип=Прочие | ЕТСНГ=011005 | период=2 | отправка=Повагонная | не закрыто 17 из 17 ваг.
    ПРИЧИНА: дуги есть (73 шт.), но все совместимые узлы предложения исчерпаны — вагоны ушли на другие заявки (конкуренция за предложение).
  [d_idx  136] Обшаровка (КБШ) | тип=Прочие | ЕТСНГ=011005 | период=2 | отправка=Повагонная | не закрыто 34 из 34 ваг.
    ПРИЧИНА: дуги есть (73 шт.), но все совместимые узлы предложения исчерпаны — вагоны ушли на другие заявки (конкуренция за предложение).
  [d_idx  137] Новоспасское (КБШ) | тип=Прочие | ЕТСНГ=011005 | период=2 | отправка=Повагонная | не закрыто 16 из 16 ваг.
    ПРИЧИНА: дуги есть (73 шт.), но все совместимые узлы предложения исчерпаны — вагоны ушли на другие заявки (конкуренция за предложение).
  [d_idx  139] Раевка (КБШ) | тип=Прочие | ЕТСНГ=011005 | период=2 | отправка=Повагонная | не закрыто 14 из 14 ваг.
    ПРИЧИНА: дуги есть (73 шт.), но все совместимые узлы предложения исчерпаны — вагоны ушли на другие заявки (конкуренция за предложение).
  [d_idx  141] Атбасар (КЗХ) | тип=Прочие | ЕТСНГ=018131 | период=2 | отправка=Повагонная | не закрыто 15 из 15 ваг.
    ПРИЧИНА: дуги есть (39 шт.), но все совместимые узлы предложения исчерпаны — вагоны ушли на другие заявки (конкуренция за предложение).
  [d_idx  142] Ефремов (МСК) | тип=Прочие | ЕТСНГ=011005 | период=2 | отправка=Повагонная | не закрыто 4 из 4 ваг.
    ПРИЧИНА: дуги есть (90 шт.), но все совместимые узлы предложения исчерпаны — вагоны ушли на другие заявки (конкуренция за предложение).
  [d_idx  143] Придача (ЮВС) | тип=Прочие | ЕТСНГ=011005 | период=2 | отправка=Маршрутная | не закрыто 41 из 41 ваг.
    ПРИЧИНА: дуги есть (75 шт.), но все совместимые узлы предложения исчерпаны — вагоны ушли на другие заявки (конкуренция за предложение).
  [d_idx  144] Алтата (ПРВ) | тип=Прочие | ЕТСНГ=011005 | период=2 | отправка=Повагонная | не закрыто 1 из 1 ваг.
    ПРИЧИНА: дуги есть (69 шт.), но все совместимые узлы предложения исчерпаны — вагоны ушли на другие заявки (конкуренция за предложение).
  [d_idx  145] Кротовка (КБШ) | тип=Прочие | ЕТСНГ=011005 | период=2 | отправка=Повагонная | не закрыто 1 из 1 ваг.
    ПРИЧИНА: дуги есть (76 шт.), но все совместимые узлы предложения исчерпаны — вагоны ушли на другие заявки (конкуренция за предложение).
  [d_idx  146] Пачелма (КБШ) | тип=Прочие | ЕТСНГ=011005 | период=2 | отправка=Повагонная | не закрыто 12 из 12 ваг.
    ПРИЧИНА: дуги есть (73 шт.), но все совместимые узлы предложения исчерпаны — вагоны ушли на другие заявки (конкуренция за предложение).
  [d_idx  147] Пачелма (КБШ) | тип=Прочие | ЕТСНГ=011005 | период=2 | отправка=Повагонная | не закрыто 4 из 4 ваг.
    ПРИЧИНА: дуги есть (73 шт.), но все совместимые узлы предложения исчерпаны — вагоны ушли на другие заявки (конкуренция за предложение).
  [d_idx  148] Ряжск 1 (МСК) | тип=Прочие | ЕТСНГ=011005 | период=2 | отправка=Повагонная | не закрыто 7 из 7 ваг.
    ПРИЧИНА: дуги есть (90 шт.), но все совместимые узлы предложения исчерпаны — вагоны ушли на другие заявки (конкуренция за предложение).
  [d_idx  149] Жана-Есиль (КЗХ) | тип=Прочие | ЕТСНГ=018131 | период=2 | отправка=Повагонная | не закрыто 11 из 11 ваг.
    ПРИЧИНА: дуги есть (39 шт.), но все совместимые узлы предложения исчерпаны — вагоны ушли на другие заявки (конкуренция за предложение).
  [d_idx  150] Заинск (КБШ) | тип=Прочие | ЕТСНГ=011005 | период=2 | отправка=Повагонная | не закрыто 2 из 3 ваг.
    ПРИЧИНА: дуги есть (73 шт.), но все совместимые узлы предложения исчерпаны — вагоны ушли на другие заявки (конкуренция за предложение).
  [d_idx  151] Карламан (КБШ) | тип=Прочие | ЕТСНГ=011005 | период=2 | отправка=Повагонная | не закрыто 15 из 15 ваг.
    ПРИЧИНА: дуги есть (73 шт.), но все совместимые узлы предложения исчерпаны — вагоны ушли на другие заявки (конкуренция за предложение).
  [d_idx  153] Заречная (СКВ) | тип=Прочие | ЕТСНГ=011005 | период=2 | отправка=Повагонная | не закрыто 30 из 30 ваг.
    ПРИЧИНА: дуги есть (72 шт.), но все совместимые узлы предложения исчерпаны — вагоны ушли на другие заявки (конкуренция за предложение).
  [d_idx  154] Заречная (СКВ) | тип=Прочие | ЕТСНГ=011005 | период=2 | отправка=Повагонная | не закрыто 15 из 21 ваг.
    ПРИЧИНА: дуги есть (72 шт.), но все совместимые узлы предложения исчерпаны — вагоны ушли на другие заявки (конкуренция за предложение).
  [d_idx  155] Заречная (СКВ) | тип=Прочие | ЕТСНГ=011005 | период=2 | отправка=Групповая | не закрыто 75 из 75 ваг.
    ПРИЧИНА: дуги есть (72 шт.), но все совместимые узлы предложения исчерпаны — вагоны ушли на другие заявки (конкуренция за предложение).
  [d_idx  156] Верда (КБШ) | тип=Прочие | ЕТСНГ=011005 | период=2 | отправка=Повагонная | не закрыто 16 из 16 ваг.
    ПРИЧИНА: дуги есть (72 шт.), но все совместимые узлы предложения исчерпаны — вагоны ушли на другие заявки (конкуренция за предложение).
  [d_idx  157] Сампур (ЮВС) | тип=Прочие | ЕТСНГ=011005 | период=2 | отправка=Повагонная | не закрыто 10 из 10 ваг.
    ПРИЧИНА: дуги есть (72 шт.), но все совместимые узлы предложения исчерпаны — вагоны ушли на другие заявки (конкуренция за предложение).
  [d_idx  160] Янко (КЗХ) | тип=Прочие | ЕТСНГ=018131 | период=2 | отправка=Повагонная | не закрыто 9 из 9 ваг.
    ПРИЧИНА: дуги есть (39 шт.), но все совместимые узлы предложения исчерпаны — вагоны ушли на другие заявки (конкуренция за предложение).
  [d_idx  161] Елец (ЮВС) | тип=Прочие | ЕТСНГ=542224 | период=2 | отправка=Повагонная | не закрыто 1 из 1 ваг.
    ПРИЧИНА: дуги есть (78 шт.), но все совместимые узлы предложения исчерпаны — вагоны ушли на другие заявки (конкуренция за предложение).
  [d_idx  162] Елец (ЮВС) | тип=Прочие | ЕТСНГ=542224 | период=2 | отправка=Повагонная | не закрыто 2 из 2 ваг.
    ПРИЧИНА: дуги есть (78 шт.), но все совместимые узлы предложения исчерпаны — вагоны ушли на другие заявки (конкуренция за предложение).
  [d_idx  164] Чернышков (ПРВ) | тип=Прочие | ЕТСНГ=011005 | период=2 | отправка=Повагонная | не закрыто 63 из 65 ваг.
    ПРИЧИНА: дуги есть (76 шт.), но все совместимые узлы предложения исчерпаны — вагоны ушли на другие заявки (конкуренция за предложение).
  [d_idx  165] Кирсанов (ЮВС) | тип=Прочие | ЕТСНГ=011005 | период=2 | отправка=Повагонная | не закрыто 13 из 13 ваг.
    ПРИЧИНА: дуги есть (73 шт.), но все совместимые узлы предложения исчерпаны — вагоны ушли на другие заявки (конкуренция за предложение).
  [d_idx  166] Тоцкая (ЮУР) | тип=Прочие | ЕТСНГ=014003 | период=2 | отправка=Повагонная | не закрыто 5 из 6 ваг.
    ПРИЧИНА: дуги есть (79 шт.), но все совместимые узлы предложения исчерпаны — вагоны ушли на другие заявки (конкуренция за предложение).
  [d_idx  167] Охотничья (КБШ) | тип=Прочие | ЕТСНГ=011005 | период=2 | отправка=Повагонная | не закрыто 15 из 15 ваг.
    ПРИЧИНА: дуги есть (73 шт.), но все совместимые узлы предложения исчерпаны — вагоны ушли на другие заявки (конкуренция за предложение).
  [d_idx  168] Охотничья (КБШ) | тип=Прочие | ЕТСНГ=011005 | период=2 | отправка=Повагонная | не закрыто 11 из 11 ваг.
    ПРИЧИНА: дуги есть (73 шт.), но все совместимые узлы предложения исчерпаны — вагоны ушли на другие заявки (конкуренция за предложение).
  [d_idx  169] Охотничья (КБШ) | тип=Прочие | ЕТСНГ=021100 | период=2 | отправка=Повагонная | не закрыто 9 из 9 ваг.
    ПРИЧИНА: дуги есть (73 шт.), но все совместимые узлы предложения исчерпаны — вагоны ушли на другие заявки (конкуренция за предложение).
  [d_idx  170] Избердей (ЮВС) | тип=Прочие | ЕТСНГ=011005 | период=2 | отправка=Маршрутная | не закрыто 50 из 50 ваг.
    ПРИЧИНА: дуги есть (72 шт.), но все совместимые узлы предложения исчерпаны — вагоны ушли на другие заявки (конкуренция за предложение).
  [d_idx  171] Кантемировка (ЮВС) | тип=Прочие | ЕТСНГ=011005 | период=2 | отправка=Повагонная | не закрыто 24 из 24 ваг.
    ПРИЧИНА: дуги есть (72 шт.), но все совместимые узлы предложения исчерпаны — вагоны ушли на другие заявки (конкуренция за предложение).
  [d_idx  172] Аллагуват (КБШ) | тип=Прочие | ЕТСНГ=011005 | период=2 | отправка=Повагонная | не закрыто 5 из 5 ваг.
    ПРИЧИНА: дуги есть (73 шт.), но все совместимые узлы предложения исчерпаны — вагоны ушли на другие заявки (конкуренция за предложение).
  [d_idx  174] Шамхал (СКВ) | тип=Прочие | ЕТСНГ=011005 | период=2 | отправка=Повагонная | не закрыто 8 из 19 ваг.
    ПРИЧИНА: дуги есть (70 шт.), но все совместимые узлы предложения исчерпаны — вагоны ушли на другие заявки (конкуренция за предложение).
  [d_idx  175] Любовка (ЗСБ) | тип=Прочие | ЕТСНГ=011005 | период=2 | отправка=Повагонная | не закрыто 3 из 3 ваг.
    ПРИЧИНА: дуги есть (100 шт.), но все совместимые узлы предложения исчерпаны — вагоны ушли на другие заявки (конкуренция за предложение).
  [d_idx  176] Мальчевская (СКВ) | тип=Прочие | ЕТСНГ=011005 | период=2 | отправка=Повагонная | не закрыто 8 из 8 ваг.
    ПРИЧИНА: дуги есть (68 шт.), но все совместимые узлы предложения исчерпаны — вагоны ушли на другие заявки (конкуренция за предложение).
  [d_idx  177] Хохольская (ЮВС) | тип=БКТ | ЕТСНГ=011005 | период=2 | отправка=Повагонная | не закрыто 2 из 2 ваг.
    ПРИЧИНА: дуги есть (20 шт.), но все совместимые узлы предложения исчерпаны — вагоны ушли на другие заявки (конкуренция за предложение).
  [d_idx  178] Саханская (МСК) | тип=Прочие | ЕТСНГ=011005 | период=3 | отправка=Повагонная | не закрыто 10 из 10 ваг.
    ПРИЧИНА: дуги есть (90 шт.), но все совместимые узлы предложения исчерпаны — вагоны ушли на другие заявки (конкуренция за предложение).
  [d_idx  179] Балаково (ПРВ) | тип=Прочие | ЕТСНГ=542239 | период=3 | отправка=Повагонная | не закрыто 8 из 10 ваг.
    ПРИЧИНА: дуги есть (78 шт.), но все совместимые узлы предложения исчерпаны — вагоны ушли на другие заявки (конкуренция за предложение).
  [d_idx  180] Орел (МСК) | тип=Прочие | ЕТСНГ=011005 | период=3 | отправка=Повагонная | не закрыто 13 из 13 ваг.
    ПРИЧИНА: дуги есть (90 шт.), но все совместимые узлы предложения исчерпаны — вагоны ушли на другие заявки (конкуренция за предложение).
  [d_idx  181] Жердевка (ЮВС) | тип=Прочие | ЕТСНГ=014003 | период=3 | отправка=Повагонная | не закрыто 14 из 14 ваг.
    ПРИЧИНА: дуги есть (72 шт.), но все совместимые узлы предложения исчерпаны — вагоны ушли на другие заявки (конкуренция за предложение).
  [d_idx  182] Ржакса (ЮВС) | тип=Прочие | ЕТСНГ=011005 | период=3 | отправка=Повагонная | не закрыто 12 из 12 ваг.
    ПРИЧИНА: дуги есть (72 шт.), но все совместимые узлы предложения исчерпаны — вагоны ушли на другие заявки (конкуренция за предложение).
  [d_idx  183] Шильда (ЮУР) | тип=Прочие | ЕТСНГ=011005 | период=3 | отправка=Повагонная | не закрыто 2 из 2 ваг.
    ПРИЧИНА: дуги есть (79 шт.), но все совместимые узлы предложения исчерпаны — вагоны ушли на другие заявки (конкуренция за предложение).
  [d_idx  184] Елань-Камышинская (ЮВС) | тип=Прочие | ЕТСНГ=011005 | период=3 | отправка=Повагонная | не закрыто 16 из 16 ваг.
    ПРИЧИНА: дуги есть (72 шт.), но все совместимые узлы предложения исчерпаны — вагоны ушли на другие заявки (конкуренция за предложение).
  [d_idx  185] Бударино (ПРВ) | тип=Прочие | ЕТСНГ=011005 | период=3 | отправка=Повагонная | не закрыто 5 из 5 ваг.
    ПРИЧИНА: дуги есть (76 шт.), но все совместимые узлы предложения исчерпаны — вагоны ушли на другие заявки (конкуренция за предложение).
  [d_idx  186] Бударино (ПРВ) | тип=Прочие | ЕТСНГ=011005 | период=3 | отправка=Повагонная | не закрыто 2 из 2 ваг.
    ПРИЧИНА: дуги есть (76 шт.), но все совместимые узлы предложения исчерпаны — вагоны ушли на другие заявки (конкуренция за предложение).
  [d_idx  188] Янаул (ГОР) | тип=Прочие | ЕТСНГ=011005 | период=3 | отправка=Повагонная | не закрыто 13 из 13 ваг.
    ПРИЧИНА: дуги есть (72 шт.), но все совместимые узлы предложения исчерпаны — вагоны ушли на другие заявки (конкуренция за предложение).
  [d_idx  189] Янаул (ГОР) | тип=Прочие | ЕТСНГ=011005 | период=3 | отправка=Повагонная | не закрыто 4 из 4 ваг.
    ПРИЧИНА: дуги есть (72 шт.), но все совместимые узлы предложения исчерпаны — вагоны ушли на другие заявки (конкуренция за предложение).
  [d_idx  190] Теренсай (ЮУР) | тип=Прочие | ЕТСНГ=014003 | период=3 | отправка=Повагонная | не закрыто 4 из 4 ваг.
    ПРИЧИНА: дуги есть (79 шт.), но все совместимые узлы предложения исчерпаны — вагоны ушли на другие заявки (конкуренция за предложение).
  [d_idx  191] Вернадовка (КБШ) | тип=Прочие | ЕТСНГ=011005 | период=3 | отправка=Повагонная | не закрыто 15 из 15 ваг.
    ПРИЧИНА: дуги есть (73 шт.), но все совместимые узлы предложения исчерпаны — вагоны ушли на другие заявки (конкуренция за предложение).
  [d_idx  192] Асекеево (КБШ) | тип=Прочие | ЕТСНГ=011005 | период=3 | отправка=Повагонная | не закрыто 10 из 10 ваг.
    ПРИЧИНА: дуги есть (73 шт.), но все совместимые узлы предложения исчерпаны — вагоны ушли на другие заявки (конкуренция за предложение).
  [d_idx  193] Буздяк (КБШ) | тип=Прочие | ЕТСНГ=011005 | период=3 | отправка=Повагонная | не закрыто 4 из 4 ваг.
    ПРИЧИНА: дуги есть (70 шт.), но все совместимые узлы предложения исчерпаны — вагоны ушли на другие заявки (конкуренция за предложение).
  [d_idx  194] Урюпино (ПРВ) | тип=Прочие | ЕТСНГ=542239 | период=3 | отправка=Повагонная | не закрыто 5 из 5 ваг.
    ПРИЧИНА: дуги есть (78 шт.), но все совместимые узлы предложения исчерпаны — вагоны ушли на другие заявки (конкуренция за предложение).
  [d_idx  195] Москаленки (ЗСБ) | тип=Прочие | ЕТСНГ=011005 | период=3 | отправка=Повагонная | не закрыто 10 из 10 ваг.
    ПРИЧИНА: дуги есть (100 шт.), но все совместимые узлы предложения исчерпаны — вагоны ушли на другие заявки (конкуренция за предложение).
  [d_idx  196] Верховье (МСК) | тип=Прочие | ЕТСНГ=011005 | период=3 | отправка=Повагонная | не закрыто 9 из 12 ваг.
    ПРИЧИНА: дуги есть (90 шт.), но все совместимые узлы предложения исчерпаны — вагоны ушли на другие заявки (конкуренция за предложение).
  [d_idx  197] Перелешино (ЮВС) | тип=Прочие | ЕТСНГ=542072 | период=3 | отправка=Повагонная | не закрыто 10 из 10 ваг.
    ПРИЧИНА: дуги есть (72 шт.), но все совместимые узлы предложения исчерпаны — вагоны ушли на другие заявки (конкуренция за предложение).
  [d_idx  198] Алексеевка (ЮВС) | тип=Прочие | ЕТСНГ=542239 | период=3 | отправка=Повагонная | не закрыто 15 из 15 ваг.
    ПРИЧИНА: дуги есть (74 шт.), но все совместимые узлы предложения исчерпаны — вагоны ушли на другие заявки (конкуренция за предложение).
  [d_idx  199] Приютово (КБШ) | тип=БКТ | ЕТСНГ=011005 | период=3 | отправка=Повагонная | не закрыто 10 из 10 ваг.
    ПРИЧИНА: дуги есть (19 шт.), но все совместимые узлы предложения исчерпаны — вагоны ушли на другие заявки (конкуренция за предложение).
  [d_idx  201] Среднесибирская (ЗСБ) | тип=Прочие | ЕТСНГ=011005 | период=3 | отправка=Повагонная | не закрыто 3 из 3 ваг.
    ПРИЧИНА: дуги есть (88 шт.), но все совместимые узлы предложения исчерпаны — вагоны ушли на другие заявки (конкуренция за предложение).
  [d_idx  202] Добринка (ЮВС) | тип=Прочие | ЕТСНГ=011005 | период=3 | отправка=Повагонная | не закрыто 17 из 17 ваг.
    ПРИЧИНА: дуги есть (72 шт.), но все совместимые узлы предложения исчерпаны — вагоны ушли на другие заявки (конкуренция за предложение).
  [d_idx  203] Аксуат (КЗХ) | тип=Прочие | ЕТСНГ=018131 | период=3 | отправка=Повагонная | не закрыто 10 из 10 ваг.
    ПРИЧИНА: дуги есть (39 шт.), но все совместимые узлы предложения исчерпаны — вагоны ушли на другие заявки (конкуренция за предложение).
  [d_idx  205] Плавица (ЮВС) | тип=Прочие | ЕТСНГ=011005 | период=3 | отправка=Повагонная | не закрыто 15 из 15 ваг.
    ПРИЧИНА: дуги есть (72 шт.), но все совместимые узлы предложения исчерпаны — вагоны ушли на другие заявки (конкуренция за предложение).
  [d_idx  207] Новосергиевская (ЮУР) | тип=Прочие | ЕТСНГ=011005 | период=3 | отправка=Повагонная | не закрыто 2 из 2 ваг.
    ПРИЧИНА: дуги есть (79 шт.), но все совместимые узлы предложения исчерпаны — вагоны ушли на другие заявки (конкуренция за предложение).
  [d_idx  208] Новосергиевская (ЮУР) | тип=Прочие | ЕТСНГ=011005 | период=3 | отправка=Повагонная | не закрыто 9 из 9 ваг.
    ПРИЧИНА: дуги есть (79 шт.), но все совместимые узлы предложения исчерпаны — вагоны ушли на другие заявки (конкуренция за предложение).
  [d_idx  209] Новоперелюбская (ПРВ) | тип=Прочие | ЕТСНГ=011005 | период=3 | отправка=Повагонная | не закрыто 11 из 11 ваг.
    ПРИЧИНА: дуги есть (73 шт.), но все совместимые узлы предложения исчерпаны — вагоны ушли на другие заявки (конкуренция за предложение).
  [d_idx  210] Эртиль (ЮВС) | тип=Прочие | ЕТСНГ=542072 | период=3 | отправка=Повагонная | не закрыто 5 из 5 ваг.
    ПРИЧИНА: дуги есть (68 шт.), но все совместимые узлы предложения исчерпаны — вагоны ушли на другие заявки (конкуренция за предложение).
  [d_idx  211] Медведица (ПРВ) | тип=Прочие | ЕТСНГ=011005 | период=3 | отправка=Повагонная | не закрыто 8 из 8 ваг.
    ПРИЧИНА: дуги есть (74 шт.), но все совместимые узлы предложения исчерпаны — вагоны ушли на другие заявки (конкуренция за предложение).
  [d_idx  212] Кормиловка (ЗСБ) | тип=Прочие | ЕТСНГ=011005 | период=3 | отправка=Повагонная | не закрыто 5 из 5 ваг.
    ПРИЧИНА: дуги есть (100 шт.), но все совместимые узлы предложения исчерпаны — вагоны ушли на другие заявки (конкуренция за предложение).
  [d_idx  213] Шемордан (ГОР) | тип=Прочие | ЕТСНГ=014003 | период=3 | отправка=Повагонная | не закрыто 8 из 8 ваг.
    ПРИЧИНА: дуги есть (72 шт.), но все совместимые узлы предложения исчерпаны — вагоны ушли на другие заявки (конкуренция за предложение).
  [d_idx  214] Красногвардеец (ЮУР) | тип=Прочие | ЕТСНГ=011005 | период=3 | отправка=Повагонная | не закрыто 1 из 1 ваг.
    ПРИЧИНА: дуги есть (79 шт.), но все совместимые узлы предложения исчерпаны — вагоны ушли на другие заявки (конкуренция за предложение).
  [d_idx  215] Красногвардеец (ЮУР) | тип=Прочие | ЕТСНГ=011005 | период=3 | отправка=Повагонная | не закрыто 4 из 4 ваг.
    ПРИЧИНА: дуги есть (79 шт.), но все совместимые узлы предложения исчерпаны — вагоны ушли на другие заявки (конкуренция за предложение).
  [d_idx  217] Золотухино (МСК) | тип=Прочие | ЕТСНГ=011005 | период=3 | отправка=Повагонная | не закрыто 10 из 10 ваг.
    ПРИЧИНА: дуги есть (90 шт.), но все совместимые узлы предложения исчерпаны — вагоны ушли на другие заявки (конкуренция за предложение).
  [d_idx  218] Золотухино (МСК) | тип=Прочие | ЕТСНГ=011005 | период=3 | отправка=Повагонная | не закрыто 10 из 10 ваг.
    ПРИЧИНА: дуги есть (90 шт.), но все совместимые узлы предложения исчерпаны — вагоны ушли на другие заявки (конкуренция за предложение).
  [d_idx  219] Земетчино (КБШ) | тип=Прочие | ЕТСНГ=542072 | период=3 | отправка=Повагонная | не закрыто 10 из 10 ваг.
    ПРИЧИНА: дуги есть (73 шт.), но все совместимые узлы предложения исчерпаны — вагоны ушли на другие заявки (конкуренция за предложение).
  [d_idx  221] Змиевка (МСК) | тип=Прочие | ЕТСНГ=011005 | период=3 | отправка=Повагонная | не закрыто 4 из 4 ваг.
    ПРИЧИНА: дуги есть (90 шт.), но все совместимые узлы предложения исчерпаны — вагоны ушли на другие заявки (конкуренция за предложение).
  [d_idx  222] Острогожск (ЮВС) | тип=БКТ | ЕТСНГ=011005 | период=3 | отправка=Повагонная | не закрыто 5 из 5 ваг.
    ПРИЧИНА: дуги есть (19 шт.), но все совместимые узлы предложения исчерпаны — вагоны ушли на другие заявки (конкуренция за предложение).
  [d_idx  224] Кораблино (МСК) | тип=Прочие | ЕТСНГ=011005 | период=3 | отправка=Повагонная | не закрыто 8 из 8 ваг.
    ПРИЧИНА: дуги есть (90 шт.), но все совместимые узлы предложения исчерпаны — вагоны ушли на другие заявки (конкуренция за предложение).
  [d_idx  225] Кораблино (МСК) | тип=Прочие | ЕТСНГ=014003 | период=3 | отправка=Повагонная | не закрыто 7 из 7 ваг.
    ПРИЧИНА: дуги есть (90 шт.), но все совместимые узлы предложения исчерпаны — вагоны ушли на другие заявки (конкуренция за предложение).
  [d_idx  226] Измалково (МСК) | тип=Прочие | ЕТСНГ=011005 | период=3 | отправка=Групповая | не закрыто 19 из 19 ваг.
    ПРИЧИНА: дуги есть (90 шт.), но все совместимые узлы предложения исчерпаны — вагоны ушли на другие заявки (конкуренция за предложение).
  [d_idx  227] Ключики (КБШ) | тип=Прочие | ЕТСНГ=011005 | период=3 | отправка=Повагонная | не закрыто 1 из 1 ваг.
    ПРИЧИНА: дуги есть (73 шт.), но все совместимые узлы предложения исчерпаны — вагоны ушли на другие заявки (конкуренция за предложение).
  [d_idx  228] Обшаровка (КБШ) | тип=Прочие | ЕТСНГ=011005 | период=3 | отправка=Повагонная | не закрыто 10 из 10 ваг.
    ПРИЧИНА: дуги есть (73 шт.), но все совместимые узлы предложения исчерпаны — вагоны ушли на другие заявки (конкуренция за предложение).
  [d_idx  229] Новоспасское (КБШ) | тип=Прочие | ЕТСНГ=011005 | период=3 | отправка=Повагонная | не закрыто 3 из 3 ваг.
    ПРИЧИНА: дуги есть (73 шт.), но все совместимые узлы предложения исчерпаны — вагоны ушли на другие заявки (конкуренция за предложение).
  [d_idx  230] Новоспасское (КБШ) | тип=Прочие | ЕТСНГ=011005 | период=3 | отправка=Повагонная | не закрыто 8 из 8 ваг.
    ПРИЧИНА: дуги есть (73 шт.), но все совместимые узлы предложения исчерпаны — вагоны ушли на другие заявки (конкуренция за предложение).
  [d_idx  231] Раевка (КБШ) | тип=Прочие | ЕТСНГ=011005 | период=3 | отправка=Повагонная | не закрыто 7 из 7 ваг.
    ПРИЧИНА: дуги есть (73 шт.), но все совместимые узлы предложения исчерпаны — вагоны ушли на другие заявки (конкуренция за предложение).
  [d_idx  233] Становая (ЮВС) | тип=Прочие | ЕТСНГ=011005 | период=3 | отправка=Повагонная | не закрыто 23 из 23 ваг.
    ПРИЧИНА: дуги есть (80 шт.), но все совместимые узлы предложения исчерпаны — вагоны ушли на другие заявки (конкуренция за предложение).
  [d_idx  234] Ефремов (МСК) | тип=Прочие | ЕТСНГ=014003 | период=3 | отправка=Повагонная | не закрыто 9 из 9 ваг.
    ПРИЧИНА: дуги есть (90 шт.), но все совместимые узлы предложения исчерпаны — вагоны ушли на другие заявки (конкуренция за предложение).
  [d_idx  235] Ефремов (МСК) | тип=Прочие | ЕТСНГ=011005 | период=3 | отправка=Повагонная | не закрыто 4 из 4 ваг.
    ПРИЧИНА: дуги есть (90 шт.), но все совместимые узлы предложения исчерпаны — вагоны ушли на другие заявки (конкуренция за предложение).
  [d_idx  236] Карбышево 1 (ЗСБ) | тип=Прочие | ЕТСНГ=011005 | период=3 | отправка=Повагонная | не закрыто 14 из 14 ваг.
    ПРИЧИНА: дуги есть (100 шт.), но все совместимые узлы предложения исчерпаны — вагоны ушли на другие заявки (конкуренция за предложение).
  [d_idx  238] Кротовка (КБШ) | тип=Прочие | ЕТСНГ=011005 | период=3 | отправка=Повагонная | не закрыто 10 из 10 ваг.
    ПРИЧИНА: дуги есть (76 шт.), но все совместимые узлы предложения исчерпаны — вагоны ушли на другие заявки (конкуренция за предложение).
  [d_idx  239] Малорефтинская (СВР) | тип=Прочие | ЕТСНГ=235020 | период=3 | отправка=Повагонная | не закрыто 2 из 2 ваг.
    ПРИЧИНА: дуги есть (61 шт.), но все совместимые узлы предложения исчерпаны — вагоны ушли на другие заявки (конкуренция за предложение).
  [d_idx  240] Пачелма (КБШ) | тип=Прочие | ЕТСНГ=011005 | период=3 | отправка=Повагонная | не закрыто 11 из 11 ваг.
    ПРИЧИНА: дуги есть (73 шт.), но все совместимые узлы предложения исчерпаны — вагоны ушли на другие заявки (конкуренция за предложение).
  [d_idx  241] Товарково (МСК) | тип=Прочие | ЕТСНГ=014003 | период=3 | отправка=Повагонная | не закрыто 4 из 4 ваг.
    ПРИЧИНА: дуги есть (90 шт.), но все совместимые узлы предложения исчерпаны — вагоны ушли на другие заявки (конкуренция за предложение).
  [d_idx  242] Маслянская (СВР) | тип=Прочие | ЕТСНГ=011005 | период=3 | отправка=Повагонная | не закрыто 5 из 5 ваг.
    ПРИЧИНА: дуги есть (77 шт.), но все совместимые узлы предложения исчерпаны — вагоны ушли на другие заявки (конкуренция за предложение).
  [d_idx  243] Карламан (КБШ) | тип=Прочие | ЕТСНГ=011005 | период=3 | отправка=Повагонная | не закрыто 7 из 7 ваг.
    ПРИЧИНА: дуги есть (73 шт.), но все совместимые узлы предложения исчерпаны — вагоны ушли на другие заявки (конкуренция за предложение).
  [d_idx  244] Карламан (КБШ) | тип=Прочие | ЕТСНГ=011005 | период=3 | отправка=Повагонная | не закрыто 10 из 10 ваг.
    ПРИЧИНА: дуги есть (73 шт.), но все совместимые узлы предложения исчерпаны — вагоны ушли на другие заявки (конкуренция за предложение).
  [d_idx  246] Чердаклы (КБШ) | тип=Прочие | ЕТСНГ=011005 | период=3 | отправка=Повагонная | не закрыто 1 из 1 ваг.
    ПРИЧИНА: дуги есть (73 шт.), но все совместимые узлы предложения исчерпаны — вагоны ушли на другие заявки (конкуренция за предложение).
  [d_idx  247] Заречная (СКВ) | тип=Прочие | ЕТСНГ=011005 | период=3 | отправка=Повагонная | не закрыто 10 из 10 ваг.
    ПРИЧИНА: дуги есть (72 шт.), но все совместимые узлы предложения исчерпаны — вагоны ушли на другие заявки (конкуренция за предложение).
  [d_idx  248] Заречная (СКВ) | тип=Прочие | ЕТСНГ=011005 | период=3 | отправка=Повагонная | не закрыто 18 из 18 ваг.
    ПРИЧИНА: дуги есть (72 шт.), но все совместимые узлы предложения исчерпаны — вагоны ушли на другие заявки (конкуренция за предложение).
  [d_idx  250] Заречная (СКВ) | тип=Прочие | ЕТСНГ=011005 | период=3 | отправка=Групповая | не закрыто 42 из 50 ваг.
    ПРИЧИНА: дуги есть (72 шт.), но все совместимые узлы предложения исчерпаны — вагоны ушли на другие заявки (конкуренция за предложение).
  [d_idx  251] Ольха (ЮВС) | тип=Прочие | ЕТСНГ=542072 | период=3 | отправка=Повагонная | не закрыто 13 из 13 ваг.
    ПРИЧИНА: дуги есть (72 шт.), но все совместимые узлы предложения исчерпаны — вагоны ушли на другие заявки (конкуренция за предложение).
  [d_idx  252] Верда (КБШ) | тип=Прочие | ЕТСНГ=011005 | период=3 | отправка=Повагонная | не закрыто 12 из 12 ваг.
    ПРИЧИНА: дуги есть (72 шт.), но все совместимые узлы предложения исчерпаны — вагоны ушли на другие заявки (конкуренция за предложение).
  [d_idx  253] Новохоперск (ЮВС) | тип=Прочие | ЕТСНГ=011005 | период=3 | отправка=Повагонная | не закрыто 8 из 8 ваг.
    ПРИЧИНА: дуги есть (68 шт.), но все совместимые узлы предложения исчерпаны — вагоны ушли на другие заявки (конкуренция за предложение).
  [d_idx  254] Свобода (МСК) | тип=Прочие | ЕТСНГ=542072 | период=3 | отправка=Повагонная | не закрыто 1 из 1 ваг.
    ПРИЧИНА: дуги есть (90 шт.), но все совместимые узлы предложения исчерпаны — вагоны ушли на другие заявки (конкуренция за предложение).
  [d_idx  256] Алексиково (ПРВ) | тип=Прочие | ЕТСНГ=011005 | период=3 | отправка=Групповая | не закрыто 11 из 11 ваг.
    ПРИЧИНА: дуги есть (76 шт.), но все совместимые узлы предложения исчерпаны — вагоны ушли на другие заявки (конкуренция за предложение).
  [d_idx  257] Алексиково (ПРВ) | тип=Прочие | ЕТСНГ=011005 | период=3 | отправка=Повагонная | не закрыто 3 из 3 ваг.
    ПРИЧИНА: дуги есть (76 шт.), но все совместимые узлы предложения исчерпаны — вагоны ушли на другие заявки (конкуренция за предложение).
  [d_idx  258] Славгород (ЗСБ) | тип=Прочие | ЕТСНГ=014003 | период=3 | отправка=Повагонная | не закрыто 5 из 5 ваг.
    ПРИЧИНА: дуги есть (97 шт.), но все совместимые узлы предложения исчерпаны — вагоны ушли на другие заявки (конкуренция за предложение).
  [d_idx  259] Кирсанов (ЮВС) | тип=Прочие | ЕТСНГ=011005 | период=3 | отправка=Повагонная | не закрыто 10 из 10 ваг.
    ПРИЧИНА: дуги есть (73 шт.), но все совместимые узлы предложения исчерпаны — вагоны ушли на другие заявки (конкуренция за предложение).
  [d_idx  260] Охотничья (КБШ) | тип=Прочие | ЕТСНГ=011005 | период=3 | отправка=Повагонная | не закрыто 10 из 10 ваг.
    ПРИЧИНА: дуги есть (73 шт.), но все совместимые узлы предложения исчерпаны — вагоны ушли на другие заявки (конкуренция за предложение).
  [d_idx  261] Охотничья (КБШ) | тип=Прочие | ЕТСНГ=011005 | период=3 | отправка=Повагонная | не закрыто 11 из 11 ваг.
    ПРИЧИНА: дуги есть (73 шт.), но все совместимые узлы предложения исчерпаны — вагоны ушли на другие заявки (конкуренция за предложение).
  [d_idx  262] Избердей (ЮВС) | тип=Прочие | ЕТСНГ=011005 | период=3 | отправка=Маршрутная | не закрыто 100 из 100 ваг.
    ПРИЧИНА: дуги есть (72 шт.), но все совместимые узлы предложения исчерпаны — вагоны ушли на другие заявки (конкуренция за предложение).
  [d_idx  263] Кантемировка (ЮВС) | тип=Прочие | ЕТСНГ=011005 | период=3 | отправка=Повагонная | не закрыто 12 из 12 ваг.
    ПРИЧИНА: дуги есть (72 шт.), но все совместимые узлы предложения исчерпаны — вагоны ушли на другие заявки (конкуренция за предложение).
  [d_idx  264] Плавск (МСК) | тип=Прочие | ЕТСНГ=011005 | период=3 | отправка=Повагонная | не закрыто 10 из 10 ваг.
    ПРИЧИНА: дуги есть (90 шт.), но все совместимые узлы предложения исчерпаны — вагоны ушли на другие заявки (конкуренция за предложение).
  [d_idx  265] Башмаково (КБШ) | тип=Прочие | ЕТСНГ=014003 | период=3 | отправка=Повагонная | не закрыто 7 из 7 ваг.
    ПРИЧИНА: дуги есть (73 шт.), но все совместимые узлы предложения исчерпаны — вагоны ушли на другие заявки (конкуренция за предложение).
  [d_idx  266] Любовка (ЗСБ) | тип=Прочие | ЕТСНГ=011005 | период=3 | отправка=Повагонная | не закрыто 5 из 5 ваг.
    ПРИЧИНА: дуги есть (100 шт.), но все совместимые узлы предложения исчерпаны — вагоны ушли на другие заявки (конкуренция за предложение).
  [d_idx  267] Мальчевская (СКВ) | тип=Прочие | ЕТСНГ=011005 | период=3 | отправка=Повагонная | не закрыто 10 из 10 ваг.
    ПРИЧИНА: дуги есть (68 шт.), но все совместимые узлы предложения исчерпаны — вагоны ушли на другие заявки (конкуренция за предложение).
  [d_idx  268] Бугуруслан (КБШ) | тип=Прочие | ЕТСНГ=011005 | период=3 | отправка=Повагонная | не закрыто 15 из 15 ваг.
    ПРИЧИНА: дуги есть (73 шт.), но все совместимые узлы предложения исчерпаны — вагоны ушли на другие заявки (конкуренция за предложение).
  [d_idx  269] Хохольская (ЮВС) | тип=БКТ | ЕТСНГ=011005 | период=3 | отправка=Повагонная | не закрыто 10 из 10 ваг.
    ПРИЧИНА: дуги есть (20 шт.), но все совместимые узлы предложения исчерпаны — вагоны ушли на другие заявки (конкуренция за предложение).
  [d_idx  272] Целина (СКВ) | тип=Прочие | ЕТСНГ=011005 | период=4 | отправка=Повагонная | не закрыто 17 из 17 ваг.
    ПРИЧИНА: дуги есть (40 шт.), но все совместимые узлы предложения исчерпаны — вагоны ушли на другие заявки (конкуренция за предложение).
  [d_idx  274] Саханская (МСК) | тип=Прочие | ЕТСНГ=011005 | период=4 | отправка=Повагонная | не закрыто 20 из 20 ваг.
    ПРИЧИНА: дуги есть (90 шт.), но все совместимые узлы предложения исчерпаны — вагоны ушли на другие заявки (конкуренция за предложение).
  [d_idx  275] Гнилоаксайская (ПРВ) | тип=Прочие | ЕТСНГ=011005 | период=4 | отправка=Повагонная | не закрыто 8 из 8 ваг.
    ПРИЧИНА: дуги есть (67 шт.), но все совместимые узлы предложения исчерпаны — вагоны ушли на другие заявки (конкуренция за предложение).
  [d_idx  276] Балаково (ПРВ) | тип=Прочие | ЕТСНГ=542239 | период=4 | отправка=Повагонная | не закрыто 10 из 10 ваг.
    ПРИЧИНА: дуги есть (78 шт.), но все совместимые узлы предложения исчерпаны — вагоны ушли на другие заявки (конкуренция за предложение).
  [d_idx  277] Балаково (ПРВ) | тип=Прочие | ЕТСНГ=542239 | период=4 | отправка=Повагонная | не закрыто 10 из 10 ваг.
    ПРИЧИНА: дуги есть (78 шт.), но все совместимые узлы предложения исчерпаны — вагоны ушли на другие заявки (конкуренция за предложение).
  [d_idx  278] Кущевка (СКВ) | тип=Прочие | ЕТСНГ=011005 | период=4 | отправка=Грузовой экспресс | не закрыто 15 из 15 ваг.
    ПРИЧИНА: дуги есть (72 шт.), но все совместимые узлы предложения исчерпаны — вагоны ушли на другие заявки (конкуренция за предложение).
  [d_idx  279] Полоцк (БЕЛ) | тип=Прочие | ЕТСНГ=542239 | период=4 | отправка=Повагонная | не закрыто 5 из 5 ваг.
    ПРИЧИНА: дуги есть (9 шт.), но все совместимые узлы предложения исчерпаны — вагоны ушли на другие заявки (конкуренция за предложение).
  [d_idx  280] Орел (МСК) | тип=Прочие | ЕТСНГ=011005 | период=4 | отправка=Повагонная | не закрыто 28 из 28 ваг.
    ПРИЧИНА: дуги есть (90 шт.), но все совместимые узлы предложения исчерпаны — вагоны ушли на другие заявки (конкуренция за предложение).
  [d_idx  281] Жердевка (ЮВС) | тип=Прочие | ЕТСНГ=014003 | период=4 | отправка=Повагонная | не закрыто 50 из 50 ваг.
    ПРИЧИНА: дуги есть (72 шт.), но все совместимые узлы предложения исчерпаны — вагоны ушли на другие заявки (конкуренция за предложение).
  [d_idx  282] Кшень (МСК) | тип=Прочие | ЕТСНГ=542072 | период=4 | отправка=Повагонная | не закрыто 20 из 20 ваг.
    ПРИЧИНА: дуги есть (90 шт.), но все совместимые узлы предложения исчерпаны — вагоны ушли на другие заявки (конкуренция за предложение).
  [d_idx  283] Улусарка (ЮВС) | тип=БКТ | ЕТСНГ=011005 | период=4 | отправка=Маршрутная | не закрыто 51 из 51 ваг.
    ПРИЧИНА: дуги есть (21 шт.), но все совместимые узлы предложения исчерпаны — вагоны ушли на другие заявки (конкуренция за предложение).
  [d_idx  284] Улусарка (ЮВС) | тип=Прочие | ЕТСНГ=011005 | период=4 | отправка=Маршрутная | не закрыто 4 из 4 ваг.
    ПРИЧИНА: дуги есть (78 шт.), но все совместимые узлы предложения исчерпаны — вагоны ушли на другие заявки (конкуренция за предложение).
  [d_idx  285] Улусарка (ЮВС) | тип=Прочие | ЕТСНГ=015006 | период=4 | отправка=Повагонная | не закрыто 9 из 9 ваг.
    ПРИЧИНА: дуги есть (78 шт.), но все совместимые узлы предложения исчерпаны — вагоны ушли на другие заявки (конкуренция за предложение).
  [d_idx  286] Шильда (ЮУР) | тип=Прочие | ЕТСНГ=011005 | период=4 | отправка=Повагонная | не закрыто 16 из 16 ваг.
    ПРИЧИНА: дуги есть (79 шт.), но все совместимые узлы предложения исчерпаны — вагоны ушли на другие заявки (конкуренция за предложение).
  [d_idx  287] Шильда (ЮУР) | тип=Прочие | ЕТСНГ=014003 | период=4 | отправка=Повагонная | не закрыто 41 из 41 ваг.
    ПРИЧИНА: дуги есть (79 шт.), но все совместимые узлы предложения исчерпаны — вагоны ушли на другие заявки (конкуренция за предложение).
  [d_idx  288] Елань-Камышинская (ЮВС) | тип=Прочие | ЕТСНГ=011005 | период=4 | отправка=Повагонная | не закрыто 50 из 50 ваг.
    ПРИЧИНА: дуги есть (72 шт.), но все совместимые узлы предложения исчерпаны — вагоны ушли на другие заявки (конкуренция за предложение).
  [d_idx  289] Бударино (ПРВ) | тип=Прочие | ЕТСНГ=011005 | период=4 | отправка=Повагонная | не закрыто 14 из 14 ваг.
    ПРИЧИНА: дуги есть (76 шт.), но все совместимые узлы предложения исчерпаны — вагоны ушли на другие заявки (конкуренция за предложение).
  [d_idx  290] Бударино (ПРВ) | тип=Прочие | ЕТСНГ=011005 | период=4 | отправка=Повагонная | не закрыто 3 из 3 ваг.
    ПРИЧИНА: дуги есть (76 шт.), но все совместимые узлы предложения исчерпаны — вагоны ушли на другие заявки (конкуренция за предложение).
  [d_idx  291] Армавир-Туапсинский (СКВ) | тип=Прочие | ЕТСНГ=021083 | период=4 | отправка=Повагонная | не закрыто 3 из 3 ваг.
    ПРИЧИНА: дуги есть (70 шт.), но все совместимые узлы предложения исчерпаны — вагоны ушли на другие заявки (конкуренция за предложение).
  [d_idx  292] Рузаевка (КБШ) | тип=Прочие | ЕТСНГ=014003 | период=4 | отправка=Повагонная | не закрыто 1 из 1 ваг.
    ПРИЧИНА: дуги есть (70 шт.), но все совместимые узлы предложения исчерпаны — вагоны ушли на другие заявки (конкуренция за предложение).
  [d_idx  293] Янаул (ГОР) | тип=Прочие | ЕТСНГ=011005 | период=4 | отправка=Повагонная | не закрыто 9 из 9 ваг.
    ПРИЧИНА: дуги есть (72 шт.), но все совместимые узлы предложения исчерпаны — вагоны ушли на другие заявки (конкуренция за предложение).
  [d_idx  294] Дмитриев-Льговский (МСК) | тип=Прочие | ЕТСНГ=011005 | период=4 | отправка=Повагонная | не закрыто 18 из 18 ваг.
    ПРИЧИНА: дуги есть (87 шт.), но все совместимые узлы предложения исчерпаны — вагоны ушли на другие заявки (конкуренция за предложение).
  [d_idx  295] Теренсай (ЮУР) | тип=Прочие | ЕТСНГ=014003 | период=4 | отправка=Повагонная | не закрыто 10 из 10 ваг.
    ПРИЧИНА: дуги есть (79 шт.), но все совместимые узлы предложения исчерпаны — вагоны ушли на другие заявки (конкуренция за предложение).
  [d_idx  296] Теренсай (ЮУР) | тип=Прочие | ЕТСНГ=011005 | период=4 | отправка=Повагонная | не закрыто 9 из 9 ваг.
    ПРИЧИНА: дуги есть (79 шт.), но все совместимые узлы предложения исчерпаны — вагоны ушли на другие заявки (конкуренция за предложение).
  [d_idx  297] Теренсай (ЮУР) | тип=Прочие | ЕТСНГ=014003 | период=4 | отправка=Повагонная | не закрыто 7 из 7 ваг.
    ПРИЧИНА: дуги есть (79 шт.), но все совместимые узлы предложения исчерпаны — вагоны ушли на другие заявки (конкуренция за предложение).
  [d_idx  298] Теренсай (ЮУР) | тип=Прочие | ЕТСНГ=011005 | период=4 | отправка=Повагонная | не закрыто 2 из 2 ваг.
    ПРИЧИНА: дуги есть (79 шт.), но все совместимые узлы предложения исчерпаны — вагоны ушли на другие заявки (конкуренция за предложение).
  [d_idx  299] Орск (ЮУР) | тип=Прочие | ЕТСНГ=011005 | период=4 | отправка=Повагонная | не закрыто 19 из 19 ваг.
    ПРИЧИНА: дуги есть (79 шт.), но все совместимые узлы предложения исчерпаны — вагоны ушли на другие заявки (конкуренция за предложение).
  [d_idx  300] Вернадовка (КБШ) | тип=Прочие | ЕТСНГ=011005 | период=4 | отправка=Повагонная | не закрыто 15 из 15 ваг.
    ПРИЧИНА: дуги есть (73 шт.), но все совместимые узлы предложения исчерпаны — вагоны ушли на другие заявки (конкуренция за предложение).
  [d_idx  301] Ртищево 1 (ЮВС) | тип=Прочие | ЕТСНГ=011005 | период=4 | отправка=Повагонная | не закрыто 12 из 12 ваг.
    ПРИЧИНА: дуги есть (70 шт.), но все совместимые узлы предложения исчерпаны — вагоны ушли на другие заявки (конкуренция за предложение).
  [d_idx  302] Асекеево (КБШ) | тип=Прочие | ЕТСНГ=011005 | период=4 | отправка=Повагонная | не закрыто 20 из 20 ваг.
    ПРИЧИНА: дуги есть (73 шт.), но все совместимые узлы предложения исчерпаны — вагоны ушли на другие заявки (конкуренция за предложение).
  [d_idx  303] Димитровград (КБШ) | тип=Прочие | ЕТСНГ=011005 | период=4 | отправка=Повагонная | не закрыто 20 из 20 ваг.
    ПРИЧИНА: дуги есть (73 шт.), но все совместимые узлы предложения исчерпаны — вагоны ушли на другие заявки (конкуренция за предложение).
  [d_idx  304] Урюпино (ПРВ) | тип=Прочие | ЕТСНГ=542239 | период=4 | отправка=Повагонная | не закрыто 10 из 10 ваг.
    ПРИЧИНА: дуги есть (78 шт.), но все совместимые узлы предложения исчерпаны — вагоны ушли на другие заявки (конкуренция за предложение).
  [d_idx  305] Урюпино (ПРВ) | тип=Прочие | ЕТСНГ=542239 | период=4 | отправка=Повагонная | не закрыто 10 из 10 ваг.
    ПРИЧИНА: дуги есть (78 шт.), но все совместимые узлы предложения исчерпаны — вагоны ушли на другие заявки (конкуренция за предложение).
  [d_idx  306] Москаленки (ЗСБ) | тип=Прочие | ЕТСНГ=011005 | период=4 | отправка=Повагонная | не закрыто 8 из 8 ваг.
    ПРИЧИНА: дуги есть (100 шт.), но все совместимые узлы предложения исчерпаны — вагоны ушли на другие заявки (конкуренция за предложение).
  [d_idx  307] Москаленки (ЗСБ) | тип=Прочие | ЕТСНГ=011005 | период=4 | отправка=Повагонная | не закрыто 10 из 10 ваг.
    ПРИЧИНА: дуги есть (100 шт.), но все совместимые узлы предложения исчерпаны — вагоны ушли на другие заявки (конкуренция за предложение).
  [d_idx  308] Белинская (КБШ) | тип=Прочие | ЕТСНГ=011005 | период=4 | отправка=Повагонная | не закрыто 36 из 36 ваг.
    ПРИЧИНА: дуги есть (73 шт.), но все совместимые узлы предложения исчерпаны — вагоны ушли на другие заявки (конкуренция за предложение).
  [d_idx  309] Верховье (МСК) | тип=Прочие | ЕТСНГ=011005 | период=4 | отправка=Повагонная | не закрыто 56 из 56 ваг.
    ПРИЧИНА: дуги есть (90 шт.), но все совместимые узлы предложения исчерпаны — вагоны ушли на другие заявки (конкуренция за предложение).
  [d_idx  310] Верховье (МСК) | тип=Прочие | ЕТСНГ=011005 | период=4 | отправка=Повагонная | не закрыто 24 из 24 ваг.
    ПРИЧИНА: дуги есть (90 шт.), но все совместимые узлы предложения исчерпаны — вагоны ушли на другие заявки (конкуренция за предложение).
  [d_idx  311] Перелешино (ЮВС) | тип=Прочие | ЕТСНГ=542072 | период=4 | отправка=Повагонная | не закрыто 20 из 20 ваг.
    ПРИЧИНА: дуги есть (72 шт.), но все совместимые узлы предложения исчерпаны — вагоны ушли на другие заявки (конкуренция за предложение).
  [d_idx  312] Выселки (СКВ) | тип=Прочие | ЕТСНГ=542296 | период=4 | отправка=Повагонная | не закрыто 15 из 15 ваг.
    ПРИЧИНА: дуги есть (50 шт.), но все совместимые узлы предложения исчерпаны — вагоны ушли на другие заявки (конкуренция за предложение).
  [d_idx  313] Безенчук (КБШ) | тип=Прочие | ЕТСНГ=011005 | период=4 | отправка=Повагонная | не закрыто 22 из 22 ваг.
    ПРИЧИНА: дуги есть (74 шт.), но все совместимые узлы предложения исчерпаны — вагоны ушли на другие заявки (конкуренция за предложение).
  [d_idx  314] Безенчук (КБШ) | тип=Прочие | ЕТСНГ=011005 | период=4 | отправка=Повагонная | не закрыто 16 из 16 ваг.
    ПРИЧИНА: дуги есть (74 шт.), но все совместимые узлы предложения исчерпаны — вагоны ушли на другие заявки (конкуренция за предложение).
  [d_idx  315] Приютово (КБШ) | тип=БКТ | ЕТСНГ=011005 | период=4 | отправка=Повагонная | не закрыто 8 из 8 ваг.
    ПРИЧИНА: дуги есть (19 шт.), но все совместимые узлы предложения исчерпаны — вагоны ушли на другие заявки (конкуренция за предложение).
  [d_idx  316] Приютово (КБШ) | тип=Прочие | ЕТСНГ=011005 | период=4 | отправка=Повагонная | не закрыто 5 из 5 ваг.
    ПРИЧИНА: дуги есть (73 шт.), но все совместимые узлы предложения исчерпаны — вагоны ушли на другие заявки (конкуренция за предложение).
  [d_idx  317] Приютово (КБШ) | тип=Прочие | ЕТСНГ=011005 | период=4 | отправка=Повагонная | не закрыто 13 из 13 ваг.
    ПРИЧИНА: дуги есть (73 шт.), но все совместимые узлы предложения исчерпаны — вагоны ушли на другие заявки (конкуренция за предложение).
  [d_idx  318] Ольховатка (ЮВС) | тип=Прочие | ЕТСНГ=542072 | период=4 | отправка=Повагонная | не закрыто 13 из 13 ваг.
    ПРИЧИНА: дуги есть (68 шт.), но все совместимые узлы предложения исчерпаны — вагоны ушли на другие заявки (конкуренция за предложение).
  [d_idx  319] Сорочинская (ЮУР) | тип=Прочие | ЕТСНГ=542239 | период=4 | отправка=Повагонная | не закрыто 10 из 10 ваг.
    ПРИЧИНА: дуги есть (81 шт.), но все совместимые узлы предложения исчерпаны — вагоны ушли на другие заявки (конкуренция за предложение).
  [d_idx  321] Кубанская (СКВ) | тип=Прочие | ЕТСНГ=011005 | период=4 | отправка=Повагонная | не закрыто 7 из 7 ваг.
    ПРИЧИНА: дуги есть (72 шт.), но все совместимые узлы предложения исчерпаны — вагоны ушли на другие заявки (конкуренция за предложение).
  [d_idx  322] Кубанская (СКВ) | тип=Прочие | ЕТСНГ=011005 | период=4 | отправка=Повагонная | не закрыто 8 из 8 ваг.
    ПРИЧИНА: дуги есть (72 шт.), но все совместимые узлы предложения исчерпаны — вагоны ушли на другие заявки (конкуренция за предложение).
  [d_idx  323] Кубанская (СКВ) | тип=Прочие | ЕТСНГ=015006 | период=4 | отправка=Повагонная | не закрыто 7 из 10 ваг.
    ПРИЧИНА: дуги есть (72 шт.), но все совместимые узлы предложения исчерпаны — вагоны ушли на другие заявки (конкуренция за предложение).
  [d_idx  324] Добринка (ЮВС) | тип=Прочие | ЕТСНГ=011005 | период=4 | отправка=Повагонная | не закрыто 40 из 40 ваг.
    ПРИЧИНА: дуги есть (72 шт.), но все совместимые узлы предложения исчерпаны — вагоны ушли на другие заявки (конкуренция за предложение).
  [d_idx  327] Аксуат (КЗХ) | тип=Прочие | ЕТСНГ=018131 | период=4 | отправка=Повагонная | не закрыто 20 из 20 ваг.
    ПРИЧИНА: дуги есть (39 шт.), но все совместимые узлы предложения исчерпаны — вагоны ушли на другие заявки (конкуренция за предложение).
  [d_idx  329] Заглядино (КБШ) | тип=Прочие | ЕТСНГ=011005 | период=4 | отправка=Повагонная | не закрыто 28 из 28 ваг.
    ПРИЧИНА: дуги есть (73 шт.), но все совместимые узлы предложения исчерпаны — вагоны ушли на другие заявки (конкуренция за предложение).
  [d_idx  330] Ейск (СКВ) | тип=Прочие | ЕТСНГ=505028 | период=4 | отправка=Повагонная | не закрыто 16 из 16 ваг.
    ПРИЧИНА: дуги есть (47 шт.), но все совместимые узлы предложения исчерпаны — вагоны ушли на другие заявки (конкуренция за предложение).
  [d_idx  331] Раненбург (ЮВС) | тип=Прочие | ЕТСНГ=014003 | период=4 | отправка=Повагонная | не закрыто 9 из 9 ваг.
    ПРИЧИНА: дуги есть (72 шт.), но все совместимые узлы предложения исчерпаны — вагоны ушли на другие заявки (конкуренция за предложение).
  [d_idx  332] Раненбург (ЮВС) | тип=Прочие | ЕТСНГ=014003 | период=4 | отправка=Повагонная | не закрыто 4 из 4 ваг.
    ПРИЧИНА: дуги есть (72 шт.), но все совместимые узлы предложения исчерпаны — вагоны ушли на другие заявки (конкуренция за предложение).
  [d_idx  333] Плавица (ЮВС) | тип=Прочие | ЕТСНГ=011005 | период=4 | отправка=Повагонная | не закрыто 44 из 44 ваг.
    ПРИЧИНА: дуги есть (72 шт.), но все совместимые узлы предложения исчерпаны — вагоны ушли на другие заявки (конкуренция за предложение).
  [d_idx  334] Гирей (СКВ) | тип=Прочие | ЕТСНГ=011005 | период=4 | отправка=Грузовой экспресс | не закрыто 10 из 10 ваг.
    ПРИЧИНА: дуги есть (72 шт.), но все совместимые узлы предложения исчерпаны — вагоны ушли на другие заявки (конкуренция за предложение).
  [d_idx  335] Тамала (ЮВС) | тип=БКТ | ЕТСНГ=011005 | период=4 | отправка=Повагонная | не закрыто 18 из 18 ваг.
    ПРИЧИНА: дуги есть (19 шт.), но все совместимые узлы предложения исчерпаны — вагоны ушли на другие заявки (конкуренция за предложение).
  [d_idx  336] Новосергиевская (ЮУР) | тип=Прочие | ЕТСНГ=011005 | период=4 | отправка=Повагонная | не закрыто 18 из 18 ваг.
    ПРИЧИНА: дуги есть (79 шт.), но все совместимые узлы предложения исчерпаны — вагоны ушли на другие заявки (конкуренция за предложение).
  [d_idx  337] Новосергиевская (ЮУР) | тип=Прочие | ЕТСНГ=011005 | период=4 | отправка=Повагонная | не закрыто 7 из 7 ваг.
    ПРИЧИНА: дуги есть (79 шт.), но все совместимые узлы предложения исчерпаны — вагоны ушли на другие заявки (конкуренция за предложение).
  [d_idx  338] Новосергиевская (ЮУР) | тип=Прочие | ЕТСНГ=011005 | период=4 | отправка=Повагонная | не закрыто 9 из 9 ваг.
    ПРИЧИНА: дуги есть (79 шт.), но все совместимые узлы предложения исчерпаны — вагоны ушли на другие заявки (конкуренция за предложение).
  [d_idx  339] Новосергиевская (ЮУР) | тип=Прочие | ЕТСНГ=011005 | период=4 | отправка=Повагонная | не закрыто 7 из 7 ваг.
    ПРИЧИНА: дуги есть (79 шт.), но все совместимые узлы предложения исчерпаны — вагоны ушли на другие заявки (конкуренция за предложение).
  [d_idx  340] Аткарск (ПРВ) | тип=Прочие | ЕТСНГ=542239 | период=4 | отправка=Повагонная | не закрыто 3 из 3 ваг.
    ПРИЧИНА: дуги есть (79 шт.), но все совместимые узлы предложения исчерпаны — вагоны ушли на другие заявки (конкуренция за предложение).
  [d_idx  341] Новоперелюбская (ПРВ) | тип=Прочие | ЕТСНГ=011005 | период=4 | отправка=Повагонная | не закрыто 12 из 12 ваг.
    ПРИЧИНА: дуги есть (73 шт.), но все совместимые узлы предложения исчерпаны — вагоны ушли на другие заявки (конкуренция за предложение).
  [d_idx  342] Калачинская (ЗСБ) | тип=Прочие | ЕТСНГ=011005 | период=4 | отправка=Повагонная | не закрыто 3 из 3 ваг.
    ПРИЧИНА: дуги есть (100 шт.), но все совместимые узлы предложения исчерпаны — вагоны ушли на другие заявки (конкуренция за предложение).
  [d_idx  343] Эртиль (ЮВС) | тип=Прочие | ЕТСНГ=542072 | период=4 | отправка=Повагонная | не закрыто 10 из 10 ваг.
    ПРИЧИНА: дуги есть (68 шт.), но все совместимые узлы предложения исчерпаны — вагоны ушли на другие заявки (конкуренция за предложение).
  [d_idx  344] Медведица (ПРВ) | тип=Прочие | ЕТСНГ=011005 | период=4 | отправка=Повагонная | не закрыто 14 из 14 ваг.
    ПРИЧИНА: дуги есть (74 шт.), но все совместимые узлы предложения исчерпаны — вагоны ушли на другие заявки (конкуренция за предложение).
  [d_idx  345] Воробьевка (ЮВС) | тип=Прочие | ЕТСНГ=011005 | период=4 | отправка=Повагонная | не закрыто 3 из 3 ваг.
    ПРИЧИНА: дуги есть (72 шт.), но все совместимые узлы предложения исчерпаны — вагоны ушли на другие заявки (конкуренция за предложение).
  [d_idx  346] Кормиловка (ЗСБ) | тип=Прочие | ЕТСНГ=011005 | период=4 | отправка=Повагонная | не закрыто 7 из 7 ваг.
    ПРИЧИНА: дуги есть (100 шт.), но все совместимые узлы предложения исчерпаны — вагоны ушли на другие заявки (конкуренция за предложение).
  [d_idx  347] Аркадак (ЮВС) | тип=Прочие | ЕТСНГ=011005 | период=4 | отправка=Повагонная | не закрыто 25 из 25 ваг.
    ПРИЧИНА: дуги есть (73 шт.), но все совместимые узлы предложения исчерпаны — вагоны ушли на другие заявки (конкуренция за предложение).
  [d_idx  348] Шемордан (ГОР) | тип=Прочие | ЕТСНГ=014003 | период=4 | отправка=Повагонная | не закрыто 14 из 14 ваг.
    ПРИЧИНА: дуги есть (72 шт.), но все совместимые узлы предложения исчерпаны — вагоны ушли на другие заявки (конкуренция за предложение).
  [d_idx  349] Красногвардеец (ЮУР) | тип=Прочие | ЕТСНГ=011005 | период=4 | отправка=Повагонная | не закрыто 20 из 20 ваг.
    ПРИЧИНА: дуги есть (79 шт.), но все совместимые узлы предложения исчерпаны — вагоны ушли на другие заявки (конкуренция за предложение).
  [d_idx  350] Кривецкая (ЮВС) | тип=Прочие | ЕТСНГ=542072 | период=4 | отправка=Повагонная | не закрыто 20 из 20 ваг.
    ПРИЧИНА: дуги есть (76 шт.), но все совместимые узлы предложения исчерпаны — вагоны ушли на другие заявки (конкуренция за предложение).
  [d_idx  352] Золотухино (МСК) | тип=Прочие | ЕТСНГ=011005 | период=4 | отправка=Повагонная | не закрыто 33 из 33 ваг.
    ПРИЧИНА: дуги есть (90 шт.), но все совместимые узлы предложения исчерпаны — вагоны ушли на другие заявки (конкуренция за предложение).
  [d_idx  353] Золотухино (МСК) | тип=Прочие | ЕТСНГ=011005 | период=4 | отправка=Повагонная | не закрыто 9 из 9 ваг.
    ПРИЧИНА: дуги есть (90 шт.), но все совместимые узлы предложения исчерпаны — вагоны ушли на другие заявки (конкуренция за предложение).
  [d_idx  354] Смирново (КЗХ) | тип=Прочие | ЕТСНГ=018131 | период=4 | отправка=Повагонная | не закрыто 6 из 7 ваг.
    ПРИЧИНА: дуги есть (39 шт.), но все совместимые узлы предложения исчерпаны — вагоны ушли на другие заявки (конкуренция за предложение).
  [d_idx  355] Земетчино (КБШ) | тип=Прочие | ЕТСНГ=542072 | период=4 | отправка=Повагонная | не закрыто 20 из 20 ваг.
    ПРИЧИНА: дуги есть (73 шт.), но все совместимые узлы предложения исчерпаны — вагоны ушли на другие заявки (конкуренция за предложение).
  [d_idx  357] Есиль (КЗХ) | тип=Прочие | ЕТСНГ=018131 | период=4 | отправка=Повагонная | не закрыто 6 из 7 ваг.
    ПРИЧИНА: дуги есть (39 шт.), но все совместимые узлы предложения исчерпаны — вагоны ушли на другие заявки (конкуренция за предложение).
  [d_idx  358] Макушино (ЮУР) | тип=Прочие | ЕТСНГ=011005 | период=4 | отправка=Повагонная | не закрыто 7 из 7 ваг.
    ПРИЧИНА: дуги есть (83 шт.), но все совместимые узлы предложения исчерпаны — вагоны ушли на другие заявки (конкуренция за предложение).
  [d_idx  359] Макушино (ЮУР) | тип=Прочие | ЕТСНГ=011005 | период=4 | отправка=Повагонная | не закрыто 8 из 8 ваг.
    ПРИЧИНА: дуги есть (83 шт.), но все совместимые узлы предложения исчерпаны — вагоны ушли на другие заявки (конкуренция за предложение).
  [d_idx  360] Змиевка (МСК) | тип=БКТ | ЕТСНГ=011005 | период=4 | отправка=Повагонная | не закрыто 11 из 11 ваг.
    ПРИЧИНА: дуги есть (26 шт.), но все совместимые узлы предложения исчерпаны — вагоны ушли на другие заявки (конкуренция за предложение).
  [d_idx  361] Змиевка (МСК) | тип=Прочие | ЕТСНГ=011005 | период=4 | отправка=Повагонная | не закрыто 6 из 6 ваг.
    ПРИЧИНА: дуги есть (90 шт.), но все совместимые узлы предложения исчерпаны — вагоны ушли на другие заявки (конкуренция за предложение).
  [d_idx  362] Змиевка (МСК) | тип=Прочие | ЕТСНГ=011005 | период=4 | отправка=Повагонная | не закрыто 8 из 8 ваг.
    ПРИЧИНА: дуги есть (90 шт.), но все совместимые узлы предложения исчерпаны — вагоны ушли на другие заявки (конкуренция за предложение).
  [d_idx  363] Острогожск (ЮВС) | тип=БКТ | ЕТСНГ=011005 | период=4 | отправка=Повагонная | не закрыто 25 из 25 ваг.
    ПРИЧИНА: дуги есть (19 шт.), но все совместимые узлы предложения исчерпаны — вагоны ушли на другие заявки (конкуренция за предложение).
  [d_idx  364] Тополек (ПРВ) | тип=Прочие | ЕТСНГ=011005 | период=4 | отправка=Повагонная | не закрыто 25 из 25 ваг.
    ПРИЧИНА: дуги есть (68 шт.), но все совместимые узлы предложения исчерпаны — вагоны ушли на другие заявки (конкуренция за предложение).
  [d_idx  365] Краснозерское (ЗСБ) | тип=Прочие | ЕТСНГ=011005 | период=4 | отправка=Повагонная | не закрыто 53 из 53 ваг.
    ПРИЧИНА: дуги есть (100 шт.), но все совместимые узлы предложения исчерпаны — вагоны ушли на другие заявки (конкуренция за предложение).
  [d_idx  366] Краснозерское (ЗСБ) | тип=Прочие | ЕТСНГ=011005 | период=4 | отправка=Повагонная | не закрыто 15 из 15 ваг.
    ПРИЧИНА: дуги есть (100 шт.), но все совместимые узлы предложения исчерпаны — вагоны ушли на другие заявки (конкуренция за предложение).
  [d_idx  367] Кораблино (МСК) | тип=Прочие | ЕТСНГ=011005 | период=4 | отправка=Повагонная | не закрыто 12 из 12 ваг.
    ПРИЧИНА: дуги есть (90 шт.), но все совместимые узлы предложения исчерпаны — вагоны ушли на другие заявки (конкуренция за предложение).
  [d_idx  368] Измалково (МСК) | тип=БКТ | ЕТСНГ=011005 | период=4 | отправка=Групповая | не закрыто 41 из 41 ваг.
    ПРИЧИНА: дуги есть (26 шт.), но все совместимые узлы предложения исчерпаны — вагоны ушли на другие заявки (конкуренция за предложение).
  [d_idx  369] Ключики (КБШ) | тип=Прочие | ЕТСНГ=011005 | период=4 | отправка=Повагонная | не закрыто 15 из 15 ваг.
    ПРИЧИНА: дуги есть (73 шт.), но все совместимые узлы предложения исчерпаны — вагоны ушли на другие заявки (конкуренция за предложение).
  [d_idx  370] Обшаровка (КБШ) | тип=БКТ | ЕТСНГ=011005 | период=4 | отправка=Повагонная | не закрыто 12 из 12 ваг.
    ПРИЧИНА: дуги есть (19 шт.), но все совместимые узлы предложения исчерпаны — вагоны ушли на другие заявки (конкуренция за предложение).
  [d_idx  371] Обшаровка (КБШ) | тип=Прочие | ЕТСНГ=011005 | период=4 | отправка=Повагонная | не закрыто 20 из 20 ваг.
    ПРИЧИНА: дуги есть (73 шт.), но все совместимые узлы предложения исчерпаны — вагоны ушли на другие заявки (конкуренция за предложение).
  [d_idx  372] Обшаровка (КБШ) | тип=Прочие | ЕТСНГ=011005 | период=4 | отправка=Повагонная | не закрыто 6 из 6 ваг.
    ПРИЧИНА: дуги есть (73 шт.), но все совместимые узлы предложения исчерпаны — вагоны ушли на другие заявки (конкуренция за предложение).
  [d_idx  373] Обшаровка (КБШ) | тип=Прочие | ЕТСНГ=011005 | период=4 | отправка=Повагонная | не закрыто 26 из 26 ваг.
    ПРИЧИНА: дуги есть (73 шт.), но все совместимые узлы предложения исчерпаны — вагоны ушли на другие заявки (конкуренция за предложение).
  [d_idx  374] Новоспасское (КБШ) | тип=Прочие | ЕТСНГ=011005 | период=4 | отправка=Повагонная | не закрыто 40 из 40 ваг.
    ПРИЧИНА: дуги есть (73 шт.), но все совместимые узлы предложения исчерпаны — вагоны ушли на другие заявки (конкуренция за предложение).
  [d_idx  375] Новоспасское (КБШ) | тип=Прочие | ЕТСНГ=011005 | период=4 | отправка=Повагонная | не закрыто 18 из 18 ваг.
    ПРИЧИНА: дуги есть (73 шт.), но все совместимые узлы предложения исчерпаны — вагоны ушли на другие заявки (конкуренция за предложение).
  [d_idx  376] Алейская (ЗСБ) | тип=Прочие | ЕТСНГ=011005 | период=4 | отправка=Повагонная | не закрыто 7 из 7 ваг.
    ПРИЧИНА: дуги есть (96 шт.), но все совместимые узлы предложения исчерпаны — вагоны ушли на другие заявки (конкуренция за предложение).
  [d_idx  377] Раевка (КБШ) | тип=Прочие | ЕТСНГ=011005 | период=4 | отправка=Повагонная | не закрыто 14 из 14 ваг.
    ПРИЧИНА: дуги есть (73 шт.), но все совместимые узлы предложения исчерпаны — вагоны ушли на другие заявки (конкуренция за предложение).
  [d_idx  379] Становая (ЮВС) | тип=Прочие | ЕТСНГ=011005 | период=4 | отправка=Повагонная | не закрыто 66 из 66 ваг.
    ПРИЧИНА: дуги есть (80 шт.), но все совместимые узлы предложения исчерпаны — вагоны ушли на другие заявки (конкуренция за предложение).
  [d_idx  381] Ефремов (МСК) | тип=Прочие | ЕТСНГ=014003 | период=4 | отправка=Повагонная | не закрыто 18 из 18 ваг.
    ПРИЧИНА: дуги есть (90 шт.), но все совместимые узлы предложения исчерпаны — вагоны ушли на другие заявки (конкуренция за предложение).
  [d_idx  382] Карбышево 1 (ЗСБ) | тип=Прочие | ЕТСНГ=011005 | период=4 | отправка=Повагонная | не закрыто 7 из 7 ваг.
    ПРИЧИНА: дуги есть (100 шт.), но все совместимые узлы предложения исчерпаны — вагоны ушли на другие заявки (конкуренция за предложение).
  [d_idx  383] Карбышево 1 (ЗСБ) | тип=Прочие | ЕТСНГ=011005 | период=4 | отправка=Повагонная | не закрыто 10 из 10 ваг.
    ПРИЧИНА: дуги есть (100 шт.), но все совместимые узлы предложения исчерпаны — вагоны ушли на другие заявки (конкуренция за предложение).
  [d_idx  384] Придача (ЮВС) | тип=Прочие | ЕТСНГ=011005 | период=4 | отправка=Маршрутная | не закрыто 42 из 42 ваг.
    ПРИЧИНА: дуги есть (75 шт.), но все совместимые узлы предложения исчерпаны — вагоны ушли на другие заявки (конкуренция за предложение).
  [d_idx  387] Кротовка (КБШ) | тип=Прочие | ЕТСНГ=011005 | период=4 | отправка=Повагонная | не закрыто 18 из 18 ваг.
    ПРИЧИНА: дуги есть (76 шт.), но все совместимые узлы предложения исчерпаны — вагоны ушли на другие заявки (конкуренция за предложение).
  [d_idx  388] Пресногорьковская (КЗХ) | тип=Прочие | ЕТСНГ=018131 | период=4 | отправка=Повагонная | не закрыто 2 из 2 ваг.
    ПРИЧИНА: дуги есть (39 шт.), но все совместимые узлы предложения исчерпаны — вагоны ушли на другие заявки (конкуренция за предложение).
  [d_idx  389] Пачелма (КБШ) | тип=Прочие | ЕТСНГ=011005 | период=4 | отправка=Повагонная | не закрыто 31 из 31 ваг.
    ПРИЧИНА: дуги есть (73 шт.), но все совместимые узлы предложения исчерпаны — вагоны ушли на другие заявки (конкуренция за предложение).
  [d_idx  390] Товарково (МСК) | тип=Прочие | ЕТСНГ=014003 | период=4 | отправка=Повагонная | не закрыто 2 из 2 ваг.
    ПРИЧИНА: дуги есть (90 шт.), но все совместимые узлы предложения исчерпаны — вагоны ушли на другие заявки (конкуренция за предложение).
  [d_idx  391] Жана-Есиль (КЗХ) | тип=Прочие | ЕТСНГ=018131 | период=4 | отправка=Повагонная | не закрыто 19 из 19 ваг.
    ПРИЧИНА: дуги есть (39 шт.), но все совместимые узлы предложения исчерпаны — вагоны ушли на другие заявки (конкуренция за предложение).
  [d_idx  392] Жана-Есиль (КЗХ) | тип=Прочие | ЕТСНГ=021083 | период=4 | отправка=Повагонная | не закрыто 2 из 2 ваг.
    ПРИЧИНА: дуги есть (39 шт.), но все совместимые узлы предложения исчерпаны — вагоны ушли на другие заявки (конкуренция за предложение).
  [d_idx  393] Тюльган (КБШ) | тип=Прочие | ЕТСНГ=011005 | период=4 | отправка=Повагонная | не закрыто 28 из 28 ваг.
    ПРИЧИНА: дуги есть (74 шт.), но все совместимые узлы предложения исчерпаны — вагоны ушли на другие заявки (конкуренция за предложение).
  [d_idx  394] Тихорецкая (ГОР) | тип=Прочие | ЕТСНГ=018112 | период=4 | отправка=Повагонная | не закрыто 4 из 4 ваг.
    ПРИЧИНА: дуги есть (72 шт.), но все совместимые узлы предложения исчерпаны — вагоны ушли на другие заявки (конкуренция за предложение).
  [d_idx  395] Карламан (КБШ) | тип=Прочие | ЕТСНГ=011005 | период=4 | отправка=Повагонная | не закрыто 7 из 7 ваг.
    ПРИЧИНА: дуги есть (73 шт.), но все совместимые узлы предложения исчерпаны — вагоны ушли на другие заявки (конкуренция за предложение).
  [d_idx  396] Карламан (КБШ) | тип=Прочие | ЕТСНГ=011005 | период=4 | отправка=Повагонная | не закрыто 45 из 45 ваг.
    ПРИЧИНА: дуги есть (73 шт.), но все совместимые узлы предложения исчерпаны — вагоны ушли на другие заявки (конкуренция за предложение).
  [d_idx  397] Зензеватка (ПРВ) | тип=Прочие | ЕТСНГ=011005 | период=4 | отправка=Повагонная | не закрыто 5 из 5 ваг.
    ПРИЧИНА: дуги есть (76 шт.), но все совместимые узлы предложения исчерпаны — вагоны ушли на другие заявки (конкуренция за предложение).
  [d_idx  398] Оренбург (ЮУР) | тип=Прочие | ЕТСНГ=011005 | период=4 | отправка=Повагонная | не закрыто 15 из 28 ваг.
    ПРИЧИНА: дуги есть (79 шт.), но все совместимые узлы предложения исчерпаны — вагоны ушли на другие заявки (конкуренция за предложение).
  [d_idx  400] Заречная (СКВ) | тип=Прочие | ЕТСНГ=011005 | период=4 | отправка=Повагонная | не закрыто 50 из 50 ваг.
    ПРИЧИНА: дуги есть (72 шт.), но все совместимые узлы предложения исчерпаны — вагоны ушли на другие заявки (конкуренция за предложение).
  [d_idx  401] Заречная (СКВ) | тип=Прочие | ЕТСНГ=011005 | период=4 | отправка=Повагонная | не закрыто 143 из 143 ваг.
    ПРИЧИНА: дуги есть (72 шт.), но все совместимые узлы предложения исчерпаны — вагоны ушли на другие заявки (конкуренция за предложение).
  [d_idx  402] Заречная (СКВ) | тип=Прочие | ЕТСНГ=011005 | период=4 | отправка=Повагонная | не закрыто 40 из 40 ваг.
    ПРИЧИНА: дуги есть (72 шт.), но все совместимые узлы предложения исчерпаны — вагоны ушли на другие заявки (конкуренция за предложение).
  [d_idx  403] Ольха (ЮВС) | тип=Прочие | ЕТСНГ=542072 | период=4 | отправка=Повагонная | не закрыто 50 из 50 ваг.
    ПРИЧИНА: дуги есть (72 шт.), но все совместимые узлы предложения исчерпаны — вагоны ушли на другие заявки (конкуренция за предложение).
  [d_idx  404] Верда (КБШ) | тип=Прочие | ЕТСНГ=011005 | период=4 | отправка=Повагонная | не закрыто 24 из 24 ваг.
    ПРИЧИНА: дуги есть (72 шт.), но все совместимые узлы предложения исчерпаны — вагоны ушли на другие заявки (конкуренция за предложение).
  [d_idx  405] Отрешково (МСК) | тип=Прочие | ЕТСНГ=011005 | период=4 | отправка=Маршрутная | не закрыто 112 из 112 ваг.
    ПРИЧИНА: дуги есть (90 шт.), но все совместимые узлы предложения исчерпаны — вагоны ушли на другие заявки (конкуренция за предложение).
  [d_idx  406] Сампур (ЮВС) | тип=Прочие | ЕТСНГ=011005 | период=4 | отправка=Повагонная | не закрыто 10 из 10 ваг.
    ПРИЧИНА: дуги есть (72 шт.), но все совместимые узлы предложения исчерпаны — вагоны ушли на другие заявки (конкуренция за предложение).
  [d_idx  407] Новохоперск (ЮВС) | тип=Прочие | ЕТСНГ=011005 | период=4 | отправка=Повагонная | не закрыто 16 из 16 ваг.
    ПРИЧИНА: дуги есть (68 шт.), но все совместимые узлы предложения исчерпаны — вагоны ушли на другие заявки (конкуренция за предложение).
  [d_idx  408] Свобода (МСК) | тип=Прочие | ЕТСНГ=542072 | период=4 | отправка=Повагонная | не закрыто 25 из 25 ваг.
    ПРИЧИНА: дуги есть (90 шт.), но все совместимые узлы предложения исчерпаны — вагоны ушли на другие заявки (конкуренция за предложение).
  [d_idx  409] Платоновка (ЮВС) | тип=Прочие | ЕТСНГ=011005 | период=4 | отправка=Повагонная | не закрыто 8 из 8 ваг.
    ПРИЧИНА: дуги есть (72 шт.), но все совместимые узлы предложения исчерпаны — вагоны ушли на другие заявки (конкуренция за предложение).
  [d_idx  410] Новоблаговещенка (ЗСБ) | тип=Прочие | ЕТСНГ=011005 | период=4 | отправка=Повагонная | не закрыто 5 из 5 ваг.
    ПРИЧИНА: дуги есть (87 шт.), но все совместимые узлы предложения исчерпаны — вагоны ушли на другие заявки (конкуренция за предложение).
  [d_idx  411] Алексиково (ПРВ) | тип=Прочие | ЕТСНГ=011005 | период=4 | отправка=Групповая | не закрыто 94 из 94 ваг.
    ПРИЧИНА: дуги есть (76 шт.), но все совместимые узлы предложения исчерпаны — вагоны ушли на другие заявки (конкуренция за предложение).
  [d_idx  412] Алексиково (ПРВ) | тип=Прочие | ЕТСНГ=011005 | период=4 | отправка=Повагонная | не закрыто 20 из 20 ваг.
    ПРИЧИНА: дуги есть (76 шт.), но все совместимые узлы предложения исчерпаны — вагоны ушли на другие заявки (конкуренция за предложение).
  [d_idx  413] Удобрительная (МСК) | тип=Прочие | ЕТСНГ=011005 | период=4 | отправка=Повагонная | не закрыто 49 из 49 ваг.
    ПРИЧИНА: дуги есть (90 шт.), но все совместимые узлы предложения исчерпаны — вагоны ушли на другие заявки (конкуренция за предложение).
  [d_idx  414] Елец (ЮВС) | тип=Прочие | ЕТСНГ=542224 | период=4 | отправка=Повагонная | не закрыто 3 из 3 ваг.
    ПРИЧИНА: дуги есть (78 шт.), но все совместимые узлы предложения исчерпаны — вагоны ушли на другие заявки (конкуренция за предложение).
  [d_idx  415] Елец (ЮВС) | тип=Прочие | ЕТСНГ=011005 | период=4 | отправка=Повагонная | не закрыто 16 из 16 ваг.
    ПРИЧИНА: дуги есть (78 шт.), но все совместимые узлы предложения исчерпаны — вагоны ушли на другие заявки (конкуренция за предложение).
  [d_idx  416] Елец (ЮВС) | тип=Прочие | ЕТСНГ=542224 | период=4 | отправка=Повагонная | не закрыто 6 из 6 ваг.
    ПРИЧИНА: дуги есть (78 шт.), но все совместимые узлы предложения исчерпаны — вагоны ушли на другие заявки (конкуренция за предложение).
  [d_idx  417] Жутово (ПРВ) | тип=Прочие | ЕТСНГ=011005 | период=4 | отправка=Маршрутная | не закрыто 67 из 67 ваг.
    ПРИЧИНА: дуги есть (76 шт.), но все совместимые узлы предложения исчерпаны — вагоны ушли на другие заявки (конкуренция за предложение).
  [d_idx  418] Славгород (ЗСБ) | тип=Прочие | ЕТСНГ=011005 | период=4 | отправка=Повагонная | не закрыто 3 из 3 ваг.
    ПРИЧИНА: дуги есть (97 шт.), но все совместимые узлы предложения исчерпаны — вагоны ушли на другие заявки (конкуренция за предложение).
  [d_idx  419] Сасово (МСК) | тип=Прочие | ЕТСНГ=011005 | период=4 | отправка=Повагонная | не закрыто 2 из 2 ваг.
    ПРИЧИНА: дуги есть (77 шт.), но все совместимые узлы предложения исчерпаны — вагоны ушли на другие заявки (конкуренция за предложение).
  [d_idx  420] Курган (ЮУР) | тип=Прочие | ЕТСНГ=011005 | период=4 | отправка=Повагонная | не закрыто 20 из 20 ваг.
    ПРИЧИНА: дуги есть (83 шт.), но все совместимые узлы предложения исчерпаны — вагоны ушли на другие заявки (конкуренция за предложение).
  [d_idx  421] Чернышков (ПРВ) | тип=Прочие | ЕТСНГ=011005 | период=4 | отправка=Повагонная | не закрыто 83 из 83 ваг.
    ПРИЧИНА: дуги есть (76 шт.), но все совместимые узлы предложения исчерпаны — вагоны ушли на другие заявки (конкуренция за предложение).
  [d_idx  422] Тоцкая (ЮУР) | тип=Прочие | ЕТСНГ=011005 | период=4 | отправка=Повагонная | не закрыто 19 из 19 ваг.
    ПРИЧИНА: дуги есть (79 шт.), но все совместимые узлы предложения исчерпаны — вагоны ушли на другие заявки (конкуренция за предложение).
  [d_idx  423] Тоцкая (ЮУР) | тип=Прочие | ЕТСНГ=014003 | период=4 | отправка=Повагонная | не закрыто 8 из 8 ваг.
    ПРИЧИНА: дуги есть (79 шт.), но все совместимые узлы предложения исчерпаны — вагоны ушли на другие заявки (конкуренция за предложение).
  [d_idx  424] Сабурово (ЮВС) | тип=Прочие | ЕТСНГ=505028 | период=4 | отправка=Повагонная | не закрыто 31 из 31 ваг.
    ПРИЧИНА: дуги есть (68 шт.), но все совместимые узлы предложения исчерпаны — вагоны ушли на другие заявки (конкуренция за предложение).
  [d_idx  425] Охотничья (КБШ) | тип=Прочие | ЕТСНГ=011005 | период=4 | отправка=Повагонная | не закрыто 10 из 10 ваг.
    ПРИЧИНА: дуги есть (73 шт.), но все совместимые узлы предложения исчерпаны — вагоны ушли на другие заявки (конкуренция за предложение).
  [d_idx  426] Охотничья (КБШ) | тип=Прочие | ЕТСНГ=011005 | период=4 | отправка=Повагонная | не закрыто 17 из 17 ваг.
    ПРИЧИНА: дуги есть (73 шт.), но все совместимые узлы предложения исчерпаны — вагоны ушли на другие заявки (конкуренция за предложение).
  [d_idx  427] Охотничья (КБШ) | тип=Прочие | ЕТСНГ=021100 | период=4 | отправка=Повагонная | не закрыто 3 из 3 ваг.
    ПРИЧИНА: дуги есть (73 шт.), но все совместимые узлы предложения исчерпаны — вагоны ушли на другие заявки (конкуренция за предложение).
  [d_idx  428] Избердей (ЮВС) | тип=Прочие | ЕТСНГ=011005 | период=4 | отправка=Маршрутная | не закрыто 51 из 51 ваг.
    ПРИЧИНА: дуги есть (72 шт.), но все совместимые узлы предложения исчерпаны — вагоны ушли на другие заявки (конкуренция за предложение).
  [d_idx  429] Избердей (ЮВС) | тип=Прочие | ЕТСНГ=011005 | период=4 | отправка=Маршрутная | не закрыто 250 из 250 ваг.
    ПРИЧИНА: дуги есть (72 шт.), но все совместимые узлы предложения исчерпаны — вагоны ушли на другие заявки (конкуренция за предложение).
  [d_idx  430] Саумалколь (КЗХ) | тип=Прочие | ЕТСНГ=021083 | период=4 | отправка=Повагонная | не закрыто 23 из 43 ваг.
    ПРИЧИНА: дуги есть (36 шт.), но все совместимые узлы предложения исчерпаны — вагоны ушли на другие заявки (конкуренция за предложение).
  [d_idx  431] Аллагуват (КБШ) | тип=Прочие | ЕТСНГ=011005 | период=4 | отправка=Повагонная | не закрыто 5 из 5 ваг.
    ПРИЧИНА: дуги есть (73 шт.), но все совместимые узлы предложения исчерпаны — вагоны ушли на другие заявки (конкуренция за предложение).
  [d_idx  432] Аллагуват (КБШ) | тип=Прочие | ЕТСНГ=014003 | период=4 | отправка=Повагонная | не закрыто 8 из 8 ваг.
    ПРИЧИНА: дуги есть (73 шт.), но все совместимые узлы предложения исчерпаны — вагоны ушли на другие заявки (конкуренция за предложение).
  [d_idx  433] Золотая Степь (ПРВ) | тип=Прочие | ЕТСНГ=011005 | период=4 | отправка=Повагонная | не закрыто 5 из 5 ваг.
    ПРИЧИНА: дуги есть (76 шт.), но все совместимые узлы предложения исчерпаны — вагоны ушли на другие заявки (конкуренция за предложение).
  [d_idx  434] Пикетное (ЗСБ) | тип=Прочие | ЕТСНГ=011005 | период=4 | отправка=Повагонная | не закрыто 5 из 5 ваг.
    ПРИЧИНА: дуги есть (92 шт.), но все совместимые узлы предложения исчерпаны — вагоны ушли на другие заявки (конкуренция за предложение).
  [d_idx  435] Плавск (МСК) | тип=Прочие | ЕТСНГ=011005 | период=4 | отправка=Повагонная | не закрыто 13 из 20 ваг.
    ПРИЧИНА: дуги есть (90 шт.), но все совместимые узлы предложения исчерпаны — вагоны ушли на другие заявки (конкуренция за предложение).
  [d_idx  439] Шамхал (СКВ) | тип=Прочие | ЕТСНГ=011005 | период=4 | отправка=Повагонная | не закрыто 2 из 10 ваг.
    ПРИЧИНА: дуги есть (70 шт.), но все совместимые узлы предложения исчерпаны — вагоны ушли на другие заявки (конкуренция за предложение).
  [d_idx  440] Башмаково (КБШ) | тип=Прочие | ЕТСНГ=014003 | период=4 | отправка=Повагонная | не закрыто 18 из 18 ваг.
    ПРИЧИНА: дуги есть (73 шт.), но все совместимые узлы предложения исчерпаны — вагоны ушли на другие заявки (конкуренция за предложение).
  [d_idx  441] Любовка (ЗСБ) | тип=Прочие | ЕТСНГ=011005 | период=4 | отправка=Повагонная | не закрыто 15 из 15 ваг.
    ПРИЧИНА: дуги есть (100 шт.), но все совместимые узлы предложения исчерпаны — вагоны ушли на другие заявки (конкуренция за предложение).
  [d_idx  442] Петровск-Саратовский (ПРВ) | тип=Прочие | ЕТСНГ=011005 | период=4 | отправка=Повагонная | не закрыто 5 из 5 ваг.
    ПРИЧИНА: дуги есть (76 шт.), но все совместимые узлы предложения исчерпаны — вагоны ушли на другие заявки (конкуренция за предложение).
  [d_idx  443] Мальчевская (СКВ) | тип=Прочие | ЕТСНГ=011005 | период=4 | отправка=Повагонная | не закрыто 30 из 30 ваг.
    ПРИЧИНА: дуги есть (68 шт.), но все совместимые узлы предложения исчерпаны — вагоны ушли на другие заявки (конкуренция за предложение).
  [d_idx  444] Алтайская (ЗСБ) | тип=Прочие | ЕТСНГ=011005 | период=4 | отправка=Групповая | не закрыто 1 из 5 ваг.
    ПРИЧИНА: дуги есть (96 шт.), но все совместимые узлы предложения исчерпаны — вагоны ушли на другие заявки (конкуренция за предложение).
  [d_idx  445] Бугуруслан (КБШ) | тип=Прочие | ЕТСНГ=011005 | период=4 | отправка=Повагонная | не закрыто 13 из 13 ваг.
    ПРИЧИНА: дуги есть (73 шт.), но все совместимые узлы предложения исчерпаны — вагоны ушли на другие заявки (конкуренция за предложение).
  [d_idx  446] Бугуруслан (КБШ) | тип=Прочие | ЕТСНГ=011005 | период=4 | отправка=Повагонная | не закрыто 10 из 10 ваг.
    ПРИЧИНА: дуги есть (73 шт.), но все совместимые узлы предложения исчерпаны — вагоны ушли на другие заявки (конкуренция за предложение).
  [d_idx  447] Хохольская (ЮВС) | тип=БКТ | ЕТСНГ=011005 | период=4 | отправка=Повагонная | не закрыто 7 из 7 ваг.
    ПРИЧИНА: дуги есть (20 шт.), но все совместимые узлы предложения исчерпаны — вагоны ушли на другие заявки (конкуренция за предложение).

  СВОДКА ПО ПРИЧИНАМ:
    источники предложения исчерпаны        узлов: 387, вагонов: 6083

  ЗАКРЫВАЕМОСТЬ (по реальному связывающему ограничению):
    структурно недостижимо (нет дуг):             0 ваг.  — нужны новые тарифы / смягчение жёстких фильтров
    упёрто в квоту ДМЗИ (инфраструктура):          0 ваг.  — поможет только повышение квоты на дороге
    держит MIN_BATCH (квота ДМЗИ ещё есть):        0 ваг.  — поможет смягчение партии (middle 0 / масс. 0 / маршр. 0)
    прочее (конкуренция / экономика штрафа):    6083 ваг.
--------------------------------
--- УТИЛИЗАЦИЯ КВОТ ДМЗИ ---
  ВСБ  период  1:    0 из    5 ваг.
  ВСБ  период 10:    0 из    7 ваг.
  ГОР  период  1:    1 из  391 ваг.
  ГОР  период 10:    0 из  551 ваг.
  ЗАБ  период  1:   15 из   20 ваг.
  ЗАБ  период 10:    0 из   30 ваг.
  ЗСБ  период  1:  108 из 1080 ваг.
  ЗСБ  период 10:    0 из 1532 ваг.
  КБШ  период  1:    8 из  972 ваг.
  КБШ  период 10:    0 из 1380 ваг.
  КРС  период  1:    0 из   15 ваг.
  КРС  период 10:    0 из   21 ваг.
  МСК  период  1:  151 из  707 ваг.
  МСК  период 10:    0 из 1007 ваг.
  ОКТ  период  1:    0 из  306 ваг.
  ОКТ  период 10:    0 из  436 ваг.
  ПРВ  период  1:   59 из 1042 ваг.
  ПРВ  период 10:    0 из 1472 ваг.
  СВР  период  1:    0 из  556 ваг.
  СВР  период 10:    0 из  790 ваг.
  СЕВ  период  1:    2 из   15 ваг.
  СЕВ  период 10:    0 из   21 ваг.
  ЮВС  период  1:    0 из 1454 ваг.
  ЮВС  период 10:    0 из 2076 ваг.
  ЮУР  период  1:   30 из  745 ваг.
  ЮУР  период 10:    0 из 1045 ваг.
----------------------------
  тарифы: попытка 1/3 не удалась (HTTP-запрос завершился ошибкой: error sending request for url (https://isupv-api.rusagrotrans.ru:2555/isupv/IsupvApi/GetRailTariffRouteDataTransmission)) — повтор через 15 с (новое соединение)
  тарифы: успешно с попытки 2/3
Тарифов до отстоя:           208 (станций излишка 4, станций отстоя 52)
В отстой: 12 из 12 ваг. излишка → 4 станций отстоя, тариф 62925 руб.; не размещено 0 ваг. (нет тарифа / ёмкость исчерпана)
Баланс отчёта оптимизации:   OK (644 ваг. в записях = 644 ваг. предложения)
Записей в отчёте (Excel):    242 (193 оптим. + 36 по факту + 13 в ремонт) / 745 вагонов
  → в POST АПИ (период 1):   242 записей / 745 вагонов
Чекпоинт сохранён:           tmp/checkpoint_2026-09-10_13-48-36.xlsx

======= РЕЗУЛЬТАТЫ ОПТИМИЗАЦИИ =======
Статус решателя:      MIP Optimal (gap=0.000%)
Назначено вагонов:    632
Избыток предложения:  12 ваг. (dummy-спрос)
  остаток по периодам предложения: p1=12 p10=0 прочие=0
  из них в отстой (этап 2): 12 ваг.
Неудовл. спрос:       6083 ваг. (dummy-предложение)
Суммарная стоимость:  22295425 руб.
======================================

Результат сохранён:          tmp/result_20260910_134836.json
[SUCCESS] railoptim завершил работу успешно.
