[Пт 18 сен 2026 11:05:00 MSK] Запуск: /home/atretyakov/railoptim/app/bin/railoptim (env=prod, MIP_WARM_START=on, INCLUDE_PERIOD10=on)
stations_geo: 19494 записей, data/stations/stations_geo.sqlite (baltic=671, china_mongolia=339, cis=6263, ru=11848, south_caucasus=373)
Получено узлов спроса (погрузка): 365 или 5322 вагонов
Бизнес-правила (business_rules.json): потолок подсыла 6000 км; инотерриторий 21 (исключений 3); дефицитных дорог 6 (вывоз ≤ 300 км, надбавка 30000 руб.); проверка ГУ-12 вкл.; загруженность станций (правило 4) закрытие при Q ≥ 5×C, очередь ≤ 1×C без ожидания, штраф ожидания 5000 руб./сут.; конвенции РЖД (правило 5) вкл.; грязный под свой груз (правило 6): промывочный маршрут +10000+40000 руб., потолок ≤ 1.00 × промывочного маршрута, поощрение 0.50 × (тариф до промывки + промывка); ремонт (правило 7): 15 сут. / инотерритория 45 сут.; иномойка (правило 8): 21 дорог образования, капризных 1 (надбавка 30000 руб. при предложении > 1.20 × спроса); поправка периода 1 по расстоянию: 30.0 руб./км × (км − 1200), потолок ±35000 руб., в отчёт не идёт
Конвенции (правило 5, conv-redis): 127.0.0.1:6379/0 HASH `telegrams_db` — 67 записей в Redis, в сервис взято 8 действующих → data/conventions_from_redis.json
  в HASH не взяты (истёкшие/вне горизонта/без дат, в память не кладём): истекло 53, ещё не началось 0, без дат 0; битый JSON 0
  отброшено из действующих по дате: класс Others/ошибка 6, только КЗХ 0, нечем матчить 0
  действующих: 8 (Empty 2, All 5, Grain 1; из них промывка/ремонт/отстой 0)
    · №19412 All | назн.ЕСР 207603,207406,207302,206507,206704 | все получатели | 2026-09-01…2026-12-31 | все грузы
    · №19692 All | назн.ЕСР 434231,434301,434405,436203 | все получатели | 2026-09-01…2026-09-30 | все грузы
    · №20514 Grain | назн.ЕСР 521001,520901 | по ОКПО/имени | 2026-09-13…2026-10-12 | пшеница
    · №27638 Empty | назн.дороги УЗБ | все получатели | 2025-11-11…3000-01-01 | Порожние вагоны
    · №4810 All | назн.ЕСР 436701 | все получатели | 2026-03-05…3000-01-01 | все грузы
    · №4811 Empty | назн.ЕСР 434208,434104 | все получатели | 2026-03-05…3000-01-01 | Порожние вагоны
    · №7659 All | назн.ЕСР 436701 | все получатели | 2026-04-06…2026-09-30 | все грузы
    · №7660 All | назн.ЕСР 434208,434104 | все получатели | 2026-04-06…2026-09-30 | все грузы
  индекс: 8 правил; ЕСР погрузки 12, ЕСР назн.груза 14, dest-дороги 1, dep-дороги 0, dep-ЕСР 0, пары dep→dest 0; все получатели 7, с ОКПО/именем 1; без ключей 0
  ЕСР погрузки (Empty/All): 206507, 206704, 207302, 207406, 207603, 434104, 434208, 434231, 434301, 434405, 436203, 436701
  ЕСР назн.груза (Grain/All): 206507, 206704, 207302, 207406, 207603, 434104, 434208, 434231, 434301, 434405, 436203, 436701, 520901, 521001
  dest-дороги: УЗБ
Дороги-инотерритории для ГУ-12 (ForeignRailways): 21
GU12_STATS={"periods": ["0:4", "5:7", "8:9", "10:14"], "rows": 853, "stations": 273, "rows_without_okpo": 62, "cars_by_period": [8277, 4622, 2690, 4756]}
Спрос с учётом ГУ-12 (правило 3): 276 узлов или 3311 вагонов (было 365 / 5322)
  заявок ГУ-12 согласованных: 853 строк / 273 станций (на станциях без спроса: 412)
  по периодам 1..4, ваг.: было [1331, 1467, 773, 1751] → стало [975, 888, 362, 1086]
  сопоставлено узлов: по ОКПО 303, по имени грузоотправителя 0, пропорционально по станции 11
  урезано до ГУ-12: 68 узлов / −783 ваг.; без заявки ГУ-12 (исключены): 89 узлов / 1228 ваг.; инотерритория (без проверки): 32 узлов / 399 ваг.
Получено узлов предложения 1 сут.:  180 или 1533 вагонов
  [!] дислокация: 296 повторов номеров внутри выгрузки dislocations.py — оставлено первое вхождение
  [!] дислокация: 164 вагонов периода 10 уже есть в предложении АПИ (период 1) — из периода 10 исключены, оставлены в периоде 1: 95714598, 98996739, 95390233, 99468647, 99431371, 91101501, 95231940, 95886065, 95904389, 95985446, …
  узлов дислокации (2-10 сут., период 10): 437 или 3830 вагонов (в выгрузке 4290, дублей 296, пересечений с периодом 1 164)
Получено узлов предложения всего:  617 или 5363 вагонов
  свободных для назначения:  499 или 5035 вагонов
  требуют ремонта (В ремонт):82 или 264 вагонов
  по факту (Assigned):       36 или 64 вагонов
Дороги иномойки (правило 8, ForeignWashedRoads): 21
Коды «уже промыт/ремонт» (WashedEmptyEtsngCodes): 2
Ban-list чужих владельцев отстоя (reserve_owners.json): 4 пар (станция+ОКПО)
Узлов спроса (промывка):     36 или мощность в период 5 суток 2795 вагонов
  предложений с ЕТСНГ из списка промывки: 147 вагонов (освобождены по правилу 8 / иномойка: 169; из них есть узел погрузки с тем же ЕТСНГ на любой станции — альтернатива промывке по спросу: 143 вагонов)
Получено тарифов:            27345
Загружено ремонтных станций: 102
Тарифов до ремонтных ст.:    5304
Тарифов до промывки (с надбавкой 10000+40000=50000 руб.): 1326
Ограничения ДМЗИ:            14 дорог (98 записей Ostatok)
  ВСБ  период 1 ≤    5, период 10 ≤    7 ваг.
  ГОР  период 1 ≤  371, период 10 ≤  531 ваг.
  ЗАБ  период 1 ≤   25, период 10 ≤   35 ваг.
  ЗСБ  период 1 ≤  834, период 10 ≤ 1168 ваг.
  КБШ  период 1 ≤  930, период 10 ≤ 1338 ваг.
  КРС  период 1 ≤   10, период 10 ≤   14 ваг.
  МСК  период 1 ≤  749, период 10 ≤ 1049 ваг.
  ОКТ  период 1 ≤  323, период 10 ≤  453 ваг.
  ПРВ  период 1 ≤ 1006, период 10 ≤ 1436 ваг.
  СВР  период 1 ≤  574, период 10 ≤  808 ваг.
  СЕВ  период 1 ≤   75, период 10 ≤  105 ваг.
  СКВ  период 1 ≤  335, период 10 ≤  469 ваг.
  ЮВС  период 1 ≤ 1396, период 10 ≤ 2018 ваг.
  ЮУР  период 1 ≤  750, период 10 ≤ 1050 ваг.
БД отстоя обновлена:         получено 27 / записано 27 / без etran_id 0
Узлы отстоя (резервы):       83 узлов / ёмкость 2729 ваг. (записей в БД 224, дублей 0, отфильтровано 141, чужих по ban-list 461)
FREE_LOADROADS_STATS={"date_from": "2026-03-18", "date_to": "2026-09-18", "load_station_codes": 495, "cars_on_station_rows": 1901, "cars_total": 78663}
Свободные ёмкости путей:     104 крупных станций -> data/load_stations_free_capacity.json
Загруженность станций (правило 4): мощность известна у 710 станций справочника; станций спроса 125, проверено 103, без мощности 22
  закрыто станций: 5 (14 узлов / 174 ваг. спроса); с очередью (ожидание подсыла): 21; станций с несколькими грузоотправителями: 12; грузоотправителей с разным CarsOnStation по узлам: 23
    · закрыта Выселки (СКВ): на станции 46 ваг., мощность 6 ваг./сут. (7.7 сут. работы)
    · закрыта Ольха (ЮВС): на станции 46 ваг., мощность 7 ваг./сут. (6.6 сут. работы)
    · закрыта Озинки (ПРВ): на станции 60 ваг., мощность 10 ваг./сут. (6.0 сут. работы)
    · закрыта Руденск (БЕЛ): на станции 59 ваг., мощность 10 ваг./сут. (5.9 сут. работы)
    · закрыта Саханская (МСК): на станции 16 ваг., мощность 3 ваг./сут. (5.3 сут. работы)
    · очередь Кубанская (СКВ): на станции 62 ваг., мощность 20 ваг./сут. — подсыл не раньше 3-х суток
    · очередь Кореновск (СКВ): на станции 56 ваг., мощность 17 ваг./сут. — подсыл не раньше 3-х суток
    · очередь Красногвардеец (ЮУР): на станции 34 ваг., мощность 11 ваг./сут. — подсыл не раньше 3-х суток
    · очередь Плавск (МСК): на станции 19 ваг., мощность 6 ваг./сут. — подсыл не раньше 3-х суток
    · очередь Заречная (СКВ): на станции 123 ваг., мощность 60 ваг./сут. — подсыл не раньше 2-х суток
    · очередь Чернышков (ПРВ): на станции 43 ваг., мощность 20 ваг./сут. — подсыл не раньше 2-х суток
    · очередь Кантемировка (ЮВС): на станции 38 ваг., мощность 16 ваг./сут. — подсыл не раньше 2-х суток
    · очередь Янаул (ГОР): на станции 26 ваг., мощность 11 ваг./сут. — подсыл не раньше 2-х суток
    · очередь Улусарка (ЮВС): на станции 78 ваг., мощность 45 ваг./сут. — подсыл не раньше 1-х суток
    · очередь Зимовники (СКВ): на станции 39 ваг., мощность 33 ваг./сут. — подсыл не раньше 1-х суток
    · ...ещё 11 станций с очередью
Всего пар supply×demand:     155688
  без тарифа:                        16696 (10.7%)
  нарушение срока (жёстко):          0 (0.0%)
  несовм. тип вагона:                2804 (1.8%)
  грязный вагон → чужой ЕТСНГ (правило 6): 17246 (11.1%)
  грязный: погрузка дороже промывочного маршрута → в промывку (правило 6): 138 (0.1%)
  погрузка дальше потолка расстояния (6000 км): 9697 (6.2%)
  инотерритория (правило 1):           8903 (5.7%)
  вывоз с дефицитной дороги (правило 2): 23618 (15.2%)
  станция закрыта очередью (правило 4): 2852 (1.8%)
  конвенция РЖД (правило 5):           0 (0.0%)
  допустимых дуг с надбавкой по правилам: 8488 (5.5%)
    · из них иномойка → капризная дорога (правило 8, профицит): 6339 (4.1%)
  допустимых дуг с ожиданием в очереди станции (правило 4): 0 (0.0%)
  допустимых дуг «грязный → свой груз» с поощрением (правило 6): 171 (0.1%), в среднем 13855 руб./дугу
  поправка периода 1 по расстоянию: бонус на 4017 дугах (2.6%, в среднем −14938 руб.), надбавка на 16181 дугах (10.4%, в среднем +25865 руб.)
  допустимых дуг со штрафом за срок:   49997 (32.1%)
  допустимых дуг всего в LP:      73734 (47.4%)
Ограничения партии (MIN_BATCH): массовая выгрузка — 7897 дуг / 531 пар; средние станции — 31193 дуг / 2844 пар (станций образования: 58, погрузки: 73)
  маршрутные отправки (B=10): 2165 дуг / 194 пар (станций образования: 51, маршрутных станций погрузки: 4)
--- АНАЛИЗ РЕСУРСОВ ---
Предложение: 5035 ваг.
Спрос (погрузка): 3311 ваг.
Ёмкость промывки (верх): 2795 ваг.
Статус: ПРОФИЦИТ к погрузке (+1724 ваг.)
-----------------------
Правило 8: профицит порожних (предложение > 1.20 × спрос погрузки) — надбавка 30000 руб. на подсыл иномойки на капризные дороги (МСК)
Штраф за остаток предложения: 5000 руб./ваг. для всех узлов (профицит — грязные вагоны в отстой без промывки)
--- ЖАДНОЕ РЕШЕНИЕ ---
Назначений:            771 шт.
Назначено вагонов:     3225 / 3311 спрос (погрузка), 5035 предложение
Суммарная стоимость:   262014906.75 руб.
Неудовлетворён спрос:  181 ваг.
Избыток предложения:   1810 ваг.
Покрытие спроса (погр.): 97.4%
----------------------
MIP warm-start: ON (greedy) (управляется env MIP_WARM_START={on|off}, по умолч. on)
--- MIP РЕШЕНИЕ ---
Статус:                MIP Optimal (gap=0.008%)
Назначено вагонов:     3137 / 3311 спрос (погрузка), 5035 предложение
Суммарная стоимость:   207565726.57 руб.
Неудовлетворён спрос:  174 ваг.
Избыток предложения:   1898 ваг.
Покрытие спроса (погр.): 94.7%
-------------------
MIP время: 19.38 сек (warm-start: ON)
MIP диагностика: status=Optimal, gap=0.0081%, undist=2072 (unmet=174, excess=1898), real_cost=207565726.57
MIP vs greedy:   greedy undist=1991 (unmet=181, excess=1810), real_cost=262014906.75  →  Δundist=+81, Δcost=-54449180.18
  ВНИМАНИЕ: MIP не закрыл 174 ваг. спроса на погрузку (unmet > 0). Возможные причины:
           (а) PENALTY_UNMET ниже стоимости единственно допустимых плеч,
           (б) HiGHS остановился по rel_gap до закрытия всего спроса.
--- ДИАГНОСТИКА EXCESS SUPPLY (1898 ваг. в 107 узлах) ---
  [s_idx   72] Уссурийск | тип=БКТ | ЕТСНГ=421034 | period=1 | mass_unload=false | осталось 10 из 10 ваг.
    ПРИЧИНА: все Load-спросы уже закрыты (Load-дуг 5, Wash-дуг 0; везде rem_demand=0).
  [s_idx   73] Уссурийск | тип=Прочие | ЕТСНГ=421034 | period=1 | mass_unload=false | осталось 1 из 1 ваг.
    ПРИЧИНА: все Load-спросы уже закрыты (Load-дуг 5, Wash-дуг 0; везде rem_demand=0).
  [s_idx   74] Владивосток (Экспорт) | тип=БКТ | ЕТСНГ=011005 | period=1 | mass_unload=false | осталось 16 из 16 ваг.
    ПРИЧИНА: все Load-спросы уже закрыты (Load-дуг 3, Wash-дуг 0; везде rem_demand=0).
  [s_idx   75] Владивосток (Экспорт) | тип=БК | ЕТСНГ=011005 | period=1 | mass_unload=false | осталось 7 из 7 ваг.
    ПРИЧИНА: все Load-спросы уже закрыты (Load-дуг 3, Wash-дуг 0; везде rem_demand=0).
  [s_idx   76] Владивосток (Экспорт) | тип=Т | ЕТСНГ=011005 | period=1 | mass_unload=false | осталось 16 из 16 ваг.
    ПРИЧИНА: все Load-спросы уже закрыты (Load-дуг 3, Wash-дуг 0; везде rem_demand=0).
  [s_idx   77] Уссурийск | тип=Т | ЕТСНГ=421034 | period=1 | mass_unload=false | осталось 3 из 3 ваг.
    ПРИЧИНА: все Load-спросы уже закрыты (Load-дуг 5, Wash-дуг 0; везде rem_demand=0).
  [s_idx   78] Уссурийск | тип=БКТ | ЕТСНГ=421195 | period=1 | mass_unload=false | осталось 1 из 1 ваг.
    ПРИЧИНА: все Load-спросы уже закрыты (Load-дуг 5, Wash-дуг 0; везде rem_demand=0).
  [s_idx   79] Уссурийск | тип=БК | ЕТСНГ=421034 | period=1 | mass_unload=false | осталось 2 из 2 ваг.
    ПРИЧИНА: все Load-спросы уже закрыты (Load-дуг 5, Wash-дуг 0; везде rem_demand=0).
  [s_idx   80] Владивосток (Экспорт) | тип=Прочие | ЕТСНГ=011005 | period=1 | mass_unload=false | осталось 8 из 8 ваг.
    ПРИЧИНА: все Load-спросы уже закрыты (Load-дуг 3, Wash-дуг 0; везде rem_demand=0).
  [s_idx   81] Уссурийск | тип=БК | ЕТСНГ=421195 | period=1 | mass_unload=false | осталось 1 из 1 ваг.
    ПРИЧИНА: все Load-спросы уже закрыты (Load-дуг 5, Wash-дуг 0; везде rem_demand=0).
  [s_idx   82] Благовещенск | тип=Прочие | ЕТСНГ=421208 | period=1 | mass_unload=false | осталось 5 из 5 ваг.
    ПРИЧИНА: все Load-спросы уже закрыты (Load-дуг 15, Wash-дуг 0; везде rem_demand=0).
  [s_idx   83] Поярково | тип=Т | ЕТСНГ=— | period=1 | mass_unload=false | осталось 3 из 3 ваг.
    ПРИЧИНА: все Load-спросы уже закрыты (Load-дуг 16, Wash-дуг 0; везде rem_demand=0).
  [s_idx   84] Поярково | тип=БКТ | ЕТСНГ=— | period=1 | mass_unload=false | осталось 1 из 1 ваг.
    ПРИЧИНА: все Load-спросы уже закрыты (Load-дуг 16, Wash-дуг 0; везде rem_demand=0).
  [s_idx   85] Благовещенск | тип=Т | ЕТСНГ=421208 | period=1 | mass_unload=false | осталось 3 из 3 ваг.
    ПРИЧИНА: все Load-спросы уже закрыты (Load-дуг 15, Wash-дуг 0; везде rem_demand=0).
  [s_idx  101] Холщевики | тип=Прочие | ЕТСНГ=542239 | period=1 | mass_unload=false | осталось 1 из 1 ваг.
    ПРИЧИНА: доступны только Wash-дуги (36 шт., мин. стоимость 63679 руб./ваг.) при штрафе за остаток узла 5000 руб./ваг. (профицит).
             Промывка дороже штрафа — MIP оставил вагоны в остатке (Wash не имеет штрафа за незаполнение).
  [s_idx  102] Смоленск | тип=БК | ЕТСНГ=542239 | period=1 | mass_unload=false | осталось 3 из 3 ваг.
    ПРИЧИНА: доступны только Wash-дуги (36 шт., мин. стоимость 65210 руб./ваг.) при штрафе за остаток узла 5000 руб./ваг. (профицит).
             Промывка дороже штрафа — MIP оставил вагоны в остатке (Wash не имеет штрафа за незаполнение).
  [s_idx  103] Холщевики | тип=БК | ЕТСНГ=542239 | period=1 | mass_unload=false | осталось 2 из 2 ваг.
    ПРИЧИНА: доступны только Wash-дуги (36 шт., мин. стоимость 63679 руб./ваг.) при штрафе за остаток узла 5000 руб./ваг. (профицит).
             Промывка дороже штрафа — MIP оставил вагоны в остатке (Wash не имеет штрафа за незаполнение).
  [s_idx  136] Поярково | тип=Т | ЕТСНГ=014003 | period=10 | mass_unload=false | осталось 5 из 5 ваг.
    ПРИЧИНА: все Load-спросы уже закрыты (Load-дуг 16, Wash-дуг 0; везде rem_demand=0).
  [s_idx  137] Лужская (Экспорт) | тип=БКТ | ЕТСНГ=011005 | period=10 | mass_unload=true | осталось 442 из 596 ваг.
    ПРИЧИНА: все Load-спросы уже закрыты (Load-дуг 256, Wash-дуг 0; везде rem_demand=0).
  [s_idx  138] Лужская (Экспорт) | тип=Т | ЕТСНГ=011005 | period=10 | mass_unload=true | осталось 139 из 298 ваг.
    ПРИЧИНА: все Load-спросы уже закрыты (Load-дуг 245, Wash-дуг 0; везде rem_demand=0).
  [s_idx  140] Лужская (Экспорт) | тип=БК | ЕТСНГ=011005 | period=10 | mass_unload=true | осталось 136 из 237 ваг.
    ПРИЧИНА: все Load-спросы уже закрыты (Load-дуг 245, Wash-дуг 0; везде rem_demand=0).
  [s_idx  141] Гродеково (Экспорт на КЖД [Китай]) | тип=БКТ | ЕТСНГ=011005 | period=10 | mass_unload=false | осталось 3 из 3 ваг.
    ПРИЧИНА: все Load-спросы уже закрыты (Load-дуг 3, Wash-дуг 0; везде rem_demand=0).
  [s_idx  145] Лиепая (Экспорт) | тип=БКТ | ЕТСНГ=542239 | period=10 | mass_unload=true | осталось 1 из 20 ваг.
    ПРИЧИНА: все Load-спросы уже закрыты (Load-дуг 236, Wash-дуг 0; везде rem_demand=0).
  [s_idx  146] Поти (Порт, Экспорт) | тип=БКТ | ЕТСНГ=018131 | period=10 | mass_unload=true | осталось 110 из 110 ваг.
    ПРИЧИНА: все Load-спросы уже закрыты (Load-дуг 233, Wash-дуг 0; везде rem_demand=0).
  [s_idx  147] Лиепая (Экспорт) | тип=Т | ЕТСНГ=011005 | period=10 | mass_unload=true | осталось 106 из 111 ваг.
    ПРИЧИНА: все Load-спросы уже закрыты (Load-дуг 225, Wash-дуг 0; везде rem_demand=0).
  [s_idx  148] Высоцк (Экспорт) | тип=БКТ | ЕТСНГ=011005 | period=10 | mass_unload=true | осталось 132 из 165 ваг.
    ПРИЧИНА: все Load-спросы уже закрыты (Load-дуг 257, Wash-дуг 0; везде rem_demand=0).
  [s_idx  149] Лиепая (Экспорт) | тип=БКТ | ЕТСНГ=011005 | period=10 | mass_unload=true | осталось 198 из 220 ваг.
    ПРИЧИНА: все Load-спросы уже закрыты (Load-дуг 236, Wash-дуг 0; везде rem_demand=0).
  [s_idx  150] Лиепая (Экспорт) | тип=БК | ЕТСНГ=011005 | period=10 | mass_unload=true | осталось 87 из 87 ваг.
    ПРИЧИНА: все Load-спросы уже закрыты (Load-дуг 225, Wash-дуг 0; везде rem_demand=0).
  [s_idx  155] Высоцк (Экспорт) | тип=Т | ЕТСНГ=011005 | period=10 | mass_unload=true | осталось 110 из 112 ваг.
    ПРИЧИНА: все Load-спросы уже закрыты (Load-дуг 246, Wash-дуг 0; везде rem_demand=0).
  [s_idx  161] Поти (Порт, Экспорт) | тип=Т | ЕТСНГ=018131 | period=10 | mass_unload=true | осталось 41 из 41 ваг.
    ПРИЧИНА: все Load-спросы уже закрыты (Load-дуг 222, Wash-дуг 0; везде rem_demand=0).
  [s_idx  163] Лиепая (Экспорт) | тип=БКТ | ЕТСНГ=505028 | period=10 | mass_unload=true | осталось 11 из 15 ваг.
    ПРИЧИНА: все Load-спросы уже закрыты (Load-дуг 236, Wash-дуг 0; везде rem_demand=0).
  [s_idx  165] Лиепая (Экспорт) | тип=БК | ЕТСНГ=542072 | period=10 | mass_unload=true | осталось 2 из 7 ваг.
    ПРИЧИНА: все Load-спросы уже закрыты (Load-дуг 225, Wash-дуг 0; везде rem_demand=0).
  [s_idx  167] Поярково | тип=БК | ЕТСНГ=014003 | period=10 | mass_unload=false | осталось 4 из 4 ваг.
    ПРИЧИНА: все Load-спросы уже закрыты (Load-дуг 16, Wash-дуг 0; везде rem_demand=0).
  [s_idx  174] Уссурийск | тип=БКТ | ЕТСНГ=011005 | period=10 | mass_unload=false | осталось 1 из 1 ваг.
    ПРИЧИНА: все Load-спросы уже закрыты (Load-дуг 5, Wash-дуг 0; везде rem_demand=0).
  [s_idx  175] Высоцк (Экспорт) | тип=БК | ЕТСНГ=011005 | period=10 | mass_unload=true | осталось 3 из 65 ваг.
    ПРИЧИНА: все Load-спросы уже закрыты (Load-дуг 246, Wash-дуг 0; везде rem_demand=0).
  [s_idx  182] Лиепая (Экспорт) | тип=БК | ЕТСНГ=014003 | period=10 | mass_unload=true | осталось 2 из 20 ваг.
    ПРИЧИНА: все Load-спросы уже закрыты (Load-дуг 225, Wash-дуг 0; везде rem_demand=0).
  [s_idx  183] Ардым | тип=БК | ЕТСНГ=542224 | period=10 | mass_unload=false | осталось 1 из 1 ваг.
    ПРИЧИНА: доступны только Wash-дуги (36 шт., мин. стоимость 95153 руб./ваг.) при штрафе за остаток узла 5000 руб./ваг. (профицит).
             Промывка дороже штрафа — MIP оставил вагоны в остатке (Wash не имеет штрафа за незаполнение).
  [s_idx  199] Уссурийск | тип=БК | ЕТСНГ=011005 | period=10 | mass_unload=false | осталось 1 из 1 ваг.
    ПРИЧИНА: все Load-спросы уже закрыты (Load-дуг 5, Wash-дуг 0; везде rem_demand=0).
  [s_idx  200] Поти (Порт, Экспорт) | тип=БК | ЕТСНГ=018131 | period=10 | mass_unload=true | осталось 35 из 35 ваг.
    ПРИЧИНА: все Load-спросы уже закрыты (Load-дуг 222, Wash-дуг 0; везде rem_demand=0).
  [s_idx  204] Лиепая (Экспорт) | тип=Т | ЕТСНГ=014003 | period=10 | mass_unload=true | осталось 16 из 16 ваг.
    ПРИЧИНА: все Load-спросы уже закрыты (Load-дуг 225, Wash-дуг 0; везде rem_demand=0).
  [s_idx  211] Лиепая (Экспорт) | тип=БКТ | ЕТСНГ=014003 | period=10 | mass_unload=true | осталось 47 из 51 ваг.
    ПРИЧИНА: все Load-спросы уже закрыты (Load-дуг 236, Wash-дуг 0; везде rem_demand=0).
  [s_idx  220] Блюхер (Экспорт) | тип=БКТ | ЕТСНГ=011005 | period=10 | mass_unload=false | осталось 5 из 5 ваг.
    ПРИЧИНА: все Load-спросы уже закрыты (Load-дуг 2, Wash-дуг 0; везде rem_demand=0).
  [s_idx  222] Готня | тип=БКТ | ЕТСНГ=542224 | period=10 | mass_unload=false | осталось 2 из 7 ваг.
    ПРИЧИНА: доступны только Wash-дуги (36 шт., мин. стоимость 113366 руб./ваг.) при штрафе за остаток узла 5000 руб./ваг. (профицит).
             Промывка дороже штрафа — MIP оставил вагоны в остатке (Wash не имеет штрафа за незаполнение).
  [s_idx  226] Селикса | тип=БКТ | ЕТСНГ=542224 | period=10 | mass_unload=false | осталось 9 из 9 ваг.
    ПРИЧИНА: доступны только Wash-дуги (36 шт., мин. стоимость 95187 руб./ваг.) при штрафе за остаток узла 5000 руб./ваг. (профицит).
             Промывка дороже штрафа — MIP оставил вагоны в остатке (Wash не имеет штрафа за незаполнение).
  [s_idx  227] Латышская | тип=Т | ЕТСНГ=542224 | period=10 | mass_unload=false | осталось 1 из 1 ваг.
    ПРИЧИНА: доступны только Wash-дуги (36 шт., мин. стоимость 93172 руб./ваг.) при штрафе за остаток узла 5000 руб./ваг. (профицит).
             Промывка дороже штрафа — MIP оставил вагоны в остатке (Wash не имеет штрафа за незаполнение).
  [s_idx  230] Лиепая (Экспорт) | тип=БКТ | ЕТСНГ=542072 | period=10 | mass_unload=true | осталось 7 из 29 ваг.
    ПРИЧИНА: все Load-спросы уже закрыты (Load-дуг 236, Wash-дуг 0; везде rem_demand=0).
  [s_idx  233] Ожерелье | тип=БКТ | ЕТСНГ=542224 | period=10 | mass_unload=false | осталось 4 из 5 ваг.
    ПРИЧИНА: доступны только Wash-дуги (36 шт., мин. стоимость 73022 руб./ваг.) при штрафе за остаток узла 5000 руб./ваг. (профицит).
             Промывка дороже штрафа — MIP оставил вагоны в остатке (Wash не имеет штрафа за незаполнение).
  [s_idx  234] Мурманские Ворота | тип=БК | ЕТСНГ=542239 | period=10 | mass_unload=false | осталось 2 из 2 ваг.
    ПРИЧИНА: доступны только Wash-дуги (36 шт., мин. стоимость 71342 руб./ваг.) при штрафе за остаток узла 5000 руб./ваг. (профицит).
             Промывка дороже штрафа — MIP оставил вагоны в остатке (Wash не имеет штрафа за незаполнение).
  [s_idx  256] Астара (Экспорт) | тип=Т | ЕТСНГ=011005 | period=10 | mass_unload=false | осталось 6 из 6 ваг.
    ПРИЧИНА: все Load-спросы уже закрыты (Load-дуг 221, Wash-дуг 0; везде rem_demand=0).
  [s_idx  258] Поти (Порт, Экспорт) | тип=БК | ЕТСНГ=011005 | period=10 | mass_unload=true | осталось 2 из 2 ваг.
    ПРИЧИНА: все Load-спросы уже закрыты (Load-дуг 222, Wash-дуг 0; везде rem_demand=0).
  [s_idx  260] Владивосток (Экспорт) | тип=Т | ЕТСНГ=011005 | period=10 | mass_unload=false | осталось 2 из 2 ваг.
    ПРИЧИНА: все Load-спросы уже закрыты (Load-дуг 3, Wash-дуг 0; везде rem_demand=0).
  [s_idx  263] Ереван | тип=БКТ | ЕТСНГ=014003 | period=10 | mass_unload=false | осталось 2 из 4 ваг.
    ПРИЧИНА: все Load-спросы уже закрыты (Load-дуг 232, Wash-дуг 0; везде rem_demand=0).
  [s_idx  269] Колышлей | тип=БКТ | ЕТСНГ=542224 | period=10 | mass_unload=false | осталось 3 из 3 ваг.
    ПРИЧИНА: доступны только Wash-дуги (36 шт., мин. стоимость 106886 руб./ваг.) при штрафе за остаток узла 5000 руб./ваг. (профицит).
             Промывка дороже штрафа — MIP оставил вагоны в остатке (Wash не имеет штрафа за незаполнение).
  [s_idx  271] Поярково | тип=БКТ | ЕТСНГ=014003 | period=10 | mass_unload=false | осталось 8 из 8 ваг.
    ПРИЧИНА: все Load-спросы уже закрыты (Load-дуг 16, Wash-дуг 0; везде rem_demand=0).
  [s_idx  273] Гродеково (Экспорт на КЖД [Китай]) | тип=БК | ЕТСНГ=015006 | period=10 | mass_unload=false | осталось 4 из 4 ваг.
    ПРИЧИНА: все Load-спросы уже закрыты (Load-дуг 3, Wash-дуг 0; везде rem_demand=0).
  [s_idx  275] Лиепая (Экспорт) | тип=Т | ЕТСНГ=542072 | period=10 | mass_unload=true | осталось 4 из 4 ваг.
    ПРИЧИНА: все Load-спросы уже закрыты (Load-дуг 225, Wash-дуг 0; везде rem_demand=0).
  [s_idx  276] Галич | тип=БКТ | ЕТСНГ=542239 | period=10 | mass_unload=false | осталось 4 из 4 ваг.
    ПРИЧИНА: доступны только Wash-дуги (36 шт., мин. стоимость 96208 руб./ваг.) при штрафе за остаток узла 5000 руб./ваг. (профицит).
             Промывка дороже штрафа — MIP оставил вагоны в остатке (Wash не имеет штрафа за незаполнение).
  [s_idx  288] Селикса | тип=Т | ЕТСНГ=542224 | period=10 | mass_unload=false | осталось 3 из 3 ваг.
    ПРИЧИНА: доступны только Wash-дуги (36 шт., мин. стоимость 95187 руб./ваг.) при штрафе за остаток узла 5000 руб./ваг. (профицит).
             Промывка дороже штрафа — MIP оставил вагоны в остатке (Wash не имеет штрафа за незаполнение).
  [s_idx  293] Селикса | тип=БК | ЕТСНГ=542224 | period=10 | mass_unload=false | осталось 5 из 5 ваг.
    ПРИЧИНА: доступны только Wash-дуги (36 шт., мин. стоимость 95187 руб./ваг.) при штрафе за остаток узла 5000 руб./ваг. (профицит).
             Промывка дороже штрафа — MIP оставил вагоны в остатке (Wash не имеет штрафа за незаполнение).
  [s_idx  295] Металлист | тип=БКТ | ЕТСНГ=— | period=10 | mass_unload=false | осталось 3 из 6 ваг.
    ПРИЧИНА: доступны только Wash-дуги (36 шт., мин. стоимость 91116 руб./ваг.) при штрафе за остаток узла 5000 руб./ваг. (профицит).
             Промывка дороже штрафа — MIP оставил вагоны в остатке (Wash не имеет штрафа за незаполнение).
  [s_idx  296] Алексеевка | тип=БКТ | ЕТСНГ=542239 | period=10 | mass_unload=false | осталось 1 из 5 ваг.
    ПРИЧИНА: доступны только Wash-дуги (36 шт., мин. стоимость 91154 руб./ваг.) при штрафе за остаток узла 5000 руб./ваг. (профицит).
             Промывка дороже штрафа — MIP оставил вагоны в остатке (Wash не имеет штрафа за незаполнение).
  [s_idx  297] Рыбинск-Товарный | тип=БКТ | ЕТСНГ=542239 | period=10 | mass_unload=false | осталось 2 из 2 ваг.
    ПРИЧИНА: доступны только Wash-дуги (36 шт., мин. стоимость 94247 руб./ваг.) при штрафе за остаток узла 5000 руб./ваг. (профицит).
             Промывка дороже штрафа — MIP оставил вагоны в остатке (Wash не имеет штрафа за незаполнение).
  [s_idx  302] Лиепая (Экспорт) | тип=БК | ЕТСНГ=542239 | period=10 | mass_unload=true | осталось 11 из 11 ваг.
    ПРИЧИНА: все Load-спросы уже закрыты (Load-дуг 225, Wash-дуг 0; везде rem_demand=0).
  [s_idx  311] Владивосток (Экспорт) | тип=БКТ | ЕТСНГ=011005 | period=10 | mass_unload=false | осталось 8 из 8 ваг.
    ПРИЧИНА: все Load-спросы уже закрыты (Load-дуг 3, Wash-дуг 0; везде rem_demand=0).
  [s_idx  314] Лиепая (Экспорт) | тип=БКТ | ЕТСНГ=542188 | period=10 | mass_unload=true | осталось 2 из 2 ваг.
    ПРИЧИНА: все Load-спросы уже закрыты (Load-дуг 236, Wash-дуг 0; везде rem_demand=0).
  [s_idx  319] Новый Порт (Экспорт) | тип=БК | ЕТСНГ=542296 | period=10 | mass_unload=false | осталось 1 из 1 ваг.
    ПРИЧИНА: доступны только Wash-дуги (36 шт., мин. стоимость 83205 руб./ваг.) при штрафе за остаток узла 5000 руб./ваг. (профицит).
             Промывка дороже штрафа — MIP оставил вагоны в остатке (Wash не имеет штрафа за незаполнение).
  [s_idx  336] Базаиха | тип=БКТ | ЕТСНГ=542239 | period=10 | mass_unload=false | осталось 1 из 1 ваг.
    ПРИЧИНА: доступны только Wash-дуги (36 шт., мин. стоимость 69008 руб./ваг.) при штрафе за остаток узла 5000 руб./ваг. (профицит).
             Промывка дороже штрафа — MIP оставил вагоны в остатке (Wash не имеет штрафа за незаполнение).
  [s_idx  337] Порт Оля (Экспорт) | тип=БКТ | ЕТСНГ=542239 | period=10 | mass_unload=false | осталось 6 из 6 ваг.
    ПРИЧИНА: доступны только Wash-дуги (36 шт., мин. стоимость 94679 руб./ваг.) при штрафе за остаток узла 5000 руб./ваг. (профицит).
             Промывка дороже штрафа — MIP оставил вагоны в остатке (Wash не имеет штрафа за незаполнение).
  [s_idx  348] Нижний Ломов | тип=БКТ | ЕТСНГ=542224 | period=10 | mass_unload=false | осталось 2 из 2 ваг.
    ПРИЧИНА: доступны только Wash-дуги (36 шт., мин. стоимость 118817 руб./ваг.) при штрафе за остаток узла 5000 руб./ваг. (профицит).
             Промывка дороже штрафа — MIP оставил вагоны в остатке (Wash не имеет штрафа за незаполнение).
  [s_idx  352] Астара (Экспорт) | тип=БК | ЕТСНГ=011005 | period=10 | mass_unload=false | осталось 4 из 4 ваг.
    ПРИЧИНА: все Load-спросы уже закрыты (Load-дуг 221, Wash-дуг 0; везде rem_demand=0).
  [s_idx  353] Астара (Экспорт) | тип=Т | ЕТСНГ=014003 | period=10 | mass_unload=false | осталось 2 из 2 ваг.
    ПРИЧИНА: все Load-спросы уже закрыты (Load-дуг 221, Wash-дуг 0; везде rem_demand=0).
  [s_idx  358] Астара (Экспорт) | тип=Т | ЕТСНГ=— | period=10 | mass_unload=false | осталось 1 из 1 ваг.
    ПРИЧИНА: все Load-спросы уже закрыты (Load-дуг 221, Wash-дуг 0; везде rem_demand=0).
  [s_idx  360] Лиепая (Экспорт) | тип=Т | ЕТСНГ=505028 | period=10 | mass_unload=true | осталось 3 из 3 ваг.
    ПРИЧИНА: все Load-спросы уже закрыты (Load-дуг 225, Wash-дуг 0; везде rem_demand=0).
  [s_idx  370] Новый Порт (Экспорт) | тип=БКТ | ЕТСНГ=542296 | period=10 | mass_unload=false | осталось 4 из 4 ваг.
    ПРИЧИНА: доступны только Wash-дуги (36 шт., мин. стоимость 83205 руб./ваг.) при штрафе за остаток узла 5000 руб./ваг. (профицит).
             Промывка дороже штрафа — MIP оставил вагоны в остатке (Wash не имеет штрафа за незаполнение).
  [s_idx  382] Гродеково (Экспорт на КЖД [Китай]) | тип=Т | ЕТСНГ=015006 | period=10 | mass_unload=false | осталось 2 из 2 ваг.
    ПРИЧИНА: все Load-спросы уже закрыты (Load-дуг 3, Wash-дуг 0; везде rem_demand=0).
  [s_idx  383] Богданович | тип=БК | ЕТСНГ=505028 | period=10 | mass_unload=false | осталось 1 из 1 ваг.
    ПРИЧИНА: доступны только Wash-дуги (36 шт., мин. стоимость 73689 руб./ваг.) при штрафе за остаток узла 5000 руб./ваг. (профицит).
             Промывка дороже штрафа — MIP оставил вагоны в остатке (Wash не имеет штрафа за незаполнение).
  [s_idx  386] Галич | тип=БК | ЕТСНГ=542239 | period=10 | mass_unload=false | осталось 2 из 2 ваг.
    ПРИЧИНА: доступны только Wash-дуги (36 шт., мин. стоимость 96208 руб./ваг.) при штрафе за остаток узла 5000 руб./ваг. (профицит).
             Промывка дороже штрафа — MIP оставил вагоны в остатке (Wash не имеет штрафа за незаполнение).
  [s_idx  387] Астара (Экспорт) | тип=БКТ | ЕТСНГ=011005 | period=10 | mass_unload=false | осталось 3 из 3 ваг.
    ПРИЧИНА: все Load-спросы уже закрыты (Load-дуг 232, Wash-дуг 0; везде rem_demand=0).
  [s_idx  390] Гродеково (Экспорт на КЖД [Китай]) | тип=БКТ | ЕТСНГ=015006 | period=10 | mass_unload=false | осталось 5 из 5 ваг.
    ПРИЧИНА: все Load-спросы уже закрыты (Load-дуг 3, Wash-дуг 0; везде rem_demand=0).
  [s_idx  392] Уссурийск | тип=Т | ЕТСНГ=011005 | period=10 | mass_unload=false | осталось 2 из 2 ваг.
    ПРИЧИНА: все Load-спросы уже закрыты (Load-дуг 5, Wash-дуг 0; везде rem_demand=0).
  [s_idx  397] Владивосток (Экспорт) | тип=БК | ЕТСНГ=011005 | period=10 | mass_unload=false | осталось 2 из 2 ваг.
    ПРИЧИНА: все Load-спросы уже закрыты (Load-дуг 3, Wash-дуг 0; везде rem_demand=0).
  [s_idx  399] Уссурийск | тип=БК | ЕТСНГ=— | period=10 | mass_unload=false | осталось 1 из 1 ваг.
    ПРИЧИНА: все Load-спросы уже закрыты (Load-дуг 5, Wash-дуг 0; везде rem_demand=0).
  [s_idx  401] Мурманские Ворота | тип=БКТ | ЕТСНГ=542239 | period=10 | mass_unload=false | осталось 1 из 1 ваг.
    ПРИЧИНА: доступны только Wash-дуги (36 шт., мин. стоимость 71342 руб./ваг.) при штрафе за остаток узла 5000 руб./ваг. (профицит).
             Промывка дороже штрафа — MIP оставил вагоны в остатке (Wash не имеет штрафа за незаполнение).
  [s_idx  405] Ружино | тип=БКТ | ЕТСНГ=421208 | period=10 | mass_unload=false | осталось 2 из 2 ваг.
    ПРИЧИНА: все Load-спросы уже закрыты (Load-дуг 7, Wash-дуг 0; везде rem_demand=0).
  [s_idx  407] Астара (Экспорт) | тип=БКТ | ЕТСНГ=014003 | period=10 | mass_unload=false | осталось 5 из 5 ваг.
    ПРИЧИНА: все Load-спросы уже закрыты (Load-дуг 232, Wash-дуг 0; везде rem_demand=0).
  [s_idx  408] Астара (Экспорт) | тип=БКТ | ЕТСНГ=— | period=10 | mass_unload=false | осталось 2 из 2 ваг.
    ПРИЧИНА: все Load-спросы уже закрыты (Load-дуг 232, Wash-дуг 0; везде rem_demand=0).
  [s_idx  411] Поти (Порт, Экспорт) | тип=БКТ | ЕТСНГ=011005 | period=10 | mass_unload=true | осталось 3 из 3 ваг.
    ПРИЧИНА: все Load-спросы уже закрыты (Load-дуг 233, Wash-дуг 0; везде rem_demand=0).
  [s_idx  420] Шагол | тип=Т | ЕТСНГ=542224 | period=10 | mass_unload=false | осталось 1 из 1 ваг.
    ПРИЧИНА: доступны только Wash-дуги (36 шт., мин. стоимость 68094 руб./ваг.) при штрафе за остаток узла 5000 руб./ваг. (профицит).
             Промывка дороже штрафа — MIP оставил вагоны в остатке (Wash не имеет штрафа за незаполнение).
  [s_idx  428] Блюхер (Экспорт) | тип=БК | ЕТСНГ=011005 | period=10 | mass_unload=false | осталось 1 из 1 ваг.
    ПРИЧИНА: все Load-спросы уже закрыты (Load-дуг 2, Wash-дуг 0; везде rem_demand=0).
  [s_idx  431] Новая Заимка | тип=БК | ЕТСНГ=542239 | period=10 | mass_unload=false | осталось 2 из 2 ваг.
    ПРИЧИНА: доступны только Wash-дуги (36 шт., мин. стоимость 120433 руб./ваг.) при штрафе за остаток узла 5000 руб./ваг. (профицит).
             Промывка дороже штрафа — MIP оставил вагоны в остатке (Wash не имеет штрафа за незаполнение).
  [s_idx  435] Гори | тип=БКТ | ЕТСНГ=018112 | period=10 | mass_unload=false | осталось 1 из 1 ваг.
    ПРИЧИНА: все Load-спросы уже закрыты (Load-дуг 232, Wash-дуг 0; везде rem_demand=0).
  [s_idx  437] Невдубстрой | тип=БКТ | ЕТСНГ=542239 | period=10 | mass_unload=false | осталось 2 из 2 ваг.
    ПРИЧИНА: доступны только Wash-дуги (36 шт., мин. стоимость 67759 руб./ваг.) при штрафе за остаток узла 5000 руб./ваг. (профицит).
             Промывка дороже штрафа — MIP оставил вагоны в остатке (Wash не имеет штрафа за незаполнение).
  [s_idx  440] Лиепая (Экспорт) | тип=БК | ЕТСНГ=542188 | period=10 | mass_unload=true | осталось 3 из 3 ваг.
    ПРИЧИНА: все Load-спросы уже закрыты (Load-дуг 225, Wash-дуг 0; везде rem_demand=0).
  [s_idx  446] Готня | тип=БК | ЕТСНГ=542224 | period=10 | mass_unload=false | осталось 3 из 3 ваг.
    ПРИЧИНА: доступны только Wash-дуги (36 шт., мин. стоимость 113366 руб./ваг.) при штрафе за остаток узла 5000 руб./ваг. (профицит).
             Промывка дороже штрафа — MIP оставил вагоны в остатке (Wash не имеет штрафа за незаполнение).
  [s_idx  449] Шадринск | тип=БКТ | ЕТСНГ=542239 | period=10 | mass_unload=false | осталось 1 из 1 ваг.
    ПРИЧИНА: доступны только Wash-дуги (36 шт., мин. стоимость 92610 руб./ваг.) при штрафе за остаток узла 5000 руб./ваг. (профицит).
             Промывка дороже штрафа — MIP оставил вагоны в остатке (Wash не имеет штрафа за незаполнение).
  [s_idx  454] Латышская | тип=БК | ЕТСНГ=542224 | period=10 | mass_unload=false | осталось 1 из 2 ваг.
    ПРИЧИНА: доступны только Wash-дуги (36 шт., мин. стоимость 93172 руб./ваг.) при штрафе за остаток узла 5000 руб./ваг. (профицит).
             Промывка дороже штрафа — MIP оставил вагоны в остатке (Wash не имеет штрафа за незаполнение).
  [s_idx  457] Ардым | тип=БКТ | ЕТСНГ=542224 | period=10 | mass_unload=false | осталось 1 из 1 ваг.
    ПРИЧИНА: доступны только Wash-дуги (36 шт., мин. стоимость 95153 руб./ваг.) при штрафе за остаток узла 5000 руб./ваг. (профицит).
             Промывка дороже штрафа — MIP оставил вагоны в остатке (Wash не имеет штрафа за незаполнение).
  [s_idx  461] Гори | тип=Т | ЕТСНГ=018112 | period=10 | mass_unload=false | осталось 2 из 2 ваг.
    ПРИЧИНА: все Load-спросы уже закрыты (Load-дуг 221, Wash-дуг 0; везде rem_demand=0).
  [s_idx  467] Красноселка | тип=Т | ЕТСНГ=542224 | period=10 | mass_unload=false | осталось 1 из 1 ваг.
    ПРИЧИНА: доступны только Wash-дуги (36 шт., мин. стоимость 70344 руб./ваг.) при штрафе за остаток узла 5000 руб./ваг. (профицит).
             Промывка дороже штрафа — MIP оставил вагоны в остатке (Wash не имеет штрафа за незаполнение).
  [s_idx  469] Богоявленск | тип=БК | ЕТСНГ=542239 | period=10 | mass_unload=false | осталось 1 из 1 ваг.
    ПРИЧИНА: доступны только Wash-дуги (36 шт., мин. стоимость 89101 руб./ваг.) при штрафе за остаток узла 5000 руб./ваг. (профицит).
             Промывка дороже штрафа — MIP оставил вагоны в остатке (Wash не имеет штрафа за незаполнение).
  [s_idx  470] Тербуны | тип=БКТ | ЕТСНГ=542239 | period=10 | mass_unload=false | осталось 1 из 1 ваг.
    ПРИЧИНА: доступны только Wash-дуги (36 шт., мин. стоимость 89899 руб./ваг.) при штрафе за остаток узла 5000 руб./ваг. (профицит).
             Промывка дороже штрафа — MIP оставил вагоны в остатке (Wash не имеет штрафа за незаполнение).
  [s_idx  479] Новая Заимка | тип=БК | ЕТСНГ=— | period=10 | mass_unload=false | осталось 1 из 1 ваг.
    ПРИЧИНА: доступны только Wash-дуги (36 шт., мин. стоимость 120433 руб./ваг.) при штрафе за остаток узла 5000 руб./ваг. (профицит).
             Промывка дороже штрафа — MIP оставил вагоны в остатке (Wash не имеет штрафа за незаполнение).
  [s_idx  489] Саранск | тип=БК | ЕТСНГ=542224 | period=10 | mass_unload=false | осталось 1 из 1 ваг.
    ПРИЧИНА: доступны только Wash-дуги (36 шт., мин. стоимость 92610 руб./ваг.) при штрафе за остаток узла 5000 руб./ваг. (профицит).
             Промывка дороже штрафа — MIP оставил вагоны в остатке (Wash не имеет штрафа за незаполнение).
  [s_idx  490] Базаиха | тип=БК | ЕТСНГ=542239 | period=10 | mass_unload=false | осталось 1 из 1 ваг.
    ПРИЧИНА: доступны только Wash-дуги (36 шт., мин. стоимость 69008 руб./ваг.) при штрафе за остаток узла 5000 руб./ваг. (профицит).
             Промывка дороже штрафа — MIP оставил вагоны в остатке (Wash не имеет штрафа за незаполнение).
  [s_idx  493] Стрижи | тип=Т | ЕТСНГ=542224 | period=10 | mass_unload=false | осталось 1 из 1 ваг.
    ПРИЧИНА: доступны только Wash-дуги (36 шт., мин. стоимость 136983 руб./ваг.) при штрафе за остаток узла 5000 руб./ваг. (профицит).
             Промывка дороже штрафа — MIP оставил вагоны в остатке (Wash не имеет штрафа за незаполнение).
  [s_idx  497] Алексеевка | тип=БК | ЕТСНГ=542239 | period=10 | mass_unload=false | осталось 1 из 1 ваг.
    ПРИЧИНА: доступны только Wash-дуги (36 шт., мин. стоимость 91154 руб./ваг.) при штрафе за остаток узла 5000 руб./ваг. (профицит).
             Промывка дороже штрафа — MIP оставил вагоны в остатке (Wash не имеет штрафа за незаполнение).
  [s_idx  498] Гродеково (Экспорт на КЖД [Китай]) | тип=БК | ЕТСНГ=011005 | period=10 | mass_unload=false | осталось 1 из 1 ваг.
    ПРИЧИНА: все Load-спросы уже закрыты (Load-дуг 3, Wash-дуг 0; везде rem_demand=0).

  СВОДКА ПО ПРИЧИНАМ:
    доступны только Wash-дуги           узлов:  39, вагонов:   83
    все Load-адресаты закрыты           узлов:  68, вагонов: 1815
---------------------------------
MIP нашёл глобальный оптимум (gap=0.0081%) — фаза ALNS пропущена.
--- ДИАГНОСТИКА UNMET DEMAND (174 ваг. в 14 узлах) ---
  [d_idx   58] Ольха (ЮВС) | тип=Прочие | ЕТСНГ=542072 | период=1 | отправка=Повагонная | не закрыто 35 из 35 ваг.
    ПРИЧИНА: нет ни одной допустимой дуги — закрыть невозможно текущими данными. Отбраковка пар со всеми 499 узлами предложения:
             нет тарифа 0, несовм. тип 0, грязный ЕТСНГ 64, дальше потолка расстояния 37, бизнес-правила дорог (инотерритория/дефицит) 90, станция закрыта очередью (правило 4) 308, конвенция РЖД 0, нарушение срока 0.
             на станции 46 ваг. при мощности 7 ваг./сут. (6.6 суток работы) — подсыл закрыт во все периоды.
  [d_idx   75] Руденск (БЕЛ) | тип=Прочие | ЕТСНГ=014003 | период=1 | отправка=Повагонная | не закрыто 19 из 19 ваг.
    ПРИЧИНА: нет ни одной допустимой дуги — закрыть невозможно текущими данными. Отбраковка пар со всеми 499 узлами предложения:
             нет тарифа 9, несовм. тип 0, грязный ЕТСНГ 64, дальше потолка расстояния 38, бизнес-правила дорог (инотерритория/дефицит) 337, станция закрыта очередью (правило 4) 51, конвенция РЖД 0, нарушение срока 0.
             на станции 59 ваг. при мощности 10 ваг./сут. (5.9 суток работы) — подсыл закрыт во все периоды.
  [d_idx   76] Саханская (МСК) | тип=Прочие | ЕТСНГ=011005 | период=2 | отправка=Повагонная | не закрыто 1 из 1 ваг.
    ПРИЧИНА: нет ни одной допустимой дуги — закрыть невозможно текущими данными. Отбраковка пар со всеми 499 узлами предложения:
             нет тарифа 0, несовм. тип 0, грязный ЕТСНГ 63, дальше потолка расстояния 38, бизнес-правила дорог (инотерритория/дефицит) 102, станция закрыта очередью (правило 4) 296, конвенция РЖД 0, нарушение срока 0.
             на станции 16 ваг. при мощности 3 ваг./сут. (5.3 суток работы) — подсыл закрыт во все периоды.
  [d_idx  129] Ольха (ЮВС) | тип=Прочие | ЕТСНГ=542072 | период=2 | отправка=Повагонная | не закрыто 8 из 8 ваг.
    ПРИЧИНА: нет ни одной допустимой дуги — закрыть невозможно текущими данными. Отбраковка пар со всеми 499 узлами предложения:
             нет тарифа 0, несовм. тип 0, грязный ЕТСНГ 62, дальше потолка расстояния 37, бизнес-правила дорог (инотерритория/дефицит) 93, станция закрыта очередью (правило 4) 307, конвенция РЖД 0, нарушение срока 0.
             на станции 46 ваг. при мощности 7 ваг./сут. (6.6 суток работы) — подсыл закрыт во все периоды.
  [d_idx  147] Руденск (БЕЛ) | тип=Прочие | ЕТСНГ=014003 | период=2 | отправка=Повагонная | не закрыто 18 из 18 ваг.
    ПРИЧИНА: нет ни одной допустимой дуги — закрыть невозможно текущими данными. Отбраковка пар со всеми 499 узлами предложения:
             нет тарифа 9, несовм. тип 0, грязный ЕТСНГ 64, дальше потолка расстояния 38, бизнес-правила дорог (инотерритория/дефицит) 337, станция закрыта очередью (правило 4) 51, конвенция РЖД 0, нарушение срока 0.
             на станции 59 ваг. при мощности 10 ваг./сут. (5.9 суток работы) — подсыл закрыт во все периоды.
  [d_idx  148] Руденск (БЕЛ) | тип=Прочие | ЕТСНГ=014003 | период=2 | отправка=Повагонная | не закрыто 10 из 10 ваг.
    ПРИЧИНА: нет ни одной допустимой дуги — закрыть невозможно текущими данными. Отбраковка пар со всеми 499 узлами предложения:
             нет тарифа 9, несовм. тип 0, грязный ЕТСНГ 63, дальше потолка расстояния 38, бизнес-правила дорог (инотерритория/дефицит) 338, станция закрыта очередью (правило 4) 51, конвенция РЖД 0, нарушение срока 0.
             на станции 59 ваг. при мощности 10 ваг./сут. (5.9 суток работы) — подсыл закрыт во все периоды.
  [d_idx  149] Озинки (ПРВ) | тип=Прочие | ЕТСНГ=011005 | период=2 | отправка=Повагонная | не закрыто 8 из 8 ваг.
    ПРИЧИНА: нет ни одной допустимой дуги — закрыть невозможно текущими данными. Отбраковка пар со всеми 499 узлами предложения:
             нет тарифа 4, несовм. тип 0, грязный ЕТСНГ 64, дальше потолка расстояния 37, бизнес-правила дорог (инотерритория/дефицит) 109, станция закрыта очередью (правило 4) 285, конвенция РЖД 0, нарушение срока 0.
             на станции 60 ваг. при мощности 10 ваг./сут. (6.0 суток работы) — подсыл закрыт во все периоды.
  [d_idx  182] Руденск (БЕЛ) | тип=Прочие | ЕТСНГ=014003 | период=3 | отправка=Повагонная | не закрыто 15 из 15 ваг.
    ПРИЧИНА: нет ни одной допустимой дуги — закрыть невозможно текущими данными. Отбраковка пар со всеми 499 узлами предложения:
             нет тарифа 9, несовм. тип 0, грязный ЕТСНГ 64, дальше потолка расстояния 38, бизнес-правила дорог (инотерритория/дефицит) 337, станция закрыта очередью (правило 4) 51, конвенция РЖД 0, нарушение срока 0.
             на станции 59 ваг. при мощности 10 ваг./сут. (5.9 суток работы) — подсыл закрыт во все периоды.
  [d_idx  183] Озинки (ПРВ) | тип=Прочие | ЕТСНГ=011005 | период=3 | отправка=Повагонная | не закрыто 5 из 5 ваг.
    ПРИЧИНА: нет ни одной допустимой дуги — закрыть невозможно текущими данными. Отбраковка пар со всеми 499 узлами предложения:
             нет тарифа 4, несовм. тип 0, грязный ЕТСНГ 63, дальше потолка расстояния 37, бизнес-правила дорог (инотерритория/дефицит) 110, станция закрыта очередью (правило 4) 285, конвенция РЖД 0, нарушение срока 0.
             на станции 60 ваг. при мощности 10 ваг./сут. (6.0 суток работы) — подсыл закрыт во все периоды.
  [d_idx  185] Саханская (МСК) | тип=Прочие | ЕТСНГ=011005 | период=4 | отправка=Повагонная | не закрыто 10 из 10 ваг.
    ПРИЧИНА: нет ни одной допустимой дуги — закрыть невозможно текущими данными. Отбраковка пар со всеми 499 узлами предложения:
             нет тарифа 0, несовм. тип 0, грязный ЕТСНГ 65, дальше потолка расстояния 38, бизнес-правила дорог (инотерритория/дефицит) 100, станция закрыта очередью (правило 4) 296, конвенция РЖД 0, нарушение срока 0.
             на станции 16 ваг. при мощности 3 ваг./сут. (5.3 суток работы) — подсыл закрыт во все периоды.
  [d_idx  200] Выселки (СКВ) | тип=Прочие | ЕТСНГ=542296 | период=4 | отправка=Повагонная | не закрыто 3 из 3 ваг.
    ПРИЧИНА: нет ни одной допустимой дуги — закрыть невозможно текущими данными. Отбраковка пар со всеми 499 узлами предложения:
             нет тарифа 22, несовм. тип 0, грязный ЕТСНГ 65, дальше потолка расстояния 38, бизнес-правила дорог (инотерритория/дефицит) 117, станция закрыта очередью (правило 4) 257, конвенция РЖД 0, нарушение срока 0.
             на станции 46 ваг. при мощности 6 ваг./сут. (7.7 суток работы) — подсыл закрыт во все периоды.
  [d_idx  272] Руденск (БЕЛ) | тип=Прочие | ЕТСНГ=014003 | период=4 | отправка=Повагонная | не закрыто 20 из 20 ваг.
    ПРИЧИНА: нет ни одной допустимой дуги — закрыть невозможно текущими данными. Отбраковка пар со всеми 499 узлами предложения:
             нет тарифа 9, несовм. тип 0, грязный ЕТСНГ 64, дальше потолка расстояния 38, бизнес-правила дорог (инотерритория/дефицит) 337, станция закрыта очередью (правило 4) 51, конвенция РЖД 0, нарушение срока 0.
             на станции 59 ваг. при мощности 10 ваг./сут. (5.9 суток работы) — подсыл закрыт во все периоды.
  [d_idx  273] Озинки (ПРВ) | тип=Прочие | ЕТСНГ=011005 | период=4 | отправка=Повагонная | не закрыто 13 из 13 ваг.
    ПРИЧИНА: нет ни одной допустимой дуги — закрыть невозможно текущими данными. Отбраковка пар со всеми 499 узлами предложения:
             нет тарифа 4, несовм. тип 0, грязный ЕТСНГ 64, дальше потолка расстояния 37, бизнес-правила дорог (инотерритория/дефицит) 109, станция закрыта очередью (правило 4) 285, конвенция РЖД 0, нарушение срока 0.
             на станции 60 ваг. при мощности 10 ваг./сут. (6.0 суток работы) — подсыл закрыт во все периоды.
  [d_idx  274] Озинки (ПРВ) | тип=Прочие | ЕТСНГ=011005 | период=4 | отправка=Повагонная | не закрыто 9 из 9 ваг.
    ПРИЧИНА: нет ни одной допустимой дуги — закрыть невозможно текущими данными. Отбраковка пар со всеми 499 узлами предложения:
             нет тарифа 4, несовм. тип 0, грязный ЕТСНГ 65, дальше потолка расстояния 37, бизнес-правила дорог (инотерритория/дефицит) 108, станция закрыта очередью (правило 4) 285, конвенция РЖД 0, нарушение срока 0.
             на станции 60 ваг. при мощности 10 ваг./сут. (6.0 суток работы) — подсыл закрыт во все периоды.

  СВОДКА ПО ПРИЧИНАМ:
    нет допустимых дуг (структурно)        узлов:  14, вагонов:  174

  ЗАКРЫВАЕМОСТЬ (по реальному связывающему ограничению):
    структурно недостижимо (нет дуг):           174 ваг.  — нужны новые тарифы / смягчение жёстких фильтров
    упёрто в квоту ДМЗИ (инфраструктура):          0 ваг.  — поможет только повышение квоты на дороге
    держит MIN_BATCH (квота ДМЗИ ещё есть):        0 ваг.  — поможет смягчение партии (middle 0 / масс. 0 / маршр. 0)
    прочее (конкуренция / экономика штрафа):       0 ваг.
--------------------------------
--- УТИЛИЗАЦИЯ КВОТ ДМЗИ ---
  ВСБ  период  1:    0 из    5 ваг.
  ВСБ  период 10:    0 из    7 ваг.
  ГОР  период  1:   23 из  371 ваг.
  ГОР  период 10:   25 из  531 ваг.
  ЗАБ  период  1:    0 из   25 ваг.
  ЗАБ  период 10:    6 из   35 ваг.
  ЗСБ  период  1:   51 из  834 ваг.
  ЗСБ  период 10:   70 из 1168 ваг.
  КБШ  период  1:  402 из  930 ваг.
  КБШ  период 10:  368 из 1338 ваг.
  КРС  период  1:    0 из   10 ваг.
  КРС  период 10:    0 из   14 ваг.
  МСК  период  1:   73 из  749 ваг.
  МСК  период 10:  365 из 1049 ваг.
  ОКТ  период  1:    0 из  323 ваг.
  ОКТ  период 10:    0 из  453 ваг.
  ПРВ  период  1:   96 из 1006 ваг.
  ПРВ  период 10:  181 из 1436 ваг.
  СВР  период  1:    0 из  574 ваг.
  СВР  период 10:    0 из  808 ваг.
  СЕВ  период  1:    0 из   75 ваг.
  СЕВ  период 10:    0 из  105 ваг.
  СКВ  период  1:  115 из  335 ваг.
  СКВ  период 10:  104 из  469 ваг.
  ЮВС  период  1:  417 из 1396 ваг.
  ЮВС  период 10:  439 из 2018 ваг.
  ЮУР  период  1:   34 из  750 ваг.
  ЮУР  период 10:   51 из 1050 ваг.
----------------------------
Тарифов до отстоя:           2278 (станций излишка 41, станций отстоя 56)
В отстой: 1898 из 1898 ваг. излишка → 53 станций отстоя, тариф 110069560 руб.; не размещено 0 ваг. (нет тарифа / ёмкость исчерпана)
Баланс отчёта оптимизации:   OK (5035 ваг. в записях = 5035 ваг. предложения)
Записей в отчёте (Excel):    909 (789 оптим. + 38 по факту + 82 в ремонт) / 5363 вагонов
  → в POST АПИ (период 1):   276 записей / 1533 вагонов
  → исключено (предл. 10, дислокация): 633 записей / 3830 вагонов
Чекпоинт сохранён:           tmp/checkpoint_2026-09-18_11-09-12.xlsx

======= РЕЗУЛЬТАТЫ ОПТИМИЗАЦИИ =======
Статус решателя:      MIP Optimal (gap=0.008%)
Назначено вагонов:    3137
Избыток предложения:  1898 ваг. (dummy-спрос)
  остаток по периодам предложения: p1=83 p10=1815 прочие=0
  из них в отстой (этап 2): 1898 ваг.
Неудовл. спрос:       174 ваг. (dummy-предложение)
Суммарная стоимость:  207565727 руб.
======================================

Результат сохранён:          tmp/result_20260918_110912.json
[SUCCESS] railoptim завершил работу успешно.
[Пт 18 сен 2026 12:30:00 MSK] Запуск: /home/atretyakov/railoptim/app/bin/railoptim (env=prod, MIP_WARM_START=on, INCLUDE_PERIOD10=off)
stations_geo: 19494 записей, data/stations/stations_geo.sqlite (baltic=671, china_mongolia=339, cis=6263, ru=11848, south_caucasus=373)
Получено узлов спроса (погрузка): 365 или 5322 вагонов
Бизнес-правила (business_rules.json): потолок подсыла 6000 км; инотерриторий 21 (исключений 3); дефицитных дорог 6 (вывоз ≤ 300 км, надбавка 30000 руб.); проверка ГУ-12 вкл.; загруженность станций (правило 4) закрытие при Q ≥ 5×C, очередь ≤ 1×C без ожидания, штраф ожидания 5000 руб./сут.; конвенции РЖД (правило 5) вкл.; грязный под свой груз (правило 6): промывочный маршрут +10000+40000 руб., потолок ≤ 1.00 × промывочного маршрута, поощрение 0.50 × (тариф до промывки + промывка); ремонт (правило 7): 15 сут. / инотерритория 45 сут.; иномойка (правило 8): 21 дорог образования, капризных 1 (надбавка 30000 руб. при предложении > 1.20 × спроса); поправка периода 1 по расстоянию: выкл. (режим --day1: без периода 10 не применяется)
Конвенции (правило 5, conv-redis): 127.0.0.1:6379/0 HASH `telegrams_db` — 67 записей в Redis, в сервис взято 8 действующих → data/conventions_from_redis.json
  в HASH не взяты (истёкшие/вне горизонта/без дат, в память не кладём): истекло 53, ещё не началось 0, без дат 0; битый JSON 0
  отброшено из действующих по дате: класс Others/ошибка 6, только КЗХ 0, нечем матчить 0
  действующих: 8 (Empty 2, All 5, Grain 1; из них промывка/ремонт/отстой 0)
    · №19412 All | назн.ЕСР 207603,207406,207302,206507,206704 | все получатели | 2026-09-01…2026-12-31 | все грузы
    · №19692 All | назн.ЕСР 434231,434301,434405,436203 | все получатели | 2026-09-01…2026-09-30 | все грузы
    · №20514 Grain | назн.ЕСР 521001,520901 | по ОКПО/имени | 2026-09-13…2026-10-12 | пшеница
    · №27638 Empty | назн.дороги УЗБ | все получатели | 2025-11-11…3000-01-01 | Порожние вагоны
    · №4810 All | назн.ЕСР 436701 | все получатели | 2026-03-05…3000-01-01 | все грузы
    · №4811 Empty | назн.ЕСР 434208,434104 | все получатели | 2026-03-05…3000-01-01 | Порожние вагоны
    · №7659 All | назн.ЕСР 436701 | все получатели | 2026-04-06…2026-09-30 | все грузы
    · №7660 All | назн.ЕСР 434208,434104 | все получатели | 2026-04-06…2026-09-30 | все грузы
  индекс: 8 правил; ЕСР погрузки 12, ЕСР назн.груза 14, dest-дороги 1, dep-дороги 0, dep-ЕСР 0, пары dep→dest 0; все получатели 7, с ОКПО/именем 1; без ключей 0
  ЕСР погрузки (Empty/All): 206507, 206704, 207302, 207406, 207603, 434104, 434208, 434231, 434301, 434405, 436203, 436701
  ЕСР назн.груза (Grain/All): 206507, 206704, 207302, 207406, 207603, 434104, 434208, 434231, 434301, 434405, 436203, 436701, 520901, 521001
  dest-дороги: УЗБ
Дороги-инотерритории для ГУ-12 (ForeignRailways): 21
GU12_STATS={"periods": ["0:4", "5:7", "8:9", "10:14"], "rows": 856, "stations": 274, "rows_without_okpo": 62, "cars_by_period": [8312, 4656, 2723, 4721]}
Спрос с учётом ГУ-12 (правило 3): 277 узлов или 3357 вагонов (было 365 / 5322)
  заявок ГУ-12 согласованных: 856 строк / 274 станций (на станциях без спроса: 411)
  по периодам 1..4, ваг.: было [1331, 1467, 773, 1751] → стало [975, 913, 383, 1086]
  сопоставлено узлов: по ОКПО 303, по имени грузоотправителя 0, пропорционально по станции 11
  урезано до ГУ-12: 67 узлов / −762 ваг.; без заявки ГУ-12 (исключены): 88 узлов / 1203 ваг.; инотерритория (без проверки): 32 узлов / 399 ваг.
Получено узлов предложения 1 сут.:  180 или 1533 вагонов
Дислокация 2-10 сут. (период 10): пропущена (INCLUDE_PERIOD10=off) — оптимизация только по вагонам 1-х суток
Получено узлов предложения всего:  180 или 1533 вагонов
  свободных для назначения:  123 или 1434 вагонов
  требуют ремонта (В ремонт):21 или 35 вагонов
  по факту (Assigned):       36 или 64 вагонов
Дороги иномойки (правило 8, ForeignWashedRoads): 21
Коды «уже промыт/ремонт» (WashedEmptyEtsngCodes): 2
Ban-list чужих владельцев отстоя (reserve_owners.json): 4 пар (станция+ОКПО)
Узлов спроса (промывка):     36 или мощность в период 5 суток 2795 вагонов
  предложений с ЕТСНГ из списка промывки: 12 вагонов (освобождены по правилу 8 / иномойка: 7; из них есть узел погрузки с тем же ЕТСНГ на любой станции — альтернатива промывке по спросу: 10 вагонов)
Получено тарифов:            10771
Загружено ремонтных станций: 102
Тарифов до ремонтных ст.:    1224
Тарифов до промывки (с надбавкой 10000+40000=50000 руб.): 170
Ограничения ДМЗИ:            14 дорог (98 записей Ostatok)
  ВСБ  период 1 ≤    5, период 10 ≤    7 ваг.
  ГОР  период 1 ≤  371, период 10 ≤  531 ваг.
  ЗАБ  период 1 ≤   25, период 10 ≤   35 ваг.
  ЗСБ  период 1 ≤  834, период 10 ≤ 1168 ваг.
  КБШ  период 1 ≤  930, период 10 ≤ 1338 ваг.
  КРС  период 1 ≤   10, период 10 ≤   14 ваг.
  МСК  период 1 ≤  749, период 10 ≤ 1049 ваг.
  ОКТ  период 1 ≤  323, период 10 ≤  453 ваг.
  ПРВ  период 1 ≤ 1006, период 10 ≤ 1436 ваг.
  СВР  период 1 ≤  574, период 10 ≤  808 ваг.
  СЕВ  период 1 ≤   75, период 10 ≤  105 ваг.
  СКВ  период 1 ≤  335, период 10 ≤  469 ваг.
  ЮВС  период 1 ≤ 1396, период 10 ≤ 2018 ваг.
  ЮУР  период 1 ≤  750, период 10 ≤ 1050 ваг.
БД отстоя обновлена:         получено 27 / записано 27 / без etran_id 0
Узлы отстоя (резервы):       83 узлов / ёмкость 2729 ваг. (записей в БД 224, дублей 0, отфильтровано 141, чужих по ban-list 461)
FREE_LOADROADS_STATS={"date_from": "2026-03-18", "date_to": "2026-09-18", "load_station_codes": 495, "cars_on_station_rows": 1901, "cars_total": 78562}
Свободные ёмкости путей:     104 крупных станций -> data/load_stations_free_capacity.json
Загруженность станций (правило 4): мощность известна у 710 станций справочника; станций спроса 125, проверено 103, без мощности 22
  закрыто станций: 5 (14 узлов / 174 ваг. спроса); с очередью (ожидание подсыла): 21; станций с несколькими грузоотправителями: 12; грузоотправителей с разным CarsOnStation по узлам: 23
    · закрыта Выселки (СКВ): на станции 46 ваг., мощность 6 ваг./сут. (7.7 сут. работы)
    · закрыта Ольха (ЮВС): на станции 46 ваг., мощность 7 ваг./сут. (6.6 сут. работы)
    · закрыта Озинки (ПРВ): на станции 60 ваг., мощность 10 ваг./сут. (6.0 сут. работы)
    · закрыта Руденск (БЕЛ): на станции 59 ваг., мощность 10 ваг./сут. (5.9 сут. работы)
    · закрыта Саханская (МСК): на станции 16 ваг., мощность 3 ваг./сут. (5.3 сут. работы)
    · очередь Кубанская (СКВ): на станции 62 ваг., мощность 20 ваг./сут. — подсыл не раньше 3-х суток
    · очередь Кореновск (СКВ): на станции 56 ваг., мощность 17 ваг./сут. — подсыл не раньше 3-х суток
    · очередь Красногвардеец (ЮУР): на станции 34 ваг., мощность 11 ваг./сут. — подсыл не раньше 3-х суток
    · очередь Плавск (МСК): на станции 19 ваг., мощность 6 ваг./сут. — подсыл не раньше 3-х суток
    · очередь Заречная (СКВ): на станции 123 ваг., мощность 60 ваг./сут. — подсыл не раньше 2-х суток
    · очередь Чернышков (ПРВ): на станции 43 ваг., мощность 20 ваг./сут. — подсыл не раньше 2-х суток
    · очередь Кантемировка (ЮВС): на станции 38 ваг., мощность 16 ваг./сут. — подсыл не раньше 2-х суток
    · очередь Янаул (ГОР): на станции 26 ваг., мощность 11 ваг./сут. — подсыл не раньше 2-х суток
    · очередь Улусарка (ЮВС): на станции 78 ваг., мощность 45 ваг./сут. — подсыл не раньше 1-х суток
    · очередь Зимовники (СКВ): на станции 39 ваг., мощность 33 ваг./сут. — подсыл не раньше 1-х суток
    · ...ещё 11 станций с очередью
Всего пар supply×demand:     38499
  без тарифа:                        4989 (13.0%)
  нарушение срока (жёстко):          0 (0.0%)
  несовм. тип вагона:                910 (2.4%)
  грязный вагон → чужой ЕТСНГ (правило 6): 1608 (4.2%)
  грязный: погрузка дороже промывочного маршрута → в промывку (правило 6): 1 (0.0%)
  погрузка дальше потолка расстояния (6000 км): 3730 (9.7%)
  инотерритория (правило 1):           1916 (5.0%)
  вывоз с дефицитной дороги (правило 2): 4130 (10.7%)
  станция закрыта очередью (правило 4): 719 (1.9%)
  конвенция РЖД (правило 5):           0 (0.0%)
  допустимых дуг с надбавкой по правилам: 306 (0.8%)
  допустимых дуг с ожиданием в очереди станции (правило 4): 0 (0.0%)
  допустимых дуг «грязный → свой груз» с поощрением (правило 6): 18 (0.0%), в среднем 17086 руб./дугу
  допустимых дуг со штрафом за срок:   10780 (28.0%)
  допустимых дуг всего в LP:      20496 (53.2%)
Ограничения партии (MIN_BATCH): массовая выгрузка — 452 дуг / 206 пар; средние станции — 7779 дуг / 958 пар (станций образования: 17, погрузки: 73)
  маршрутные отправки (B=10): 462 дуг / 64 пар (станций образования: 16, маршрутных станций погрузки: 4)
--- АНАЛИЗ РЕСУРСОВ ---
Предложение: 1434 ваг.
Спрос (погрузка): 3357 ваг.
Ёмкость промывки (верх): 2795 ваг.
Статус: ДЕФИЦИТ  (1923 ваг. — штрафные дуги)
-----------------------
Штраф за остаток грязных вагонов (дефицит): 150000 руб./ваг. вместо 5000 — узлов 6, вагонов 10 (промывка выгоднее отстоя)
--- ЖАДНОЕ РЕШЕНИЕ ---
Назначений:            234 шт.
Назначено вагонов:     1375 / 3357 спрос (погрузка), 1434 предложение
Суммарная стоимость:   73098089.27 руб.
Неудовлетворён спрос:  1988 ваг.
Избыток предложения:   59 ваг.
Покрытие спроса (погр.): 41.0%
----------------------
MIP warm-start: ON (greedy) (управляется env MIP_WARM_START={on|off}, по умолч. on)
--- MIP РЕШЕНИЕ ---
Статус:                MIP Optimal (gap=0.000%)
Назначено вагонов:     1390 / 3357 спрос (погрузка), 1434 предложение
Суммарная стоимость:   74794142.27 руб.
Неудовлетворён спрос:  1973 ваг.
Избыток предложения:   44 ваг.
Покрытие спроса (погр.): 41.4%
-------------------
MIP время: 1.37 сек (warm-start: ON)
MIP диагностика: status=Optimal, gap=0.0001%, undist=2017 (unmet=1973, excess=44), real_cost=74794142.27
MIP vs greedy:   greedy undist=2047 (unmet=1988, excess=59), real_cost=73098089.27  →  Δundist=-30, Δcost=+1696053.00
  ВНИМАНИЕ: MIP не закрыл 1973 ваг. спроса на погрузку (unmet > 0). Возможные причины:
           (а) PENALTY_UNMET ниже стоимости единственно допустимых плеч,
           (б) HiGHS остановился по rel_gap до закрытия всего спроса.
--- ДИАГНОСТИКА EXCESS SUPPLY (44 ваг. в 4 узлах) ---
  [s_idx   74] Владивосток (Экспорт) | тип=БКТ | ЕТСНГ=011005 | period=1 | mass_unload=false | осталось 16 из 16 ваг.
    ПРИЧИНА: все Load-спросы уже закрыты (Load-дуг 3, Wash-дуг 0; везде rem_demand=0).
  [s_idx   75] Владивосток (Экспорт) | тип=БК | ЕТСНГ=011005 | period=1 | mass_unload=false | осталось 7 из 7 ваг.
    ПРИЧИНА: все Load-спросы уже закрыты (Load-дуг 3, Wash-дуг 0; везде rem_demand=0).
  [s_idx   76] Владивосток (Экспорт) | тип=Т | ЕТСНГ=011005 | period=1 | mass_unload=false | осталось 16 из 16 ваг.
    ПРИЧИНА: все Load-спросы уже закрыты (Load-дуг 3, Wash-дуг 0; везде rem_demand=0).
  [s_idx   80] Владивосток (Экспорт) | тип=Прочие | ЕТСНГ=011005 | period=1 | mass_unload=false | осталось 5 из 8 ваг.
    ПРИЧИНА: все Load-спросы уже закрыты (Load-дуг 3, Wash-дуг 0; везде rem_demand=0).

  СВОДКА ПО ПРИЧИНАМ:
    все Load-адресаты закрыты           узлов:   4, вагонов:   44
---------------------------------
MIP нашёл глобальный оптимум (gap=0.0001%) — фаза ALNS пропущена.
--- ДИАГНОСТИКА UNMET DEMAND (1973 ваг. в 174 узлах) ---
  [d_idx    0] Балаково (ПРВ) | тип=Прочие | ЕТСНГ=542239 | период=1 | отправка=Повагонная | не закрыто 9 из 10 ваг.
    ПРИЧИНА: дуги есть (84 шт.), но все совместимые узлы предложения исчерпаны — вагоны ушли на другие заявки (конкуренция за предложение).
  [d_idx    2] Жердевка (ЮВС) | тип=Прочие | ЕТСНГ=014003 | период=1 | отправка=Повагонная | не закрыто 22 из 22 ваг.
    ПРИЧИНА: дуги есть (81 шт.), но все совместимые узлы предложения исчерпаны — вагоны ушли на другие заявки (конкуренция за предложение).
  [d_idx    3] Ржакса (ЮВС) | тип=Прочие | ЕТСНГ=011005 | период=1 | отправка=Повагонная | не закрыто 5 из 5 ваг.
    ПРИЧИНА: дуги есть (75 шт.), но все совместимые узлы предложения исчерпаны — вагоны ушли на другие заявки (конкуренция за предложение).
  [d_idx    4] Кшень (МСК) | тип=Прочие | ЕТСНГ=542072 | период=1 | отправка=Повагонная | не закрыто 20 из 20 ваг.
    ПРИЧИНА: дуги есть (78 шт.), но все совместимые узлы предложения исчерпаны — вагоны ушли на другие заявки (конкуренция за предложение).
  [d_idx    5] Улусарка (ЮВС) | тип=БКТ | ЕТСНГ=011005 | период=1 | отправка=Маршрутная | не закрыто 2 из 2 ваг.
    ПРИЧИНА: дуги есть (25 шт.), но все совместимые узлы предложения исчерпаны — вагоны ушли на другие заявки (конкуренция за предложение).
  [d_idx    6] Елань-Камышинская (ЮВС) | тип=Прочие | ЕТСНГ=011005 | период=1 | отправка=Повагонная | не закрыто 1 из 1 ваг.
    ПРИЧИНА: дуги есть (76 шт.), но все совместимые узлы предложения исчерпаны — вагоны ушли на другие заявки (конкуренция за предложение).
  [d_idx    9] Теренсай (ЮУР) | тип=Прочие | ЕТСНГ=014003 | период=1 | отправка=Повагонная | не закрыто 10 из 10 ваг.
    ПРИЧИНА: дуги есть (87 шт.), но все совместимые узлы предложения исчерпаны — вагоны ушли на другие заявки (конкуренция за предложение).
  [d_idx   10] Теренсай (ЮУР) | тип=Прочие | ЕТСНГ=011005 | период=1 | отправка=Повагонная | не закрыто 1 из 2 ваг.
    ПРИЧИНА: дуги есть (87 шт.), но все совместимые узлы предложения исчерпаны — вагоны ушли на другие заявки (конкуренция за предложение).
  [d_idx   11] Вернадовка (КБШ) | тип=Прочие | ЕТСНГ=011005 | период=1 | отправка=Повагонная | не закрыто 30 из 30 ваг.
    ПРИЧИНА: дуги есть (83 шт.), но все совместимые узлы предложения исчерпаны — вагоны ушли на другие заявки (конкуренция за предложение).
  [d_idx   12] Асекеево (КБШ) | тип=Прочие | ЕТСНГ=011005 | период=1 | отправка=Повагонная | не закрыто 16 из 16 ваг.
    ПРИЧИНА: дуги есть (80 шт.), но все совместимые узлы предложения исчерпаны — вагоны ушли на другие заявки (конкуренция за предложение).
  [d_idx   13] Буздяк (КБШ) | тип=Прочие | ЕТСНГ=011005 | период=1 | отправка=Повагонная | не закрыто 3 из 5 ваг.
    ПРИЧИНА: дуги есть (80 шт.), но все совместимые узлы предложения исчерпаны — вагоны ушли на другие заявки (конкуренция за предложение).
  [d_idx   14] Димитровград (КБШ) | тип=Прочие | ЕТСНГ=011005 | период=1 | отправка=Повагонная | не закрыто 2 из 2 ваг.
    ПРИЧИНА: дуги есть (88 шт.), но все совместимые узлы предложения исчерпаны — вагоны ушли на другие заявки (конкуренция за предложение).
  [d_idx   15] Белинская (КБШ) | тип=Прочие | ЕТСНГ=011005 | период=1 | отправка=Повагонная | не закрыто 6 из 6 ваг.
    ПРИЧИНА: дуги есть (84 шт.), но все совместимые узлы предложения исчерпаны — вагоны ушли на другие заявки (конкуренция за предложение).
  [d_idx   16] Перелешино (ЮВС) | тип=Прочие | ЕТСНГ=542072 | период=1 | отправка=Повагонная | не закрыто 20 из 20 ваг.
    ПРИЧИНА: дуги есть (82 шт.), но все совместимые узлы предложения исчерпаны — вагоны ушли на другие заявки (конкуренция за предложение).
  [d_idx   17] Алексеевка (ЮВС) | тип=Прочие | ЕТСНГ=542239 | период=1 | отправка=Повагонная | не закрыто 4 из 4 ваг.
    ПРИЧИНА: дуги есть (82 шт.), но все совместимые узлы предложения исчерпаны — вагоны ушли на другие заявки (конкуренция за предложение).
  [d_idx   18] Алексеевка (ЮВС) | тип=Прочие | ЕТСНГ=542224 | период=1 | отправка=Повагонная | не закрыто 3 из 3 ваг.
    ПРИЧИНА: дуги есть (84 шт.), но все совместимые узлы предложения исчерпаны — вагоны ушли на другие заявки (конкуренция за предложение).
  [d_idx   19] Алексеевка (ЮВС) | тип=Прочие | ЕТСНГ=542224 | период=1 | отправка=Повагонная | не закрыто 4 из 4 ваг.
    ПРИЧИНА: дуги есть (84 шт.), но все совместимые узлы предложения исчерпаны — вагоны ушли на другие заявки (конкуренция за предложение).
  [d_idx   20] Зимовники (СКВ) | тип=Прочие | ЕТСНГ=011005 | период=1 | отправка=Повагонная | не закрыто 5 из 5 ваг.
    ПРИЧИНА: дуги есть (82 шт.), но все совместимые узлы предложения исчерпаны — вагоны ушли на другие заявки (конкуренция за предложение).
  [d_idx   21] Приютово (КБШ) | тип=БКТ | ЕТСНГ=011005 | период=1 | отправка=Повагонная | не закрыто 4 из 4 ваг.
    ПРИЧИНА: дуги есть (26 шт.), но все совместимые узлы предложения исчерпаны — вагоны ушли на другие заявки (конкуренция за предложение).
  [d_idx   22] Приютово (КБШ) | тип=Прочие | ЕТСНГ=011005 | период=1 | отправка=Повагонная | не закрыто 5 из 5 ваг.
    ПРИЧИНА: дуги есть (84 шт.), но все совместимые узлы предложения исчерпаны — вагоны ушли на другие заявки (конкуренция за предложение).
  [d_idx   23] Ольховатка (ЮВС) | тип=Прочие | ЕТСНГ=542072 | период=1 | отправка=Повагонная | не закрыто 2 из 2 ваг.
    ПРИЧИНА: дуги есть (82 шт.), но все совместимые узлы предложения исчерпаны — вагоны ушли на другие заявки (конкуренция за предложение).
  [d_idx   25] Добринка (ЮВС) | тип=Прочие | ЕТСНГ=011005 | период=1 | отправка=Повагонная | не закрыто 7 из 7 ваг.
    ПРИЧИНА: дуги есть (83 шт.), но все совместимые узлы предложения исчерпаны — вагоны ушли на другие заявки (конкуренция за предложение).
  [d_idx   27] Плавица (ЮВС) | тип=Прочие | ЕТСНГ=011005 | период=1 | отправка=Повагонная | не закрыто 18 из 18 ваг.
    ПРИЧИНА: дуги есть (83 шт.), но все совместимые узлы предложения исчерпаны — вагоны ушли на другие заявки (конкуренция за предложение).
  [d_idx   29] Тамала (ЮВС) | тип=БКТ | ЕТСНГ=011005 | период=1 | отправка=Повагонная | не закрыто 10 из 10 ваг.
    ПРИЧИНА: дуги есть (25 шт.), но все совместимые узлы предложения исчерпаны — вагоны ушли на другие заявки (конкуренция за предложение).
  [d_idx   33] Новоперелюбская (ПРВ) | тип=Прочие | ЕТСНГ=011005 | период=1 | отправка=Повагонная | не закрыто 4 из 4 ваг.
    ПРИЧИНА: дуги есть (69 шт.), но все совместимые узлы предложения исчерпаны — вагоны ушли на другие заявки (конкуренция за предложение).
  [d_idx   34] Новоперелюбская (ПРВ) | тип=Прочие | ЕТСНГ=011005 | период=1 | отправка=Повагонная | не закрыто 11 из 11 ваг.
    ПРИЧИНА: дуги есть (69 шт.), но все совместимые узлы предложения исчерпаны — вагоны ушли на другие заявки (конкуренция за предложение).
  [d_idx   35] Красногвардеец (ЮУР) | тип=Прочие | ЕТСНГ=011005 | период=1 | отправка=Повагонная | не закрыто 5 из 5 ваг.
    ПРИЧИНА: дуги есть (82 шт.), но все совместимые узлы предложения исчерпаны — вагоны ушли на другие заявки (конкуренция за предложение).
  [d_idx   36] Кривецкая (ЮВС) | тип=Прочие | ЕТСНГ=542072 | период=1 | отправка=Повагонная | не закрыто 20 из 20 ваг.
    ПРИЧИНА: дуги есть (78 шт.), но все совместимые узлы предложения исчерпаны — вагоны ушли на другие заявки (конкуренция за предложение).
  [d_idx   38] Земетчино (КБШ) | тип=Прочие | ЕТСНГ=542072 | период=1 | отправка=Повагонная | не закрыто 20 из 20 ваг.
    ПРИЧИНА: дуги есть (88 шт.), но все совместимые узлы предложения исчерпаны — вагоны ушли на другие заявки (конкуренция за предложение).
  [d_idx   39] Тополек (ПРВ) | тип=Прочие | ЕТСНГ=011005 | период=1 | отправка=Повагонная | не закрыто 20 из 20 ваг.
    ПРИЧИНА: дуги есть (85 шт.), но все совместимые узлы предложения исчерпаны — вагоны ушли на другие заявки (конкуренция за предложение).
  [d_idx   40] Кораблино (МСК) | тип=Прочие | ЕТСНГ=011005 | период=1 | отправка=Повагонная | не закрыто 14 из 16 ваг.
    ПРИЧИНА: дуги есть (86 шт.), но все совместимые узлы предложения исчерпаны — вагоны ушли на другие заявки (конкуренция за предложение).
  [d_idx   41] Кораблино (МСК) | тип=Прочие | ЕТСНГ=014003 | период=1 | отправка=Повагонная | не закрыто 4 из 5 ваг.
    ПРИЧИНА: дуги есть (86 шт.), но все совместимые узлы предложения исчерпаны — вагоны ушли на другие заявки (конкуренция за предложение).
  [d_idx   42] Обшаровка (КБШ) | тип=БКТ | ЕТСНГ=011005 | период=1 | отправка=Повагонная | не закрыто 2 из 2 ваг.
    ПРИЧИНА: дуги есть (27 шт.), но все совместимые узлы предложения исчерпаны — вагоны ушли на другие заявки (конкуренция за предложение).
  [d_idx   43] Новоспасское (КБШ) | тип=Прочие | ЕТСНГ=011005 | период=1 | отправка=Повагонная | не закрыто 12 из 12 ваг.
    ПРИЧИНА: дуги есть (88 шт.), но все совместимые узлы предложения исчерпаны — вагоны ушли на другие заявки (конкуренция за предложение).
  [d_idx   44] Плес (ПРВ) | тип=Прочие | ЕТСНГ=011005 | период=1 | отправка=Повагонная | не закрыто 1 из 1 ваг.
    ПРИЧИНА: дуги есть (61 шт.), но все совместимые узлы предложения исчерпаны — вагоны ушли на другие заявки (конкуренция за предложение).
  [d_idx   47] Карбышево 1 (ЗСБ) | тип=Прочие | ЕТСНГ=011005 | период=1 | отправка=Повагонная | не закрыто 15 из 15 ваг.
    ПРИЧИНА: дуги есть (94 шт.), но все совместимые узлы предложения исчерпаны — вагоны ушли на другие заявки (конкуренция за предложение).
  [d_idx   48] Карбышево 1 (ЗСБ) | тип=Прочие | ЕТСНГ=011005 | период=1 | отправка=Повагонная | не закрыто 9 из 12 ваг.
    ПРИЧИНА: дуги есть (94 шт.), но все совместимые узлы предложения исчерпаны — вагоны ушли на другие заявки (конкуренция за предложение).
  [d_idx   49] Придача (ЮВС) | тип=Прочие | ЕТСНГ=011005 | период=1 | отправка=Маршрутная | не закрыто 17 из 17 ваг.
    ПРИЧИНА: дуги есть (83 шт.), но все совместимые узлы предложения исчерпаны — вагоны ушли на другие заявки (конкуренция за предложение).
  [d_idx   51] Кротовка (КБШ) | тип=Прочие | ЕТСНГ=011005 | период=1 | отправка=Повагонная | не закрыто 12 из 16 ваг.
    ПРИЧИНА: дуги есть (83 шт.), но все совместимые узлы предложения исчерпаны — вагоны ушли на другие заявки (конкуренция за предложение).
  [d_idx   52] Пачелма (КБШ) | тип=Прочие | ЕТСНГ=011005 | период=1 | отправка=Повагонная | не закрыто 22 из 22 ваг.
    ПРИЧИНА: дуги есть (88 шт.), но все совместимые узлы предложения исчерпаны — вагоны ушли на другие заявки (конкуренция за предложение).
  [d_idx   53] Тюльган (КБШ) | тип=Прочие | ЕТСНГ=011005 | период=1 | отправка=Повагонная | не закрыто 12 из 12 ваг.
    ПРИЧИНА: дуги есть (79 шт.), но все совместимые узлы предложения исчерпаны — вагоны ушли на другие заявки (конкуренция за предложение).
  [d_idx   54] Карламан (КБШ) | тип=Прочие | ЕТСНГ=011005 | период=1 | отправка=Повагонная | не закрыто 35 из 35 ваг.
    ПРИЧИНА: дуги есть (88 шт.), но все совместимые узлы предложения исчерпаны — вагоны ушли на другие заявки (конкуренция за предложение).
  [d_idx   55] Лопуховка (ПРВ) | тип=Прочие | ЕТСНГ=011005 | период=1 | отправка=Повагонная | не закрыто 7 из 7 ваг.
    ПРИЧИНА: дуги есть (75 шт.), но все совместимые узлы предложения исчерпаны — вагоны ушли на другие заявки (конкуренция за предложение).
  [d_idx   56] Заречная (СКВ) | тип=Прочие | ЕТСНГ=011005 | период=1 | отправка=Повагонная | не закрыто 11 из 26 ваг.
    ПРИЧИНА: дуги есть (79 шт.), но все совместимые узлы предложения исчерпаны — вагоны ушли на другие заявки (конкуренция за предложение).
  [d_idx   58] Ольха (ЮВС) | тип=Прочие | ЕТСНГ=542072 | период=1 | отправка=Повагонная | не закрыто 35 из 35 ваг.
    ПРИЧИНА: нет ни одной допустимой дуги — закрыть невозможно текущими данными. Отбраковка пар со всеми 123 узлами предложения:
             нет тарифа 0, несовм. тип 0, грязный ЕТСНГ 6, дальше потолка расстояния 14, бизнес-правила дорог (инотерритория/дефицит) 21, станция закрыта очередью (правило 4) 82, конвенция РЖД 0, нарушение срока 0.
             на станции 46 ваг. при мощности 7 ваг./сут. (6.6 суток работы) — подсыл закрыт во все периоды.
  [d_idx   59] Верда (КБШ) | тип=Прочие | ЕТСНГ=011005 | период=1 | отправка=Повагонная | не закрыто 22 из 24 ваг.
    ПРИЧИНА: дуги есть (81 шт.), но все совместимые узлы предложения исчерпаны — вагоны ушли на другие заявки (конкуренция за предложение).
  [d_idx   60] Речица (БЕЛ) | тип=Прочие | ЕТСНГ=014003 | период=1 | отправка=Повагонная | не закрыто 1 из 1 ваг.
    ПРИЧИНА: дуги есть (1 шт.), но все совместимые узлы предложения исчерпаны — вагоны ушли на другие заявки (конкуренция за предложение).
  [d_idx   61] Алексиково (ПРВ) | тип=Прочие | ЕТСНГ=011005 | период=1 | отправка=Групповая | не закрыто 31 из 31 ваг.
    ПРИЧИНА: дуги есть (82 шт.), но все совместимые узлы предложения исчерпаны — вагоны ушли на другие заявки (конкуренция за предложение).
  [d_idx   62] Охотничья (КБШ) | тип=Прочие | ЕТСНГ=011005 | период=1 | отправка=Повагонная | не закрыто 10 из 10 ваг.
    ПРИЧИНА: дуги есть (88 шт.), но все совместимые узлы предложения исчерпаны — вагоны ушли на другие заявки (конкуренция за предложение).
  [d_idx   63] Охотничья (КБШ) | тип=Прочие | ЕТСНГ=011005 | период=1 | отправка=Повагонная | не закрыто 28 из 28 ваг.
    ПРИЧИНА: дуги есть (88 шт.), но все совместимые узлы предложения исчерпаны — вагоны ушли на другие заявки (конкуренция за предложение).
  [d_idx   64] Охотничья (КБШ) | тип=Прочие | ЕТСНГ=021100 | период=1 | отправка=Повагонная | не закрыто 3 из 3 ваг.
    ПРИЧИНА: дуги есть (88 шт.), но все совместимые узлы предложения исчерпаны — вагоны ушли на другие заявки (конкуренция за предложение).
  [d_idx   67] Кантемировка (ЮВС) | тип=Прочие | ЕТСНГ=011005 | период=1 | отправка=Повагонная | не закрыто 12 из 12 ваг.
    ПРИЧИНА: дуги есть (78 шт.), но все совместимые узлы предложения исчерпаны — вагоны ушли на другие заявки (конкуренция за предложение).
  [d_idx   69] Аллагуват (КБШ) | тип=Прочие | ЕТСНГ=011005 | период=1 | отправка=Повагонная | не закрыто 5 из 5 ваг.
    ПРИЧИНА: дуги есть (81 шт.), но все совместимые узлы предложения исчерпаны — вагоны ушли на другие заявки (конкуренция за предложение).
  [d_idx   74] Хохольская (ЮВС) | тип=БКТ | ЕТСНГ=011005 | период=1 | отправка=Повагонная | не закрыто 4 из 4 ваг.
    ПРИЧИНА: дуги есть (25 шт.), но все совместимые узлы предложения исчерпаны — вагоны ушли на другие заявки (конкуренция за предложение).
  [d_idx   75] Руденск (БЕЛ) | тип=Прочие | ЕТСНГ=014003 | период=1 | отправка=Повагонная | не закрыто 19 из 19 ваг.
    ПРИЧИНА: нет ни одной допустимой дуги — закрыть невозможно текущими данными. Отбраковка пар со всеми 123 узлами предложения:
             нет тарифа 6, несовм. тип 0, грязный ЕТСНГ 6, дальше потолка расстояния 14, бизнес-правила дорог (инотерритория/дефицит) 96, станция закрыта очередью (правило 4) 1, конвенция РЖД 0, нарушение срока 0.
             на станции 59 ваг. при мощности 10 ваг./сут. (5.9 суток работы) — подсыл закрыт во все периоды.
  [d_idx   76] Саханская (МСК) | тип=Прочие | ЕТСНГ=011005 | период=2 | отправка=Повагонная | не закрыто 1 из 1 ваг.
    ПРИЧИНА: нет ни одной допустимой дуги — закрыть невозможно текущими данными. Отбраковка пар со всеми 123 узлами предложения:
             нет тарифа 0, несовм. тип 0, грязный ЕТСНГ 6, дальше потолка расстояния 14, бизнес-правила дорог (инотерритория/дефицит) 18, станция закрыта очередью (правило 4) 85, конвенция РЖД 0, нарушение срока 0.
             на станции 16 ваг. при мощности 3 ваг./сут. (5.3 суток работы) — подсыл закрыт во все периоды.
  [d_idx   77] Жердевка (ЮВС) | тип=Прочие | ЕТСНГ=014003 | период=2 | отправка=Повагонная | не закрыто 20 из 20 ваг.
    ПРИЧИНА: дуги есть (81 шт.), но все совместимые узлы предложения исчерпаны — вагоны ушли на другие заявки (конкуренция за предложение).
  [d_idx   78] Кшень (МСК) | тип=Прочие | ЕТСНГ=542072 | период=2 | отправка=Повагонная | не закрыто 13 из 13 ваг.
    ПРИЧИНА: дуги есть (78 шт.), но все совместимые узлы предложения исчерпаны — вагоны ушли на другие заявки (конкуренция за предложение).
  [d_idx   79] Улусарка (ЮВС) | тип=Прочие | ЕТСНГ=011005 | период=2 | отправка=Маршрутная | не закрыто 8 из 8 ваг.
    ПРИЧИНА: дуги есть (83 шт.), но все совместимые узлы предложения исчерпаны — вагоны ушли на другие заявки (конкуренция за предложение).
  [d_idx   83] Ртищево 1 (ЮВС) | тип=Прочие | ЕТСНГ=011005 | период=2 | отправка=Повагонная | не закрыто 8 из 8 ваг.
    ПРИЧИНА: дуги есть (82 шт.), но все совместимые узлы предложения исчерпаны — вагоны ушли на другие заявки (конкуренция за предложение).
  [d_idx   85] Асекеево (КБШ) | тип=Прочие | ЕТСНГ=011005 | период=2 | отправка=Повагонная | не закрыто 10 из 10 ваг.
    ПРИЧИНА: дуги есть (80 шт.), но все совместимые узлы предложения исчерпаны — вагоны ушли на другие заявки (конкуренция за предложение).
  [d_idx   86] Димитровград (КБШ) | тип=Прочие | ЕТСНГ=011005 | период=2 | отправка=Повагонная | не закрыто 10 из 10 ваг.
    ПРИЧИНА: дуги есть (88 шт.), но все совместимые узлы предложения исчерпаны — вагоны ушли на другие заявки (конкуренция за предложение).
  [d_idx   87] Белинская (КБШ) | тип=Прочие | ЕТСНГ=011005 | период=2 | отправка=Повагонная | не закрыто 23 из 23 ваг.
    ПРИЧИНА: дуги есть (84 шт.), но все совместимые узлы предложения исчерпаны — вагоны ушли на другие заявки (конкуренция за предложение).
  [d_idx   88] Безенчук (КБШ) | тип=Прочие | ЕТСНГ=011005 | период=2 | отправка=Повагонная | не закрыто 8 из 8 ваг.
    ПРИЧИНА: дуги есть (89 шт.), но все совместимые узлы предложения исчерпаны — вагоны ушли на другие заявки (конкуренция за предложение).
  [d_idx   89] Ольховатка (ЮВС) | тип=Прочие | ЕТСНГ=542072 | период=2 | отправка=Повагонная | не закрыто 10 из 10 ваг.
    ПРИЧИНА: дуги есть (82 шт.), но все совместимые узлы предложения исчерпаны — вагоны ушли на другие заявки (конкуренция за предложение).
  [d_idx   93] Чуфарово (КБШ) | тип=Прочие | ЕТСНГ=011005 | период=2 | отправка=Повагонная | не закрыто 10 из 11 ваг.
    ПРИЧИНА: дуги есть (88 шт.), но все совместимые узлы предложения исчерпаны — вагоны ушли на другие заявки (конкуренция за предложение).
  [d_idx   94] Заглядино (КБШ) | тип=Прочие | ЕТСНГ=011005 | период=2 | отправка=Повагонная | не закрыто 5 из 5 ваг.
    ПРИЧИНА: дуги есть (83 шт.), но все совместимые узлы предложения исчерпаны — вагоны ушли на другие заявки (конкуренция за предложение).
  [d_idx   99] Тамала (ЮВС) | тип=БКТ | ЕТСНГ=011005 | период=2 | отправка=Повагонная | не закрыто 8 из 8 ваг.
    ПРИЧИНА: дуги есть (25 шт.), но все совместимые узлы предложения исчерпаны — вагоны ушли на другие заявки (конкуренция за предложение).
  [d_idx  100] Новосергиевская (ЮУР) | тип=Прочие | ЕТСНГ=014003 | период=2 | отправка=Повагонная | не закрыто 3 из 4 ваг.
    ПРИЧИНА: дуги есть (89 шт.), но все совместимые узлы предложения исчерпаны — вагоны ушли на другие заявки (конкуренция за предложение).
  [d_idx  101] Новоперелюбская (ПРВ) | тип=Прочие | ЕТСНГ=011005 | период=2 | отправка=Повагонная | не закрыто 13 из 13 ваг.
    ПРИЧИНА: дуги есть (69 шт.), но все совместимые узлы предложения исчерпаны — вагоны ушли на другие заявки (конкуренция за предложение).
  [d_idx  102] Калачинская (ЗСБ) | тип=Прочие | ЕТСНГ=014003 | период=2 | отправка=Повагонная | не закрыто 11 из 12 ваг.
    ПРИЧИНА: дуги есть (93 шт.), но все совместимые узлы предложения исчерпаны — вагоны ушли на другие заявки (конкуренция за предложение).
  [d_idx  103] Эртиль (ЮВС) | тип=Прочие | ЕТСНГ=542072 | период=2 | отправка=Повагонная | не закрыто 2 из 2 ваг.
    ПРИЧИНА: дуги есть (68 шт.), но все совместимые узлы предложения исчерпаны — вагоны ушли на другие заявки (конкуренция за предложение).
  [d_idx  104] Шемордан (ГОР) | тип=Прочие | ЕТСНГ=014003 | период=2 | отправка=Повагонная | не закрыто 7 из 7 ваг.
    ПРИЧИНА: дуги есть (82 шт.), но все совместимые узлы предложения исчерпаны — вагоны ушли на другие заявки (конкуренция за предложение).
  [d_idx  105] ЗИРГАН (КБШ) | тип=Прочие | ЕТСНГ=011005 | период=2 | отправка=Повагонная | не закрыто 2 из 2 ваг.
    ПРИЧИНА: дуги есть (70 шт.), но все совместимые узлы предложения исчерпаны — вагоны ушли на другие заявки (конкуренция за предложение).
  [d_idx  106] Красногвардеец (ЮУР) | тип=Прочие | ЕТСНГ=011005 | период=2 | отправка=Повагонная | не закрыто 4 из 4 ваг.
    ПРИЧИНА: дуги есть (82 шт.), но все совместимые узлы предложения исчерпаны — вагоны ушли на другие заявки (конкуренция за предложение).
  [d_idx  107] Красногвардеец (ЮУР) | тип=Прочие | ЕТСНГ=011005 | период=2 | отправка=Повагонная | не закрыто 1 из 2 ваг.
    ПРИЧИНА: дуги есть (82 шт.), но все совместимые узлы предложения исчерпаны — вагоны ушли на другие заявки (конкуренция за предложение).
  [d_idx  111] Змиевка (МСК) | тип=БКТ | ЕТСНГ=011005 | период=2 | отправка=Повагонная | не закрыто 1 из 1 ваг.
    ПРИЧИНА: дуги есть (25 шт.), но все совместимые узлы предложения исчерпаны — вагоны ушли на другие заявки (конкуренция за предложение).
  [d_idx  112] Тополек (ПРВ) | тип=Прочие | ЕТСНГ=011005 | период=2 | отправка=Повагонная | не закрыто 30 из 30 ваг.
    ПРИЧИНА: дуги есть (85 шт.), но все совместимые узлы предложения исчерпаны — вагоны ушли на другие заявки (конкуренция за предложение).
  [d_idx  114] Ключики (КБШ) | тип=Прочие | ЕТСНГ=011005 | период=2 | отправка=Повагонная | не закрыто 9 из 9 ваг.
    ПРИЧИНА: дуги есть (82 шт.), но все совместимые узлы предложения исчерпаны — вагоны ушли на другие заявки (конкуренция за предложение).
  [d_idx  117] Новоспасское (КБШ) | тип=Прочие | ЕТСНГ=011005 | период=2 | отправка=Повагонная | не закрыто 10 из 10 ваг.
    ПРИЧИНА: дуги есть (88 шт.), но все совместимые узлы предложения исчерпаны — вагоны ушли на другие заявки (конкуренция за предложение).
  [d_idx  121] Карбышево 1 (ЗСБ) | тип=Прочие | ЕТСНГ=011005 | период=2 | отправка=Повагонная | не закрыто 5 из 5 ваг.
    ПРИЧИНА: дуги есть (94 шт.), но все совместимые узлы предложения исчерпаны — вагоны ушли на другие заявки (конкуренция за предложение).
  [d_idx  122] Кротовка (КБШ) | тип=Прочие | ЕТСНГ=011005 | период=2 | отправка=Повагонная | не закрыто 8 из 8 ваг.
    ПРИЧИНА: дуги есть (83 шт.), но все совместимые узлы предложения исчерпаны — вагоны ушли на другие заявки (конкуренция за предложение).
  [d_idx  123] Пачелма (КБШ) | тип=Прочие | ЕТСНГ=011005 | период=2 | отправка=Повагонная | не закрыто 10 из 10 ваг.
    ПРИЧИНА: дуги есть (88 шт.), но все совместимые узлы предложения исчерпаны — вагоны ушли на другие заявки (конкуренция за предложение).
  [d_idx  126] Тюльган (КБШ) | тип=Прочие | ЕТСНГ=011005 | период=2 | отправка=Повагонная | не закрыто 14 из 14 ваг.
    ПРИЧИНА: дуги есть (79 шт.), но все совместимые узлы предложения исчерпаны — вагоны ушли на другие заявки (конкуренция за предложение).
  [d_idx  127] Карламан (КБШ) | тип=Прочие | ЕТСНГ=011005 | период=2 | отправка=Повагонная | не закрыто 30 из 30 ваг.
    ПРИЧИНА: дуги есть (88 шт.), но все совместимые узлы предложения исчерпаны — вагоны ушли на другие заявки (конкуренция за предложение).
  [d_idx  129] Ольха (ЮВС) | тип=Прочие | ЕТСНГ=542072 | период=2 | отправка=Повагонная | не закрыто 8 из 8 ваг.
    ПРИЧИНА: нет ни одной допустимой дуги — закрыть невозможно текущими данными. Отбраковка пар со всеми 123 узлами предложения:
             нет тарифа 0, несовм. тип 0, грязный ЕТСНГ 6, дальше потолка расстояния 14, бизнес-правила дорог (инотерритория/дефицит) 21, станция закрыта очередью (правило 4) 82, конвенция РЖД 0, нарушение срока 0.
             на станции 46 ваг. при мощности 7 ваг./сут. (6.6 суток работы) — подсыл закрыт во все периоды.
  [d_idx  131] Отрешково (МСК) | тип=Прочие | ЕТСНГ=011005 | период=2 | отправка=Маршрутная | не закрыто 8 из 21 ваг.
    ПРИЧИНА: дуги есть (85 шт.), но все совместимые узлы предложения исчерпаны — вагоны ушли на другие заявки (конкуренция за предложение).
  [d_idx  132] Платоновка (ЮВС) | тип=Прочие | ЕТСНГ=011005 | период=2 | отправка=Повагонная | не закрыто 8 из 8 ваг.
    ПРИЧИНА: дуги есть (83 шт.), но все совместимые узлы предложения исчерпаны — вагоны ушли на другие заявки (конкуренция за предложение).
  [d_idx  133] Алексиково (ПРВ) | тип=Прочие | ЕТСНГ=011005 | период=2 | отправка=Групповая | не закрыто 25 из 25 ваг.
    ПРИЧИНА: дуги есть (82 шт.), но все совместимые узлы предложения исчерпаны — вагоны ушли на другие заявки (конкуренция за предложение).
  [d_idx  134] Алексиково (ПРВ) | тип=Прочие | ЕТСНГ=011005 | период=2 | отправка=Повагонная | не закрыто 2 из 2 ваг.
    ПРИЧИНА: дуги есть (82 шт.), но все совместимые узлы предложения исчерпаны — вагоны ушли на другие заявки (конкуренция за предложение).
  [d_idx  136] Чернышков (ПРВ) | тип=Прочие | ЕТСНГ=011005 | период=2 | отправка=Повагонная | не закрыто 30 из 30 ваг.
    ПРИЧИНА: дуги есть (82 шт.), но все совместимые узлы предложения исчерпаны — вагоны ушли на другие заявки (конкуренция за предложение).
  [d_idx  139] Охотничья (КБШ) | тип=Прочие | ЕТСНГ=011005 | период=2 | отправка=Повагонная | не закрыто 15 из 15 ваг.
    ПРИЧИНА: дуги есть (88 шт.), но все совместимые узлы предложения исчерпаны — вагоны ушли на другие заявки (конкуренция за предложение).
  [d_idx  143] Аллагуват (КБШ) | тип=Прочие | ЕТСНГ=014003 | период=2 | отправка=Повагонная | не закрыто 1 из 1 ваг.
    ПРИЧИНА: дуги есть (81 шт.), но все совместимые узлы предложения исчерпаны — вагоны ушли на другие заявки (конкуренция за предложение).
  [d_idx  145] Башмаково (КБШ) | тип=Прочие | ЕТСНГ=014003 | период=2 | отправка=Повагонная | не закрыто 9 из 9 ваг.
    ПРИЧИНА: дуги есть (88 шт.), но все совместимые узлы предложения исчерпаны — вагоны ушли на другие заявки (конкуренция за предложение).
  [d_idx  146] Петровск-Саратовский (ПРВ) | тип=Прочие | ЕТСНГ=011005 | период=2 | отправка=Повагонная | не закрыто 3 из 3 ваг.
    ПРИЧИНА: дуги есть (82 шт.), но все совместимые узлы предложения исчерпаны — вагоны ушли на другие заявки (конкуренция за предложение).
  [d_idx  147] Бугуруслан (КБШ) | тип=Прочие | ЕТСНГ=011005 | период=2 | отправка=Повагонная | не закрыто 8 из 8 ваг.
    ПРИЧИНА: дуги есть (88 шт.), но все совместимые узлы предложения исчерпаны — вагоны ушли на другие заявки (конкуренция за предложение).
  [d_idx  148] Руденск (БЕЛ) | тип=Прочие | ЕТСНГ=014003 | период=2 | отправка=Повагонная | не закрыто 18 из 18 ваг.
    ПРИЧИНА: нет ни одной допустимой дуги — закрыть невозможно текущими данными. Отбраковка пар со всеми 123 узлами предложения:
             нет тарифа 6, несовм. тип 0, грязный ЕТСНГ 6, дальше потолка расстояния 14, бизнес-правила дорог (инотерритория/дефицит) 96, станция закрыта очередью (правило 4) 1, конвенция РЖД 0, нарушение срока 0.
             на станции 59 ваг. при мощности 10 ваг./сут. (5.9 суток работы) — подсыл закрыт во все периоды.
  [d_idx  149] Руденск (БЕЛ) | тип=Прочие | ЕТСНГ=014003 | период=2 | отправка=Повагонная | не закрыто 10 из 10 ваг.
    ПРИЧИНА: нет ни одной допустимой дуги — закрыть невозможно текущими данными. Отбраковка пар со всеми 123 узлами предложения:
             нет тарифа 6, несовм. тип 0, грязный ЕТСНГ 6, дальше потолка расстояния 14, бизнес-правила дорог (инотерритория/дефицит) 96, станция закрыта очередью (правило 4) 1, конвенция РЖД 0, нарушение срока 0.
             на станции 59 ваг. при мощности 10 ваг./сут. (5.9 суток работы) — подсыл закрыт во все периоды.
  [d_idx  150] Озинки (ПРВ) | тип=Прочие | ЕТСНГ=011005 | период=2 | отправка=Повагонная | не закрыто 8 из 8 ваг.
    ПРИЧИНА: нет ни одной допустимой дуги — закрыть невозможно текущими данными. Отбраковка пар со всеми 123 узлами предложения:
             нет тарифа 4, несовм. тип 0, грязный ЕТСНГ 6, дальше потолка расстояния 14, бизнес-правила дорог (инотерритория/дефицит) 21, станция закрыта очередью (правило 4) 78, конвенция РЖД 0, нарушение срока 0.
             на станции 60 ваг. при мощности 10 ваг./сут. (6.0 суток работы) — подсыл закрыт во все периоды.
  [d_idx  154] Вернадовка (КБШ) | тип=Прочие | ЕТСНГ=011005 | период=3 | отправка=Повагонная | не закрыто 7 из 7 ваг.
    ПРИЧИНА: дуги есть (83 шт.), но все совместимые узлы предложения исчерпаны — вагоны ушли на другие заявки (конкуренция за предложение).
  [d_idx  155] Белинская (КБШ) | тип=Прочие | ЕТСНГ=011005 | период=3 | отправка=Повагонная | не закрыто 16 из 16 ваг.
    ПРИЧИНА: дуги есть (84 шт.), но все совместимые узлы предложения исчерпаны — вагоны ушли на другие заявки (конкуренция за предложение).
  [d_idx  156] Безенчук (КБШ) | тип=Прочие | ЕТСНГ=011005 | период=3 | отправка=Повагонная | не закрыто 7 из 7 ваг.
    ПРИЧИНА: дуги есть (89 шт.), но все совместимые узлы предложения исчерпаны — вагоны ушли на другие заявки (конкуренция за предложение).
  [d_idx  157] Безенчук (КБШ) | тип=Прочие | ЕТСНГ=011005 | период=3 | отправка=Повагонная | не закрыто 15 из 15 ваг.
    ПРИЧИНА: дуги есть (89 шт.), но все совместимые узлы предложения исчерпаны — вагоны ушли на другие заявки (конкуренция за предложение).
  [d_idx  163] Змиевка (МСК) | тип=БКТ | ЕТСНГ=011005 | период=3 | отправка=Повагонная | не закрыто 7 из 7 ваг.
    ПРИЧИНА: дуги есть (25 шт.), но все совместимые узлы предложения исчерпаны — вагоны ушли на другие заявки (конкуренция за предложение).
  [d_idx  167] Новоспасское (КБШ) | тип=Прочие | ЕТСНГ=011005 | период=3 | отправка=Повагонная | не закрыто 21 из 21 ваг.
    ПРИЧИНА: дуги есть (88 шт.), но все совместимые узлы предложения исчерпаны — вагоны ушли на другие заявки (конкуренция за предложение).
  [d_idx  168] Карбышево 1 (ЗСБ) | тип=Прочие | ЕТСНГ=011005 | период=3 | отправка=Повагонная | не закрыто 15 из 17 ваг.
    ПРИЧИНА: дуги есть (94 шт.), но все совместимые узлы предложения исчерпаны — вагоны ушли на другие заявки (конкуренция за предложение).
  [d_idx  169] Карбышево 1 (ЗСБ) | тип=Прочие | ЕТСНГ=011005 | период=3 | отправка=Повагонная | не закрыто 19 из 19 ваг.
    ПРИЧИНА: дуги есть (94 шт.), но все совместимые узлы предложения исчерпаны — вагоны ушли на другие заявки (конкуренция за предложение).
  [d_idx  170] Пачелма (КБШ) | тип=Прочие | ЕТСНГ=011005 | период=3 | отправка=Повагонная | не закрыто 3 из 3 ваг.
    ПРИЧИНА: дуги есть (88 шт.), но все совместимые узлы предложения исчерпаны — вагоны ушли на другие заявки (конкуренция за предложение).
  [d_idx  173] Карламан (КБШ) | тип=Прочие | ЕТСНГ=011005 | период=3 | отправка=Повагонная | не закрыто 3 из 3 ваг.
    ПРИЧИНА: дуги есть (88 шт.), но все совместимые узлы предложения исчерпаны — вагоны ушли на другие заявки (конкуренция за предложение).
  [d_idx  174] Лопуховка (ПРВ) | тип=Прочие | ЕТСНГ=011005 | период=3 | отправка=Повагонная | не закрыто 17 из 17 ваг.
    ПРИЧИНА: дуги есть (75 шт.), но все совместимые узлы предложения исчерпаны — вагоны ушли на другие заявки (конкуренция за предложение).
  [d_idx  178] Алексиково (ПРВ) | тип=Прочие | ЕТСНГ=011005 | период=3 | отправка=Групповая | не закрыто 25 из 25 ваг.
    ПРИЧИНА: дуги есть (82 шт.), но все совместимые узлы предложения исчерпаны — вагоны ушли на другие заявки (конкуренция за предложение).
  [d_idx  179] Удобрительная (МСК) | тип=Прочие | ЕТСНГ=011005 | период=3 | отправка=Повагонная | не закрыто 6 из 64 ваг.
    ПРИЧИНА: дуги есть (85 шт.), но все совместимые узлы предложения исчерпаны — вагоны ушли на другие заявки (конкуренция за предложение).
  [d_idx  180] Охотничья (КБШ) | тип=Прочие | ЕТСНГ=011005 | период=3 | отправка=Повагонная | не закрыто 4 из 4 ваг.
    ПРИЧИНА: дуги есть (88 шт.), но все совместимые узлы предложения исчерпаны — вагоны ушли на другие заявки (конкуренция за предложение).
  [d_idx  181] Аллагуват (КБШ) | тип=Прочие | ЕТСНГ=014003 | период=3 | отправка=Повагонная | не закрыто 5 из 5 ваг.
    ПРИЧИНА: дуги есть (81 шт.), но все совместимые узлы предложения исчерпаны — вагоны ушли на другие заявки (конкуренция за предложение).
  [d_idx  182] Бугуруслан (КБШ) | тип=Прочие | ЕТСНГ=011005 | период=3 | отправка=Повагонная | не закрыто 10 из 10 ваг.
    ПРИЧИНА: дуги есть (88 шт.), но все совместимые узлы предложения исчерпаны — вагоны ушли на другие заявки (конкуренция за предложение).
  [d_idx  183] Руденск (БЕЛ) | тип=Прочие | ЕТСНГ=014003 | период=3 | отправка=Повагонная | не закрыто 15 из 15 ваг.
    ПРИЧИНА: нет ни одной допустимой дуги — закрыть невозможно текущими данными. Отбраковка пар со всеми 123 узлами предложения:
             нет тарифа 6, несовм. тип 0, грязный ЕТСНГ 6, дальше потолка расстояния 14, бизнес-правила дорог (инотерритория/дефицит) 96, станция закрыта очередью (правило 4) 1, конвенция РЖД 0, нарушение срока 0.
             на станции 59 ваг. при мощности 10 ваг./сут. (5.9 суток работы) — подсыл закрыт во все периоды.
  [d_idx  184] Озинки (ПРВ) | тип=Прочие | ЕТСНГ=011005 | период=3 | отправка=Повагонная | не закрыто 5 из 5 ваг.
    ПРИЧИНА: нет ни одной допустимой дуги — закрыть невозможно текущими данными. Отбраковка пар со всеми 123 узлами предложения:
             нет тарифа 4, несовм. тип 0, грязный ЕТСНГ 6, дальше потолка расстояния 14, бизнес-правила дорог (инотерритория/дефицит) 21, станция закрыта очередью (правило 4) 78, конвенция РЖД 0, нарушение срока 0.
             на станции 60 ваг. при мощности 10 ваг./сут. (6.0 суток работы) — подсыл закрыт во все периоды.
  [d_idx  185] Целина (СКВ) | тип=Прочие | ЕТСНГ=011005 | период=4 | отправка=Повагонная | не закрыто 9 из 9 ваг.
    ПРИЧИНА: дуги есть (68 шт.), но все совместимые узлы предложения исчерпаны — вагоны ушли на другие заявки (конкуренция за предложение).
  [d_idx  186] Саханская (МСК) | тип=Прочие | ЕТСНГ=011005 | период=4 | отправка=Повагонная | не закрыто 10 из 10 ваг.
    ПРИЧИНА: нет ни одной допустимой дуги — закрыть невозможно текущими данными. Отбраковка пар со всеми 123 узлами предложения:
             нет тарифа 0, несовм. тип 0, грязный ЕТСНГ 6, дальше потолка расстояния 14, бизнес-правила дорог (инотерритория/дефицит) 18, станция закрыта очередью (правило 4) 85, конвенция РЖД 0, нарушение срока 0.
             на станции 16 ваг. при мощности 3 ваг./сут. (5.3 суток работы) — подсыл закрыт во все периоды.
  [d_idx  189] Елань-Камышинская (ЮВС) | тип=Прочие | ЕТСНГ=011005 | период=4 | отправка=Повагонная | не закрыто 9 из 9 ваг.
    ПРИЧИНА: дуги есть (76 шт.), но все совместимые узлы предложения исчерпаны — вагоны ушли на другие заявки (конкуренция за предложение).
  [d_idx  191] Ртищево 1 (ЮВС) | тип=Прочие | ЕТСНГ=011005 | период=4 | отправка=Повагонная | не закрыто 14 из 14 ваг.
    ПРИЧИНА: дуги есть (82 шт.), но все совместимые узлы предложения исчерпаны — вагоны ушли на другие заявки (конкуренция за предложение).
  [d_idx  193] Асекеево (КБШ) | тип=Прочие | ЕТСНГ=011005 | период=4 | отправка=Повагонная | не закрыто 6 из 6 ваг.
    ПРИЧИНА: дуги есть (80 шт.), но все совместимые узлы предложения исчерпаны — вагоны ушли на другие заявки (конкуренция за предложение).
  [d_idx  195] Москаленки (ЗСБ) | тип=Прочие | ЕТСНГ=011005 | период=4 | отправка=Повагонная | не закрыто 3 из 3 ваг.
    ПРИЧИНА: дуги есть (94 шт.), но все совместимые узлы предложения исчерпаны — вагоны ушли на другие заявки (конкуренция за предложение).
  [d_idx  196] Белинская (КБШ) | тип=Прочие | ЕТСНГ=011005 | период=4 | отправка=Повагонная | не закрыто 9 из 9 ваг.
    ПРИЧИНА: дуги есть (84 шт.), но все совместимые узлы предложения исчерпаны — вагоны ушли на другие заявки (конкуренция за предложение).
  [d_idx  197] Белинская (КБШ) | тип=Прочие | ЕТСНГ=542072 | период=4 | отправка=Повагонная | не закрыто 6 из 6 ваг.
    ПРИЧИНА: дуги есть (84 шт.), но все совместимые узлы предложения исчерпаны — вагоны ушли на другие заявки (конкуренция за предложение).
  [d_idx  201] Выселки (СКВ) | тип=Прочие | ЕТСНГ=542296 | период=4 | отправка=Повагонная | не закрыто 3 из 3 ваг.
    ПРИЧИНА: нет ни одной допустимой дуги — закрыть невозможно текущими данными. Отбраковка пар со всеми 123 узлами предложения:
             нет тарифа 16, несовм. тип 0, грязный ЕТСНГ 6, дальше потолка расстояния 14, бизнес-правила дорог (инотерритория/дефицит) 19, станция закрыта очередью (правило 4) 68, конвенция РЖД 0, нарушение срока 0.
             на станции 46 ваг. при мощности 6 ваг./сут. (7.7 суток работы) — подсыл закрыт во все периоды.
  [d_idx  202] Безенчук (КБШ) | тип=Прочие | ЕТСНГ=011005 | период=4 | отправка=Повагонная | не закрыто 29 из 29 ваг.
    ПРИЧИНА: дуги есть (89 шт.), но все совместимые узлы предложения исчерпаны — вагоны ушли на другие заявки (конкуренция за предложение).
  [d_idx  203] Сорочинская (ЮУР) | тип=Прочие | ЕТСНГ=542239 | период=4 | отправка=Повагонная | не закрыто 2 из 2 ваг.
    ПРИЧИНА: дуги есть (90 шт.), но все совместимые узлы предложения исчерпаны — вагоны ушли на другие заявки (конкуренция за предложение).
  [d_idx  204] Сорочинская (ЮУР) | тип=Прочие | ЕТСНГ=542239 | период=4 | отправка=Повагонная | не закрыто 2 из 2 ваг.
    ПРИЧИНА: дуги есть (90 шт.), но все совместимые узлы предложения исчерпаны — вагоны ушли на другие заявки (конкуренция за предложение).
  [d_idx  205] Сорочинская (ЮУР) | тип=Прочие | ЕТСНГ=542239 | период=4 | отправка=Повагонная | не закрыто 2 из 2 ваг.
    ПРИЧИНА: дуги есть (90 шт.), но все совместимые узлы предложения исчерпаны — вагоны ушли на другие заявки (конкуренция за предложение).
  [d_idx  206] Сорочинская (ЮУР) | тип=Прочие | ЕТСНГ=542239 | период=4 | отправка=Повагонная | не закрыто 2 из 2 ваг.
    ПРИЧИНА: дуги есть (90 шт.), но все совместимые узлы предложения исчерпаны — вагоны ушли на другие заявки (конкуренция за предложение).
  [d_idx  207] Сорочинская (ЮУР) | тип=Прочие | ЕТСНГ=542239 | период=4 | отправка=Повагонная | не закрыто 2 из 2 ваг.
    ПРИЧИНА: дуги есть (90 шт.), но все совместимые узлы предложения исчерпаны — вагоны ушли на другие заявки (конкуренция за предложение).
  [d_idx  211] Чуфарово (КБШ) | тип=Прочие | ЕТСНГ=011005 | период=4 | отправка=Повагонная | не закрыто 2 из 2 ваг.
    ПРИЧИНА: дуги есть (88 шт.), но все совместимые узлы предложения исчерпаны — вагоны ушли на другие заявки (конкуренция за предложение).
  [d_idx  212] Бузулук (ЮУР) | тип=Прочие | ЕТСНГ=011005 | период=4 | отправка=Повагонная | не закрыто 1 из 1 ваг.
    ПРИЧИНА: дуги есть (89 шт.), но все совместимые узлы предложения исчерпаны — вагоны ушли на другие заявки (конкуренция за предложение).
  [d_idx  213] Бузулук (ЮУР) | тип=Прочие | ЕТСНГ=011005 | период=4 | отправка=Повагонная | не закрыто 6 из 6 ваг.
    ПРИЧИНА: дуги есть (89 шт.), но все совместимые узлы предложения исчерпаны — вагоны ушли на другие заявки (конкуренция за предложение).
  [d_idx  214] Заглядино (КБШ) | тип=Прочие | ЕТСНГ=011005 | период=4 | отправка=Повагонная | не закрыто 14 из 14 ваг.
    ПРИЧИНА: дуги есть (83 шт.), но все совместимые узлы предложения исчерпаны — вагоны ушли на другие заявки (конкуренция за предложение).
  [d_idx  215] Жатва (ЗСБ) | тип=Прочие | ЕТСНГ=011005 | период=4 | отправка=Повагонная | не закрыто 5 из 5 ваг.
    ПРИЧИНА: дуги есть (93 шт.), но все совместимые узлы предложения исчерпаны — вагоны ушли на другие заявки (конкуренция за предложение).
  [d_idx  219] Чкалово (КЗХ) | тип=Прочие | ЕТСНГ=021083 | период=4 | отправка=Повагонная | не закрыто 12 из 12 ваг.
    ПРИЧИНА: дуги есть (55 шт.), но все совместимые узлы предложения исчерпаны — вагоны ушли на другие заявки (конкуренция за предложение).
  [d_idx  221] Даут (КЗХ) | тип=Прочие | ЕТСНГ=018131 | период=4 | отправка=Повагонная | не закрыто 12 из 27 ваг.
    ПРИЧИНА: дуги есть (55 шт.), но все совместимые узлы предложения исчерпаны — вагоны ушли на другие заявки (конкуренция за предложение).
  [d_idx  222] Новосергиевская (ЮУР) | тип=Прочие | ЕТСНГ=014003 | период=4 | отправка=Повагонная | не закрыто 16 из 16 ваг.
    ПРИЧИНА: дуги есть (89 шт.), но все совместимые узлы предложения исчерпаны — вагоны ушли на другие заявки (конкуренция за предложение).
  [d_idx  223] Аткарск (ПРВ) | тип=Прочие | ЕТСНГ=542239 | период=4 | отправка=Повагонная | не закрыто 3 из 3 ваг.
    ПРИЧИНА: дуги есть (79 шт.), но все совместимые узлы предложения исчерпаны — вагоны ушли на другие заявки (конкуренция за предложение).
  [d_idx  224] Азат (КЗХ) | тип=Прочие | ЕТСНГ=021083 | период=4 | отправка=Повагонная | не закрыто 13 из 20 ваг.
    ПРИЧИНА: дуги есть (55 шт.), но все совместимые узлы предложения исчерпаны — вагоны ушли на другие заявки (конкуренция за предложение).
  [d_idx  227] Красногвардеец (ЮУР) | тип=Прочие | ЕТСНГ=011005 | период=4 | отправка=Повагонная | не закрыто 6 из 6 ваг.
    ПРИЧИНА: дуги есть (82 шт.), но все совместимые узлы предложения исчерпаны — вагоны ушли на другие заявки (конкуренция за предложение).
  [d_idx  229] Смирново (КЗХ) | тип=Прочие | ЕТСНГ=018131 | период=4 | отправка=Повагонная | не закрыто 17 из 17 ваг.
    ПРИЧИНА: дуги есть (55 шт.), но все совместимые узлы предложения исчерпаны — вагоны ушли на другие заявки (конкуренция за предложение).
  [d_idx  230] Джаркуль (КЗХ) | тип=Прочие | ЕТСНГ=018131 | период=4 | отправка=Повагонная | не закрыто 31 из 31 ваг.
    ПРИЧИНА: дуги есть (55 шт.), но все совместимые узлы предложения исчерпаны — вагоны ушли на другие заявки (конкуренция за предложение).
  [d_idx  231] Змиевка (МСК) | тип=БКТ | ЕТСНГ=011005 | период=4 | отправка=Повагонная | не закрыто 21 из 21 ваг.
    ПРИЧИНА: дуги есть (25 шт.), но все совместимые узлы предложения исчерпаны — вагоны ушли на другие заявки (конкуренция за предложение).
  [d_idx  234] Тополек (ПРВ) | тип=Прочие | ЕТСНГ=011005 | период=4 | отправка=Повагонная | не закрыто 3 из 3 ваг.
    ПРИЧИНА: дуги есть (85 шт.), но все совместимые узлы предложения исчерпаны — вагоны ушли на другие заявки (конкуренция за предложение).
  [d_idx  235] Тополек (ПРВ) | тип=Прочие | ЕТСНГ=011005 | период=4 | отправка=Повагонная | не закрыто 10 из 10 ваг.
    ПРИЧИНА: дуги есть (85 шт.), но все совместимые узлы предложения исчерпаны — вагоны ушли на другие заявки (конкуренция за предложение).
  [d_idx  236] Погромное (ЮУР) | тип=Прочие | ЕТСНГ=011005 | период=4 | отправка=Повагонная | не закрыто 1 из 1 ваг.
    ПРИЧИНА: дуги есть (82 шт.), но все совместимые узлы предложения исчерпаны — вагоны ушли на другие заявки (конкуренция за предложение).
  [d_idx  237] Ключики (КБШ) | тип=Прочие | ЕТСНГ=011005 | период=4 | отправка=Повагонная | не закрыто 5 из 5 ваг.
    ПРИЧИНА: дуги есть (82 шт.), но все совместимые узлы предложения исчерпаны — вагоны ушли на другие заявки (конкуренция за предложение).
  [d_idx  238] Обшаровка (КБШ) | тип=БКТ | ЕТСНГ=011005 | период=4 | отправка=Повагонная | не закрыто 13 из 13 ваг.
    ПРИЧИНА: дуги есть (27 шт.), но все совместимые узлы предложения исчерпаны — вагоны ушли на другие заявки (конкуренция за предложение).
  [d_idx  239] Тальщик (КЗХ) | тип=Прочие | ЕТСНГ=018131 | период=4 | отправка=Повагонная | не закрыто 10 из 10 ваг.
    ПРИЧИНА: дуги есть (55 шт.), но все совместимые узлы предложения исчерпаны — вагоны ушли на другие заявки (конкуренция за предложение).
  [d_idx  240] Новоспасское (КБШ) | тип=Прочие | ЕТСНГ=011005 | период=4 | отправка=Повагонная | не закрыто 30 из 30 ваг.
    ПРИЧИНА: дуги есть (88 шт.), но все совместимые узлы предложения исчерпаны — вагоны ушли на другие заявки (конкуренция за предложение).
  [d_idx  245] Пресногорьковская (КЗХ) | тип=Прочие | ЕТСНГ=018131 | период=4 | отправка=Повагонная | не закрыто 2 из 2 ваг.
    ПРИЧИНА: дуги есть (55 шт.), но все совместимые узлы предложения исчерпаны — вагоны ушли на другие заявки (конкуренция за предложение).
  [d_idx  246] Пачелма (КБШ) | тип=Прочие | ЕТСНГ=011005 | период=4 | отправка=Повагонная | не закрыто 25 из 25 ваг.
    ПРИЧИНА: дуги есть (88 шт.), но все совместимые узлы предложения исчерпаны — вагоны ушли на другие заявки (конкуренция за предложение).
  [d_idx  248] Жана-Есиль (КЗХ) | тип=Прочие | ЕТСНГ=018131 | период=4 | отправка=Повагонная | не закрыто 15 из 15 ваг.
    ПРИЧИНА: дуги есть (55 шт.), но все совместимые узлы предложения исчерпаны — вагоны ушли на другие заявки (конкуренция за предложение).
  [d_idx  249] Лопуховка (ПРВ) | тип=Прочие | ЕТСНГ=011005 | период=4 | отправка=Повагонная | не закрыто 21 из 21 ваг.
    ПРИЧИНА: дуги есть (75 шт.), но все совместимые узлы предложения исчерпаны — вагоны ушли на другие заявки (конкуренция за предложение).
  [d_idx  250] Заречная (СКВ) | тип=Прочие | ЕТСНГ=011005 | период=4 | отправка=Повагонная | не закрыто 20 из 20 ваг.
    ПРИЧИНА: дуги есть (79 шт.), но все совместимые узлы предложения исчерпаны — вагоны ушли на другие заявки (конкуренция за предложение).
  [d_idx  252] Отрешково (МСК) | тип=Прочие | ЕТСНГ=011005 | период=4 | отправка=Маршрутная | не закрыто 51 из 51 ваг.
    ПРИЧИНА: дуги есть (85 шт.), но все совместимые узлы предложения исчерпаны — вагоны ушли на другие заявки (конкуренция за предложение).
  [d_idx  253] Платоновка (ЮВС) | тип=Прочие | ЕТСНГ=011005 | период=4 | отправка=Повагонная | не закрыто 3 из 3 ваг.
    ПРИЧИНА: дуги есть (83 шт.), но все совместимые узлы предложения исчерпаны — вагоны ушли на другие заявки (конкуренция за предложение).
  [d_idx  254] Платоновка (ЮВС) | тип=Прочие | ЕТСНГ=011005 | период=4 | отправка=Повагонная | не закрыто 7 из 7 ваг.
    ПРИЧИНА: дуги есть (83 шт.), но все совместимые узлы предложения исчерпаны — вагоны ушли на другие заявки (конкуренция за предложение).
  [d_idx  255] Платоновка (ЮВС) | тип=Прочие | ЕТСНГ=011005 | период=4 | отправка=Повагонная | не закрыто 7 из 7 ваг.
    ПРИЧИНА: дуги есть (83 шт.), но все совместимые узлы предложения исчерпаны — вагоны ушли на другие заявки (конкуренция за предложение).
  [d_idx  256] Алексиково (ПРВ) | тип=Прочие | ЕТСНГ=011005 | период=4 | отправка=Групповая | не закрыто 50 из 50 ваг.
    ПРИЧИНА: дуги есть (82 шт.), но все совместимые узлы предложения исчерпаны — вагоны ушли на другие заявки (конкуренция за предложение).
  [d_idx  260] Озерная (КЗХ) | тип=Прочие | ЕТСНГ=018131 | период=4 | отправка=Повагонная | не закрыто 9 из 9 ваг.
    ПРИЧИНА: дуги есть (51 шт.), но все совместимые узлы предложения исчерпаны — вагоны ушли на другие заявки (конкуренция за предложение).
  [d_idx  261] Летяжевка (ЮВС) | тип=Прочие | ЕТСНГ=011005 | период=4 | отправка=Повагонная | не закрыто 3 из 3 ваг.
    ПРИЧИНА: дуги есть (70 шт.), но все совместимые узлы предложения исчерпаны — вагоны ушли на другие заявки (конкуренция за предложение).
  [d_idx  262] Охотничья (КБШ) | тип=Прочие | ЕТСНГ=011005 | период=4 | отправка=Повагонная | не закрыто 22 из 22 ваг.
    ПРИЧИНА: дуги есть (88 шт.), но все совместимые узлы предложения исчерпаны — вагоны ушли на другие заявки (конкуренция за предложение).
  [d_idx  265] Саумалколь (КЗХ) | тип=Прочие | ЕТСНГ=021083 | период=4 | отправка=Повагонная | не закрыто 43 из 43 ваг.
    ПРИЧИНА: дуги есть (51 шт.), но все совместимые узлы предложения исчерпаны — вагоны ушли на другие заявки (конкуренция за предложение).
  [d_idx  266] Саумалколь (КЗХ) | тип=Прочие | ЕТСНГ=018131 | период=4 | отправка=Повагонная | не закрыто 15 из 15 ваг.
    ПРИЧИНА: дуги есть (51 шт.), но все совместимые узлы предложения исчерпаны — вагоны ушли на другие заявки (конкуренция за предложение).
  [d_idx  267] Аллагуват (КБШ) | тип=Прочие | ЕТСНГ=014003 | период=4 | отправка=Повагонная | не закрыто 5 из 5 ваг.
    ПРИЧИНА: дуги есть (81 шт.), но все совместимые узлы предложения исчерпаны — вагоны ушли на другие заявки (конкуренция за предложение).
  [d_idx  268] Коскуль (КЗХ) | тип=Прочие | ЕТСНГ=018131 | период=4 | отправка=Повагонная | не закрыто 3 из 3 ваг.
    ПРИЧИНА: дуги есть (51 шт.), но все совместимые узлы предложения исчерпаны — вагоны ушли на другие заявки (конкуренция за предложение).
  [d_idx  272] Бугуруслан (КБШ) | тип=Прочие | ЕТСНГ=011005 | период=4 | отправка=Повагонная | не закрыто 12 из 12 ваг.
    ПРИЧИНА: дуги есть (88 шт.), но все совместимые узлы предложения исчерпаны — вагоны ушли на другие заявки (конкуренция за предложение).
  [d_idx  273] Руденск (БЕЛ) | тип=Прочие | ЕТСНГ=014003 | период=4 | отправка=Повагонная | не закрыто 20 из 20 ваг.
    ПРИЧИНА: нет ни одной допустимой дуги — закрыть невозможно текущими данными. Отбраковка пар со всеми 123 узлами предложения:
             нет тарифа 6, несовм. тип 0, грязный ЕТСНГ 6, дальше потолка расстояния 14, бизнес-правила дорог (инотерритория/дефицит) 96, станция закрыта очередью (правило 4) 1, конвенция РЖД 0, нарушение срока 0.
             на станции 59 ваг. при мощности 10 ваг./сут. (5.9 суток работы) — подсыл закрыт во все периоды.
  [d_idx  274] Озинки (ПРВ) | тип=Прочие | ЕТСНГ=011005 | период=4 | отправка=Повагонная | не закрыто 13 из 13 ваг.
    ПРИЧИНА: нет ни одной допустимой дуги — закрыть невозможно текущими данными. Отбраковка пар со всеми 123 узлами предложения:
             нет тарифа 4, несовм. тип 0, грязный ЕТСНГ 6, дальше потолка расстояния 14, бизнес-правила дорог (инотерритория/дефицит) 21, станция закрыта очередью (правило 4) 78, конвенция РЖД 0, нарушение срока 0.
             на станции 60 ваг. при мощности 10 ваг./сут. (6.0 суток работы) — подсыл закрыт во все периоды.
  [d_idx  275] Озинки (ПРВ) | тип=Прочие | ЕТСНГ=011005 | период=4 | отправка=Повагонная | не закрыто 9 из 9 ваг.
    ПРИЧИНА: нет ни одной допустимой дуги — закрыть невозможно текущими данными. Отбраковка пар со всеми 123 узлами предложения:
             нет тарифа 4, несовм. тип 0, грязный ЕТСНГ 6, дальше потолка расстояния 14, бизнес-правила дорог (инотерритория/дефицит) 21, станция закрыта очередью (правило 4) 78, конвенция РЖД 0, нарушение срока 0.
             на станции 60 ваг. при мощности 10 ваг./сут. (6.0 суток работы) — подсыл закрыт во все периоды.

  СВОДКА ПО ПРИЧИНАМ:
    нет допустимых дуг (структурно)        узлов:  14, вагонов:  174
    источники предложения исчерпаны        узлов: 160, вагонов: 1799

  ЗАКРЫВАЕМОСТЬ (по реальному связывающему ограничению):
    структурно недостижимо (нет дуг):           174 ваг.  — нужны новые тарифы / смягчение жёстких фильтров
    упёрто в квоту ДМЗИ (инфраструктура):          0 ваг.  — поможет только повышение квоты на дороге
    держит MIN_BATCH (квота ДМЗИ ещё есть):        0 ваг.  — поможет смягчение партии (middle 0 / масс. 0 / маршр. 0)
    прочее (конкуренция / экономика штрафа):    1799 ваг.
--------------------------------
--- УТИЛИЗАЦИЯ КВОТ ДМЗИ ---
  ВСБ  период  1:    0 из    5 ваг.
  ВСБ  период 10:    0 из    7 ваг.
  ГОР  период  1:   41 из  371 ваг.
  ГОР  период 10:    0 из  531 ваг.
  ЗАБ  период  1:    6 из   25 ваг.
  ЗАБ  период 10:    0 из   35 ваг.
  ЗСБ  период  1:   39 из  834 ваг.
  ЗСБ  период 10:    0 из 1168 ваг.
  КБШ  период  1:   70 из  930 ваг.
  КБШ  период 10:    0 из 1338 ваг.
  КРС  период  1:    0 из   10 ваг.
  КРС  период 10:    0 из   14 ваг.
  МСК  период  1:  293 из  749 ваг.
  МСК  период 10:    0 из 1049 ваг.
  ОКТ  период  1:    0 из  323 ваг.
  ОКТ  период 10:    0 из  453 ваг.
  ПРВ  период  1:    8 из 1006 ваг.
  ПРВ  период 10:    0 из 1436 ваг.
  СВР  период  1:    0 из  574 ваг.
  СВР  период 10:    0 из  808 ваг.
  СЕВ  период  1:    0 из   75 ваг.
  СЕВ  период 10:    0 из  105 ваг.
  СКВ  период  1:  174 из  335 ваг.
  СКВ  период 10:    0 из  469 ваг.
  ЮВС  период  1:  598 из 1396 ваг.
  ЮВС  период 10:    0 из 2018 ваг.
  ЮУР  период  1:   21 из  750 ваг.
  ЮУР  период 10:    0 из 1050 ваг.
----------------------------
Тарифов до отстоя:           56 (станций излишка 1, станций отстоя 56)
В отстой: 44 из 44 ваг. излишка → 4 станций отстоя, тариф 5540899 руб.; не размещено 0 ваг. (нет тарифа / ёмкость исчерпана)
Баланс отчёта оптимизации:   OK (1434 ваг. в записях = 1434 ваг. предложения)
Записей в отчёте (Excel):    274 (215 оптим. + 38 по факту + 21 в ремонт) / 1533 вагонов
  → в POST АПИ (период 1):   274 записей / 1533 вагонов
Чекпоинт сохранён:           tmp/checkpoint_day1_2026-09-18_12-38-51.xlsx

======= РЕЗУЛЬТАТЫ ОПТИМИЗАЦИИ =======
Статус решателя:      MIP Optimal (gap=0.000%)
Назначено вагонов:    1390
Избыток предложения:  44 ваг. (dummy-спрос)
  остаток по периодам предложения: p1=44 p10=0 прочие=0
  из них в отстой (этап 2): 44 ваг.
Неудовл. спрос:       1973 ваг. (dummy-предложение)
Суммарная стоимость:  74794142 руб.
======================================

Результат сохранён:          tmp/result_day1_20260918_123851.json
[SUCCESS] railoptim завершил работу успешно.



