[Ср 23 сен 2026 11:05:00 MSK] Запуск: /home/atretyakov/railoptim/app/bin/railoptim (env=prod, MIP_WARM_START=on, INCLUDE_PERIOD10=on)
stations_geo: 19494 записей, data/stations/stations_geo.sqlite (baltic=671, china_mongolia=339, cis=6263, ru=11848, south_caucasus=373)
Получено узлов спроса (погрузка): 217 или 3243 вагонов
Бизнес-правила (business_rules.json): потолок подсыла 6000 км; потолок отстоя/путей 3000 км, ДВС/ЗАБ 4100 км; инотерриторий 21 (исключений 3); дефицитных дорог 6 (вывоз ≤ 300 км, надбавка 30000 руб.); проверка ГУ-12 вкл.; загруженность станций (правило 4) закрытие при Q ≥ 5×C, очередь ≤ 1×C без ожидания, штраф ожидания 5000 руб./сут.; конвенции РЖД (правило 5) вкл.; грязный под свой груз (правило 6): промывочный маршрут +10000+40000 руб., потолок ≤ 1.00 × промывочного маршрута, поощрение 0.50 × (тариф до промывки + промывка); ремонт (правило 7): 15 сут. / инотерритория 45 сут.; иномойка (правило 8): 21 дорог образования, капризных 1 (надбавка 30000 руб. при предложении > 1.20 × спроса); поправка периода 1 по расстоянию: 30.0 руб./км × (км − 1200), потолок ±35000 руб., в отчёт не идёт
Конвенции (правило 5, conv-redis): 127.0.0.1:6379/0 HASH `telegrams_db` — 67 записей в Redis, в сервис взято 8 действующих → data/conventions_from_redis.json
  в HASH не взяты (истёкшие/вне горизонта/без дат, в память не кладём): истекло 53, ещё не началось 0, без дат 0; битый JSON 0
  отброшено из действующих по дате: класс Others/ошибка 6, только КЗХ 0, нечем матчить 0
  действующих: 8 (Empty 2, All 5, Grain 1; из них промывка/ремонт/отстой 0)
    · №19412 All | назн.ЕСР 207603,207406,207302,206507,206704 | все получатели | 2026-09-01…2026-12-31 | все грузы
    · №19692 All | назн.ЕСР 434231,434301,434405,436203 | все получатели | 2026-09-01…2026-09-30 | все грузы
    · №20514 Grain | назн.ЕСР 521001,520901 | по ОКПО/имени | 2026-09-13…2026-10-12 | пшеница
    · №27638 Empty | назн.дороги УЗБ | все получатели | 2025-11-11…3000-01-01 | Порожние вагоны
    · №4810 All | назн.ЕСР 436701 | все получатели | 2026-03-05…3000-01-01 | все грузы
    · №4811 Empty | назн.ЕСР 434208,434104 | все получатели | 2026-03-05…3000-01-01 | Порожние вагоны
    · №7659 All | назн.ЕСР 436701 | все получатели | 2026-04-06…2026-09-30 | все грузы
    · №7660 All | назн.ЕСР 434208,434104 | все получатели | 2026-04-06…2026-09-30 | все грузы
  индекс: 8 правил; ЕСР погрузки 12, ЕСР назн.груза 14, dest-дороги 1, dep-дороги 0, dep-ЕСР 0, пары dep→dest 0; все получатели 7, с ОКПО/именем 1; без ключей 0
  ЕСР погрузки (Empty/All): 206507, 206704, 207302, 207406, 207603, 434104, 434208, 434231, 434301, 434405, 436203, 436701
  ЕСР назн.груза (Grain/All): 206507, 206704, 207302, 207406, 207603, 434104, 434208, 434231, 434301, 434405, 436203, 436701, 520901, 521001
  dest-дороги: УЗБ
Дороги-инотерритории для ГУ-12 (ForeignRailways): 21
GU12_STATS={"periods": ["0:4", "5:7", "8:9", "10:14"], "rows": 789, "stations": 271, "rows_without_okpo": 60, "cars_by_period": [7601, 4765, 1000, 2461]}
Спрос с учётом ГУ-12 (правило 3): 156 узлов или 1988 вагонов (было 217 / 3243)
  заявок ГУ-12 согласованных: 789 строк / 271 станций (на станциях без спроса: 416)
  по периодам 1..4, ваг.: было [1234, 1005, 90, 914] → стало [886, 565, 43, 494]
  сопоставлено узлов: по ОКПО 179, по имени грузоотправителя 0, пропорционально по станции 12
  урезано до ГУ-12: 32 узлов / −339 ваг.; без заявки ГУ-12 (исключены): 61 узлов / 916 ваг.; инотерритория (без проверки): 8 узлов / 96 ваг.
Получено узлов предложения 1 сут.:  205 или 908 вагонов
  [!] дислокация: 213 повторов номеров внутри выгрузки dislocations.py — оставлено первое вхождение
  [!] дислокация: 261 вагонов периода 10 уже есть в предложении АПИ (период 1) — из периода 10 исключены, оставлены в периоде 1: 91101428, 95184743, 95020517, 95498747, 95418232, 95218418, 95943726, 95885034, 95546230, 99450124, …
  узлов дислокации (2-10 сут., период 10): 484 или 3816 вагонов (в выгрузке 4290, дублей 213, пересечений с периодом 1 261)
Получено узлов предложения всего:  689 или 4724 вагонов
  свободных для назначения:  543 или 4372 вагонов
  требуют ремонта (В ремонт):94 или 247 вагонов
  по факту (Assigned):       52 или 105 вагонов
Дороги иномойки (правило 8, ForeignWashedRoads): 21
Коды «уже промыт/ремонт» (WashedEmptyEtsngCodes): 2
Ban-list чужих владельцев отстоя (reserve_owners.json): 4 пар (станция+ОКПО)
Узлов спроса (промывка):     36 или мощность в период 5 суток 2795 вагонов
  предложений с ЕТСНГ из списка промывки: 206 вагонов (освобождены по правилу 8 / иномойка: 224; из них есть узел погрузки с тем же ЕТСНГ на любой станции — альтернатива промывке по спросу: 68 вагонов)
Получено тарифов:            24382
Загружено ремонтных станций: 102
Тарифов до ремонтных ст.:    5831
Тарифов до промывки (с надбавкой 10000+40000=50000 руб.): 1700
Ограничения ДМЗИ:            14 дорог (98 записей Ostatok)
  ВСБ  период 1 ≤    8, период 10 ≤   12 ваг.
  ГОР  период 1 ≤  400, период 10 ≤  560 ваг.
  ЗАБ  период 1 ≤   25, период 10 ≤   35 ваг.
  ЗСБ  период 1 ≤  822, период 10 ≤ 1156 ваг.
  КБШ  период 1 ≤ 1010, период 10 ≤ 1418 ваг.
  КРС  период 1 ≤   10, период 10 ≤   14 ваг.
  МСК  период 1 ≤  747, период 10 ≤ 1047 ваг.
  ОКТ  период 1 ≤  320, период 10 ≤  450 ваг.
  ПРВ  период 1 ≤ 1060, период 10 ≤ 1490 ваг.
  СВР  период 1 ≤  574, период 10 ≤  808 ваг.
  СЕВ  период 1 ≤   75, период 10 ≤  105 ваг.
  СКВ  период 1 ≤  335, период 10 ≤  469 ваг.
  ЮВС  период 1 ≤ 1470, период 10 ≤ 2092 ваг.
  ЮУР  период 1 ≤  749, период 10 ≤ 1049 ваг.
БД отстоя обновлена:         получено 50 / записано 50 / без etran_id 0
Узлы отстоя (резервы):       88 узлов / ёмкость 3362 ваг. (записей в БД 237, дублей 0, отфильтровано 149, чужих по ban-list 487)
FREE_LOADROADS_STATS={"date_from": "2026-03-23", "date_to": "2026-09-23", "load_station_codes": 494, "cars_on_station_rows": 1899, "cars_total": 78239}
Свободные ёмкости путей:     104 крупных станций -> data/load_stations_free_capacity.json
Загруженность станций (правило 4): мощность известна у 710 станций справочника; станций спроса 96, проверено 89, без мощности 7
  закрыто станций: 1 (5 узлов / 85 ваг. спроса); с очередью (ожидание подсыла): 15; станций с несколькими грузоотправителями: 7; грузоотправителей с разным CarsOnStation по узлам: 15
    · закрыта Руденск (БЕЛ): на станции 70 ваг., мощность 10 ваг./сут. (7.0 сут. работы)
    · очередь Погромное (ЮУР): на станции 33 ваг., мощность 7 ваг./сут. — подсыл не раньше 4-х суток
    · очередь Ольха (ЮВС): на станции 29 ваг., мощность 7 ваг./сут. — подсыл не раньше 4-х суток
    · очередь Отрешково (МСК): на станции 61 ваг., мощность 20 ваг./сут. — подсыл не раньше 3-х суток
    · очередь Кореновск (СКВ): на станции 59 ваг., мощность 17 ваг./сут. — подсыл не раньше 3-х суток
    · очередь Новоспасское (КБШ): на станции 26 ваг., мощность 10 ваг./сут. — подсыл не раньше 2-х суток
    · очередь Янаул (ГОР): на станции 23 ваг., мощность 11 ваг./сут. — подсыл не раньше 2-х суток
    · очередь Алексиково (ПРВ): на станции 44 ваг., мощность 42 ваг./сут. — подсыл не раньше 1-х суток
    · очередь Чуфарово (КБШ): на станции 32 ваг., мощность 28 ваг./сут. — подсыл не раньше 1-х суток
    · очередь Верховье (МСК): на станции 31 ваг., мощность 21 ваг./сут. — подсыл не раньше 1-х суток
    · очередь Теренсай (ЮУР): на станции 30 ваг., мощность 20 ваг./сут. — подсыл не раньше 1-х суток
    · ...ещё 5 станций с очередью
Всего пар supply×demand:     104256
  без тарифа:                        16661 (16.0%)
  нарушение срока (жёстко):          0 (0.0%)
  несовм. тип вагона:                823 (0.8%)
  грязный вагон → чужой ЕТСНГ (правило 6): 14240 (13.7%)
  грязный: погрузка дороже промывочного маршрута → в промывку (правило 6): 92 (0.1%)
  погрузка дальше потолка расстояния (6000 км): 3763 (3.6%)
  инотерритория (правило 1):           2573 (2.5%)
  вывоз с дефицитной дороги (правило 2): 13332 (12.8%)
  станция закрыта очередью (правило 4): 310 (0.3%)
  конвенция РЖД (правило 5):           0 (0.0%)
  допустимых дуг с надбавкой по правилам: 6591 (6.3%)
    · из них иномойка → капризная дорога (правило 8, профицит): 5942 (5.7%)
  допустимых дуг с ожиданием в очереди станции (правило 4): 0 (0.0%)
  допустимых дуг «грязный → свой груз» с поощрением (правило 6): 67 (0.1%), в среднем 12745 руб./дугу
  поправка периода 1 по расстоянию: бонус на 1732 дугах (1.7%, в среднем −11981 руб.), надбавка на 12184 дугах (11.7%, в среднем +24894 руб.)
  допустимых дуг со штрафом за срок:   41983 (40.3%)
  допустимых дуг всего в LP:      52462 (50.3%)
Ограничения партии (MIN_BATCH): массовая выгрузка — 5558 дуг / 358 пар; средние станции — 17460 дуг / 2139 пар (станций образования: 52, погрузки: 53)
  маршрутные отправки (B=10): 1315 дуг / 137 пар (станций образования: 48, маршрутных станций погрузки: 3)
--- АНАЛИЗ РЕСУРСОВ ---
Предложение: 4372 ваг.
Спрос (погрузка): 1988 ваг.
Ёмкость промывки (верх): 2795 ваг.
Статус: ПРОФИЦИТ к погрузке (+2384 ваг.)
-----------------------
Правило 8: профицит порожних (предложение > 1.20 × спрос погрузки) — надбавка 30000 руб. на подсыл иномойки на капризные дороги (МСК)
Штраф за остаток предложения: 5000 руб./ваг. для всех узлов (профицит — грязные вагоны в отстой без промывки)
--- ЖАДНОЕ РЕШЕНИЕ ---
Назначений:            642 шт.
Назначено вагонов:     2092 / 1988 спрос (погрузка), 4372 предложение
Суммарная стоимость:   195012498.30 руб.
Неудовлетворён спрос:  85 ваг.
Избыток предложения:   2280 ваг.
Покрытие спроса (погр.): 105.2%
----------------------
MIP warm-start: ON (greedy) (управляется env MIP_WARM_START={on|off}, по умолч. on)
--- MIP РЕШЕНИЕ ---
Статус:                MIP Optimal (gap=0.005%)
Назначено вагонов:     1903 / 1988 спрос (погрузка), 4372 предложение
Суммарная стоимость:   140498842.40 руб.
Неудовлетворён спрос:  85 ваг.
Избыток предложения:   2469 ваг.
Покрытие спроса (погр.): 95.7%
-------------------
MIP время: 26.34 сек (warm-start: ON)
MIP диагностика: status=Optimal, gap=0.0052%, undist=2554 (unmet=85, excess=2469), real_cost=140498842.40
MIP vs greedy:   greedy undist=2365 (unmet=85, excess=2280), real_cost=195012498.30  →  Δundist=+189, Δcost=-54513655.90
  ВНИМАНИЕ: MIP не закрыл 85 ваг. спроса на погрузку (unmet > 0). Возможные причины:
           (а) PENALTY_UNMET ниже стоимости единственно допустимых плеч,
           (б) HiGHS остановился по rel_gap до закрытия всего спроса.
--- ДИАГНОСТИКА EXCESS SUPPLY (2469 ваг. в 182 узлах) ---
  [s_idx   44] Кара-Балта | тип=БК | ЕТСНГ=014003 | period=1 | mass_unload=false | осталось 1 из 1 ваг.
    ПРИЧИНА: все Load-спросы уже закрыты (Load-дуг 146, Wash-дуг 0; везде rem_demand=0).
  [s_idx   45] Кара-Балта | тип=БКТ | ЕТСНГ=014003 | period=1 | mass_unload=false | осталось 1 из 1 ваг.
    ПРИЧИНА: все Load-спросы уже закрыты (Load-дуг 149, Wash-дуг 0; везде rem_demand=0).
  [s_idx   46] Бишкек 1 | тип=БКТ | ЕТСНГ=014003 | period=1 | mass_unload=false | осталось 2 из 2 ваг.
    ПРИЧИНА: все Load-спросы уже закрыты (Load-дуг 149, Wash-дуг 0; везде rem_demand=0).
  [s_idx   47] Бишкек 1 | тип=Т | ЕТСНГ=014003 | period=1 | mass_unload=false | осталось 1 из 1 ваг.
    ПРИЧИНА: все Load-спросы уже закрыты (Load-дуг 146, Wash-дуг 0; везде rem_demand=0).
  [s_idx   48] Шопоков | тип=Прочие | ЕТСНГ=011005 | period=1 | mass_unload=false | осталось 1 из 1 ваг.
    ПРИЧИНА: все Load-спросы уже закрыты (Load-дуг 145, Wash-дуг 0; везде rem_demand=0).
  [s_idx   69] Уссурийск | тип=БКТ | ЕТСНГ=011005 | period=1 | mass_unload=false | осталось 3 из 3 ваг.
    ПРИЧИНА: все Load-спросы уже закрыты (Load-дуг 4, Wash-дуг 0; везде rem_demand=0).
  [s_idx   70] Уссурийск | тип=БК | ЕТСНГ=011005 | period=1 | mass_unload=false | осталось 1 из 1 ваг.
    ПРИЧИНА: все Load-спросы уже закрыты (Load-дуг 4, Wash-дуг 0; везде rem_demand=0).
  [s_idx   74] Нижний Ломов | тип=БКТ | ЕТСНГ=542224 | period=1 | mass_unload=false | осталось 1 из 1 ваг.
    ПРИЧИНА: доступны только Wash-дуги (36 шт., мин. стоимость 71817 руб./ваг.) при штрафе за остаток узла 5000 руб./ваг. (профицит).
             Промывка дороже штрафа — MIP оставил вагоны в остатке (Wash не имеет штрафа за незаполнение).
  [s_idx   75] Свобода | тип=Т | ЕТСНГ=421034 | period=1 | mass_unload=false | осталось 1 из 1 ваг.
    ПРИЧИНА: доступны только Wash-дуги (36 шт., мин. стоимость 62774 руб./ваг.) при штрафе за остаток узла 5000 руб./ваг. (профицит).
             Промывка дороже штрафа — MIP оставил вагоны в остатке (Wash не имеет штрафа за незаполнение).
  [s_idx   76] Почеп | тип=БК | ЕТСНГ=— | period=1 | mass_unload=false | осталось 2 из 2 ваг.
    ПРИЧИНА: доступны только Wash-дуги (36 шт., мин. стоимость 53949 руб./ваг.) при штрафе за остаток узла 5000 руб./ваг. (профицит).
             Промывка дороже штрафа — MIP оставил вагоны в остатке (Wash не имеет штрафа за незаполнение).
  [s_idx   77] Почеп | тип=БКТ | ЕТСНГ=542224 | period=1 | mass_unload=false | осталось 1 из 1 ваг.
    ПРИЧИНА: доступны только Wash-дуги (36 шт., мин. стоимость 53949 руб./ваг.) при штрафе за остаток узла 5000 руб./ваг. (профицит).
             Промывка дороже штрафа — MIP оставил вагоны в остатке (Wash не имеет штрафа за незаполнение).
  [s_idx   79] Почеп | тип=Т | ЕТСНГ=542224 | period=1 | mass_unload=false | осталось 1 из 1 ваг.
    ПРИЧИНА: доступны только Wash-дуги (36 шт., мин. стоимость 53949 руб./ваг.) при штрафе за остаток узла 5000 руб./ваг. (профицит).
             Промывка дороже штрафа — MIP оставил вагоны в остатке (Wash не имеет штрафа за незаполнение).
  [s_idx   80] Почеп | тип=БК | ЕТСНГ=542224 | period=1 | mass_unload=false | осталось 1 из 1 ваг.
    ПРИЧИНА: доступны только Wash-дуги (36 шт., мин. стоимость 53949 руб./ваг.) при штрафе за остаток узла 5000 руб./ваг. (профицит).
             Промывка дороже штрафа — MIP оставил вагоны в остатке (Wash не имеет штрафа за незаполнение).
  [s_idx   81] Почеп | тип=Прочие | ЕТСНГ=542224 | period=1 | mass_unload=false | осталось 1 из 1 ваг.
    ПРИЧИНА: доступны только Wash-дуги (36 шт., мин. стоимость 53949 руб./ваг.) при штрафе за остаток узла 5000 руб./ваг. (профицит).
             Промывка дороже штрафа — MIP оставил вагоны в остатке (Wash не имеет штрафа за незаполнение).
  [s_idx   85] Денежниково | тип=БК | ЕТСНГ=542239 | period=1 | mass_unload=false | осталось 1 из 1 ваг.
    ПРИЧИНА: доступны только Wash-дуги (36 шт., мин. стоимость 59116 руб./ваг.) при штрафе за остаток узла 5000 руб./ваг. (профицит).
             Промывка дороже штрафа — MIP оставил вагоны в остатке (Wash не имеет штрафа за незаполнение).
  [s_idx   86] Латышская | тип=Т | ЕТСНГ=542224 | period=1 | mass_unload=false | осталось 1 из 1 ваг.
    ПРИЧИНА: доступны только Wash-дуги (36 шт., мин. стоимость 61172 руб./ваг.) при штрафе за остаток узла 5000 руб./ваг. (профицит).
             Промывка дороже штрафа — MIP оставил вагоны в остатке (Wash не имеет штрафа за незаполнение).
  [s_idx   87] Латышская | тип=БК | ЕТСНГ=542224 | period=1 | mass_unload=false | осталось 2 из 2 ваг.
    ПРИЧИНА: доступны только Wash-дуги (36 шт., мин. стоимость 61172 руб./ваг.) при штрафе за остаток узла 5000 руб./ваг. (профицит).
             Промывка дороже штрафа — MIP оставил вагоны в остатке (Wash не имеет штрафа за незаполнение).
  [s_idx   88] Свобода | тип=БКТ | ЕТСНГ=421034 | period=1 | mass_unload=false | осталось 2 из 2 ваг.
    ПРИЧИНА: доступны только Wash-дуги (36 шт., мин. стоимость 62774 руб./ваг.) при штрафе за остаток узла 5000 руб./ваг. (профицит).
             Промывка дороже штрафа — MIP оставил вагоны в остатке (Wash не имеет штрафа за незаполнение).
  [s_idx  116] Савай | тип=БКТ | ЕТСНГ=011005 | period=1 | mass_unload=false | осталось 4 из 4 ваг.
    ПРИЧИНА: все Load-спросы уже закрыты (Load-дуг 149, Wash-дуг 0; везде rem_demand=0).
  [s_idx  117] Савай | тип=Прочие | ЕТСНГ=011005 | period=1 | mass_unload=false | осталось 1 из 1 ваг.
    ПРИЧИНА: все Load-спросы уже закрыты (Load-дуг 146, Wash-дуг 0; везде rem_demand=0).
  [s_idx  118] Околтин | тип=БК | ЕТСНГ=011005 | period=1 | mass_unload=false | осталось 9 из 9 ваг.
    ПРИЧИНА: все Load-спросы уже закрыты (Load-дуг 146, Wash-дуг 0; везде rem_demand=0).
  [s_idx  119] Околтин | тип=Т | ЕТСНГ=011005 | period=1 | mass_unload=false | осталось 4 из 4 ваг.
    ПРИЧИНА: все Load-спросы уже закрыты (Load-дуг 146, Wash-дуг 0; везде rem_demand=0).
  [s_idx  120] Околтин | тип=БКТ | ЕТСНГ=011005 | period=1 | mass_unload=false | осталось 2 из 2 ваг.
    ПРИЧИНА: все Load-спросы уже закрыты (Load-дуг 149, Wash-дуг 0; везде rem_demand=0).
  [s_idx  130] Лужская (Экспорт) | тип=БКТ | ЕТСНГ=011005 | period=10 | mass_unload=true | осталось 438 из 489 ваг.
    ПРИЧИНА: все Load-спросы уже закрыты (Load-дуг 149, Wash-дуг 0; везде rem_demand=0).
  [s_idx  131] Высоцк (Экспорт) | тип=БКТ | ЕТСНГ=011005 | period=10 | mass_unload=true | осталось 96 из 157 ваг.
    ПРИЧИНА: все Load-спросы уже закрыты (Load-дуг 149, Wash-дуг 0; везде rem_demand=0).
  [s_idx  133] Великий Новгород | тип=БК | ЕТСНГ=542224 | period=10 | mass_unload=false | осталось 1 из 1 ваг.
    ПРИЧИНА: доступны только Wash-дуги (36 шт., мин. стоимость 89596 руб./ваг.) при штрафе за остаток узла 5000 руб./ваг. (профицит).
             Промывка дороже штрафа — MIP оставил вагоны в остатке (Wash не имеет штрафа за незаполнение).
  [s_idx  134] Владивосток (Экспорт) | тип=БКТ | ЕТСНГ=011005 | period=10 | mass_unload=false | осталось 52 из 52 ваг.
    ПРИЧИНА: все Load-спросы уже закрыты (Load-дуг 3, Wash-дуг 0; везде rem_demand=0).
  [s_idx  135] Бишкек 1 | тип=Т | ЕТСНГ=011005 | period=10 | mass_unload=false | осталось 5 из 5 ваг.
    ПРИЧИНА: все Load-спросы уже закрыты (Load-дуг 146, Wash-дуг 0; везде rem_demand=0).
  [s_idx  136] Лиепая (Экспорт) | тип=БК | ЕТСНГ=011005 | period=10 | mass_unload=true | осталось 64 из 64 ваг.
    ПРИЧИНА: все Load-спросы уже закрыты (Load-дуг 143, Wash-дуг 0; везде rem_demand=0).
  [s_idx  137] Лиепая (Экспорт) | тип=БКТ | ЕТСНГ=542072 | period=10 | mass_unload=true | осталось 59 из 59 ваг.
    ПРИЧИНА: все Load-спросы уже закрыты (Load-дуг 146, Wash-дуг 0; везде rem_demand=0).
  [s_idx  139] Богоявленск | тип=БК | ЕТСНГ=542239 | period=10 | mass_unload=false | осталось 3 из 3 ваг.
    ПРИЧИНА: доступны только Wash-дуги (36 шт., мин. стоимость 89101 руб./ваг.) при штрафе за остаток узла 5000 руб./ваг. (профицит).
             Промывка дороже штрафа — MIP оставил вагоны в остатке (Wash не имеет штрафа за незаполнение).
  [s_idx  141] Поти (Порт, Экспорт) | тип=БК | ЕТСНГ=018131 | period=10 | mass_unload=true | осталось 47 из 47 ваг.
    ПРИЧИНА: все Load-спросы уже закрыты (Load-дуг 143, Wash-дуг 0; везде rem_demand=0).
  [s_idx  143] Лиепая (Экспорт) | тип=БК | ЕТСНГ=542072 | period=10 | mass_unload=true | осталось 2 из 20 ваг.
    ПРИЧИНА: все Load-спросы уже закрыты (Load-дуг 143, Wash-дуг 0; везде rem_demand=0).
  [s_idx  144] Богоявленск | тип=БКТ | ЕТСНГ=542239 | period=10 | mass_unload=false | осталось 2 из 2 ваг.
    ПРИЧИНА: доступны только Wash-дуги (36 шт., мин. стоимость 89101 руб./ваг.) при штрафе за остаток узла 5000 руб./ваг. (профицит).
             Промывка дороже штрафа — MIP оставил вагоны в остатке (Wash не имеет штрафа за незаполнение).
  [s_idx  145] Поти (Порт, Экспорт) | тип=БКТ | ЕТСНГ=018131 | period=10 | mass_unload=true | осталось 143 из 143 ваг.
    ПРИЧИНА: все Load-спросы уже закрыты (Load-дуг 146, Wash-дуг 0; везде rem_demand=0).
  [s_idx  148] Лужская (Экспорт) | тип=БК | ЕТСНГ=011005 | period=10 | mass_unload=true | осталось 165 из 177 ваг.
    ПРИЧИНА: все Load-спросы уже закрыты (Load-дуг 146, Wash-дуг 0; везде rem_demand=0).
  [s_idx  149] Шурчи (РЗД) | тип=БКТ | ЕТСНГ=011005 | period=10 | mass_unload=false | осталось 7 из 7 ваг.
    ПРИЧИНА: все Load-спросы уже закрыты (Load-дуг 148, Wash-дуг 0; везде rem_demand=0).
  [s_idx  152] Лиепая (Экспорт) | тип=БК | ЕТСНГ=014003 | period=10 | mass_unload=true | осталось 22 из 22 ваг.
    ПРИЧИНА: все Load-спросы уже закрыты (Load-дуг 143, Wash-дуг 0; везде rem_demand=0).
  [s_idx  153] Лужская (Экспорт) | тип=Т | ЕТСНГ=011005 | period=10 | mass_unload=true | осталось 233 из 233 ваг.
    ПРИЧИНА: все Load-спросы уже закрыты (Load-дуг 146, Wash-дуг 0; везде rem_demand=0).
  [s_idx  154] Поти (Порт, Экспорт) | тип=Т | ЕТСНГ=018131 | period=10 | mass_unload=true | осталось 48 из 48 ваг.
    ПРИЧИНА: все Load-спросы уже закрыты (Load-дуг 143, Wash-дуг 0; везде rem_demand=0).
  [s_idx  156] Поти (Порт, Экспорт) | тип=БК | ЕТСНГ=011005 | period=10 | mass_unload=true | осталось 32 из 32 ваг.
    ПРИЧИНА: все Load-спросы уже закрыты (Load-дуг 143, Wash-дуг 0; везде rem_demand=0).
  [s_idx  159] Лиепая (Экспорт) | тип=БКТ | ЕТСНГ=011005 | period=10 | mass_unload=true | осталось 158 из 158 ваг.
    ПРИЧИНА: все Load-спросы уже закрыты (Load-дуг 146, Wash-дуг 0; везде rem_demand=0).
  [s_idx  160] Лиепая (Экспорт) | тип=БКТ | ЕТСНГ=505028 | period=10 | mass_unload=true | осталось 24 из 24 ваг.
    ПРИЧИНА: все Load-спросы уже закрыты (Load-дуг 146, Wash-дуг 0; везде rem_demand=0).
  [s_idx  161] Высоцк (Экспорт) | тип=Т | ЕТСНГ=011005 | period=10 | mass_unload=true | осталось 65 из 65 ваг.
    ПРИЧИНА: все Load-спросы уже закрыты (Load-дуг 146, Wash-дуг 0; везде rem_demand=0).
  [s_idx  166] Шурчи (РЗД) | тип=Т | ЕТСНГ=011005 | period=10 | mass_unload=false | осталось 2 из 2 ваг.
    ПРИЧИНА: все Load-спросы уже закрыты (Load-дуг 145, Wash-дуг 0; везде rem_demand=0).
  [s_idx  171] Поти (Порт, Экспорт) | тип=БКТ | ЕТСНГ=011005 | period=10 | mass_unload=true | осталось 24 из 24 ваг.
    ПРИЧИНА: все Load-спросы уже закрыты (Load-дуг 146, Wash-дуг 0; везде rem_demand=0).
  [s_idx  175] Лиепая (Экспорт) | тип=Т | ЕТСНГ=011005 | period=10 | mass_unload=true | осталось 69 из 69 ваг.
    ПРИЧИНА: все Load-спросы уже закрыты (Load-дуг 143, Wash-дуг 0; везде rem_demand=0).
  [s_idx  176] Лиепая (Экспорт) | тип=БКТ | ЕТСНГ=014003 | period=10 | mass_unload=true | осталось 75 из 75 ваг.
    ПРИЧИНА: все Load-спросы уже закрыты (Load-дуг 146, Wash-дуг 0; везде rem_demand=0).
  [s_idx  177] Майкудык | тип=Т | ЕТСНГ=011005 | period=10 | mass_unload=false | осталось 6 из 21 ваг.
    ПРИЧИНА: все Load-спросы уже закрыты (Load-дуг 148, Wash-дуг 0; везде rem_demand=0).
  [s_idx  186] Бишкек 1 | тип=БКТ | ЕТСНГ=014003 | period=10 | mass_unload=false | осталось 1 из 1 ваг.
    ПРИЧИНА: все Load-спросы уже закрыты (Load-дуг 149, Wash-дуг 0; везде rem_demand=0).
  [s_idx  187] Бишкек 1 | тип=БКТ | ЕТСНГ=011005 | period=10 | mass_unload=false | осталось 10 из 10 ваг.
    ПРИЧИНА: все Load-спросы уже закрыты (Load-дуг 149, Wash-дуг 0; везде rem_demand=0).
  [s_idx  189] Байсерке | тип=Т | ЕТСНГ=011005 | period=10 | mass_unload=false | осталось 10 из 10 ваг.
    ПРИЧИНА: все Load-спросы уже закрыты (Load-дуг 145, Wash-дуг 0; везде rem_demand=0).
  [s_idx  190] Капчагай | тип=БКТ | ЕТСНГ=011005 | period=10 | mass_unload=false | осталось 23 из 23 ваг.
    ПРИЧИНА: все Load-спросы уже закрыты (Load-дуг 149, Wash-дуг 0; везде rem_demand=0).
  [s_idx  195] Высоцк (Экспорт) | тип=БК | ЕТСНГ=011005 | period=10 | mass_unload=true | осталось 68 из 70 ваг.
    ПРИЧИНА: все Load-спросы уже закрыты (Load-дуг 146, Wash-дуг 0; везде rem_demand=0).
  [s_idx  196] Забайкальск (Экспорт на КЖД [Китай]) | тип=БК | ЕТСНГ=018038 | period=10 | mass_unload=false | осталось 16 из 16 ваг.
    ПРИЧИНА: все Load-спросы уже закрыты (Load-дуг 63, Wash-дуг 0; везде rem_demand=0).
  [s_idx  197] Лиепая (Экспорт) | тип=Т | ЕТСНГ=505028 | period=10 | mass_unload=true | осталось 11 из 11 ваг.
    ПРИЧИНА: все Load-спросы уже закрыты (Load-дуг 143, Wash-дуг 0; везде rem_demand=0).
  [s_idx  199] Лиепая (Экспорт) | тип=Т | ЕТСНГ=542072 | period=10 | mass_unload=true | осталось 24 из 24 ваг.
    ПРИЧИНА: все Load-спросы уже закрыты (Load-дуг 143, Wash-дуг 0; везде rem_demand=0).
  [s_idx  201] Денов | тип=БКТ | ЕТСНГ=011005 | period=10 | mass_unload=false | осталось 9 из 9 ваг.
    ПРИЧИНА: все Load-спросы уже закрыты (Load-дуг 147, Wash-дуг 0; везде rem_demand=0).
  [s_idx  202] Лиепая (Экспорт) | тип=Т | ЕТСНГ=014003 | period=10 | mass_unload=true | осталось 18 из 30 ваг.
    ПРИЧИНА: все Load-спросы уже закрыты (Load-дуг 143, Wash-дуг 0; везде rem_demand=0).
  [s_idx  203] Беловодская | тип=БКТ | ЕТСНГ=011005 | period=10 | mass_unload=false | осталось 6 из 6 ваг.
    ПРИЧИНА: все Load-спросы уже закрыты (Load-дуг 149, Wash-дуг 0; везде rem_demand=0).
  [s_idx  205] Аламедин | тип=БК | ЕТСНГ=011005 | period=10 | mass_unload=false | осталось 10 из 10 ваг.
    ПРИЧИНА: все Load-спросы уже закрыты (Load-дуг 146, Wash-дуг 0; везде rem_demand=0).
  [s_idx  208] Вайвара (Экспорт) | тип=БКТ | ЕТСНГ=018131 | period=10 | mass_unload=false | осталось 23 из 24 ваг.
    ПРИЧИНА: все Load-спросы уже закрыты (Load-дуг 146, Wash-дуг 0; везде rem_demand=0).
  [s_idx  209] Аламедин | тип=БКТ | ЕТСНГ=011005 | period=10 | mass_unload=false | осталось 6 из 6 ваг.
    ПРИЧИНА: все Load-спросы уже закрыты (Load-дуг 149, Wash-дуг 0; везде rem_demand=0).
  [s_idx  213] Денов | тип=БК | ЕТСНГ=011005 | period=10 | mass_unload=false | осталось 12 из 12 ваг.
    ПРИЧИНА: все Load-спросы уже закрыты (Load-дуг 144, Wash-дуг 0; везде rem_demand=0).
  [s_idx  216] Забайкальск (Экспорт на КЖД [Китай]) | тип=БКТ | ЕТСНГ=018038 | period=10 | mass_unload=false | осталось 14 из 14 ваг.
    ПРИЧИНА: все Load-спросы уже закрыты (Load-дуг 65, Wash-дуг 0; везде rem_demand=0).
  [s_idx  217] Забайкальск (Экспорт на КЖД [Китай]) | тип=Т | ЕТСНГ=018038 | period=10 | mass_unload=false | осталось 7 из 7 ваг.
    ПРИЧИНА: все Load-спросы уже закрыты (Load-дуг 63, Wash-дуг 0; везде rem_demand=0).
  [s_idx  224] Выселки | тип=БК | ЕТСНГ=542224 | period=10 | mass_unload=false | осталось 2 из 2 ваг.
    ПРИЧИНА: доступны только Wash-дуги (36 шт., мин. стоимость 72719 руб./ваг.) при штрафе за остаток узла 5000 руб./ваг. (профицит).
             Промывка дороже штрафа — MIP оставил вагоны в остатке (Wash не имеет штрафа за незаполнение).
  [s_idx  225] Алатырь | тип=Т | ЕТСНГ=542224 | period=10 | mass_unload=false | осталось 2 из 2 ваг.
    ПРИЧИНА: доступны только Wash-дуги (36 шт., мин. стоимость 97698 руб./ваг.) при штрафе за остаток узла 5000 руб./ваг. (профицит).
             Промывка дороже штрафа — MIP оставил вагоны в остатке (Wash не имеет штрафа за незаполнение).
  [s_idx  226] Нижний Ломов | тип=БКТ | ЕТСНГ=542224 | period=10 | mass_unload=false | осталось 7 из 7 ваг.
    ПРИЧИНА: доступны только Wash-дуги (36 шт., мин. стоимость 118817 руб./ваг.) при штрафе за остаток узла 5000 руб./ваг. (профицит).
             Промывка дороже штрафа — MIP оставил вагоны в остатке (Wash не имеет штрафа за незаполнение).
  [s_idx  230] Невдубстрой | тип=БКТ | ЕТСНГ=542224 | period=10 | mass_unload=false | осталось 3 из 3 ваг.
    ПРИЧИНА: доступны только Wash-дуги (36 шт., мин. стоимость 67759 руб./ваг.) при штрафе за остаток узла 5000 руб./ваг. (профицит).
             Промывка дороже штрафа — MIP оставил вагоны в остатке (Wash не имеет штрафа за незаполнение).
  [s_idx  232] Великий Новгород | тип=БКТ | ЕТСНГ=542224 | period=10 | mass_unload=false | осталось 3 из 3 ваг.
    ПРИЧИНА: доступны только Wash-дуги (36 шт., мин. стоимость 89596 руб./ваг.) при штрафе за остаток узла 5000 руб./ваг. (профицит).
             Промывка дороже штрафа — MIP оставил вагоны в остатке (Wash не имеет штрафа за незаполнение).
  [s_idx  233] Беловодская | тип=БК | ЕТСНГ=011005 | period=10 | mass_unload=false | осталось 4 из 4 ваг.
    ПРИЧИНА: все Load-спросы уже закрыты (Load-дуг 146, Wash-дуг 0; везде rem_demand=0).
  [s_idx  237] Владивосток (Экспорт) | тип=БК | ЕТСНГ=011005 | period=10 | mass_unload=false | осталось 11 из 11 ваг.
    ПРИЧИНА: все Load-спросы уже закрыты (Load-дуг 3, Wash-дуг 0; везде rem_demand=0).
  [s_idx  238] Новый Порт (Экспорт) | тип=БКТ | ЕТСНГ=542296 | period=10 | mass_unload=false | осталось 3 из 3 ваг.
    ПРИЧИНА: доступны только Wash-дуги (36 шт., мин. стоимость 83205 руб./ваг.) при штрафе за остаток узла 5000 руб./ваг. (профицит).
             Промывка дороже штрафа — MIP оставил вагоны в остатке (Wash не имеет штрафа за незаполнение).
  [s_idx  240] Смоленск | тип=БКТ | ЕТСНГ=542239 | period=10 | mass_unload=false | осталось 1 из 1 ваг.
    ПРИЧИНА: доступны только Wash-дуги (36 шт., мин. стоимость 97210 руб./ваг.) при штрафе за остаток узла 5000 руб./ваг. (профицит).
             Промывка дороже штрафа — MIP оставил вагоны в остатке (Wash не имеет штрафа за незаполнение).
  [s_idx  244] Селикса | тип=БК | ЕТСНГ=542224 | period=10 | mass_unload=false | осталось 8 из 8 ваг.
    ПРИЧИНА: доступны только Wash-дуги (36 шт., мин. стоимость 95187 руб./ваг.) при штрафе за остаток узла 5000 руб./ваг. (профицит).
             Промывка дороже штрафа — MIP оставил вагоны в остатке (Wash не имеет штрафа за незаполнение).
  [s_idx  245] Баженово | тип=БКТ | ЕТСНГ=542239 | period=10 | mass_unload=false | осталось 2 из 2 ваг.
    ПРИЧИНА: доступны только Wash-дуги (36 шт., мин. стоимость 70344 руб./ваг.) при штрафе за остаток узла 5000 руб./ваг. (профицит).
             Промывка дороже штрафа — MIP оставил вагоны в остатке (Wash не имеет штрафа за незаполнение).
  [s_idx  254] Забайкальск (Экспорт на КЖД [Китай]) | тип=БК | ЕТСНГ=014003 | period=10 | mass_unload=false | осталось 2 из 2 ваг.
    ПРИЧИНА: все Load-спросы уже закрыты (Load-дуг 63, Wash-дуг 0; везде rem_demand=0).
  [s_idx  257] Нижний Ломов | тип=Т | ЕТСНГ=542224 | period=10 | mass_unload=false | осталось 6 из 6 ваг.
    ПРИЧИНА: доступны только Wash-дуги (36 шт., мин. стоимость 118817 руб./ваг.) при штрафе за остаток узла 5000 руб./ваг. (профицит).
             Промывка дороже штрафа — MIP оставил вагоны в остатке (Wash не имеет штрафа за незаполнение).
  [s_idx  258] Байсерке | тип=БКТ | ЕТСНГ=011005 | period=10 | mass_unload=false | осталось 15 из 15 ваг.
    ПРИЧИНА: все Load-спросы уже закрыты (Load-дуг 148, Wash-дуг 0; везде rem_demand=0).
  [s_idx  262] Шурчи (РЗД) | тип=БК | ЕТСНГ=011005 | period=10 | mass_unload=false | осталось 4 из 4 ваг.
    ПРИЧИНА: все Load-спросы уже закрыты (Load-дуг 145, Wash-дуг 0; везде rem_demand=0).
  [s_idx  267] Владивосток (Экспорт) | тип=Т | ЕТСНГ=011005 | period=10 | mass_unload=false | осталось 16 из 16 ваг.
    ПРИЧИНА: все Load-спросы уже закрыты (Load-дуг 3, Wash-дуг 0; везде rem_demand=0).
  [s_idx  269] Капчагай | тип=Т | ЕТСНГ=011005 | period=10 | mass_unload=false | осталось 8 из 8 ваг.
    ПРИЧИНА: все Load-спросы уже закрыты (Load-дуг 146, Wash-дуг 0; везде rem_demand=0).
  [s_idx  271] Караганды | тип=БК | ЕТСНГ=011005 | period=10 | mass_unload=false | осталось 1 из 1 ваг.
    ПРИЧИНА: все Load-спросы уже закрыты (Load-дуг 141, Wash-дуг 0; везде rem_demand=0).
  [s_idx  272] Астара (Экспорт) | тип=Т | ЕТСНГ=011005 | period=10 | mass_unload=false | осталось 1 из 7 ваг.
    ПРИЧИНА: все Load-спросы уже закрыты (Load-дуг 143, Wash-дуг 0; везде rem_demand=0).
  [s_idx  275] Бишкек 1 | тип=Т | ЕТСНГ=014003 | period=10 | mass_unload=false | осталось 1 из 1 ваг.
    ПРИЧИНА: все Load-спросы уже закрыты (Load-дуг 146, Wash-дуг 0; везде rem_demand=0).
  [s_idx  277] Забайкальск (Экспорт на КЖД [Китай]) | тип=Т | ЕТСНГ=014003 | period=10 | mass_unload=false | осталось 1 из 1 ваг.
    ПРИЧИНА: все Load-спросы уже закрыты (Load-дуг 63, Wash-дуг 0; везде rem_demand=0).
  [s_idx  282] Колышлей | тип=БКТ | ЕТСНГ=542224 | period=10 | mass_unload=false | осталось 3 из 3 ваг.
    ПРИЧИНА: доступны только Wash-дуги (36 шт., мин. стоимость 106886 руб./ваг.) при штрафе за остаток узла 5000 руб./ваг. (профицит).
             Промывка дороже штрафа — MIP оставил вагоны в остатке (Wash не имеет штрафа за незаполнение).
  [s_idx  284] Кара-Балта | тип=Т | ЕТСНГ=011005 | period=10 | mass_unload=false | осталось 1 из 1 ваг.
    ПРИЧИНА: все Load-спросы уже закрыты (Load-дуг 146, Wash-дуг 0; везде rem_demand=0).
  [s_idx  285] Денов | тип=Т | ЕТСНГ=011005 | period=10 | mass_unload=false | осталось 3 из 3 ваг.
    ПРИЧИНА: все Load-спросы уже закрыты (Load-дуг 144, Wash-дуг 0; везде rem_demand=0).
  [s_idx  286] Кара-Балта | тип=БКТ | ЕТСНГ=011005 | period=10 | mass_unload=false | осталось 3 из 3 ваг.
    ПРИЧИНА: все Load-спросы уже закрыты (Load-дуг 149, Wash-дуг 0; везде rem_demand=0).
  [s_idx  289] Гродеково (Экспорт на КЖД [Китай]) | тип=БК | ЕТСНГ=015006 | period=10 | mass_unload=false | осталось 3 из 3 ваг.
    ПРИЧИНА: все Load-спросы уже закрыты (Load-дуг 3, Wash-дуг 0; везде rem_demand=0).
  [s_idx  297] Помары | тип=БК | ЕТСНГ=542224 | period=10 | mass_unload=false | осталось 3 из 3 ваг.
    ПРИЧИНА: доступны только Wash-дуги (36 шт., мин. стоимость 114638 руб./ваг.) при штрафе за остаток узла 5000 руб./ваг. (профицит).
             Промывка дороже штрафа — MIP оставил вагоны в остатке (Wash не имеет штрафа за незаполнение).
  [s_idx  298] Конаково ГРЭС | тип=Т | ЕТСНГ=542224 | period=10 | mass_unload=false | осталось 4 из 4 ваг.
    ПРИЧИНА: доступны только Wash-дуги (36 шт., мин. стоимость 114638 руб./ваг.) при штрафе за остаток узла 5000 руб./ваг. (профицит).
             Промывка дороже штрафа — MIP оставил вагоны в остатке (Wash не имеет штрафа за незаполнение).
  [s_idx  299] Помары | тип=БКТ | ЕТСНГ=542224 | period=10 | mass_unload=false | осталось 9 из 9 ваг.
    ПРИЧИНА: доступны только Wash-дуги (36 шт., мин. стоимость 114638 руб./ваг.) при штрафе за остаток узла 5000 руб./ваг. (профицит).
             Промывка дороже штрафа — MIP оставил вагоны в остатке (Wash не имеет штрафа за незаполнение).
  [s_idx  300] Помары | тип=Т | ЕТСНГ=542224 | period=10 | mass_unload=false | осталось 5 из 5 ваг.
    ПРИЧИНА: доступны только Wash-дуги (36 шт., мин. стоимость 114638 руб./ваг.) при штрафе за остаток узла 5000 руб./ваг. (профицит).
             Промывка дороже штрафа — MIP оставил вагоны в остатке (Wash не имеет штрафа за незаполнение).
  [s_idx  301] Восстание | тип=Т | ЕТСНГ=542224 | period=10 | mass_unload=false | осталось 2 из 2 ваг.
    ПРИЧИНА: доступны только Wash-дуги (36 шт., мин. стоимость 115344 руб./ваг.) при штрафе за остаток узла 5000 руб./ваг. (профицит).
             Промывка дороже штрафа — MIP оставил вагоны в остатке (Wash не имеет штрафа за незаполнение).
  [s_idx  302] Выселки | тип=БКТ | ЕТСНГ=542224 | period=10 | mass_unload=false | осталось 1 из 1 ваг.
    ПРИЧИНА: доступны только Wash-дуги (36 шт., мин. стоимость 72719 руб./ваг.) при штрафе за остаток узла 5000 руб./ваг. (профицит).
             Промывка дороже штрафа — MIP оставил вагоны в остатке (Wash не имеет штрафа за незаполнение).
  [s_idx  303] Чемолган | тип=БКТ | ЕТСНГ=011005 | period=10 | mass_unload=false | осталось 1 из 1 ваг.
    ПРИЧИНА: все Load-спросы уже закрыты (Load-дуг 144, Wash-дуг 0; везде rem_demand=0).
  [s_idx  305] Забайкальск (Экспорт на КЖД [Китай]) | тип=БКТ | ЕТСНГ=434034 | period=10 | mass_unload=false | осталось 2 из 2 ваг.
    ПРИЧИНА: все Load-спросы уже закрыты (Load-дуг 65, Wash-дуг 0; везде rem_demand=0).
  [s_idx  308] Ожерелье | тип=БК | ЕТСНГ=542224 | period=10 | mass_unload=false | осталось 2 из 2 ваг.
    ПРИЧИНА: доступны только Wash-дуги (36 шт., мин. стоимость 73022 руб./ваг.) при штрафе за остаток узла 5000 руб./ваг. (профицит).
             Промывка дороже штрафа — MIP оставил вагоны в остатке (Wash не имеет штрафа за незаполнение).
  [s_idx  310] Селикса | тип=БКТ | ЕТСНГ=— | period=10 | mass_unload=false | осталось 1 из 2 ваг.
    ПРИЧИНА: доступны только Wash-дуги (19 шт., мин. стоимость 95187 руб./ваг.) при штрафе за остаток узла 5000 руб./ваг. (профицит).
             Промывка дороже штрафа — MIP оставил вагоны в остатке (Wash не имеет штрафа за незаполнение).
  [s_idx  311] Алексеевка | тип=БКТ | ЕТСНГ=542239 | period=10 | mass_unload=false | осталось 3 из 3 ваг.
    ПРИЧИНА: доступны только Wash-дуги (36 шт., мин. стоимость 91154 руб./ваг.) при штрафе за остаток узла 5000 руб./ваг. (профицит).
             Промывка дороже штрафа — MIP оставил вагоны в остатке (Wash не имеет штрафа за незаполнение).
  [s_idx  316] Селикса | тип=БКТ | ЕТСНГ=542224 | period=10 | mass_unload=false | осталось 12 из 12 ваг.
    ПРИЧИНА: доступны только Wash-дуги (36 шт., мин. стоимость 95187 руб./ваг.) при штрафе за остаток узла 5000 руб./ваг. (профицит).
             Промывка дороже штрафа — MIP оставил вагоны в остатке (Wash не имеет штрафа за незаполнение).
  [s_idx  318] Лиепая (Экспорт) | тип=БКТ | ЕТСНГ=542239 | period=10 | mass_unload=true | осталось 5 из 5 ваг.
    ПРИЧИНА: все Load-спросы уже закрыты (Load-дуг 146, Wash-дуг 0; везде rem_demand=0).
  [s_idx  325] Невдубстрой | тип=Т | ЕТСНГ=542224 | period=10 | mass_unload=false | осталось 3 из 3 ваг.
    ПРИЧИНА: доступны только Wash-дуги (36 шт., мин. стоимость 67759 руб./ваг.) при штрафе за остаток узла 5000 руб./ваг. (профицит).
             Промывка дороже штрафа — MIP оставил вагоны в остатке (Wash не имеет штрафа за незаполнение).
  [s_idx  326] Уссурийск | тип=БК | ЕТСНГ=— | period=10 | mass_unload=false | осталось 1 из 1 ваг.
    ПРИЧИНА: все Load-спросы уже закрыты (Load-дуг 4, Wash-дуг 0; везде rem_demand=0).
  [s_idx  327] Забайкальск (Экспорт на КЖД [Китай]) | тип=БКТ | ЕТСНГ=014003 | period=10 | mass_unload=false | осталось 4 из 4 ваг.
    ПРИЧИНА: все Load-спросы уже закрыты (Load-дуг 65, Wash-дуг 0; везде rem_demand=0).
  [s_idx  329] Базаиха | тип=БКТ | ЕТСНГ=— | period=10 | mass_unload=false | осталось 3 из 3 ваг.
    ПРИЧИНА: доступны только Wash-дуги (36 шт., мин. стоимость 69008 руб./ваг.) при штрафе за остаток узла 5000 руб./ваг. (профицит).
             Промывка дороже штрафа — MIP оставил вагоны в остатке (Wash не имеет штрафа за незаполнение).
  [s_idx  330] Янгийул | тип=БКТ | ЕТСНГ=542050 | period=10 | mass_unload=false | осталось 3 из 3 ваг.
    ПРИЧИНА: все Load-спросы уже закрыты (Load-дуг 149, Wash-дуг 0; везде rem_demand=0).
  [s_idx  331] Беловодская | тип=БК | ЕТСНГ=014003 | period=10 | mass_unload=false | осталось 4 из 4 ваг.
    ПРИЧИНА: все Load-спросы уже закрыты (Load-дуг 146, Wash-дуг 0; везде rem_demand=0).
  [s_idx  335] Помары | тип=БКТ | ЕТСНГ=542239 | period=10 | mass_unload=false | осталось 1 из 1 ваг.
    ПРИЧИНА: доступны только Wash-дуги (36 шт., мин. стоимость 114638 руб./ваг.) при штрафе за остаток узла 5000 руб./ваг. (профицит).
             Промывка дороже штрафа — MIP оставил вагоны в остатке (Wash не имеет штрафа за незаполнение).
  [s_idx  338] Почеп | тип=БК | ЕТСНГ=542224 | period=10 | mass_unload=false | осталось 2 из 2 ваг.
    ПРИЧИНА: доступны только Wash-дуги (36 шт., мин. стоимость 70949 руб./ваг.) при штрафе за остаток узла 5000 руб./ваг. (профицит).
             Промывка дороже штрафа — MIP оставил вагоны в остатке (Wash не имеет штрафа за незаполнение).
  [s_idx  339] Новосибирск-Западный | тип=БКТ | ЕТСНГ=014003 | period=10 | mass_unload=false | осталось 2 из 2 ваг.
    ПРИЧИНА: все Load-спросы уже закрыты (Load-дуг 6, Wash-дуг 0; везде rem_demand=0).
  [s_idx  342] Беловодская | тип=БКТ | ЕТСНГ=014003 | period=10 | mass_unload=false | осталось 3 из 3 ваг.
    ПРИЧИНА: все Load-спросы уже закрыты (Load-дуг 149, Wash-дуг 0; везде rem_demand=0).
  [s_idx  344] Новосибирск-Западный | тип=БКТ | ЕТСНГ=— | period=10 | mass_unload=false | осталось 2 из 2 ваг.
    ПРИЧИНА: доступны только Wash-дуги (21 шт., мин. стоимость 68702 руб./ваг.) при штрафе за остаток узла 5000 руб./ваг. (профицит).
             Промывка дороже штрафа — MIP оставил вагоны в остатке (Wash не имеет штрафа за незаполнение).
  [s_idx  347] Гродеково (Экспорт на КЖД [Китай]) | тип=БКТ | ЕТСНГ=015006 | period=10 | mass_unload=false | осталось 3 из 3 ваг.
    ПРИЧИНА: все Load-спросы уже закрыты (Load-дуг 3, Wash-дуг 0; везде rem_demand=0).
  [s_idx  348] Новый Порт (Экспорт) | тип=БК | ЕТСНГ=542296 | period=10 | mass_unload=false | осталось 4 из 4 ваг.
    ПРИЧИНА: доступны только Wash-дуги (36 шт., мин. стоимость 83205 руб./ваг.) при штрафе за остаток узла 5000 руб./ваг. (профицит).
             Промывка дороже штрафа — MIP оставил вагоны в остатке (Wash не имеет штрафа за незаполнение).
  [s_idx  350] Жердевка | тип=Т | ЕТСНГ=542239 | period=10 | mass_unload=false | осталось 4 из 4 ваг.
    ПРИЧИНА: доступны только Wash-дуги (36 шт., мин. стоимость 92165 руб./ваг.) при штрафе за остаток узла 5000 руб./ваг. (профицит).
             Промывка дороже штрафа — MIP оставил вагоны в остатке (Wash не имеет штрафа за незаполнение).
  [s_idx  353] Шиповка | тип=Т | ЕТСНГ=021083 | period=10 | mass_unload=false | осталось 5 из 5 ваг.
    ПРИЧИНА: все Load-спросы уже закрыты (Load-дуг 143, Wash-дуг 0; везде rem_demand=0).
  [s_idx  356] Тюмень | тип=БКТ | ЕТСНГ=542224 | period=10 | mass_unload=false | осталось 3 из 3 ваг.
    ПРИЧИНА: доступны только Wash-дуги (36 шт., мин. стоимость 110695 руб./ваг.) при штрафе за остаток узла 5000 руб./ваг. (профицит).
             Промывка дороже штрафа — MIP оставил вагоны в остатке (Wash не имеет штрафа за незаполнение).
  [s_idx  357] Селикса | тип=Т | ЕТСНГ=542224 | period=10 | mass_unload=false | осталось 1 из 1 ваг.
    ПРИЧИНА: доступны только Wash-дуги (36 шт., мин. стоимость 95187 руб./ваг.) при штрафе за остаток узла 5000 руб./ваг. (профицит).
             Промывка дороже штрафа — MIP оставил вагоны в остатке (Wash не имеет штрафа за незаполнение).
  [s_idx  358] Барабинск | тип=БКТ | ЕТСНГ=018023 | period=10 | mass_unload=false | осталось 1 из 1 ваг.
    ПРИЧИНА: все Load-спросы уже закрыты (Load-дуг 6, Wash-дуг 0; везде rem_demand=0).
  [s_idx  359] Куланга | тип=БКТ | ЕТСНГ=542224 | period=10 | mass_unload=false | осталось 1 из 1 ваг.
    ПРИЧИНА: доступны только Wash-дуги (36 шт., мин. стоимость 98763 руб./ваг.) при штрафе за остаток узла 5000 руб./ваг. (профицит).
             Промывка дороже штрафа — MIP оставил вагоны в остатке (Wash не имеет штрафа за незаполнение).
  [s_idx  360] Рышково | тип=БКТ | ЕТСНГ=542224 | period=10 | mass_unload=false | осталось 2 из 2 ваг.
    ПРИЧИНА: доступны только Wash-дуги (36 шт., мин. стоимость 95153 руб./ваг.) при штрафе за остаток узла 5000 руб./ваг. (профицит).
             Промывка дороже штрафа — MIP оставил вагоны в остатке (Wash не имеет штрафа за незаполнение).
  [s_idx  361] Великий Новгород | тип=Т | ЕТСНГ=542224 | period=10 | mass_unload=false | осталось 1 из 1 ваг.
    ПРИЧИНА: доступны только Wash-дуги (36 шт., мин. стоимость 89596 руб./ваг.) при штрафе за остаток узла 5000 руб./ваг. (профицит).
             Промывка дороже штрафа — MIP оставил вагоны в остатке (Wash не имеет штрафа за незаполнение).
  [s_idx  362] Невель 1 | тип=БК | ЕТСНГ=542224 | period=10 | mass_unload=false | осталось 1 из 1 ваг.
    ПРИЧИНА: доступны только Wash-дуги (36 шт., мин. стоимость 139462 руб./ваг.) при штрафе за остаток узла 5000 руб./ваг. (профицит).
             Промывка дороже штрафа — MIP оставил вагоны в остатке (Wash не имеет штрафа за незаполнение).
  [s_idx  364] Капчагай | тип=БК | ЕТСНГ=011005 | period=10 | mass_unload=false | осталось 7 из 7 ваг.
    ПРИЧИНА: все Load-спросы уже закрыты (Load-дуг 146, Wash-дуг 0; везде rem_demand=0).
  [s_idx  365] Почеп | тип=БКТ | ЕТСНГ=542224 | period=10 | mass_unload=false | осталось 2 из 2 ваг.
    ПРИЧИНА: доступны только Wash-дуги (36 шт., мин. стоимость 70949 руб./ваг.) при штрафе за остаток узла 5000 руб./ваг. (профицит).
             Промывка дороже штрафа — MIP оставил вагоны в остатке (Wash не имеет штрафа за незаполнение).
  [s_idx  366] Порт Оля (Экспорт) | тип=БКТ | ЕТСНГ=542239 | period=10 | mass_unload=false | осталось 6 из 6 ваг.
    ПРИЧИНА: доступны только Wash-дуги (36 шт., мин. стоимость 94679 руб./ваг.) при штрафе за остаток узла 5000 руб./ваг. (профицит).
             Промывка дороже штрафа — MIP оставил вагоны в остатке (Wash не имеет штрафа за незаполнение).
  [s_idx  377] Новоблаговещенка | тип=БКТ | ЕТСНГ=421034 | period=10 | mass_unload=false | осталось 1 из 1 ваг.
    ПРИЧИНА: все Load-спросы уже закрыты (Load-дуг 6, Wash-дуг 0; везде rem_demand=0).
  [s_idx  378] Входная | тип=БК | ЕТСНГ=542224 | period=10 | mass_unload=false | осталось 1 из 1 ваг.
    ПРИЧИНА: доступны только Wash-дуги (36 шт., мин. стоимость 93172 руб./ваг.) при штрафе за остаток узла 5000 руб./ваг. (профицит).
             Промывка дороже штрафа — MIP оставил вагоны в остатке (Wash не имеет штрафа за незаполнение).
  [s_idx  380] Байсерке | тип=БК | ЕТСНГ=011005 | period=10 | mass_unload=false | осталось 4 из 4 ваг.
    ПРИЧИНА: все Load-спросы уже закрыты (Load-дуг 145, Wash-дуг 0; везде rem_demand=0).
  [s_idx  381] Смоленск | тип=БК | ЕТСНГ=542239 | period=10 | mass_unload=false | осталось 2 из 2 ваг.
    ПРИЧИНА: доступны только Wash-дуги (36 шт., мин. стоимость 97210 руб./ваг.) при штрафе за остаток узла 5000 руб./ваг. (профицит).
             Промывка дороже штрафа — MIP оставил вагоны в остатке (Wash не имеет штрафа за незаполнение).
  [s_idx  395] Новосибирск-Западный | тип=Т | ЕТСНГ=018112 | period=10 | mass_unload=false | осталось 1 из 1 ваг.
    ПРИЧИНА: все Load-спросы уже закрыты (Load-дуг 6, Wash-дуг 0; везде rem_demand=0).
  [s_idx  403] Селикса | тип=БК | ЕТСНГ=— | period=10 | mass_unload=false | осталось 2 из 2 ваг.
    ПРИЧИНА: доступны только Wash-дуги (36 шт., мин. стоимость 95187 руб./ваг.) при штрафе за остаток узла 5000 руб./ваг. (профицит).
             Промывка дороже штрафа — MIP оставил вагоны в остатке (Wash не имеет штрафа за незаполнение).
  [s_idx  405] Ожерелье | тип=БКТ | ЕТСНГ=542224 | period=10 | mass_unload=false | осталось 5 из 5 ваг.
    ПРИЧИНА: доступны только Wash-дуги (36 шт., мин. стоимость 73022 руб./ваг.) при штрафе за остаток узла 5000 руб./ваг. (профицит).
             Промывка дороже штрафа — MIP оставил вагоны в остатке (Wash не имеет штрафа за незаполнение).
  [s_idx  409] Беловодская | тип=Т | ЕТСНГ=014003 | period=10 | mass_unload=false | осталось 2 из 2 ваг.
    ПРИЧИНА: все Load-спросы уже закрыты (Load-дуг 146, Wash-дуг 0; везде rem_demand=0).
  [s_idx  421] Богданович | тип=Т | ЕТСНГ=542224 | period=10 | mass_unload=false | осталось 2 из 2 ваг.
    ПРИЧИНА: доступны только Wash-дуги (36 шт., мин. стоимость 73689 руб./ваг.) при штрафе за остаток узла 5000 руб./ваг. (профицит).
             Промывка дороже штрафа — MIP оставил вагоны в остатке (Wash не имеет штрафа за незаполнение).
  [s_idx  422] Богоявленск | тип=БКТ | ЕТСНГ=542224 | period=10 | mass_unload=false | осталось 2 из 2 ваг.
    ПРИЧИНА: доступны только Wash-дуги (36 шт., мин. стоимость 89101 руб./ваг.) при штрафе за остаток узла 5000 руб./ваг. (профицит).
             Промывка дороже штрафа — MIP оставил вагоны в остатке (Wash не имеет штрафа за незаполнение).
  [s_idx  425] Кант | тип=БКТ | ЕТСНГ=011005 | period=10 | mass_unload=false | осталось 3 из 3 ваг.
    ПРИЧИНА: все Load-спросы уже закрыты (Load-дуг 149, Wash-дуг 0; везде rem_demand=0).
  [s_idx  426] Базаиха | тип=БКТ | ЕТСНГ=542239 | period=10 | mass_unload=false | осталось 3 из 3 ваг.
    ПРИЧИНА: доступны только Wash-дуги (36 шт., мин. стоимость 69008 руб./ваг.) при штрафе за остаток узла 5000 руб./ваг. (профицит).
             Промывка дороже штрафа — MIP оставил вагоны в остатке (Wash не имеет штрафа за незаполнение).
  [s_idx  428] Базаиха | тип=Т | ЕТСНГ=542239 | period=10 | mass_unload=false | осталось 1 из 1 ваг.
    ПРИЧИНА: доступны только Wash-дуги (36 шт., мин. стоимость 69008 руб./ваг.) при штрафе за остаток узла 5000 руб./ваг. (профицит).
             Промывка дороже штрафа — MIP оставил вагоны в остатке (Wash не имеет штрафа за незаполнение).
  [s_idx  438] Беловодская | тип=Т | ЕТСНГ=011005 | period=10 | mass_unload=false | осталось 3 из 3 ваг.
    ПРИЧИНА: все Load-спросы уже закрыты (Load-дуг 146, Wash-дуг 0; везде rem_demand=0).
  [s_idx  439] Жердевка | тип=БК | ЕТСНГ=542239 | period=10 | mass_unload=false | осталось 1 из 1 ваг.
    ПРИЧИНА: доступны только Wash-дуги (36 шт., мин. стоимость 92165 руб./ваг.) при штрафе за остаток узла 5000 руб./ваг. (профицит).
             Промывка дороже штрафа — MIP оставил вагоны в остатке (Wash не имеет штрафа за незаполнение).
  [s_idx  440] Уссурийск | тип=БКТ | ЕТСНГ=011005 | period=10 | mass_unload=false | осталось 1 из 1 ваг.
    ПРИЧИНА: все Load-спросы уже закрыты (Load-дуг 4, Wash-дуг 0; везде rem_demand=0).
  [s_idx  448] Новосибирск-Западный | тип=БК | ЕТСНГ=— | period=10 | mass_unload=false | осталось 1 из 1 ваг.
    ПРИЧИНА: все Load-спросы уже закрыты (Load-дуг 6, Wash-дуг 0; везде rem_demand=0).
  [s_idx  452] Новосибирск-Западный | тип=БКТ | ЕТСНГ=011005 | period=10 | mass_unload=false | осталось 3 из 3 ваг.
    ПРИЧИНА: все Load-спросы уже закрыты (Load-дуг 6, Wash-дуг 0; везде rem_demand=0).
  [s_idx  454] Шагол | тип=Т | ЕТСНГ=542224 | period=10 | mass_unload=false | осталось 2 из 2 ваг.
    ПРИЧИНА: доступны только Wash-дуги (36 шт., мин. стоимость 68094 руб./ваг.) при штрафе за остаток узла 5000 руб./ваг. (профицит).
             Промывка дороже штрафа — MIP оставил вагоны в остатке (Wash не имеет штрафа за незаполнение).
  [s_idx  455] Тюмень | тип=Т | ЕТСНГ=542224 | period=10 | mass_unload=false | осталось 2 из 2 ваг.
    ПРИЧИНА: доступны только Wash-дуги (36 шт., мин. стоимость 110695 руб./ваг.) при штрафе за остаток узла 5000 руб./ваг. (профицит).
             Промывка дороже штрафа — MIP оставил вагоны в остатке (Wash не имеет штрафа за незаполнение).
  [s_idx  458] Жердевка | тип=БКТ | ЕТСНГ=542239 | period=10 | mass_unload=false | осталось 2 из 2 ваг.
    ПРИЧИНА: доступны только Wash-дуги (36 шт., мин. стоимость 92165 руб./ваг.) при штрафе за остаток узла 5000 руб./ваг. (профицит).
             Промывка дороже штрафа — MIP оставил вагоны в остатке (Wash не имеет штрафа за незаполнение).
  [s_idx  462] Шиповка | тип=БКТ | ЕТСНГ=021083 | period=10 | mass_unload=false | осталось 3 из 3 ваг.
    ПРИЧИНА: все Load-спросы уже закрыты (Load-дуг 146, Wash-дуг 0; везде rem_demand=0).
  [s_idx  472] Лев Толстой | тип=БКТ | ЕТСНГ=542224 | period=10 | mass_unload=false | осталось 1 из 1 ваг.
    ПРИЧИНА: доступны только Wash-дуги (36 шт., мин. стоимость 91672 руб./ваг.) при штрафе за остаток узла 5000 руб./ваг. (профицит).
             Промывка дороже штрафа — MIP оставил вагоны в остатке (Wash не имеет штрафа за незаполнение).
  [s_idx  475] Баженово | тип=БК | ЕТСНГ=542239 | period=10 | mass_unload=false | осталось 2 из 2 ваг.
    ПРИЧИНА: доступны только Wash-дуги (36 шт., мин. стоимость 70344 руб./ваг.) при штрафе за остаток узла 5000 руб./ваг. (профицит).
             Промывка дороже штрафа — MIP оставил вагоны в остатке (Wash не имеет штрафа за незаполнение).
  [s_idx  476] Мурманские Ворота | тип=БК | ЕТСНГ=542239 | period=10 | mass_unload=false | осталось 1 из 1 ваг.
    ПРИЧИНА: доступны только Wash-дуги (36 шт., мин. стоимость 71342 руб./ваг.) при штрафе за остаток узла 5000 руб./ваг. (профицит).
             Промывка дороже штрафа — MIP оставил вагоны в остатке (Wash не имеет штрафа за незаполнение).
  [s_idx  477] Нижний Ломов | тип=БК | ЕТСНГ=542224 | period=10 | mass_unload=false | осталось 2 из 2 ваг.
    ПРИЧИНА: доступны только Wash-дуги (36 шт., мин. стоимость 118817 руб./ваг.) при штрафе за остаток узла 5000 руб./ваг. (профицит).
             Промывка дороже штрафа — MIP оставил вагоны в остатке (Wash не имеет штрафа за незаполнение).
  [s_idx  479] Абакан | тип=БКТ | ЕТСНГ=421208 | period=10 | mass_unload=false | осталось 1 из 1 ваг.
    ПРИЧИНА: все Load-спросы уже закрыты (Load-дуг 148, Wash-дуг 0; везде rem_demand=0).
  [s_idx  484] Красноселка | тип=Т | ЕТСНГ=542224 | period=10 | mass_unload=false | осталось 1 из 1 ваг.
    ПРИЧИНА: доступны только Wash-дуги (36 шт., мин. стоимость 70344 руб./ваг.) при штрафе за остаток узла 5000 руб./ваг. (профицит).
             Промывка дороже штрафа — MIP оставил вагоны в остатке (Wash не имеет штрафа за незаполнение).
  [s_idx  490] Невдубстрой | тип=БКТ | ЕТСНГ=542239 | period=10 | mass_unload=false | осталось 2 из 2 ваг.
    ПРИЧИНА: доступны только Wash-дуги (36 шт., мин. стоимость 67759 руб./ваг.) при штрафе за остаток узла 5000 руб./ваг. (профицит).
             Промывка дороже штрафа — MIP оставил вагоны в остатке (Wash не имеет штрафа за незаполнение).
  [s_idx  495] Кара-Балта | тип=БК | ЕТСНГ=011005 | period=10 | mass_unload=false | осталось 1 из 1 ваг.
    ПРИЧИНА: все Load-спросы уже закрыты (Load-дуг 146, Wash-дуг 0; везде rem_demand=0).
  [s_idx  498] Можга | тип=БК | ЕТСНГ=542224 | period=10 | mass_unload=false | осталось 1 из 1 ваг.
    ПРИЧИНА: доступны только Wash-дуги (36 шт., мин. стоимость 114638 руб./ваг.) при штрафе за остаток узла 5000 руб./ваг. (профицит).
             Промывка дороже штрафа — MIP оставил вагоны в остатке (Wash не имеет штрафа за незаполнение).
  [s_idx  500] Выселки | тип=Т | ЕТСНГ=542224 | period=10 | mass_unload=false | осталось 1 из 1 ваг.
    ПРИЧИНА: доступны только Wash-дуги (36 шт., мин. стоимость 72719 руб./ваг.) при штрафе за остаток узла 5000 руб./ваг. (профицит).
             Промывка дороже штрафа — MIP оставил вагоны в остатке (Wash не имеет штрафа за незаполнение).
  [s_idx  501] Новая Заимка | тип=БКТ | ЕТСНГ=542239 | period=10 | mass_unload=false | осталось 1 из 1 ваг.
    ПРИЧИНА: доступны только Wash-дуги (36 шт., мин. стоимость 120433 руб./ваг.) при штрафе за остаток узла 5000 руб./ваг. (профицит).
             Промывка дороже штрафа — MIP оставил вагоны в остатке (Wash не имеет штрафа за незаполнение).
  [s_idx  502] Порт Оля (Экспорт) | тип=БК | ЕТСНГ=542239 | period=10 | mass_unload=false | осталось 1 из 1 ваг.
    ПРИЧИНА: доступны только Wash-дуги (36 шт., мин. стоимость 94679 руб./ваг.) при штрафе за остаток узла 5000 руб./ваг. (профицит).
             Промывка дороже штрафа — MIP оставил вагоны в остатке (Wash не имеет штрафа за незаполнение).
  [s_idx  503] Шадринск | тип=БКТ | ЕТСНГ=542239 | period=10 | mass_unload=false | осталось 1 из 1 ваг.
    ПРИЧИНА: доступны только Wash-дуги (36 шт., мин. стоимость 92610 руб./ваг.) при штрафе за остаток узла 5000 руб./ваг. (профицит).
             Промывка дороже штрафа — MIP оставил вагоны в остатке (Wash не имеет штрафа за незаполнение).
  [s_idx  510] Караганды | тип=БКТ | ЕТСНГ=011005 | period=10 | mass_unload=false | осталось 1 из 1 ваг.
    ПРИЧИНА: все Load-спросы уже закрыты (Load-дуг 144, Wash-дуг 0; везде rem_demand=0).
  [s_idx  512] Чемолган | тип=Т | ЕТСНГ=011005 | period=10 | mass_unload=false | осталось 2 из 2 ваг.
    ПРИЧИНА: все Load-спросы уже закрыты (Load-дуг 141, Wash-дуг 0; везде rem_demand=0).
  [s_idx  515] Богданович | тип=БКТ | ЕТСНГ=542224 | period=10 | mass_unload=false | осталось 1 из 1 ваг.
    ПРИЧИНА: доступны только Wash-дуги (36 шт., мин. стоимость 73689 руб./ваг.) при штрафе за остаток узла 5000 руб./ваг. (профицит).
             Промывка дороже штрафа — MIP оставил вагоны в остатке (Wash не имеет штрафа за незаполнение).
  [s_idx  516] Тюмень | тип=БК | ЕТСНГ=542224 | period=10 | mass_unload=false | осталось 1 из 1 ваг.
    ПРИЧИНА: доступны только Wash-дуги (36 шт., мин. стоимость 110695 руб./ваг.) при штрафе за остаток узла 5000 руб./ваг. (профицит).
             Промывка дороже штрафа — MIP оставил вагоны в остатке (Wash не имеет штрафа за незаполнение).
  [s_idx  517] Гродеково (Экспорт на КЖД [Китай]) | тип=Т | ЕТСНГ=015006 | period=10 | mass_unload=false | осталось 1 из 1 ваг.
    ПРИЧИНА: все Load-спросы уже закрыты (Load-дуг 3, Wash-дуг 0; везде rem_demand=0).
  [s_idx  518] Уссурийск | тип=БКТ | ЕТСНГ=— | period=10 | mass_unload=false | осталось 1 из 1 ваг.
    ПРИЧИНА: доступны только Wash-дуги (36 шт., мин. стоимость 95661 руб./ваг.) при штрафе за остаток узла 5000 руб./ваг. (профицит).
             Промывка дороже штрафа — MIP оставил вагоны в остатке (Wash не имеет штрафа за незаполнение).
  [s_idx  525] Алексеевка | тип=БК | ЕТСНГ=542239 | period=10 | mass_unload=false | осталось 1 из 1 ваг.
    ПРИЧИНА: доступны только Wash-дуги (36 шт., мин. стоимость 91154 руб./ваг.) при штрафе за остаток узла 5000 руб./ваг. (профицит).
             Промывка дороже штрафа — MIP оставил вагоны в остатке (Wash не имеет штрафа за незаполнение).
  [s_idx  529] Алатырь | тип=БКТ | ЕТСНГ=542224 | period=10 | mass_unload=false | осталось 1 из 1 ваг.
    ПРИЧИНА: доступны только Wash-дуги (36 шт., мин. стоимость 97698 руб./ваг.) при штрафе за остаток узла 5000 руб./ваг. (профицит).
             Промывка дороже штрафа — MIP оставил вагоны в остатке (Wash не имеет штрафа за незаполнение).
  [s_idx  531] Стрижи | тип=Т | ЕТСНГ=542224 | period=10 | mass_unload=false | осталось 1 из 1 ваг.
    ПРИЧИНА: доступны только Wash-дуги (36 шт., мин. стоимость 136983 руб./ваг.) при штрафе за остаток узла 5000 руб./ваг. (профицит).
             Промывка дороже штрафа — MIP оставил вагоны в остатке (Wash не имеет штрафа за незаполнение).
  [s_idx  532] Чиноз | тип=БКТ | ЕТСНГ=011005 | period=10 | mass_unload=false | осталось 1 из 1 ваг.
    ПРИЧИНА: все Load-спросы уже закрыты (Load-дуг 131, Wash-дуг 0; везде rem_demand=0).
  [s_idx  533] Новый Порт | тип=БКТ | ЕТСНГ=505028 | period=10 | mass_unload=false | осталось 1 из 1 ваг.
    ПРИЧИНА: доступны только Wash-дуги (36 шт., мин. стоимость 83205 руб./ваг.) при штрафе за остаток узла 5000 руб./ваг. (профицит).
             Промывка дороже штрафа — MIP оставил вагоны в остатке (Wash не имеет штрафа за незаполнение).
  [s_idx  534] Новая Заимка | тип=БК | ЕТСНГ=542239 | period=10 | mass_unload=false | осталось 1 из 1 ваг.
    ПРИЧИНА: доступны только Wash-дуги (36 шт., мин. стоимость 120433 руб./ваг.) при штрафе за остаток узла 5000 руб./ваг. (профицит).
             Промывка дороже штрафа — MIP оставил вагоны в остатке (Wash не имеет штрафа за незаполнение).
  [s_idx  536] Мариановка | тип=БКТ | ЕТСНГ=— | period=10 | mass_unload=false | осталось 1 из 1 ваг.
    ПРИЧИНА: доступны только Wash-дуги (36 шт., мин. стоимость 92610 руб./ваг.) при штрафе за остаток узла 5000 руб./ваг. (профицит).
             Промывка дороже штрафа — MIP оставил вагоны в остатке (Wash не имеет штрафа за незаполнение).
  [s_idx  538] Гродеково (Экспорт на КЖД [Китай]) | тип=БК | ЕТСНГ=011005 | period=10 | mass_unload=false | осталось 1 из 1 ваг.
    ПРИЧИНА: все Load-спросы уже закрыты (Load-дуг 3, Wash-дуг 0; везде rem_demand=0).
  [s_idx  540] Базаиха | тип=БК | ЕТСНГ=— | period=10 | mass_unload=false | осталось 1 из 1 ваг.
    ПРИЧИНА: все Load-спросы уже закрыты (Load-дуг 144, Wash-дуг 0; везде rem_demand=0).
  [s_idx  541] Кант | тип=Т | ЕТСНГ=011005 | period=10 | mass_unload=false | осталось 1 из 1 ваг.
    ПРИЧИНА: все Load-спросы уже закрыты (Load-дуг 146, Wash-дуг 0; везде rem_demand=0).
  [s_idx  542] Новосибирск-Западный | тип=БКТ | ЕТСНГ=018112 | period=10 | mass_unload=false | осталось 2 из 2 ваг.
    ПРИЧИНА: все Load-спросы уже закрыты (Load-дуг 6, Wash-дуг 0; везде rem_demand=0).

  СВОДКА ПО ПРИЧИНАМ:
    доступны только Wash-дуги           узлов:  82, вагонов:  186
    все Load-адресаты закрыты           узлов: 100, вагонов: 2283
---------------------------------
MIP нашёл глобальный оптимум (gap=0.0052%) — фаза ALNS пропущена.
--- ДИАГНОСТИКА UNMET DEMAND (85 ваг. в 5 узлах) ---
  [d_idx   65] Руденск (БЕЛ) | тип=Прочие | ЕТСНГ=014003 | период=1 | отправка=Повагонная | не закрыто 20 из 20 ваг.
    ПРИЧИНА: нет ни одной допустимой дуги — закрыть невозможно текущими данными. Отбраковка пар со всеми 543 узлами предложения:
             нет тарифа 3, несовм. тип 0, грязный ЕТСНГ 95, дальше потолка расстояния 23, бизнес-правила дорог (инотерритория/дефицит) 360, станция закрыта очередью (правило 4) 62, конвенция РЖД 0, нарушение срока 0.
             на станции 70 ваг. при мощности 10 ваг./сут. (7.0 суток работы) — подсыл закрыт во все периоды.
  [d_idx   66] Руденск (БЕЛ) | тип=Прочие | ЕТСНГ=014003 | период=1 | отправка=Повагонная | не закрыто 25 из 25 ваг.
    ПРИЧИНА: нет ни одной допустимой дуги — закрыть невозможно текущими данными. Отбраковка пар со всеми 543 узлами предложения:
             нет тарифа 3, несовм. тип 0, грязный ЕТСНГ 95, дальше потолка расстояния 23, бизнес-правила дорог (инотерритория/дефицит) 360, станция закрыта очередью (правило 4) 62, конвенция РЖД 0, нарушение срока 0.
             на станции 70 ваг. при мощности 10 ваг./сут. (7.0 суток работы) — подсыл закрыт во все периоды.
  [d_idx  123] Руденск (БЕЛ) | тип=Прочие | ЕТСНГ=014003 | период=2 | отправка=Повагонная | не закрыто 10 из 10 ваг.
    ПРИЧИНА: нет ни одной допустимой дуги — закрыть невозможно текущими данными. Отбраковка пар со всеми 543 узлами предложения:
             нет тарифа 3, несовм. тип 0, грязный ЕТСНГ 93, дальше потолка расстояния 23, бизнес-правила дорог (инотерритория/дефицит) 362, станция закрыта очередью (правило 4) 62, конвенция РЖД 0, нарушение срока 0.
             на станции 70 ваг. при мощности 10 ваг./сут. (7.0 суток работы) — подсыл закрыт во все периоды.
  [d_idx  128] Руденск (БЕЛ) | тип=Прочие | ЕТСНГ=014003 | период=3 | отправка=Повагонная | не закрыто 10 из 10 ваг.
    ПРИЧИНА: нет ни одной допустимой дуги — закрыть невозможно текущими данными. Отбраковка пар со всеми 543 узлами предложения:
             нет тарифа 3, несовм. тип 0, грязный ЕТСНГ 94, дальше потолка расстояния 23, бизнес-правила дорог (инотерритория/дефицит) 361, станция закрыта очередью (правило 4) 62, конвенция РЖД 0, нарушение срока 0.
             на станции 70 ваг. при мощности 10 ваг./сут. (7.0 суток работы) — подсыл закрыт во все периоды.
  [d_idx  155] Руденск (БЕЛ) | тип=Прочие | ЕТСНГ=014003 | период=4 | отправка=Повагонная | не закрыто 20 из 20 ваг.
    ПРИЧИНА: нет ни одной допустимой дуги — закрыть невозможно текущими данными. Отбраковка пар со всеми 543 узлами предложения:
             нет тарифа 3, несовм. тип 0, грязный ЕТСНГ 93, дальше потолка расстояния 23, бизнес-правила дорог (инотерритория/дефицит) 362, станция закрыта очередью (правило 4) 62, конвенция РЖД 0, нарушение срока 0.
             на станции 70 ваг. при мощности 10 ваг./сут. (7.0 суток работы) — подсыл закрыт во все периоды.

  СВОДКА ПО ПРИЧИНАМ:
    нет допустимых дуг (структурно)        узлов:   5, вагонов:   85

  ЗАКРЫВАЕМОСТЬ (по реальному связывающему ограничению):
    структурно недостижимо (нет дуг):            85 ваг.  — нужны новые тарифы / смягчение жёстких фильтров
    упёрто в квоту ДМЗИ (инфраструктура):          0 ваг.  — поможет только повышение квоты на дороге
    держит MIN_BATCH (квота ДМЗИ ещё есть):        0 ваг.  — поможет смягчение партии (middle 0 / масс. 0 / маршр. 0)
    прочее (конкуренция / экономика штрафа):       0 ваг.
--------------------------------
--- УТИЛИЗАЦИЯ КВОТ ДМЗИ ---
  ВСБ  период  1:    0 из    8 ваг.
  ВСБ  период 10:    0 из   12 ваг.
  ГОР  период  1:   17 из  400 ваг.
  ГОР  период 10:   10 из  560 ваг.
  ЗАБ  период  1:    1 из   25 ваг.
  ЗАБ  период 10:    4 из   35 ваг.
  ЗСБ  период  1:   10 из  822 ваг.
  ЗСБ  период 10:   14 из 1156 ваг.
  КБШ  период  1:  221 из 1010 ваг.
  КБШ  период 10:  325 из 1418 ваг.
  КРС  период  1:    0 из   10 ваг.
  КРС  период 10:    0 из   14 ваг.
  МСК  период  1:   55 из  747 ваг.
  МСК  период 10:  237 из 1047 ваг.
  ОКТ  период  1:    0 из  320 ваг.
  ОКТ  период 10:    0 из  450 ваг.
  ПРВ  период  1:  123 из 1060 ваг.
  ПРВ  период 10:  119 из 1490 ваг.
  СВР  период  1:    0 из  574 ваг.
  СВР  период 10:    7 из  808 ваг.
  СЕВ  период  1:    0 из   75 ваг.
  СЕВ  период 10:    0 из  105 ваг.
  СКВ  период  1:   42 из  335 ваг.
  СКВ  период 10:  192 из  469 ваг.
  ЮВС  период  1:  176 из 1470 ваг.
  ЮВС  период 10:  255 из 2092 ваг.
  ЮУР  период  1:   37 из  749 ваг.
  ЮУР  период 10:   47 из 1049 ваг.
----------------------------
Тарифов до отстоя:           3908 (станций излишка 71, станций отстоя 56)
  отстой: 6362 пар станция→резерв дальше потолка дальности
В отстой: 2375 из 2469 ваг. излишка → 54 станций отстоя, тариф 131124134 руб.; не размещено 94 ваг. (нет тарифа / ёмкость исчерпана / дальше потолка дальности)
Тарифов до путей погрузки:   312 (станций излишка 3, станций погрузки 104)
  пути погрузки: 1188 пар станция→пути дальше потолка дальности
На пути погрузки: 94 из 94 ваг. остатка → 3 станций (≥5 ваг./станция), тариф 4522631 руб.; не размещено 0 ваг. (нет тарифа / ёмкость / min-batch / дальше потолка дальности)
Баланс отчёта оптимизации:   OK (4372 ваг. в записях = 4372 ваг. предложения)
Записей в отчёте (Excel):    901 (755 оптим. + 52 по факту + 94 в ремонт) / 4724 вагонов
  → в POST АПИ (период 1):   253 записей / 908 вагонов
  → исключено (предл. 10, дислокация): 648 записей / 3816 вагонов
Чекпоинт сохранён:           tmp/checkpoint_2026-09-23_11-12-54.xlsx

======= РЕЗУЛЬТАТЫ ОПТИМИЗАЦИИ =======
Статус решателя:      MIP Optimal (gap=0.005%)
Назначено вагонов:    1903
Избыток предложения:  2469 ваг. (dummy-спрос)
  остаток по периодам предложения: p1=44 p10=2425 прочие=0
  из них в отстой (этап 2): 2375 ваг.
  из них на пути погрузки (этап 3): 94 ваг.
Неудовл. спрос:       85 ваг. (dummy-предложение)
Суммарная стоимость:  140498842 руб.
======================================

Результат сохранён:          tmp/result_20260923_111254.json
[SUCCESS] railoptim завершил работу успешно.
[Ср 23 сен 2026 12:30:00 MSK] Запуск: /home/atretyakov/railoptim/app/bin/railoptim (env=prod, MIP_WARM_START=on, INCLUDE_PERIOD10=off)
stations_geo: 19494 записей, data/stations/stations_geo.sqlite (baltic=671, china_mongolia=339, cis=6263, ru=11848, south_caucasus=373)
Получено узлов спроса (погрузка): 217 или 3243 вагонов
Бизнес-правила (business_rules.json): потолок подсыла 6000 км; потолок отстоя/путей 3000 км, ДВС/ЗАБ 4100 км; инотерриторий 21 (исключений 3); дефицитных дорог 6 (вывоз ≤ 300 км, надбавка 30000 руб.); проверка ГУ-12 вкл.; загруженность станций (правило 4) закрытие при Q ≥ 5×C, очередь ≤ 1×C без ожидания, штраф ожидания 5000 руб./сут.; конвенции РЖД (правило 5) вкл.; грязный под свой груз (правило 6): промывочный маршрут +10000+40000 руб., потолок ≤ 1.00 × промывочного маршрута, поощрение 0.50 × (тариф до промывки + промывка); ремонт (правило 7): 15 сут. / инотерритория 45 сут.; иномойка (правило 8): 21 дорог образования, капризных 1 (надбавка 30000 руб. при предложении > 1.20 × спроса); поправка периода 1 по расстоянию: выкл. (режим --day1: без периода 10 не применяется)
Конвенции (правило 5, conv-redis): 127.0.0.1:6379/0 HASH `telegrams_db` — 67 записей в Redis, в сервис взято 8 действующих → data/conventions_from_redis.json
  в HASH не взяты (истёкшие/вне горизонта/без дат, в память не кладём): истекло 53, ещё не началось 0, без дат 0; битый JSON 0
  отброшено из действующих по дате: класс Others/ошибка 6, только КЗХ 0, нечем матчить 0
  действующих: 8 (Empty 2, All 5, Grain 1; из них промывка/ремонт/отстой 0)
    · №19412 All | назн.ЕСР 207603,207406,207302,206507,206704 | все получатели | 2026-09-01…2026-12-31 | все грузы
    · №19692 All | назн.ЕСР 434231,434301,434405,436203 | все получатели | 2026-09-01…2026-09-30 | все грузы
    · №20514 Grain | назн.ЕСР 521001,520901 | по ОКПО/имени | 2026-09-13…2026-10-12 | пшеница
    · №27638 Empty | назн.дороги УЗБ | все получатели | 2025-11-11…3000-01-01 | Порожние вагоны
    · №4810 All | назн.ЕСР 436701 | все получатели | 2026-03-05…3000-01-01 | все грузы
    · №4811 Empty | назн.ЕСР 434208,434104 | все получатели | 2026-03-05…3000-01-01 | Порожние вагоны
    · №7659 All | назн.ЕСР 436701 | все получатели | 2026-04-06…2026-09-30 | все грузы
    · №7660 All | назн.ЕСР 434208,434104 | все получатели | 2026-04-06…2026-09-30 | все грузы
  индекс: 8 правил; ЕСР погрузки 12, ЕСР назн.груза 14, dest-дороги 1, dep-дороги 0, dep-ЕСР 0, пары dep→dest 0; все получатели 7, с ОКПО/именем 1; без ключей 0
  ЕСР погрузки (Empty/All): 206507, 206704, 207302, 207406, 207603, 434104, 434208, 434231, 434301, 434405, 436203, 436701
  ЕСР назн.груза (Grain/All): 206507, 206704, 207302, 207406, 207603, 434104, 434208, 434231, 434301, 434405, 436203, 436701, 520901, 521001
  dest-дороги: УЗБ
Дороги-инотерритории для ГУ-12 (ForeignRailways): 21
GU12_STATS={"periods": ["0:4", "5:7", "8:9", "10:14"], "rows": 785, "stations": 270, "rows_without_okpo": 60, "cars_by_period": [7416, 4668, 997, 2475]}
Спрос с учётом ГУ-12 (правило 3): 156 узлов или 1977 вагонов (было 217 / 3243)
  заявок ГУ-12 согласованных: 785 строк / 270 станций (на станциях без спроса: 413)
  по периодам 1..4, ваг.: было [1234, 1005, 90, 914] → стало [886, 554, 43, 494]
  сопоставлено узлов: по ОКПО 179, по имени грузоотправителя 0, пропорционально по станции 12
  урезано до ГУ-12: 33 узлов / −350 ваг.; без заявки ГУ-12 (исключены): 61 узлов / 916 ваг.; инотерритория (без проверки): 8 узлов / 96 ваг.
Получено узлов предложения 1 сут.:  205 или 908 вагонов
Дислокация 2-10 сут. (период 10): пропущена (INCLUDE_PERIOD10=off) — оптимизация только по вагонам 1-х суток
Получено узлов предложения всего:  205 или 908 вагонов
  свободных для назначения:  124 или 727 вагонов
  требуют ремонта (В ремонт):29 или 76 вагонов
  по факту (Assigned):       52 или 105 вагонов
Дороги иномойки (правило 8, ForeignWashedRoads): 21
Коды «уже промыт/ремонт» (WashedEmptyEtsngCodes): 2
Ban-list чужих владельцев отстоя (reserve_owners.json): 4 пар (станция+ОКПО)
Узлов спроса (промывка):     36 или мощность в период 5 суток 2795 вагонов
  предложений с ЕТСНГ из списка промывки: 17 вагонов (освобождены по правилу 8 / иномойка: 18; из них есть узел погрузки с тем же ЕТСНГ на любой станции — альтернатива промывке по спросу: 10 вагонов)
Получено тарифов:            8927
Загружено ремонтных станций: 102
Тарифов до ремонтных ст.:    1806
Тарифов до промывки (с надбавкой 10000+40000=50000 руб.): 238
Ограничения ДМЗИ:            14 дорог (98 записей Ostatok)
  ВСБ  период 1 ≤    8, период 10 ≤   12 ваг.
  ГОР  период 1 ≤  400, период 10 ≤  560 ваг.
  ЗАБ  период 1 ≤   25, период 10 ≤   35 ваг.
  ЗСБ  период 1 ≤  822, период 10 ≤ 1156 ваг.
  КБШ  период 1 ≤ 1010, период 10 ≤ 1418 ваг.
  КРС  период 1 ≤   10, период 10 ≤   14 ваг.
  МСК  период 1 ≤  747, период 10 ≤ 1047 ваг.
  ОКТ  период 1 ≤  320, период 10 ≤  450 ваг.
  ПРВ  период 1 ≤ 1060, период 10 ≤ 1490 ваг.
  СВР  период 1 ≤  574, период 10 ≤  808 ваг.
  СЕВ  период 1 ≤   75, период 10 ≤  105 ваг.
  СКВ  период 1 ≤  335, период 10 ≤  469 ваг.
  ЮВС  период 1 ≤ 1470, период 10 ≤ 2092 ваг.
  ЮУР  период 1 ≤  749, период 10 ≤ 1049 ваг.
БД отстоя обновлена:         получено 50 / записано 50 / без etran_id 0
Узлы отстоя (резервы):       88 узлов / ёмкость 3362 ваг. (записей в БД 237, дублей 0, отфильтровано 149, чужих по ban-list 487)
FREE_LOADROADS_STATS={"date_from": "2026-03-23", "date_to": "2026-09-23", "load_station_codes": 494, "cars_on_station_rows": 1897, "cars_total": 78105}
Свободные ёмкости путей:     104 крупных станций -> data/load_stations_free_capacity.json
Загруженность станций (правило 4): мощность известна у 710 станций справочника; станций спроса 96, проверено 89, без мощности 7
  закрыто станций: 1 (5 узлов / 85 ваг. спроса); с очередью (ожидание подсыла): 15; станций с несколькими грузоотправителями: 7; грузоотправителей с разным CarsOnStation по узлам: 15
    · закрыта Руденск (БЕЛ): на станции 70 ваг., мощность 10 ваг./сут. (7.0 сут. работы)
    · очередь Погромное (ЮУР): на станции 33 ваг., мощность 7 ваг./сут. — подсыл не раньше 4-х суток
    · очередь Ольха (ЮВС): на станции 29 ваг., мощность 7 ваг./сут. — подсыл не раньше 4-х суток
    · очередь Отрешково (МСК): на станции 61 ваг., мощность 20 ваг./сут. — подсыл не раньше 3-х суток
    · очередь Кореновск (СКВ): на станции 59 ваг., мощность 17 ваг./сут. — подсыл не раньше 3-х суток
    · очередь Новоспасское (КБШ): на станции 26 ваг., мощность 10 ваг./сут. — подсыл не раньше 2-х суток
    · очередь Янаул (ГОР): на станции 23 ваг., мощность 11 ваг./сут. — подсыл не раньше 2-х суток
    · очередь Алексиково (ПРВ): на станции 44 ваг., мощность 42 ваг./сут. — подсыл не раньше 1-х суток
    · очередь Чуфарово (КБШ): на станции 32 ваг., мощность 28 ваг./сут. — подсыл не раньше 1-х суток
    · очередь Верховье (МСК): на станции 31 ваг., мощность 21 ваг./сут. — подсыл не раньше 1-х суток
    · очередь Теренсай (ЮУР): на станции 30 ваг., мощность 20 ваг./сут. — подсыл не раньше 1-х суток
    · ...ещё 5 станций с очередью
Всего пар supply×demand:     23808
  без тарифа:                        4195 (17.6%)
  нарушение срока (жёстко):          0 (0.0%)
  несовм. тип вагона:                234 (1.0%)
  грязный вагон → чужой ЕТСНГ (правило 6): 2135 (9.0%)
  грязный: погрузка дороже промывочного маршрута → в промывку (правило 6): 1 (0.0%)
  погрузка дальше потолка расстояния (6000 км): 629 (2.6%)
  инотерритория (правило 1):           594 (2.5%)
  вывоз с дефицитной дороги (правило 2): 1524 (6.4%)
  станция закрыта очередью (правило 4): 75 (0.3%)
  конвенция РЖД (правило 5):           0 (0.0%)
  допустимых дуг с надбавкой по правилам: 81 (0.3%)
  допустимых дуг с ожиданием в очереди станции (правило 4): 0 (0.0%)
  допустимых дуг «грязный → свой груз» с поощрением (правило 6): 17 (0.1%), в среднем 16541 руб./дугу
  допустимых дуг со штрафом за срок:   8963 (37.6%)
  допустимых дуг всего в LP:      14421 (60.6%)
Ограничения партии (MIN_BATCH): массовая выгрузка — 423 дуг / 91 пар; средние станции — 4764 дуг / 668 пар (станций образования: 13, погрузки: 53)
  маршрутные отправки (B=10): 312 дуг / 42 пар (станций образования: 14, маршрутных станций погрузки: 3)
--- АНАЛИЗ РЕСУРСОВ ---
Предложение: 727 ваг.
Спрос (погрузка): 1977 ваг.
Ёмкость промывки (верх): 2795 ваг.
Статус: ДЕФИЦИТ  (1250 ваг. — штрафные дуги)
-----------------------
Штраф за остаток грязных вагонов (дефицит): 150000 руб./ваг. вместо 5000 — узлов 14, вагонов 17 (промывка выгоднее отстоя)
--- ЖАДНОЕ РЕШЕНИЕ ---
Назначений:            201 шт.
Назначено вагонов:     727 / 1977 спрос (погрузка), 727 предложение
Суммарная стоимость:   42341426.92 руб.
Неудовлетворён спрос:  1264 ваг.
Избыток предложения:   0 ваг.
Покрытие спроса (погр.): 36.8%
----------------------
MIP warm-start: ON (greedy) (управляется env MIP_WARM_START={on|off}, по умолч. on)
--- MIP РЕШЕНИЕ ---
Статус:                MIP Optimal (gap=0.000%)
Назначено вагонов:     727 / 1977 спрос (погрузка), 727 предложение
Суммарная стоимость:   40951309.69 руб.
Неудовлетворён спрос:  1264 ваг.
Избыток предложения:   -0 ваг.
Покрытие спроса (погр.): 36.8%
-------------------
MIP время: 1.03 сек (warm-start: ON)
MIP диагностика: status=Optimal, gap=0.0000%, undist=1264 (unmet=1264, excess=0), real_cost=40951309.69
MIP vs greedy:   greedy undist=1264 (unmet=1264, excess=0), real_cost=42341426.92  →  Δundist=+0, Δcost=-1390117.23
  ВНИМАНИЕ: MIP не закрыл 1264 ваг. спроса на погрузку (unmet > 0). Возможные причины:
           (а) PENALTY_UNMET ниже стоимости единственно допустимых плеч,
           (б) HiGHS остановился по rel_gap до закрытия всего спроса.
MIP нашёл глобальный оптимум (gap=0.0000%) — фаза ALNS пропущена.
--- ДИАГНОСТИКА UNMET DEMAND (1264 ваг. в 97 узлах) ---
  [d_idx    0] Гмелинская (ПРВ) | тип=Прочие | ЕТСНГ=011005 | период=1 | отправка=Повагонная | не закрыто 12 из 12 ваг.
    ПРИЧИНА: дуги есть (96 шт.), но все совместимые узлы предложения исчерпаны — вагоны ушли на другие заявки (конкуренция за предложение).
  [d_idx    1] Саханская (МСК) | тип=Прочие | ЕТСНГ=011005 | период=1 | отправка=Повагонная | не закрыто 4 из 4 ваг.
    ПРИЧИНА: дуги есть (98 шт.), но все совместимые узлы предложения исчерпаны — вагоны ушли на другие заявки (конкуренция за предложение).
  [d_idx    3] Нурлат (КБШ) | тип=Прочие | ЕТСНГ=011005 | период=1 | отправка=Повагонная | не закрыто 2 из 2 ваг.
    ПРИЧИНА: дуги есть (95 шт.), но все совместимые узлы предложения исчерпаны — вагоны ушли на другие заявки (конкуренция за предложение).
  [d_idx    4] Жердевка (ЮВС) | тип=Прочие | ЕТСНГ=014003 | период=1 | отправка=Повагонная | не закрыто 18 из 18 ваг.
    ПРИЧИНА: дуги есть (95 шт.), но все совместимые узлы предложения исчерпаны — вагоны ушли на другие заявки (конкуренция за предложение).
  [d_idx    5] Кшень (МСК) | тип=Прочие | ЕТСНГ=542072 | период=1 | отправка=Повагонная | не закрыто 13 из 13 ваг.
    ПРИЧИНА: дуги есть (99 шт.), но все совместимые узлы предложения исчерпаны — вагоны ушли на другие заявки (конкуренция за предложение).
  [d_idx    6] Улусарка (ЮВС) | тип=Прочие | ЕТСНГ=011005 | период=1 | отправка=Маршрутная | не закрыто 8 из 8 ваг.
    ПРИЧИНА: дуги есть (98 шт.), но все совместимые узлы предложения исчерпаны — вагоны ушли на другие заявки (конкуренция за предложение).
  [d_idx    7] Бударино (ПРВ) | тип=Прочие | ЕТСНГ=011005 | период=1 | отправка=Повагонная | не закрыто 5 из 5 ваг.
    ПРИЧИНА: дуги есть (94 шт.), но все совместимые узлы предложения исчерпаны — вагоны ушли на другие заявки (конкуренция за предложение).
  [d_idx    8] Янаул (ГОР) | тип=Прочие | ЕТСНГ=011005 | период=1 | отправка=Повагонная | не закрыто 11 из 17 ваг.
    ПРИЧИНА: дуги есть (95 шт.), но все совместимые узлы предложения исчерпаны — вагоны ушли на другие заявки (конкуренция за предложение).
  [d_idx   10] Вернадовка (КБШ) | тип=Прочие | ЕТСНГ=011005 | период=1 | отправка=Повагонная | не закрыто 15 из 15 ваг.
    ПРИЧИНА: дуги есть (91 шт.), но все совместимые узлы предложения исчерпаны — вагоны ушли на другие заявки (конкуренция за предложение).
  [d_idx   11] Асекеево (КБШ) | тип=Прочие | ЕТСНГ=011005 | период=1 | отправка=Повагонная | не закрыто 20 из 20 ваг.
    ПРИЧИНА: дуги есть (89 шт.), но все совместимые узлы предложения исчерпаны — вагоны ушли на другие заявки (конкуренция за предложение).
  [d_idx   12] Димитровград (КБШ) | тип=Прочие | ЕТСНГ=011005 | период=1 | отправка=Повагонная | не закрыто 10 из 10 ваг.
    ПРИЧИНА: дуги есть (95 шт.), но все совместимые узлы предложения исчерпаны — вагоны ушли на другие заявки (конкуренция за предложение).
  [d_idx   13] Белинская (КБШ) | тип=Прочие | ЕТСНГ=011005 | период=1 | отправка=Повагонная | не закрыто 16 из 16 ваг.
    ПРИЧИНА: дуги есть (95 шт.), но все совместимые узлы предложения исчерпаны — вагоны ушли на другие заявки (конкуренция за предложение).
  [d_idx   14] Верховье (МСК) | тип=Прочие | ЕТСНГ=011005 | период=1 | отправка=Повагонная | не закрыто 9 из 9 ваг.
    ПРИЧИНА: дуги есть (99 шт.), но все совместимые узлы предложения исчерпаны — вагоны ушли на другие заявки (конкуренция за предложение).
  [d_idx   15] Безенчук (КБШ) | тип=Прочие | ЕТСНГ=011005 | период=1 | отправка=Повагонная | не закрыто 15 из 15 ваг.
    ПРИЧИНА: дуги есть (95 шт.), но все совместимые узлы предложения исчерпаны — вагоны ушли на другие заявки (конкуренция за предложение).
  [d_idx   16] Ольховатка (ЮВС) | тип=Прочие | ЕТСНГ=542072 | период=1 | отправка=Повагонная | не закрыто 11 из 11 ваг.
    ПРИЧИНА: дуги есть (95 шт.), но все совместимые узлы предложения исчерпаны — вагоны ушли на другие заявки (конкуренция за предложение).
  [d_idx   17] Добринка (ЮВС) | тип=Прочие | ЕТСНГ=011005 | период=1 | отправка=Повагонная | не закрыто 10 из 10 ваг.
    ПРИЧИНА: дуги есть (96 шт.), но все совместимые узлы предложения исчерпаны — вагоны ушли на другие заявки (конкуренция за предложение).
  [d_idx   19] Чуфарово (КБШ) | тип=Прочие | ЕТСНГ=011005 | период=1 | отправка=Повагонная | не закрыто 8 из 11 ваг.
    ПРИЧИНА: дуги есть (95 шт.), но все совместимые узлы предложения исчерпаны — вагоны ушли на другие заявки (конкуренция за предложение).
  [d_idx   20] Бузулук (ЮУР) | тип=Прочие | ЕТСНГ=011005 | период=1 | отправка=Повагонная | не закрыто 1 из 1 ваг.
    ПРИЧИНА: дуги есть (100 шт.), но все совместимые узлы предложения исчерпаны — вагоны ушли на другие заявки (конкуренция за предложение).
  [d_idx   21] Заглядино (КБШ) | тип=Прочие | ЕТСНГ=011005 | период=1 | отправка=Повагонная | не закрыто 16 из 16 ваг.
    ПРИЧИНА: дуги есть (95 шт.), но все совместимые узлы предложения исчерпаны — вагоны ушли на другие заявки (конкуренция за предложение).
  [d_idx   23] Новоперелюбская (ПРВ) | тип=Прочие | ЕТСНГ=011005 | период=1 | отправка=Повагонная | не закрыто 13 из 13 ваг.
    ПРИЧИНА: дуги есть (90 шт.), но все совместимые узлы предложения исчерпаны — вагоны ушли на другие заявки (конкуренция за предложение).
  [d_idx   25] Эртиль (ЮВС) | тип=Прочие | ЕТСНГ=542072 | период=1 | отправка=Повагонная | не закрыто 2 из 2 ваг.
    ПРИЧИНА: дуги есть (89 шт.), но все совместимые узлы предложения исчерпаны — вагоны ушли на другие заявки (конкуренция за предложение).
  [d_idx   26] ЗИРГАН (КБШ) | тип=Прочие | ЕТСНГ=011005 | период=1 | отправка=Повагонная | не закрыто 1 из 1 ваг.
    ПРИЧИНА: дуги есть (90 шт.), но все совместимые узлы предложения исчерпаны — вагоны ушли на другие заявки (конкуренция за предложение).
  [d_idx   27] Красногвардеец (ЮУР) | тип=Прочие | ЕТСНГ=011005 | период=1 | отправка=Повагонная | не закрыто 5 из 5 ваг.
    ПРИЧИНА: дуги есть (100 шт.), но все совместимые узлы предложения исчерпаны — вагоны ушли на другие заявки (конкуренция за предложение).
  [d_idx   28] Красногвардеец (ЮУР) | тип=Прочие | ЕТСНГ=011005 | период=1 | отправка=Повагонная | не закрыто 9 из 9 ваг.
    ПРИЧИНА: дуги есть (100 шт.), но все совместимые узлы предложения исчерпаны — вагоны ушли на другие заявки (конкуренция за предложение).
  [d_idx   29] Кривецкая (ЮВС) | тип=Прочие | ЕТСНГ=542072 | период=1 | отправка=Повагонная | не закрыто 7 из 7 ваг.
    ПРИЧИНА: дуги есть (98 шт.), но все совместимые узлы предложения исчерпаны — вагоны ушли на другие заявки (конкуренция за предложение).
  [d_idx   30] Земетчино (КБШ) | тип=Прочие | ЕТСНГ=542072 | период=1 | отправка=Повагонная | не закрыто 20 из 20 ваг.
    ПРИЧИНА: дуги есть (95 шт.), но все совместимые узлы предложения исчерпаны — вагоны ушли на другие заявки (конкуренция за предложение).
  [d_idx   33] Тополек (ПРВ) | тип=Прочие | ЕТСНГ=011005 | период=1 | отправка=Повагонная | не закрыто 30 из 30 ваг.
    ПРИЧИНА: дуги есть (96 шт.), но все совместимые узлы предложения исчерпаны — вагоны ушли на другие заявки (конкуренция за предложение).
  [d_idx   34] Ключики (КБШ) | тип=Прочие | ЕТСНГ=011005 | период=1 | отправка=Повагонная | не закрыто 4 из 4 ваг.
    ПРИЧИНА: дуги есть (92 шт.), но все совместимые узлы предложения исчерпаны — вагоны ушли на другие заявки (конкуренция за предложение).
  [d_idx   35] Обшаровка (КБШ) | тип=БКТ | ЕТСНГ=011005 | период=1 | отправка=Повагонная | не закрыто 1 из 1 ваг.
    ПРИЧИНА: дуги есть (26 шт.), но все совместимые узлы предложения исчерпаны — вагоны ушли на другие заявки (конкуренция за предложение).
  [d_idx   36] Обшаровка (КБШ) | тип=Прочие | ЕТСНГ=011005 | период=1 | отправка=Повагонная | не закрыто 9 из 9 ваг.
    ПРИЧИНА: дуги есть (95 шт.), но все совместимые узлы предложения исчерпаны — вагоны ушли на другие заявки (конкуренция за предложение).
  [d_idx   37] Обшаровка (КБШ) | тип=Прочие | ЕТСНГ=011005 | период=1 | отправка=Повагонная | не закрыто 3 из 3 ваг.
    ПРИЧИНА: дуги есть (95 шт.), но все совместимые узлы предложения исчерпаны — вагоны ушли на другие заявки (конкуренция за предложение).
  [d_idx   38] Новоспасское (КБШ) | тип=Прочие | ЕТСНГ=011005 | период=1 | отправка=Повагонная | не закрыто 9 из 9 ваг.
    ПРИЧИНА: дуги есть (95 шт.), но все совместимые узлы предложения исчерпаны — вагоны ушли на другие заявки (конкуренция за предложение).
  [d_idx   39] Алейская (ЗСБ) | тип=Прочие | ЕТСНГ=011005 | период=1 | отправка=Повагонная | не закрыто 1 из 5 ваг.
    ПРИЧИНА: дуги есть (98 шт.), но все совместимые узлы предложения исчерпаны — вагоны ушли на другие заявки (конкуренция за предложение).
  [d_idx   40] Раевка (КБШ) | тип=Прочие | ЕТСНГ=011005 | период=1 | отправка=Повагонная | не закрыто 14 из 14 ваг.
    ПРИЧИНА: дуги есть (95 шт.), но все совместимые узлы предложения исчерпаны — вагоны ушли на другие заявки (конкуренция за предложение).
  [d_idx   41] Кимовск (МСК) | тип=Прочие | ЕТСНГ=011005 | период=1 | отправка=Повагонная | не закрыто 1 из 9 ваг.
    ПРИЧИНА: дуги есть (99 шт.), но все совместимые узлы предложения исчерпаны — вагоны ушли на другие заявки (конкуренция за предложение).
  [d_idx   42] Кротовка (КБШ) | тип=Прочие | ЕТСНГ=011005 | период=1 | отправка=Повагонная | не закрыто 8 из 8 ваг.
    ПРИЧИНА: дуги есть (94 шт.), но все совместимые узлы предложения исчерпаны — вагоны ушли на другие заявки (конкуренция за предложение).
  [d_idx   43] Пачелма (КБШ) | тип=Прочие | ЕТСНГ=011005 | период=1 | отправка=Повагонная | не закрыто 23 из 23 ваг.
    ПРИЧИНА: дуги есть (95 шт.), но все совместимые узлы предложения исчерпаны — вагоны ушли на другие заявки (конкуренция за предложение).
  [d_idx   44] Тюльган (КБШ) | тип=Прочие | ЕТСНГ=011005 | период=1 | отправка=Повагонная | не закрыто 7 из 7 ваг.
    ПРИЧИНА: дуги есть (91 шт.), но все совместимые узлы предложения исчерпаны — вагоны ушли на другие заявки (конкуренция за предложение).
  [d_idx   45] Карламан (КБШ) | тип=Прочие | ЕТСНГ=011005 | период=1 | отправка=Повагонная | не закрыто 1 из 12 ваг.
    ПРИЧИНА: дуги есть (95 шт.), но все совместимые узлы предложения исчерпаны — вагоны ушли на другие заявки (конкуренция за предложение).
  [d_idx   46] Заречная (СКВ) | тип=Прочие | ЕТСНГ=011005 | период=1 | отправка=Повагонная | не закрыто 88 из 91 ваг.
    ПРИЧИНА: дуги есть (95 шт.), но все совместимые узлы предложения исчерпаны — вагоны ушли на другие заявки (конкуренция за предложение).
  [d_idx   47] Заречная (СКВ) | тип=Прочие | ЕТСНГ=011005 | период=1 | отправка=Повагонная | не закрыто 2 из 9 ваг.
    ПРИЧИНА: дуги есть (95 шт.), но все совместимые узлы предложения исчерпаны — вагоны ушли на другие заявки (конкуренция за предложение).
  [d_idx   48] Ольха (ЮВС) | тип=Прочие | ЕТСНГ=542072 | период=1 | отправка=Повагонная | не закрыто 8 из 8 ваг.
    ПРИЧИНА: дуги есть (95 шт.), но все совместимые узлы предложения исчерпаны — вагоны ушли на другие заявки (конкуренция за предложение).
  [d_idx   49] Верда (КБШ) | тип=Прочие | ЕТСНГ=011005 | период=1 | отправка=Повагонная | не закрыто 16 из 26 ваг.
    ПРИЧИНА: дуги есть (89 шт.), но все совместимые узлы предложения исчерпаны — вагоны ушли на другие заявки (конкуренция за предложение).
  [d_idx   50] Отрешково (МСК) | тип=Прочие | ЕТСНГ=011005 | период=1 | отправка=Маршрутная | не закрыто 3 из 4 ваг.
    ПРИЧИНА: дуги есть (99 шт.), но все совместимые узлы предложения исчерпаны — вагоны ушли на другие заявки (конкуренция за предложение).
  [d_idx   51] Алексиково (ПРВ) | тип=Прочие | ЕТСНГ=011005 | период=1 | отправка=Групповая | не закрыто 21 из 21 ваг.
    ПРИЧИНА: дуги есть (96 шт.), но все совместимые узлы предложения исчерпаны — вагоны ушли на другие заявки (конкуренция за предложение).
  [d_idx   53] Елец (ЮВС) | тип=Прочие | ЕТСНГ=011005 | период=1 | отправка=Повагонная | не закрыто 3 из 3 ваг.
    ПРИЧИНА: дуги есть (97 шт.), но все совместимые узлы предложения исчерпаны — вагоны ушли на другие заявки (конкуренция за предложение).
  [d_idx   55] Чернышков (ПРВ) | тип=Прочие | ЕТСНГ=011005 | период=1 | отправка=Повагонная | не закрыто 53 из 53 ваг.
    ПРИЧИНА: дуги есть (96 шт.), но все совместимые узлы предложения исчерпаны — вагоны ушли на другие заявки (конкуренция за предложение).
  [d_idx   56] Селезни (ЮВС) | тип=Прочие | ЕТСНГ=011005 | период=1 | отправка=Повагонная | не закрыто 9 из 9 ваг.
    ПРИЧИНА: дуги есть (87 шт.), но все совместимые узлы предложения исчерпаны — вагоны ушли на другие заявки (конкуренция за предложение).
  [d_idx   57] Сабурово (ЮВС) | тип=Прочие | ЕТСНГ=505028 | период=1 | отправка=Повагонная | не закрыто 7 из 8 ваг.
    ПРИЧИНА: дуги есть (96 шт.), но все совместимые узлы предложения исчерпаны — вагоны ушли на другие заявки (конкуренция за предложение).
  [d_idx   58] Охотничья (КБШ) | тип=Прочие | ЕТСНГ=011005 | период=1 | отправка=Повагонная | не закрыто 15 из 15 ваг.
    ПРИЧИНА: дуги есть (95 шт.), но все совместимые узлы предложения исчерпаны — вагоны ушли на другие заявки (конкуренция за предложение).
  [d_idx   59] Охотничья (КБШ) | тип=Прочие | ЕТСНГ=011005 | период=1 | отправка=Повагонная | не закрыто 11 из 11 ваг.
    ПРИЧИНА: дуги есть (95 шт.), но все совместимые узлы предложения исчерпаны — вагоны ушли на другие заявки (конкуренция за предложение).
  [d_idx   60] Избердей (ЮВС) | тип=Прочие | ЕТСНГ=011005 | период=1 | отправка=Маршрутная | не закрыто 105 из 105 ваг.
    ПРИЧИНА: дуги есть (96 шт.), но все совместимые узлы предложения исчерпаны — вагоны ушли на другие заявки (конкуренция за предложение).
  [d_idx   62] Петровск-Саратовский (ПРВ) | тип=Прочие | ЕТСНГ=011005 | период=1 | отправка=Повагонная | не закрыто 2 из 4 ваг.
    ПРИЧИНА: дуги есть (96 шт.), но все совместимые узлы предложения исчерпаны — вагоны ушли на другие заявки (конкуренция за предложение).
  [d_idx   64] Бугуруслан (КБШ) | тип=Прочие | ЕТСНГ=011005 | период=1 | отправка=Повагонная | не закрыто 13 из 13 ваг.
    ПРИЧИНА: дуги есть (95 шт.), но все совместимые узлы предложения исчерпаны — вагоны ушли на другие заявки (конкуренция за предложение).
  [d_idx   65] Руденск (БЕЛ) | тип=Прочие | ЕТСНГ=014003 | период=1 | отправка=Повагонная | не закрыто 20 из 20 ваг.
    ПРИЧИНА: нет ни одной допустимой дуги — закрыть невозможно текущими данными. Отбраковка пар со всеми 124 узлами предложения:
             нет тарифа 1, несовм. тип 0, грязный ЕТСНГ 14, дальше потолка расстояния 3, бизнес-правила дорог (инотерритория/дефицит) 91, станция закрыта очередью (правило 4) 15, конвенция РЖД 0, нарушение срока 0.
             на станции 70 ваг. при мощности 10 ваг./сут. (7.0 суток работы) — подсыл закрыт во все периоды.
  [d_idx   66] Руденск (БЕЛ) | тип=Прочие | ЕТСНГ=014003 | период=1 | отправка=Повагонная | не закрыто 25 из 25 ваг.
    ПРИЧИНА: нет ни одной допустимой дуги — закрыть невозможно текущими данными. Отбраковка пар со всеми 124 узлами предложения:
             нет тарифа 1, несовм. тип 0, грязный ЕТСНГ 14, дальше потолка расстояния 3, бизнес-правила дорог (инотерритория/дефицит) 91, станция закрыта очередью (правило 4) 15, конвенция РЖД 0, нарушение срока 0.
             на станции 70 ваг. при мощности 10 ваг./сут. (7.0 суток работы) — подсыл закрыт во все периоды.
  [d_idx   67] Целина (СКВ) | тип=Прочие | ЕТСНГ=011005 | период=2 | отправка=Повагонная | не закрыто 10 из 10 ваг.
    ПРИЧИНА: дуги есть (81 шт.), но все совместимые узлы предложения исчерпаны — вагоны ушли на другие заявки (конкуренция за предложение).
  [d_idx   72] Янаул (ГОР) | тип=Прочие | ЕТСНГ=014003 | период=2 | отправка=Повагонная | не закрыто 6 из 6 ваг.
    ПРИЧИНА: дуги есть (95 шт.), но все совместимые узлы предложения исчерпаны — вагоны ушли на другие заявки (конкуренция за предложение).
  [d_idx   73] Дмитриев-Льговский (МСК) | тип=Прочие | ЕТСНГ=011005 | период=2 | отправка=Повагонная | не закрыто 1 из 1 ваг.
    ПРИЧИНА: дуги есть (98 шт.), но все совместимые узлы предложения исчерпаны — вагоны ушли на другие заявки (конкуренция за предложение).
  [d_idx   76] Асекеево (КБШ) | тип=Прочие | ЕТСНГ=011005 | период=2 | отправка=Повагонная | не закрыто 6 из 6 ваг.
    ПРИЧИНА: дуги есть (89 шт.), но все совместимые узлы предложения исчерпаны — вагоны ушли на другие заявки (конкуренция за предложение).
  [d_idx   77] Белинская (КБШ) | тип=Прочие | ЕТСНГ=011005 | период=2 | отправка=Повагонная | не закрыто 13 из 13 ваг.
    ПРИЧИНА: дуги есть (95 шт.), но все совместимые узлы предложения исчерпаны — вагоны ушли на другие заявки (конкуренция за предложение).
  [d_idx   78] Верховье (МСК) | тип=Прочие | ЕТСНГ=011005 | период=2 | отправка=Повагонная | не закрыто 4 из 5 ваг.
    ПРИЧИНА: дуги есть (99 шт.), но все совместимые узлы предложения исчерпаны — вагоны ушли на другие заявки (конкуренция за предложение).
  [d_idx   79] Безенчук (КБШ) | тип=Прочие | ЕТСНГ=011005 | период=2 | отправка=Повагонная | не закрыто 28 из 28 ваг.
    ПРИЧИНА: дуги есть (95 шт.), но все совместимые узлы предложения исчерпаны — вагоны ушли на другие заявки (конкуренция за предложение).
  [d_idx   87] Бузулук (ЮУР) | тип=Прочие | ЕТСНГ=011005 | период=2 | отправка=Повагонная | не закрыто 9 из 9 ваг.
    ПРИЧИНА: дуги есть (100 шт.), но все совместимые узлы предложения исчерпаны — вагоны ушли на другие заявки (конкуренция за предложение).
  [d_idx   88] Заглядино (КБШ) | тип=Прочие | ЕТСНГ=011005 | период=2 | отправка=Повагонная | не закрыто 14 из 14 ваг.
    ПРИЧИНА: дуги есть (95 шт.), но все совместимые узлы предложения исчерпаны — вагоны ушли на другие заявки (конкуренция за предложение).
  [d_idx   92] Плавица (ЮВС) | тип=Прочие | ЕТСНГ=542072 | период=2 | отправка=Повагонная | не закрыто 1 из 1 ваг.
    ПРИЧИНА: дуги есть (96 шт.), но все совместимые узлы предложения исчерпаны — вагоны ушли на другие заявки (конкуренция за предложение).
  [d_idx   94] Красногвардеец (ЮУР) | тип=Прочие | ЕТСНГ=011005 | период=2 | отправка=Повагонная | не закрыто 15 из 15 ваг.
    ПРИЧИНА: дуги есть (100 шт.), но все совместимые узлы предложения исчерпаны — вагоны ушли на другие заявки (конкуренция за предложение).
  [d_idx   96] Змиевка (МСК) | тип=БКТ | ЕТСНГ=011005 | период=2 | отправка=Повагонная | не закрыто 19 из 21 ваг.
    ПРИЧИНА: дуги есть (27 шт.), но все совместимые узлы предложения исчерпаны — вагоны ушли на другие заявки (конкуренция за предложение).
  [d_idx   98] Гурьевск (ЗСБ) | тип=Прочие | ЕТСНГ=021083 | период=2 | отправка=Повагонная | не закрыто 2 из 2 ваг.
    ПРИЧИНА: дуги есть (98 шт.), но все совместимые узлы предложения исчерпаны — вагоны ушли на другие заявки (конкуренция за предложение).
  [d_idx   99] Тополек (ПРВ) | тип=Прочие | ЕТСНГ=011005 | период=2 | отправка=Повагонная | не закрыто 10 из 10 ваг.
    ПРИЧИНА: дуги есть (96 шт.), но все совместимые узлы предложения исчерпаны — вагоны ушли на другие заявки (конкуренция за предложение).
  [d_idx  100] Погромное (ЮУР) | тип=Прочие | ЕТСНГ=011005 | период=2 | отправка=Повагонная | не закрыто 1 из 1 ваг.
    ПРИЧИНА: дуги есть (93 шт.), но все совместимые узлы предложения исчерпаны — вагоны ушли на другие заявки (конкуренция за предложение).
  [d_idx  102] Обшаровка (КБШ) | тип=БКТ | ЕТСНГ=011005 | период=2 | отправка=Повагонная | не закрыто 13 из 13 ваг.
    ПРИЧИНА: дуги есть (26 шт.), но все совместимые узлы предложения исчерпаны — вагоны ушли на другие заявки (конкуренция за предложение).
  [d_idx  103] Обшаровка (КБШ) | тип=Прочие | ЕТСНГ=011005 | период=2 | отправка=Повагонная | не закрыто 7 из 7 ваг.
    ПРИЧИНА: дуги есть (95 шт.), но все совместимые узлы предложения исчерпаны — вагоны ушли на другие заявки (конкуренция за предложение).
  [d_idx  104] Обшаровка (КБШ) | тип=Прочие | ЕТСНГ=011005 | период=2 | отправка=Повагонная | не закрыто 6 из 6 ваг.
    ПРИЧИНА: дуги есть (95 шт.), но все совместимые узлы предложения исчерпаны — вагоны ушли на другие заявки (конкуренция за предложение).
  [d_idx  105] Новоспасское (КБШ) | тип=Прочие | ЕТСНГ=011005 | период=2 | отправка=Повагонная | не закрыто 16 из 16 ваг.
    ПРИЧИНА: дуги есть (95 шт.), но все совместимые узлы предложения исчерпаны — вагоны ушли на другие заявки (конкуренция за предложение).
  [d_idx  108] Пачелма (КБШ) | тип=Прочие | ЕТСНГ=011005 | период=2 | отправка=Повагонная | не закрыто 25 из 25 ваг.
    ПРИЧИНА: дуги есть (95 шт.), но все совместимые узлы предложения исчерпаны — вагоны ушли на другие заявки (конкуренция за предложение).
  [d_idx  112] Отрешково (МСК) | тип=Прочие | ЕТСНГ=011005 | период=2 | отправка=Маршрутная | не закрыто 48 из 51 ваг.
    ПРИЧИНА: дуги есть (99 шт.), но все совместимые узлы предложения исчерпаны — вагоны ушли на другие заявки (конкуренция за предложение).
  [d_idx  113] Платоновка (ЮВС) | тип=Прочие | ЕТСНГ=011005 | период=2 | отправка=Повагонная | не закрыто 2 из 2 ваг.
    ПРИЧИНА: дуги есть (92 шт.), но все совместимые узлы предложения исчерпаны — вагоны ушли на другие заявки (конкуренция за предложение).
  [d_idx  114] Платоновка (ЮВС) | тип=Прочие | ЕТСНГ=011005 | период=2 | отправка=Повагонная | не закрыто 3 из 3 ваг.
    ПРИЧИНА: дуги есть (92 шт.), но все совместимые узлы предложения исчерпаны — вагоны ушли на другие заявки (конкуренция за предложение).
  [d_idx  117] Охотничья (КБШ) | тип=Прочие | ЕТСНГ=011005 | период=2 | отправка=Повагонная | не закрыто 22 из 22 ваг.
    ПРИЧИНА: дуги есть (95 шт.), но все совместимые узлы предложения исчерпаны — вагоны ушли на другие заявки (конкуренция за предложение).
  [d_idx  122] Бугуруслан (КБШ) | тип=Прочие | ЕТСНГ=011005 | период=2 | отправка=Повагонная | не закрыто 12 из 12 ваг.
    ПРИЧИНА: дуги есть (95 шт.), но все совместимые узлы предложения исчерпаны — вагоны ушли на другие заявки (конкуренция за предложение).
  [d_idx  123] Руденск (БЕЛ) | тип=Прочие | ЕТСНГ=014003 | период=2 | отправка=Повагонная | не закрыто 10 из 10 ваг.
    ПРИЧИНА: нет ни одной допустимой дуги — закрыть невозможно текущими данными. Отбраковка пар со всеми 124 узлами предложения:
             нет тарифа 1, несовм. тип 0, грязный ЕТСНГ 14, дальше потолка расстояния 3, бизнес-правила дорог (инотерритория/дефицит) 91, станция закрыта очередью (правило 4) 15, конвенция РЖД 0, нарушение срока 0.
             на станции 70 ваг. при мощности 10 ваг./сут. (7.0 суток работы) — подсыл закрыт во все периоды.
  [d_idx  127] Заречная (СКВ) | тип=Прочие | ЕТСНГ=011005 | период=3 | отправка=Повагонная | не закрыто 9 из 17 ваг.
    ПРИЧИНА: дуги есть (95 шт.), но все совместимые узлы предложения исчерпаны — вагоны ушли на другие заявки (конкуренция за предложение).
  [d_idx  128] Руденск (БЕЛ) | тип=Прочие | ЕТСНГ=014003 | период=3 | отправка=Повагонная | не закрыто 10 из 10 ваг.
    ПРИЧИНА: нет ни одной допустимой дуги — закрыть невозможно текущими данными. Отбраковка пар со всеми 124 узлами предложения:
             нет тарифа 1, несовм. тип 0, грязный ЕТСНГ 14, дальше потолка расстояния 3, бизнес-правила дорог (инотерритория/дефицит) 91, станция закрыта очередью (правило 4) 15, конвенция РЖД 0, нарушение срока 0.
             на станции 70 ваг. при мощности 10 ваг./сут. (7.0 суток работы) — подсыл закрыт во все периоды.
  [d_idx  129] Аполлонская (СКВ) | тип=Прочие | ЕТСНГ=011005 | период=4 | отправка=Повагонная | не закрыто 8 из 8 ваг.
    ПРИЧИНА: дуги есть (91 шт.), но все совместимые узлы предложения исчерпаны — вагоны ушли на другие заявки (конкуренция за предложение).
  [d_idx  134] Балаково (ПРВ) | тип=Прочие | ЕТСНГ=542239 | период=4 | отправка=Повагонная | не закрыто 8 из 8 ваг.
    ПРИЧИНА: дуги есть (98 шт.), но все совместимые узлы предложения исчерпаны — вагоны ушли на другие заявки (конкуренция за предложение).
  [d_idx  135] Балаково (ПРВ) | тип=Прочие | ЕТСНГ=542239 | период=4 | отправка=Повагонная | не закрыто 7 из 7 ваг.
    ПРИЧИНА: дуги есть (98 шт.), но все совместимые узлы предложения исчерпаны — вагоны ушли на другие заявки (конкуренция за предложение).
  [d_idx  139] Приютово (КБШ) | тип=Прочие | ЕТСНГ=011005 | период=4 | отправка=Повагонная | не закрыто 24 из 24 ваг.
    ПРИЧИНА: дуги есть (95 шт.), но все совместимые узлы предложения исчерпаны — вагоны ушли на другие заявки (конкуренция за предложение).
  [d_idx  140] Кубанская (СКВ) | тип=Прочие | ЕТСНГ=015006 | период=4 | отправка=Повагонная | не закрыто 16 из 30 ваг.
    ПРИЧИНА: дуги есть (89 шт.), но все совместимые узлы предложения исчерпаны — вагоны ушли на другие заявки (конкуренция за предложение).
  [d_idx  141] Бузулук (ЮУР) | тип=Прочие | ЕТСНГ=011005 | период=4 | отправка=Повагонная | не закрыто 5 из 20 ваг.
    ПРИЧИНА: дуги есть (100 шт.), но все совместимые узлы предложения исчерпаны — вагоны ушли на другие заявки (конкуренция за предложение).
  [d_idx  145] Измалково (МСК) | тип=Прочие | ЕТСНГ=011005 | период=4 | отправка=Групповая | не закрыто 2 из 20 ваг.
    ПРИЧИНА: дуги есть (99 шт.), но все совместимые узлы предложения исчерпаны — вагоны ушли на другие заявки (конкуренция за предложение).
  [d_idx  146] Раевка (КБШ) | тип=Прочие | ЕТСНГ=011005 | период=4 | отправка=Повагонная | не закрыто 9 из 9 ваг.
    ПРИЧИНА: дуги есть (95 шт.), но все совместимые узлы предложения исчерпаны — вагоны ушли на другие заявки (конкуренция за предложение).
  [d_idx  147] Раевка (КБШ) | тип=Прочие | ЕТСНГ=011005 | период=4 | отправка=Повагонная | не закрыто 8 из 8 ваг.
    ПРИЧИНА: дуги есть (95 шт.), но все совместимые узлы предложения исчерпаны — вагоны ушли на другие заявки (конкуренция за предложение).
  [d_idx  151] Карламан (КБШ) | тип=Прочие | ЕТСНГ=011005 | период=4 | отправка=Повагонная | не закрыто 2 из 30 ваг.
    ПРИЧИНА: дуги есть (95 шт.), но все совместимые узлы предложения исчерпаны — вагоны ушли на другие заявки (конкуренция за предложение).
  [d_idx  152] Заречная (СКВ) | тип=Прочие | ЕТСНГ=011005 | период=4 | отправка=Повагонная | не закрыто 50 из 50 ваг.
    ПРИЧИНА: дуги есть (95 шт.), но все совместимые узлы предложения исчерпаны — вагоны ушли на другие заявки (конкуренция за предложение).
  [d_idx  153] Охотничья (КБШ) | тип=Прочие | ЕТСНГ=011005 | период=4 | отправка=Повагонная | не закрыто 10 из 10 ваг.
    ПРИЧИНА: дуги есть (95 шт.), но все совместимые узлы предложения исчерпаны — вагоны ушли на другие заявки (конкуренция за предложение).
  [d_idx  155] Руденск (БЕЛ) | тип=Прочие | ЕТСНГ=014003 | период=4 | отправка=Повагонная | не закрыто 20 из 20 ваг.
    ПРИЧИНА: нет ни одной допустимой дуги — закрыть невозможно текущими данными. Отбраковка пар со всеми 124 узлами предложения:
             нет тарифа 1, несовм. тип 0, грязный ЕТСНГ 14, дальше потолка расстояния 3, бизнес-правила дорог (инотерритория/дефицит) 91, станция закрыта очередью (правило 4) 15, конвенция РЖД 0, нарушение срока 0.
             на станции 70 ваг. при мощности 10 ваг./сут. (7.0 суток работы) — подсыл закрыт во все периоды.

  СВОДКА ПО ПРИЧИНАМ:
    нет допустимых дуг (структурно)        узлов:   5, вагонов:   85
    источники предложения исчерпаны        узлов:  92, вагонов: 1179

  ЗАКРЫВАЕМОСТЬ (по реальному связывающему ограничению):
    структурно недостижимо (нет дуг):            85 ваг.  — нужны новые тарифы / смягчение жёстких фильтров
    упёрто в квоту ДМЗИ (инфраструктура):          0 ваг.  — поможет только повышение квоты на дороге
    держит MIN_BATCH (квота ДМЗИ ещё есть):        0 ваг.  — поможет смягчение партии (middle 0 / масс. 0 / маршр. 0)
    прочее (конкуренция / экономика штрафа):    1179 ваг.
--------------------------------
--- УТИЛИЗАЦИЯ КВОТ ДМЗИ ---
  ВСБ  период  1:    0 из    8 ваг.
  ВСБ  период 10:    0 из   12 ваг.
  ГОР  период  1:   10 из  400 ваг.
  ГОР  период 10:    0 из  560 ваг.
  ЗАБ  период  1:    5 из   25 ваг.
  ЗАБ  период 10:    0 из   35 ваг.
  ЗСБ  период  1:   21 из  822 ваг.
  ЗСБ  период 10:    0 из 1156 ваг.
  КБШ  период  1:   74 из 1010 ваг.
  КБШ  период 10:    0 из 1418 ваг.
  КРС  период  1:    0 из   10 ваг.
  КРС  период 10:    0 из   14 ваг.
  МСК  период  1:  177 из  747 ваг.
  МСК  период 10:    0 из 1047 ваг.
  ОКТ  период  1:    0 из  320 ваг.
  ОКТ  период 10:    0 из  450 ваг.
  ПРВ  период  1:   81 из 1060 ваг.
  ПРВ  период 10:    0 из 1490 ваг.
  СВР  период  1:    7 из  574 ваг.
  СВР  период 10:    0 из  808 ваг.
  СЕВ  период  1:    0 из   75 ваг.
  СЕВ  период 10:    0 из  105 ваг.
  СКВ  период  1:   51 из  335 ваг.
  СКВ  период 10:    0 из  469 ваг.
  ЮВС  период  1:  237 из 1470 ваг.
  ЮВС  период 10:    0 из 2092 ваг.
  ЮУР  период  1:   39 из  749 ваг.
  ЮУР  период 10:    0 из 1049 ваг.
----------------------------
Баланс отчёта оптимизации:   OK (727 ваг. в записях = 727 ваг. предложения)
Записей в отчёте (Excel):    248 (167 оптим. + 52 по факту + 29 в ремонт) / 908 вагонов
  → в POST АПИ (период 1):   248 записей / 908 вагонов
Чекпоинт сохранён:           tmp/checkpoint_day1_2026-09-23_12-36-33.xlsx

======= РЕЗУЛЬТАТЫ ОПТИМИЗАЦИИ =======
Статус решателя:      MIP Optimal (gap=0.000%)
Назначено вагонов:    727
Неудовл. спрос:       1264 ваг. (dummy-предложение)
Суммарная стоимость:  40951310 руб.
======================================

Результат сохранён:          tmp/result_day1_20260923_123633.json
[SUCCESS] railoptim завершил работу успешно.
