[Пн 21 сен 2026 11:05:00 MSK] Запуск: /home/atretyakov/railoptim/app/bin/railoptim (env=prod, MIP_WARM_START=on, INCLUDE_PERIOD10=on)
stations_geo: 19494 записей, data/stations/stations_geo.sqlite (baltic=671, china_mongolia=339, cis=6263, ru=11848, south_caucasus=373)
Получено узлов спроса (погрузка): 254 или 3489 вагонов
Бизнес-правила (business_rules.json): потолок подсыла 6000 км; потолок отстоя/путей 3000 км, ДВС/ЗАБ 4100 км; инотерриторий 21 (исключений 3); дефицитных дорог 6 (вывоз ≤ 300 км, надбавка 30000 руб.); проверка ГУ-12 вкл.; загруженность станций (правило 4) закрытие при Q ≥ 5×C, очередь ≤ 1×C без ожидания, штраф ожидания 5000 руб./сут.; конвенции РЖД (правило 5) вкл.; грязный под свой груз (правило 6): промывочный маршрут +10000+40000 руб., потолок ≤ 1.00 × промывочного маршрута, поощрение 0.50 × (тариф до промывки + промывка); ремонт (правило 7): 15 сут. / инотерритория 45 сут.; иномойка (правило 8): 21 дорог образования, капризных 1 (надбавка 30000 руб. при предложении > 1.20 × спроса); поправка периода 1 по расстоянию: 30.0 руб./км × (км − 1200), потолок ±35000 руб., в отчёт не идёт
Конвенции (правило 5, conv-redis): 127.0.0.1:6379/0 HASH `telegrams_db` — 67 записей в Redis, в сервис взято 8 действующих → data/conventions_from_redis.json
  в HASH не взяты (истёкшие/вне горизонта/без дат, в память не кладём): истекло 53, ещё не началось 0, без дат 0; битый JSON 0
  отброшено из действующих по дате: класс Others/ошибка 6, только КЗХ 0, нечем матчить 0
  действующих: 8 (Empty 2, All 5, Grain 1; из них промывка/ремонт/отстой 0)
    · №19412 All | назн.ЕСР 207603,207406,207302,206507,206704 | все получатели | 2026-09-01…2026-12-31 | все грузы
    · №19692 All | назн.ЕСР 434231,434301,434405,436203 | все получатели | 2026-09-01…2026-09-30 | все грузы
    · №20514 Grain | назн.ЕСР 521001,520901 | по ОКПО/имени | 2026-09-13…2026-10-12 | пшеница
    · №27638 Empty | назн.дороги УЗБ | все получатели | 2025-11-11…3000-01-01 | Порожние вагоны
    · №4810 All | назн.ЕСР 436701 | все получатели | 2026-03-05…3000-01-01 | все грузы
    · №4811 Empty | назн.ЕСР 434208,434104 | все получатели | 2026-03-05…3000-01-01 | Порожние вагоны
    · №7659 All | назн.ЕСР 436701 | все получатели | 2026-04-06…2026-09-30 | все грузы
    · №7660 All | назн.ЕСР 434208,434104 | все получатели | 2026-04-06…2026-09-30 | все грузы
  индекс: 8 правил; ЕСР погрузки 12, ЕСР назн.груза 14, dest-дороги 1, dep-дороги 0, dep-ЕСР 0, пары dep→dest 0; все получатели 7, с ОКПО/именем 1; без ключей 0
  ЕСР погрузки (Empty/All): 206507, 206704, 207302, 207406, 207603, 434104, 434208, 434231, 434301, 434405, 436203, 436701
  ЕСР назн.груза (Grain/All): 206507, 206704, 207302, 207406, 207603, 434104, 434208, 434231, 434301, 434405, 436203, 436701, 520901, 521001
  dest-дороги: УЗБ
Дороги-инотерритории для ГУ-12 (ForeignRailways): 21
GU12_STATS={"periods": ["0:4", "5:7", "8:9", "10:14"], "rows": 781, "stations": 264, "rows_without_okpo": 61, "cars_by_period": [8714, 4206, 3037, 1065]}
Спрос с учётом ГУ-12 (правило 3): 181 узлов или 2065 вагонов (было 254 / 3489)
  заявок ГУ-12 согласованных: 781 строк / 264 станций (на станциях без спроса: 409)
  по периодам 1..4, ваг.: было [1533, 901, 823, 232] → стало [1123, 530, 361, 51]
  сопоставлено узлов: по ОКПО 203, по имени грузоотправителя 0, пропорционально по станции 11
  урезано до ГУ-12: 44 узлов / −611 ваг.; без заявки ГУ-12 (исключены): 73 узлов / 813 ваг.; инотерритория (без проверки): 20 узлов / 255 ваг.
Получено узлов предложения 1 сут.:  445 или 1417 вагонов
  [!] дислокация: 238 повторов номеров внутри выгрузки dislocations.py — оставлено первое вхождение
  [!] дислокация: 207 вагонов периода 10 уже есть в предложении АПИ (период 1) — из периода 10 исключены, оставлены в периоде 1: 91106625, 91106559, 95310355, 95188082, 95863494, 95842092, 95809505, 95623492, 99426025, 98985781, …
  узлов дислокации (2-10 сут., период 10): 480 или 3980 вагонов (в выгрузке 4425, дублей 238, пересечений с периодом 1 207)
Получено узлов предложения всего:  925 или 5397 вагонов
  свободных для назначения:  674 или 4761 вагонов
  требуют ремонта (В ремонт):94 или 249 вагонов
  по факту (Assigned):       157 или 387 вагонов
Дороги иномойки (правило 8, ForeignWashedRoads): 21
Коды «уже промыт/ремонт» (WashedEmptyEtsngCodes): 2
Ban-list чужих владельцев отстоя (reserve_owners.json): 4 пар (станция+ОКПО)
Узлов спроса (промывка):     36 или мощность в период 5 суток 2795 вагонов
  предложений с ЕТСНГ из списка промывки: 207 вагонов (освобождены по правилу 8 / иномойка: 217; из них есть узел погрузки с тем же ЕТСНГ на любой станции — альтернатива промывке по спросу: 211 вагонов)
Получено тарифов:            36566
Загружено ремонтных станций: 102
Тарифов до ремонтных ст.:    5898
Тарифов до промывки (с надбавкой 10000+40000=50000 руб.): 1566
Ограничения ДМЗИ:            14 дорог (98 записей Ostatok)
  ВСБ  период 1 ≤    5, период 10 ≤    7 ваг.
  ГОР  период 1 ≤  400, период 10 ≤  560 ваг.
  ЗАБ  период 1 ≤   24, период 10 ≤   34 ваг.
  ЗСБ  период 1 ≤  835, период 10 ≤ 1169 ваг.
  КБШ  период 1 ≤ 1014, период 10 ≤ 1422 ваг.
  КРС  период 1 ≤   10, период 10 ≤   14 ваг.
  МСК  период 1 ≤  749, период 10 ≤ 1049 ваг.
  ОКТ  период 1 ≤  324, период 10 ≤  454 ваг.
  ПРВ  период 1 ≤ 1056, период 10 ≤ 1486 ваг.
  СВР  период 1 ≤  570, период 10 ≤  804 ваг.
  СЕВ  период 1 ≤   74, период 10 ≤  104 ваг.
  СКВ  период 1 ≤  335, период 10 ≤  469 ваг.
  ЮВС  период 1 ≤ 1481, период 10 ≤ 2103 ваг.
  ЮУР  период 1 ≤  749, период 10 ≤ 1049 ваг.
БД отстоя обновлена:         получено 19 / записано 19 / без etran_id 0
Узлы отстоя (резервы):       80 узлов / ёмкость 2708 ваг. (записей в БД 224, дублей 0, отфильтровано 144, чужих по ban-list 468)
FREE_LOADROADS_STATS={"date_from": "2026-03-21", "date_to": "2026-09-21", "load_station_codes": 494, "cars_on_station_rows": 1910, "cars_total": 78032}
Свободные ёмкости путей:     105 крупных станций -> data/load_stations_free_capacity.json
Загруженность станций (правило 4): мощность известна у 710 станций справочника; станций спроса 98, проверено 85, без мощности 13
  закрыто станций: 3 (7 узлов / 129 ваг. спроса); с очередью (ожидание подсыла): 15; станций с несколькими грузоотправителями: 6; грузоотправителей с разным CarsOnStation по узлам: 17
    · закрыта Руденск (БЕЛ): на станции 89 ваг., мощность 10 ваг./сут. (8.9 сут. работы)
    · закрыта Выселки (СКВ): на станции 46 ваг., мощность 6 ваг./сут. (7.7 сут. работы)
    · закрыта Ольха (ЮВС): на станции 39 ваг., мощность 7 ваг./сут. (5.6 сут. работы)
    · очередь Саханская (МСК): на станции 14 ваг., мощность 3 ваг./сут. — подсыл не раньше 4-х суток
    · очередь Кореновск (СКВ): на станции 57 ваг., мощность 17 ваг./сут. — подсыл не раньше 3-х суток
    · очередь Заречная (СКВ): на станции 66 ваг., мощность 60 ваг./сут. — подсыл не раньше 1-х суток
    · очередь Алексиково (ПРВ): на станции 46 ваг., мощность 42 ваг./сут. — подсыл не раньше 1-х суток
    · очередь Чуфарово (КБШ): на станции 32 ваг., мощность 28 ваг./сут. — подсыл не раньше 1-х суток
    · очередь Кущевка (СКВ): на станции 30 ваг., мощность 22 ваг./сут. — подсыл не раньше 1-х суток
    · очередь Карламан (КБШ): на станции 21 ваг., мощность 12 ваг./сут. — подсыл не раньше 1-х суток
    · очередь Орск (ЮУР): на станции 21 ваг., мощность 16 ваг./сут. — подсыл не раньше 1-х суток
    · очередь Нурлат (КБШ): на станции 20 ваг., мощность 15 ваг./сут. — подсыл не раньше 1-х суток
    · очередь Кротовка (КБШ): на станции 17 ваг., мощность 10 ваг./сут. — подсыл не раньше 1-х суток
    · ...ещё 5 станций с очередью
Всего пар supply×demand:     146258
  без тарифа:                        23569 (16.1%)
  нарушение срока (жёстко):          0 (0.0%)
  несовм. тип вагона:                2585 (1.8%)
  грязный вагон → чужой ЕТСНГ (правило 6): 14628 (10.0%)
  грязный: погрузка дороже промывочного маршрута → в промывку (правило 6): 201 (0.1%)
  погрузка дальше потолка расстояния (6000 км): 6518 (4.5%)
  инотерритория (правило 1):           7323 (5.0%)
  вывоз с дефицитной дороги (правило 2): 17298 (11.8%)
  станция закрыта очередью (правило 4): 1228 (0.8%)
  конвенция РЖД (правило 5):           0 (0.0%)
  допустимых дуг с надбавкой по правилам: 8467 (5.8%)
    · из них иномойка → капризная дорога (правило 8, профицит): 7152 (4.9%)
  допустимых дуг с ожиданием в очереди станции (правило 4): 6 (0.0%)
  допустимых дуг «грязный → свой груз» с поощрением (правило 6): 148 (0.1%), в среднем 12270 руб./дугу
  поправка периода 1 по расстоянию: бонус на 5527 дугах (3.8%, в среднем −14101 руб.), надбавка на 26229 дугах (17.9%, в среднем +25398 руб.)
  допустимых дуг со штрафом за срок:   57010 (39.0%)
  допустимых дуг всего в LP:      72908 (49.8%)
Ограничения партии (MIN_BATCH): массовая выгрузка — 5830 дуг / 445 пар; средние станции — 30986 дуг / 3242 пар (станций образования: 78, погрузки: 58)
  маршрутные отправки (B=10): 1033 дуг / 129 пар (станций образования: 66, маршрутных станций погрузки: 2)
--- АНАЛИЗ РЕСУРСОВ ---
Предложение: 4761 ваг.
Спрос (погрузка): 2065 ваг.
Ёмкость промывки (верх): 2795 ваг.
Статус: ПРОФИЦИТ к погрузке (+2696 ваг.)
-----------------------
Правило 8: профицит порожних (предложение > 1.20 × спрос погрузки) — надбавка 30000 руб. на подсыл иномойки на капризные дороги (МСК)
Штраф за остаток предложения: 5000 руб./ваг. для всех узлов (профицит — грязные вагоны в отстой без промывки)
--- ЖАДНОЕ РЕШЕНИЕ ---
Назначений:            736 шт.
Назначено вагонов:     2118 / 2065 спрос (погрузка), 4761 предложение
Суммарная стоимость:   162398123.73 руб.
Неудовлетворён спрос:  129 ваг.
Избыток предложения:   2643 ваг.
Покрытие спроса (погр.): 102.6%
----------------------
MIP warm-start: ON (greedy) (управляется env MIP_WARM_START={on|off}, по умолч. on)
--- MIP РЕШЕНИЕ ---
Статус:                MIP Optimal (gap=0.008%)
Назначено вагонов:     1936 / 2065 спрос (погрузка), 4761 предложение
Суммарная стоимость:   109992092.87 руб.
Неудовлетворён спрос:  129 ваг.
Избыток предложения:   2825 ваг.
Покрытие спроса (погр.): 93.8%
-------------------
MIP время: 35.40 сек (warm-start: ON)
MIP диагностика: status=Optimal, gap=0.0081%, undist=2954 (unmet=129, excess=2825), real_cost=109992092.87
MIP vs greedy:   greedy undist=2772 (unmet=129, excess=2643), real_cost=162398123.73  →  Δundist=+182, Δcost=-52406030.86
  ВНИМАНИЕ: MIP не закрыл 129 ваг. спроса на погрузку (unmet > 0). Возможные причины:
           (а) PENALTY_UNMET ниже стоимости единственно допустимых плеч,
           (б) HiGHS остановился по rel_gap до закрытия всего спроса.
--- ДИАГНОСТИКА EXCESS SUPPLY (2825 ваг. в 242 узлах) ---
  [s_idx    7] Астара (Экспорт) | тип=Т | ЕТСНГ=421034 | period=1 | mass_unload=false | осталось 2 из 2 ваг.
    ПРИЧИНА: все Load-спросы уже закрыты (Load-дуг 152, Wash-дуг 0; везде rem_demand=0).
  [s_idx   48] Байсерке | тип=БК | ЕТСНГ=011005 | period=1 | mass_unload=false | осталось 5 из 5 ваг.
    ПРИЧИНА: все Load-спросы уже закрыты (Load-дуг 165, Wash-дуг 0; везде rem_demand=0).
  [s_idx   50] Бурундай | тип=Т | ЕТСНГ=— | period=1 | mass_unload=false | осталось 12 из 12 ваг.
    ПРИЧИНА: все Load-спросы уже закрыты (Load-дуг 159, Wash-дуг 0; везде rem_demand=0).
  [s_idx   51] Бурундай | тип=БК | ЕТСНГ=— | period=1 | mass_unload=false | осталось 6 из 6 ваг.
    ПРИЧИНА: все Load-спросы уже закрыты (Load-дуг 159, Wash-дуг 0; везде rem_demand=0).
  [s_idx   52] Бурундай | тип=БКТ | ЕТСНГ=— | period=1 | mass_unload=false | осталось 19 из 19 ваг.
    ПРИЧИНА: все Load-спросы уже закрыты (Load-дуг 166, Wash-дуг 0; везде rem_demand=0).
  [s_idx   53] Капчагай | тип=БК | ЕТСНГ=011005 | period=1 | mass_unload=false | осталось 1 из 1 ваг.
    ПРИЧИНА: все Load-спросы уже закрыты (Load-дуг 165, Wash-дуг 0; везде rem_demand=0).
  [s_idx   54] Капчагай | тип=БКТ | ЕТСНГ=011005 | period=1 | mass_unload=false | осталось 5 из 5 ваг.
    ПРИЧИНА: все Load-спросы уже закрыты (Load-дуг 172, Wash-дуг 0; везде rem_demand=0).
  [s_idx   55] Капчагай | тип=Т | ЕТСНГ=011005 | period=1 | mass_unload=false | осталось 2 из 2 ваг.
    ПРИЧИНА: все Load-спросы уже закрыты (Load-дуг 165, Wash-дуг 0; везде rem_demand=0).
  [s_idx   56] Бурундай | тип=Прочие | ЕТСНГ=— | period=1 | mass_unload=false | осталось 6 из 6 ваг.
    ПРИЧИНА: все Load-спросы уже закрыты (Load-дуг 159, Wash-дуг 0; везде rem_demand=0).
  [s_idx   57] Байсерке | тип=БКТ | ЕТСНГ=011005 | period=1 | mass_unload=false | осталось 1 из 1 ваг.
    ПРИЧИНА: все Load-спросы уже закрыты (Load-дуг 172, Wash-дуг 0; везде rem_demand=0).
  [s_idx  124] Беловодская | тип=Прочие | ЕТСНГ=011005 | period=1 | mass_unload=false | осталось 3 из 3 ваг.
    ПРИЧИНА: все Load-спросы уже закрыты (Load-дуг 165, Wash-дуг 0; везде rem_demand=0).
  [s_idx  125] Беловодская | тип=БКТ | ЕТСНГ=011005 | period=1 | mass_unload=false | осталось 3 из 3 ваг.
    ПРИЧИНА: все Load-спросы уже закрыты (Load-дуг 172, Wash-дуг 0; везде rem_demand=0).
  [s_idx  126] Беловодская | тип=БК | ЕТСНГ=011005 | period=1 | mass_unload=false | осталось 7 из 7 ваг.
    ПРИЧИНА: все Load-спросы уже закрыты (Load-дуг 165, Wash-дуг 0; везде rem_demand=0).
  [s_idx  127] Кара-Балта | тип=БК | ЕТСНГ=014003 | period=1 | mass_unload=false | осталось 3 из 3 ваг.
    ПРИЧИНА: все Load-спросы уже закрыты (Load-дуг 165, Wash-дуг 0; везде rem_demand=0).
  [s_idx  128] Кара-Балта | тип=— | ЕТСНГ=014003 | period=1 | mass_unload=false | осталось 1 из 1 ваг.
    ПРИЧИНА: все Load-спросы уже закрыты (Load-дуг 165, Wash-дуг 0; везде rem_demand=0).
  [s_idx  129] Кара-Балта | тип=Т | ЕТСНГ=014003 | period=1 | mass_unload=false | осталось 1 из 1 ваг.
    ПРИЧИНА: все Load-спросы уже закрыты (Load-дуг 165, Wash-дуг 0; везде rem_demand=0).
  [s_idx  130] Каинды | тип=Т | ЕТСНГ=014003 | period=1 | mass_unload=false | осталось 1 из 1 ваг.
    ПРИЧИНА: все Load-спросы уже закрыты (Load-дуг 165, Wash-дуг 0; везде rem_demand=0).
  [s_idx  131] Бишкек 1 | тип=БКТ | ЕТСНГ=011005 | period=1 | mass_unload=false | осталось 3 из 3 ваг.
    ПРИЧИНА: все Load-спросы уже закрыты (Load-дуг 172, Wash-дуг 0; везде rem_demand=0).
  [s_idx  132] Кант | тип=БК | ЕТСНГ=011005 | period=1 | mass_unload=false | осталось 1 из 1 ваг.
    ПРИЧИНА: все Load-спросы уже закрыты (Load-дуг 165, Wash-дуг 0; везде rem_demand=0).
  [s_idx  133] Каинды | тип=БК | ЕТСНГ=014003 | period=1 | mass_unload=false | осталось 1 из 1 ваг.
    ПРИЧИНА: все Load-спросы уже закрыты (Load-дуг 165, Wash-дуг 0; везде rem_demand=0).
  [s_idx  134] Кызыл-Кыя | тип=БКТ | ЕТСНГ=014003 | period=1 | mass_unload=false | осталось 1 из 1 ваг.
    ПРИЧИНА: все Load-спросы уже закрыты (Load-дуг 171, Wash-дуг 0; везде rem_demand=0).
  [s_idx  135] Бишкек 1 | тип=Т | ЕТСНГ=011005 | period=1 | mass_unload=false | осталось 4 из 4 ваг.
    ПРИЧИНА: все Load-спросы уже закрыты (Load-дуг 165, Wash-дуг 0; везде rem_demand=0).
  [s_idx  136] Бишкек 1 | тип=БК | ЕТСНГ=011005 | period=1 | mass_unload=false | осталось 2 из 2 ваг.
    ПРИЧИНА: все Load-спросы уже закрыты (Load-дуг 165, Wash-дуг 0; везде rem_demand=0).
  [s_idx  137] Бишкек 1 | тип=Прочие | ЕТСНГ=011005 | period=1 | mass_unload=false | осталось 1 из 1 ваг.
    ПРИЧИНА: все Load-спросы уже закрыты (Load-дуг 165, Wash-дуг 0; везде rem_demand=0).
  [s_idx  151] Блюхер (Экспорт) | тип=БКТ | ЕТСНГ=011005 | period=1 | mass_unload=false | осталось 5 из 5 ваг.
    ПРИЧИНА: нет ни одной допустимой дуги (нет тарифа, несовм. тип вагона или грязный груз).
  [s_idx  152] Гродеково (Экспорт на КЖД [Китай]) | тип=Т | ЕТСНГ=015006 | period=1 | mass_unload=false | осталось 6 из 6 ваг.
    ПРИЧИНА: все Load-спросы уже закрыты (Load-дуг 1, Wash-дуг 0; везде rem_demand=0).
  [s_idx  153] Гродеково (Экспорт на КЖД [Китай]) | тип=БК | ЕТСНГ=015006 | period=1 | mass_unload=false | осталось 7 из 7 ваг.
    ПРИЧИНА: все Load-спросы уже закрыты (Load-дуг 1, Wash-дуг 0; везде rem_demand=0).
  [s_idx  154] Гродеково (Экспорт на КЖД [Китай]) | тип=БКТ | ЕТСНГ=015006 | period=1 | mass_unload=false | осталось 4 из 4 ваг.
    ПРИЧИНА: все Load-спросы уже закрыты (Load-дуг 1, Wash-дуг 0; везде rem_demand=0).
  [s_idx  155] Гродеково (Экспорт на КЖД [Китай]) | тип=Прочие | ЕТСНГ=015006 | period=1 | mass_unload=false | осталось 2 из 2 ваг.
    ПРИЧИНА: все Load-спросы уже закрыты (Load-дуг 1, Wash-дуг 0; везде rem_demand=0).
  [s_idx  156] Блюхер (Экспорт) | тип=БК | ЕТСНГ=011005 | period=1 | mass_unload=false | осталось 1 из 1 ваг.
    ПРИЧИНА: нет ни одной допустимой дуги (нет тарифа, несовм. тип вагона или грязный груз).
  [s_idx  157] Ружино | тип=Прочие | ЕТСНГ=421195 | period=1 | mass_unload=false | осталось 1 из 1 ваг.
    ПРИЧИНА: все Load-спросы уже закрыты (Load-дуг 5, Wash-дуг 0; везде rem_demand=0).
  [s_idx  158] Забайкальск (Экспорт на КЖД [Китай]) | тип=БКТ | ЕТСНГ=014003 | period=1 | mass_unload=false | осталось 1 из 1 ваг.
    ПРИЧИНА: все Load-спросы уже закрыты (Load-дуг 72, Wash-дуг 0; везде rem_demand=0).
  [s_idx  159] Забайкальск (Экспорт на КЖД [Китай]) | тип=Т | ЕТСНГ=021079 | period=1 | mass_unload=false | осталось 1 из 1 ваг.
    ПРИЧИНА: все Load-спросы уже закрыты (Load-дуг 69, Wash-дуг 0; везде rem_demand=0).
  [s_idx  160] Забайкальск (Экспорт на КЖД [Китай]) | тип=БКТ | ЕТСНГ=021079 | period=1 | mass_unload=false | осталось 1 из 1 ваг.
    ПРИЧИНА: все Load-спросы уже закрыты (Load-дуг 72, Wash-дуг 0; везде rem_demand=0).
  [s_idx  161] Забайкальск (Экспорт на КЖД [Китай]) | тип=Т | ЕТСНГ=014003 | period=1 | mass_unload=false | осталось 1 из 1 ваг.
    ПРИЧИНА: все Load-спросы уже закрыты (Load-дуг 69, Wash-дуг 0; везде rem_demand=0).
  [s_idx  162] Забайкальск (Экспорт на КЖД [Китай]) | тип=БК | ЕТСНГ=014003 | period=1 | mass_unload=false | осталось 1 из 1 ваг.
    ПРИЧИНА: все Load-спросы уже закрыты (Load-дуг 69, Wash-дуг 0; везде rem_demand=0).
  [s_idx  163] Поярково | тип=БК | ЕТСНГ=— | period=1 | mass_unload=false | осталось 3 из 3 ваг.
    ПРИЧИНА: все Load-спросы уже закрыты (Load-дуг 10, Wash-дуг 0; везде rem_demand=0).
  [s_idx  164] Поярково | тип=Прочие | ЕТСНГ=— | period=1 | mass_unload=false | осталось 2 из 2 ваг.
    ПРИЧИНА: все Load-спросы уже закрыты (Load-дуг 10, Wash-дуг 0; везде rem_demand=0).
  [s_idx  165] Поярково | тип=БКТ | ЕТСНГ=— | period=1 | mass_unload=false | осталось 1 из 1 ваг.
    ПРИЧИНА: все Load-спросы уже закрыты (Load-дуг 10, Wash-дуг 0; везде rem_demand=0).
  [s_idx  166] Белогорск | тип=БКТ | ЕТСНГ=421195 | period=1 | mass_unload=false | осталось 1 из 1 ваг.
    ПРИЧИНА: все Load-спросы уже закрыты (Load-дуг 10, Wash-дуг 0; везде rem_demand=0).
  [s_idx  167] Поярково | тип=Т | ЕТСНГ=— | period=1 | mass_unload=false | осталось 1 из 1 ваг.
    ПРИЧИНА: все Load-спросы уже закрыты (Load-дуг 10, Wash-дуг 0; везде rem_demand=0).
  [s_idx  168] Чита 1 | тип=Прочие | ЕТСНГ=421195 | period=1 | mass_unload=false | осталось 1 из 1 ваг.
    ПРИЧИНА: все Load-спросы уже закрыты (Load-дуг 91, Wash-дуг 0; везде rem_demand=0).
  [s_idx  169] Березовский-Восточный | тип=Прочие | ЕТСНГ=421034 | period=1 | mass_unload=false | осталось 1 из 1 ваг.
    ПРИЧИНА: все Load-спросы уже закрыты (Load-дуг 10, Wash-дуг 0; везде rem_demand=0).
  [s_idx  170] Борзя | тип=БКТ | ЕТСНГ=421034 | period=1 | mass_unload=false | осталось 1 из 1 ваг.
    ПРИЧИНА: все Load-спросы уже закрыты (Load-дуг 69, Wash-дуг 0; везде rem_demand=0).
  [s_idx  171] Белогорск | тип=БК | ЕТСНГ=421195 | period=1 | mass_unload=false | осталось 1 из 1 ваг.
    ПРИЧИНА: все Load-спросы уже закрыты (Load-дуг 10, Wash-дуг 0; везде rem_demand=0).
  [s_idx  172] Чита 1 | тип=БК | ЕТСНГ=421195 | period=1 | mass_unload=false | осталось 1 из 1 ваг.
    ПРИЧИНА: все Load-спросы уже закрыты (Load-дуг 91, Wash-дуг 0; везде rem_demand=0).
  [s_idx  188] Иланская | тип=БК | ЕТСНГ=421195 | period=1 | mass_unload=false | осталось 4 из 4 ваг.
    ПРИЧИНА: все Load-спросы уже закрыты (Load-дуг 152, Wash-дуг 0; везде rem_demand=0).
  [s_idx  190] Базаиха | тип=БК | ЕТСНГ=— | period=1 | mass_unload=false | осталось 1 из 1 ваг.
    ПРИЧИНА: все Load-спросы уже закрыты (Load-дуг 152, Wash-дуг 0; везде rem_demand=0).
  [s_idx  191] Базаиха | тип=Прочие | ЕТСНГ=— | period=1 | mass_unload=false | осталось 1 из 1 ваг.
    ПРИЧИНА: доступны только Wash-дуги (36 шт., мин. стоимость 52008 руб./ваг.) при штрафе за остаток узла 5000 руб./ваг. (профицит).
             Промывка дороже штрафа — MIP оставил вагоны в остатке (Wash не имеет штрафа за незаполнение).
  [s_idx  192] Селикса | тип=Т | ЕТСНГ=542224 | period=1 | mass_unload=false | осталось 1 из 1 ваг.
    ПРИЧИНА: доступны только Wash-дуги (36 шт., мин. стоимость 63187 руб./ваг.) при штрафе за остаток узла 5000 руб./ваг. (профицит).
             Промывка дороже штрафа — MIP оставил вагоны в остатке (Wash не имеет штрафа за незаполнение).
  [s_idx  208] Ожерелье | тип=БКТ | ЕТСНГ=— | period=1 | mass_unload=false | осталось 10 из 13 ваг.
    ПРИЧИНА: доступны только Wash-дуги (36 шт., мин. стоимость 56022 руб./ваг.) при штрафе за остаток узла 5000 руб./ваг. (профицит).
             Промывка дороже штрафа — MIP оставил вагоны в остатке (Wash не имеет штрафа за незаполнение).
  [s_idx  214] Кромская | тип=БКТ | ЕТСНГ=421034 | period=1 | mass_unload=false | осталось 1 из 1 ваг.
    ПРИЧИНА: доступны только Wash-дуги (36 шт., мин. стоимость 56828 руб./ваг.) при штрафе за остаток узла 5000 руб./ваг. (профицит).
             Промывка дороже штрафа — MIP оставил вагоны в остатке (Wash не имеет штрафа за незаполнение).
  [s_idx  217] Кромская | тип=БК | ЕТСНГ=421034 | period=1 | mass_unload=false | осталось 1 из 1 ваг.
    ПРИЧИНА: доступны только Wash-дуги (36 шт., мин. стоимость 56828 руб./ваг.) при штрафе за остаток узла 5000 руб./ваг. (профицит).
             Промывка дороже штрафа — MIP оставил вагоны в остатке (Wash не имеет штрафа за незаполнение).
  [s_idx  218] Новая Заимка | тип=БК | ЕТСНГ=542239 | period=1 | mass_unload=false | осталось 2 из 2 ваг.
    ПРИЧИНА: доступны только Wash-дуги (36 шт., мин. стоимость 73433 руб./ваг.) при штрафе за остаток узла 5000 руб./ваг. (профицит).
             Промывка дороже штрафа — MIP оставил вагоны в остатке (Wash не имеет штрафа за незаполнение).
  [s_idx  221] Галич | тип=БК | ЕТСНГ=542239 | period=1 | mass_unload=false | осталось 3 из 6 ваг.
    ПРИЧИНА: доступны только Wash-дуги (36 шт., мин. стоимость 64208 руб./ваг.) при штрафе за остаток узла 5000 руб./ваг. (профицит).
             Промывка дороже штрафа — MIP оставил вагоны в остатке (Wash не имеет штрафа за незаполнение).
  [s_idx  227] Коноково | тип=БК | ЕТСНГ=421195 | period=1 | mass_unload=false | осталось 2 из 2 ваг.
    ПРИЧИНА: нет ни одной допустимой дуги (нет тарифа, несовм. тип вагона или грязный груз).
  [s_idx  249] Околтин | тип=Т | ЕТСНГ=011005 | period=1 | mass_unload=false | осталось 2 из 2 ваг.
    ПРИЧИНА: все Load-спросы уже закрыты (Load-дуг 165, Wash-дуг 0; везде rem_demand=0).
  [s_idx  250] Савай | тип=БК | ЕТСНГ=011005 | period=1 | mass_unload=false | осталось 6 из 6 ваг.
    ПРИЧИНА: все Load-спросы уже закрыты (Load-дуг 163, Wash-дуг 0; везде rem_demand=0).
  [s_idx  251] Савай | тип=Прочие | ЕТСНГ=011005 | period=1 | mass_unload=false | осталось 3 из 3 ваг.
    ПРИЧИНА: все Load-спросы уже закрыты (Load-дуг 163, Wash-дуг 0; везде rem_demand=0).
  [s_idx  252] Савай | тип=Т | ЕТСНГ=011005 | period=1 | mass_unload=false | осталось 3 из 3 ваг.
    ПРИЧИНА: все Load-спросы уже закрыты (Load-дуг 163, Wash-дуг 0; везде rem_demand=0).
  [s_idx  253] Савай | тип=БКТ | ЕТСНГ=011005 | period=1 | mass_unload=false | осталось 2 из 2 ваг.
    ПРИЧИНА: все Load-спросы уже закрыты (Load-дуг 170, Wash-дуг 0; везде rem_demand=0).
  [s_idx  254] Денов | тип=БК | ЕТСНГ=011005 | period=1 | mass_unload=false | осталось 1 из 1 ваг.
    ПРИЧИНА: все Load-спросы уже закрыты (Load-дуг 164, Wash-дуг 0; везде rem_demand=0).
  [s_idx  255] Околтин | тип=БК | ЕТСНГ=011005 | period=1 | mass_unload=false | осталось 1 из 1 ваг.
    ПРИЧИНА: все Load-спросы уже закрыты (Load-дуг 165, Wash-дуг 0; везде rem_demand=0).
  [s_idx  267] Лиепая (Экспорт) | тип=БКТ | ЕТСНГ=542239 | period=10 | mass_unload=true | осталось 20 из 20 ваг.
    ПРИЧИНА: все Load-спросы уже закрыты (Load-дуг 161, Wash-дуг 0; везде rem_demand=0).
  [s_idx  268] Высоцк (Экспорт) | тип=БКТ | ЕТСНГ=011005 | period=10 | mass_unload=true | осталось 151 из 151 ваг.
    ПРИЧИНА: все Load-спросы уже закрыты (Load-дуг 172, Wash-дуг 0; везде rem_demand=0).
  [s_idx  269] Лужская (Экспорт) | тип=БКТ | ЕТСНГ=011005 | period=10 | mass_unload=true | осталось 473 из 530 ваг.
    ПРИЧИНА: все Load-спросы уже закрыты (Load-дуг 172, Wash-дуг 0; везде rem_demand=0).
  [s_idx  270] Капчагай | тип=БКТ | ЕТСНГ=011005 | period=10 | mass_unload=false | осталось 19 из 19 ваг.
    ПРИЧИНА: все Load-спросы уже закрыты (Load-дуг 172, Wash-дуг 0; везде rem_demand=0).
  [s_idx  271] Лужская (Экспорт) | тип=Т | ЕТСНГ=011005 | period=10 | mass_unload=true | осталось 277 из 277 ваг.
    ПРИЧИНА: все Load-спросы уже закрыты (Load-дуг 165, Wash-дуг 0; везде rem_demand=0).
  [s_idx  272] Лиепая (Экспорт) | тип=БКТ | ЕТСНГ=542072 | period=10 | mass_unload=true | осталось 32 из 32 ваг.
    ПРИЧИНА: все Load-спросы уже закрыты (Load-дуг 161, Wash-дуг 0; везде rem_demand=0).
  [s_idx  273] Лиепая (Экспорт) | тип=БКТ | ЕТСНГ=011005 | period=10 | mass_unload=true | осталось 191 из 191 ваг.
    ПРИЧИНА: все Load-спросы уже закрыты (Load-дуг 161, Wash-дуг 0; везде rem_demand=0).
  [s_idx  275] Богоявленск | тип=БК | ЕТСНГ=542239 | period=10 | mass_unload=false | осталось 3 из 3 ваг.
    ПРИЧИНА: доступны только Wash-дуги (36 шт., мин. стоимость 89101 руб./ваг.) при штрафе за остаток узла 5000 руб./ваг. (профицит).
             Промывка дороже штрафа — MIP оставил вагоны в остатке (Wash не имеет штрафа за незаполнение).
  [s_idx  277] Вентспилс (Экспорт) | тип=БКТ | ЕТСНГ=011005 | period=10 | mass_unload=false | осталось 10 из 10 ваг.
    ПРИЧИНА: все Load-спросы уже закрыты (Load-дуг 161, Wash-дуг 0; везде rem_demand=0).
  [s_idx  278] Поти (Порт, Экспорт) | тип=БКТ | ЕТСНГ=018131 | period=10 | mass_unload=true | осталось 142 из 142 ваг.
    ПРИЧИНА: все Load-спросы уже закрыты (Load-дуг 159, Wash-дуг 0; везде rem_demand=0).
  [s_idx  280] Новороссийск (Экспорт) | тип=БКТ | ЕТСНГ=542239 | period=10 | mass_unload=false | осталось 3 из 3 ваг.
    ПРИЧИНА: доступны только Wash-дуги (36 шт., мин. стоимость 90802 руб./ваг.) при штрафе за остаток узла 5000 руб./ваг. (профицит).
             Промывка дороже штрафа — MIP оставил вагоны в остатке (Wash не имеет штрафа за незаполнение).
  [s_idx  281] Сумгаит | тип=БК | ЕТСНГ=542239 | period=10 | mass_unload=false | осталось 3 из 3 ваг.
    ПРИЧИНА: все Load-спросы уже закрыты (Load-дуг 152, Wash-дуг 0; везде rem_demand=0).
  [s_idx  283] Лиепая (Экспорт) | тип=БК | ЕТСНГ=014003 | period=10 | mass_unload=true | осталось 20 из 20 ваг.
    ПРИЧИНА: все Load-спросы уже закрыты (Load-дуг 154, Wash-дуг 0; везде rem_demand=0).
  [s_idx  285] Лиепая (Экспорт) | тип=БК | ЕТСНГ=011005 | period=10 | mass_unload=true | осталось 99 из 99 ваг.
    ПРИЧИНА: все Load-спросы уже закрыты (Load-дуг 154, Wash-дуг 0; везде rem_demand=0).
  [s_idx  286] Криеву Сала (Экспорт) | тип=БКТ | ЕТСНГ=011005 | period=10 | mass_unload=false | осталось 26 из 26 ваг.
    ПРИЧИНА: все Load-спросы уже закрыты (Load-дуг 160, Wash-дуг 0; везде rem_demand=0).
  [s_idx  287] Вайвара (Экспорт) | тип=БК | ЕТСНГ=018131 | period=10 | mass_unload=false | осталось 7 из 7 ваг.
    ПРИЧИНА: все Load-спросы уже закрыты (Load-дуг 152, Wash-дуг 0; везде rem_demand=0).
  [s_idx  288] Поти (Порт, Экспорт) | тип=Т | ЕТСНГ=018131 | period=10 | mass_unload=true | осталось 47 из 47 ваг.
    ПРИЧИНА: все Load-спросы уже закрыты (Load-дуг 152, Wash-дуг 0; везде rem_demand=0).
  [s_idx  293] Лужская (Экспорт) | тип=БК | ЕТСНГ=011005 | period=10 | mass_unload=true | осталось 188 из 193 ваг.
    ПРИЧИНА: все Load-спросы уже закрыты (Load-дуг 165, Wash-дуг 0; везде rem_demand=0).
  [s_idx  296] Высоцк (Экспорт) | тип=Т | ЕТСНГ=011005 | period=10 | mass_unload=true | осталось 79 из 79 ваг.
    ПРИЧИНА: все Load-спросы уже закрыты (Load-дуг 165, Wash-дуг 0; везде rem_demand=0).
  [s_idx  299] Караганда-Сортировочная | тип=Т | ЕТСНГ=693087 | period=10 | mass_unload=false | осталось 2 из 2 ваг.
    ПРИЧИНА: все Load-спросы уже закрыты (Load-дуг 165, Wash-дуг 0; везде rem_demand=0).
  [s_idx  300] Караганда-Сортировочная | тип=БКТ | ЕТСНГ=693087 | period=10 | mass_unload=false | осталось 3 из 11 ваг.
    ПРИЧИНА: все Load-спросы уже закрыты (Load-дуг 172, Wash-дуг 0; везде rem_demand=0).
  [s_idx  303] Лиепая (Экспорт) | тип=БКТ | ЕТСНГ=542188 | period=10 | mass_unload=true | осталось 1 из 1 ваг.
    ПРИЧИНА: все Load-спросы уже закрыты (Load-дуг 161, Wash-дуг 0; везде rem_demand=0).
  [s_idx  304] Сумгаит | тип=Т | ЕТСНГ=011005 | period=10 | mass_unload=false | осталось 5 из 5 ваг.
    ПРИЧИНА: все Load-спросы уже закрыты (Load-дуг 152, Wash-дуг 0; везде rem_demand=0).
  [s_idx  306] Поти (Порт, Экспорт) | тип=БКТ | ЕТСНГ=011005 | period=10 | mass_unload=true | осталось 19 из 19 ваг.
    ПРИЧИНА: все Load-спросы уже закрыты (Load-дуг 159, Wash-дуг 0; везде rem_demand=0).
  [s_idx  308] Лиепая (Экспорт) | тип=БКТ | ЕТСНГ=014003 | period=10 | mass_unload=true | осталось 53 из 53 ваг.
    ПРИЧИНА: все Load-спросы уже закрыты (Load-дуг 161, Wash-дуг 0; везде rem_demand=0).
  [s_idx  309] Лиепая (Экспорт) | тип=Т | ЕТСНГ=011005 | period=10 | mass_unload=true | осталось 93 из 93 ваг.
    ПРИЧИНА: все Load-спросы уже закрыты (Load-дуг 154, Wash-дуг 0; везде rem_demand=0).
  [s_idx  315] Хырдалан | тип=БКТ | ЕТСНГ=011005 | period=10 | mass_unload=false | осталось 11 из 11 ваг.
    ПРИЧИНА: все Load-спросы уже закрыты (Load-дуг 159, Wash-дуг 0; везде rem_demand=0).
  [s_idx  317] Астара (Экспорт) | тип=БКТ | ЕТСНГ=011005 | period=10 | mass_unload=false | осталось 26 из 26 ваг.
    ПРИЧИНА: все Load-спросы уже закрыты (Load-дуг 159, Wash-дуг 0; везде rem_demand=0).
  [s_idx  318] Сумгаит | тип=БКТ | ЕТСНГ=011005 | period=10 | mass_unload=false | осталось 14 из 14 ваг.
    ПРИЧИНА: все Load-спросы уже закрыты (Load-дуг 159, Wash-дуг 0; везде rem_demand=0).
  [s_idx  323] Бишкек 1 | тип=БКТ | ЕТСНГ=014003 | period=10 | mass_unload=false | осталось 4 из 4 ваг.
    ПРИЧИНА: все Load-спросы уже закрыты (Load-дуг 172, Wash-дуг 0; везде rem_demand=0).
  [s_idx  325] Байсерке | тип=Т | ЕТСНГ=011005 | period=10 | mass_unload=false | осталось 10 из 10 ваг.
    ПРИЧИНА: все Load-спросы уже закрыты (Load-дуг 165, Wash-дуг 0; везде rem_demand=0).
  [s_idx  326] Караганды | тип=БКТ | ЕТСНГ=011005 | period=10 | mass_unload=false | осталось 14 из 14 ваг.
    ПРИЧИНА: все Load-спросы уже закрыты (Load-дуг 14, Wash-дуг 0; везде rem_demand=0).
  [s_idx  332] Астара (Экспорт) | тип=БК | ЕТСНГ=011005 | period=10 | mass_unload=false | осталось 11 из 11 ваг.
    ПРИЧИНА: все Load-спросы уже закрыты (Load-дуг 152, Wash-дуг 0; везде rem_demand=0).
  [s_idx  333] Высоцк (Экспорт) | тип=БК | ЕТСНГ=011005 | period=10 | mass_unload=true | осталось 64 из 64 ваг.
    ПРИЧИНА: все Load-спросы уже закрыты (Load-дуг 165, Wash-дуг 0; везде rem_demand=0).
  [s_idx  334] Забайкальск (Экспорт на КЖД [Китай]) | тип=БК | ЕТСНГ=018038 | period=10 | mass_unload=false | осталось 16 из 16 ваг.
    ПРИЧИНА: все Load-спросы уже закрыты (Load-дуг 69, Wash-дуг 0; везде rem_demand=0).
  [s_idx  335] Даларик | тип=Т | ЕТСНГ=011005 | period=10 | mass_unload=false | осталось 13 из 13 ваг.
    ПРИЧИНА: все Load-спросы уже закрыты (Load-дуг 152, Wash-дуг 0; везде rem_demand=0).
  [s_idx  336] Поярково | тип=БК | ЕТСНГ=— | period=10 | mass_unload=false | осталось 1 из 1 ваг.
    ПРИЧИНА: все Load-спросы уже закрыты (Load-дуг 10, Wash-дуг 0; везде rem_demand=0).
  [s_idx  340] Лиепая (Экспорт) | тип=Т | ЕТСНГ=014003 | period=10 | mass_unload=true | осталось 20 из 20 ваг.
    ПРИЧИНА: все Load-спросы уже закрыты (Load-дуг 154, Wash-дуг 0; везде rem_demand=0).
  [s_idx  341] Поти (Порт, Экспорт) | тип=БК | ЕТСНГ=018131 | period=10 | mass_unload=true | осталось 42 из 42 ваг.
    ПРИЧИНА: все Load-спросы уже закрыты (Load-дуг 152, Wash-дуг 0; везде rem_demand=0).
  [s_idx  345] Аламедин | тип=БКТ | ЕТСНГ=011005 | period=10 | mass_unload=false | осталось 4 из 4 ваг.
    ПРИЧИНА: все Load-спросы уже закрыты (Load-дуг 171, Wash-дуг 0; везде rem_demand=0).
  [s_idx  357] Вайвара (Экспорт) | тип=Т | ЕТСНГ=018131 | period=10 | mass_unload=false | осталось 9 из 9 ваг.
    ПРИЧИНА: все Load-спросы уже закрыты (Load-дуг 152, Wash-дуг 0; везде rem_demand=0).
  [s_idx  359] Вентспилс (Экспорт) | тип=Т | ЕТСНГ=011005 | period=10 | mass_unload=false | осталось 2 из 2 ваг.
    ПРИЧИНА: все Load-спросы уже закрыты (Load-дуг 154, Wash-дуг 0; везде rem_demand=0).
  [s_idx  361] Забайкальск (Экспорт на КЖД [Китай]) | тип=БКТ | ЕТСНГ=018038 | period=10 | mass_unload=false | осталось 14 из 14 ваг.
    ПРИЧИНА: все Load-спросы уже закрыты (Load-дуг 72, Wash-дуг 0; везде rem_demand=0).
  [s_idx  362] Вайвара (Экспорт) | тип=БКТ | ЕТСНГ=018131 | period=10 | mass_unload=false | осталось 11 из 11 ваг.
    ПРИЧИНА: все Load-спросы уже закрыты (Load-дуг 159, Wash-дуг 0; везде rem_demand=0).
  [s_idx  363] Даларик | тип=БКТ | ЕТСНГ=011005 | period=10 | mass_unload=false | осталось 8 из 8 ваг.
    ПРИЧИНА: все Load-спросы уже закрыты (Load-дуг 159, Wash-дуг 0; везде rem_demand=0).
  [s_idx  366] Забайкальск (Экспорт на КЖД [Китай]) | тип=Т | ЕТСНГ=018038 | period=10 | mass_unload=false | осталось 7 из 7 ваг.
    ПРИЧИНА: все Load-спросы уже закрыты (Load-дуг 69, Wash-дуг 0; везде rem_demand=0).
  [s_idx  372] Готня | тип=БКТ | ЕТСНГ=542224 | period=10 | mass_unload=false | осталось 3 из 4 ваг.
    ПРИЧИНА: доступны только Wash-дуги (36 шт., мин. стоимость 113366 руб./ваг.) при штрафе за остаток узла 5000 руб./ваг. (профицит).
             Промывка дороже штрафа — MIP оставил вагоны в остатке (Wash не имеет штрафа за незаполнение).
  [s_idx  373] Нижний Ломов | тип=БКТ | ЕТСНГ=542224 | period=10 | mass_unload=false | осталось 9 из 9 ваг.
    ПРИЧИНА: доступны только Wash-дуги (36 шт., мин. стоимость 118817 руб./ваг.) при штрафе за остаток узла 5000 руб./ваг. (профицит).
             Промывка дороже штрафа — MIP оставил вагоны в остатке (Wash не имеет штрафа за незаполнение).
  [s_idx  374] Невдубстрой | тип=БКТ | ЕТСНГ=542224 | period=10 | mass_unload=true | осталось 3 из 3 ваг.
    ПРИЧИНА: доступны только Wash-дуги (36 шт., мин. стоимость 67759 руб./ваг.) при штрафе за остаток узла 5000 руб./ваг. (профицит).
             Промывка дороже штрафа — MIP оставил вагоны в остатке (Wash не имеет штрафа за незаполнение).
  [s_idx  376] Латышская | тип=Т | ЕТСНГ=542224 | period=10 | mass_unload=false | осталось 1 из 1 ваг.
    ПРИЧИНА: доступны только Wash-дуги (36 шт., мин. стоимость 93172 руб./ваг.) при штрафе за остаток узла 5000 руб./ваг. (профицит).
             Промывка дороже штрафа — MIP оставил вагоны в остатке (Wash не имеет штрафа за незаполнение).
  [s_idx  377] Селикса | тип=БКТ | ЕТСНГ=542224 | period=10 | mass_unload=false | осталось 14 из 14 ваг.
    ПРИЧИНА: доступны только Wash-дуги (36 шт., мин. стоимость 95187 руб./ваг.) при штрафе за остаток узла 5000 руб./ваг. (профицит).
             Промывка дороже штрафа — MIP оставил вагоны в остатке (Wash не имеет штрафа за незаполнение).
  [s_idx  378] Великий Новгород | тип=БКТ | ЕТСНГ=542224 | period=10 | mass_unload=false | осталось 3 из 3 ваг.
    ПРИЧИНА: доступны только Wash-дуги (36 шт., мин. стоимость 89596 руб./ваг.) при штрафе за остаток узла 5000 руб./ваг. (профицит).
             Промывка дороже штрафа — MIP оставил вагоны в остатке (Wash не имеет штрафа за незаполнение).
  [s_idx  379] Алатырь | тип=Т | ЕТСНГ=542224 | period=10 | mass_unload=false | осталось 2 из 2 ваг.
    ПРИЧИНА: доступны только Wash-дуги (7 шт., мин. стоимость 97698 руб./ваг.) при штрафе за остаток узла 5000 руб./ваг. (профицит).
             Промывка дороже штрафа — MIP оставил вагоны в остатке (Wash не имеет штрафа за незаполнение).
  [s_idx  380] Великий Новгород | тип=БК | ЕТСНГ=542224 | period=10 | mass_unload=false | осталось 1 из 1 ваг.
    ПРИЧИНА: доступны только Wash-дуги (36 шт., мин. стоимость 89596 руб./ваг.) при штрафе за остаток узла 5000 руб./ваг. (профицит).
             Промывка дороже штрафа — MIP оставил вагоны в остатке (Wash не имеет штрафа за незаполнение).
  [s_idx  381] Поярково | тип=Т | ЕТСНГ=014003 | period=10 | mass_unload=false | осталось 3 из 3 ваг.
    ПРИЧИНА: все Load-спросы уже закрыты (Load-дуг 10, Wash-дуг 0; везде rem_demand=0).
  [s_idx  384] Владивосток (Экспорт) | тип=БК | ЕТСНГ=011005 | period=10 | mass_unload=false | осталось 3 из 3 ваг.
    ПРИЧИНА: все Load-спросы уже закрыты (Load-дуг 1, Wash-дуг 0; везде rem_demand=0).
  [s_idx  386] Владивосток (Экспорт) | тип=БКТ | ЕТСНГ=011005 | period=10 | mass_unload=false | осталось 11 из 11 ваг.
    ПРИЧИНА: все Load-спросы уже закрыты (Load-дуг 1, Wash-дуг 0; везде rem_demand=0).
  [s_idx  387] Смоленск | тип=БКТ | ЕТСНГ=542239 | period=10 | mass_unload=false | осталось 6 из 6 ваг.
    ПРИЧИНА: доступны только Wash-дуги (36 шт., мин. стоимость 97210 руб./ваг.) при штрафе за остаток узла 5000 руб./ваг. (профицит).
             Промывка дороже штрафа — MIP оставил вагоны в остатке (Wash не имеет штрафа за незаполнение).
  [s_idx  390] Селикса | тип=БК | ЕТСНГ=542224 | period=10 | mass_unload=false | осталось 10 из 10 ваг.
    ПРИЧИНА: доступны только Wash-дуги (36 шт., мин. стоимость 95187 руб./ваг.) при штрафе за остаток узла 5000 руб./ваг. (профицит).
             Промывка дороже штрафа — MIP оставил вагоны в остатке (Wash не имеет штрафа за незаполнение).
  [s_idx  391] Баженово | тип=БКТ | ЕТСНГ=542239 | period=10 | mass_unload=false | осталось 2 из 2 ваг.
    ПРИЧИНА: доступны только Wash-дуги (36 шт., мин. стоимость 70344 руб./ваг.) при штрафе за остаток узла 5000 руб./ваг. (профицит).
             Промывка дороже штрафа — MIP оставил вагоны в остатке (Wash не имеет штрафа за незаполнение).
  [s_idx  393] Бишкек 1 | тип=Т | ЕТСНГ=014003 | period=10 | mass_unload=false | осталось 4 из 4 ваг.
    ПРИЧИНА: все Load-спросы уже закрыты (Load-дуг 165, Wash-дуг 0; везде rem_demand=0).
  [s_idx  403] Байсерке | тип=БКТ | ЕТСНГ=011005 | period=10 | mass_unload=false | осталось 15 из 15 ваг.
    ПРИЧИНА: все Load-спросы уже закрыты (Load-дуг 172, Wash-дуг 0; везде rem_demand=0).
  [s_idx  404] Стрижи | тип=БК | ЕТСНГ=542239 | period=10 | mass_unload=false | осталось 1 из 1 ваг.
    ПРИЧИНА: доступны только Wash-дуги (36 шт., мин. стоимость 136983 руб./ваг.) при штрафе за остаток узла 5000 руб./ваг. (профицит).
             Промывка дороже штрафа — MIP оставил вагоны в остатке (Wash не имеет штрафа за незаполнение).
  [s_idx  405] Забайкальск (Экспорт на КЖД [Китай]) | тип=БКТ | ЕТСНГ=434034 | period=10 | mass_unload=false | осталось 2 из 2 ваг.
    ПРИЧИНА: все Load-спросы уже закрыты (Load-дуг 72, Wash-дуг 0; везде rem_demand=0).
  [s_idx  407] Лиепая (Экспорт) | тип=БК | ЕТСНГ=542239 | period=10 | mass_unload=true | осталось 9 из 9 ваг.
    ПРИЧИНА: все Load-спросы уже закрыты (Load-дуг 154, Wash-дуг 0; везде rem_demand=0).
  [s_idx  408] Аламедин | тип=БК | ЕТСНГ=011005 | period=10 | mass_unload=false | осталось 4 из 4 ваг.
    ПРИЧИНА: все Load-спросы уже закрыты (Load-дуг 164, Wash-дуг 0; везде rem_demand=0).
  [s_idx  411] Астара (Экспорт) | тип=Т | ЕТСНГ=011005 | period=10 | mass_unload=false | осталось 19 из 19 ваг.
    ПРИЧИНА: все Load-спросы уже закрыты (Load-дуг 152, Wash-дуг 0; везде rem_demand=0).
  [s_idx  412] Поти (Порт, Экспорт) | тип=БК | ЕТСНГ=011005 | period=10 | mass_unload=true | осталось 26 из 26 ваг.
    ПРИЧИНА: все Load-спросы уже закрыты (Load-дуг 152, Wash-дуг 0; везде rem_demand=0).
  [s_idx  416] Караганды | тип=БК | ЕТСНГ=011005 | period=10 | mass_unload=false | осталось 1 из 1 ваг.
    ПРИЧИНА: все Load-спросы уже закрыты (Load-дуг 14, Wash-дуг 0; везде rem_demand=0).
  [s_idx  422] Владивосток (Экспорт) | тип=Т | ЕТСНГ=011005 | period=10 | mass_unload=false | осталось 3 из 3 ваг.
    ПРИЧИНА: все Load-спросы уже закрыты (Load-дуг 1, Wash-дуг 0; везде rem_demand=0).
  [s_idx  423] Сумгаит | тип=БК | ЕТСНГ=011005 | period=10 | mass_unload=false | осталось 3 из 3 ваг.
    ПРИЧИНА: все Load-спросы уже закрыты (Load-дуг 152, Wash-дуг 0; везде rem_demand=0).
  [s_idx  424] Колышлей | тип=БКТ | ЕТСНГ=542224 | period=10 | mass_unload=false | осталось 3 из 3 ваг.
    ПРИЧИНА: доступны только Wash-дуги (36 шт., мин. стоимость 106886 руб./ваг.) при штрафе за остаток узла 5000 руб./ваг. (профицит).
             Промывка дороже штрафа — MIP оставил вагоны в остатке (Wash не имеет штрафа за незаполнение).
  [s_idx  425] Кара-Балта | тип=Т | ЕТСНГ=011005 | period=10 | mass_unload=false | осталось 1 из 1 ваг.
    ПРИЧИНА: все Load-спросы уже закрыты (Load-дуг 165, Wash-дуг 0; везде rem_demand=0).
  [s_idx  426] Кара-Балта | тип=БКТ | ЕТСНГ=011005 | period=10 | mass_unload=false | осталось 3 из 3 ваг.
    ПРИЧИНА: все Load-спросы уже закрыты (Load-дуг 172, Wash-дуг 0; везде rem_demand=0).
  [s_idx  427] Шопоков | тип=БКТ | ЕТСНГ=011005 | period=10 | mass_unload=false | осталось 9 из 9 ваг.
    ПРИЧИНА: все Load-спросы уже закрыты (Load-дуг 170, Wash-дуг 0; везде rem_demand=0).
  [s_idx  432] Гродеково (Экспорт на КЖД [Китай]) | тип=БК | ЕТСНГ=015006 | period=10 | mass_unload=false | осталось 3 из 3 ваг.
    ПРИЧИНА: все Load-спросы уже закрыты (Load-дуг 1, Wash-дуг 0; везде rem_demand=0).
  [s_idx  435] Жана Караганды | тип=БКТ | ЕТСНГ=011005 | period=10 | mass_unload=false | осталось 3 из 3 ваг.
    ПРИЧИНА: все Load-спросы уже закрыты (Load-дуг 2, Wash-дуг 0; везде rem_demand=0).
  [s_idx  442] Нижний Ломов | тип=Т | ЕТСНГ=542224 | period=10 | mass_unload=false | осталось 6 из 6 ваг.
    ПРИЧИНА: доступны только Wash-дуги (36 шт., мин. стоимость 118817 руб./ваг.) при штрафе за остаток узла 5000 руб./ваг. (профицит).
             Промывка дороже штрафа — MIP оставил вагоны в остатке (Wash не имеет штрафа за незаполнение).
  [s_idx  443] Конаково ГРЭС | тип=Т | ЕТСНГ=542224 | period=10 | mass_unload=false | осталось 4 из 4 ваг.
    ПРИЧИНА: доступны только Wash-дуги (33 шт., мин. стоимость 114638 руб./ваг.) при штрафе за остаток узла 5000 руб./ваг. (профицит).
             Промывка дороже штрафа — MIP оставил вагоны в остатке (Wash не имеет штрафа за незаполнение).
  [s_idx  444] Восстание | тип=Т | ЕТСНГ=542224 | period=10 | mass_unload=false | осталось 2 из 2 ваг.
    ПРИЧИНА: доступны только Wash-дуги (34 шт., мин. стоимость 115344 руб./ваг.) при штрафе за остаток узла 5000 руб./ваг. (профицит).
             Промывка дороже штрафа — MIP оставил вагоны в остатке (Wash не имеет штрафа за незаполнение).
  [s_idx  448] Лиепая (Экспорт) | тип=БК | ЕТСНГ=542072 | period=10 | mass_unload=true | осталось 5 из 5 ваг.
    ПРИЧИНА: все Load-спросы уже закрыты (Load-дуг 154, Wash-дуг 0; везде rem_demand=0).
  [s_idx  450] Смоленск | тип=БК | ЕТСНГ=542239 | period=10 | mass_unload=false | осталось 3 из 3 ваг.
    ПРИЧИНА: доступны только Wash-дуги (36 шт., мин. стоимость 97210 руб./ваг.) при штрафе за остаток узла 5000 руб./ваг. (профицит).
             Промывка дороже штрафа — MIP оставил вагоны в остатке (Wash не имеет штрафа за незаполнение).
  [s_idx  451] Металлист | тип=БКТ | ЕТСНГ=— | period=10 | mass_unload=false | осталось 4 из 6 ваг.
    ПРИЧИНА: доступны только Wash-дуги (36 шт., мин. стоимость 91116 руб./ваг.) при штрафе за остаток узла 5000 руб./ваг. (профицит).
             Промывка дороже штрафа — MIP оставил вагоны в остатке (Wash не имеет штрафа за незаполнение).
  [s_idx  452] Алексеевка | тип=БКТ | ЕТСНГ=542239 | period=10 | mass_unload=false | осталось 4 из 4 ваг.
    ПРИЧИНА: доступны только Wash-дуги (36 шт., мин. стоимость 91154 руб./ваг.) при штрафе за остаток узла 5000 руб./ваг. (профицит).
             Промывка дороже штрафа — MIP оставил вагоны в остатке (Wash не имеет штрафа за незаполнение).
  [s_idx  454] Даларик | тип=БК | ЕТСНГ=011005 | period=10 | mass_unload=false | осталось 3 из 3 ваг.
    ПРИЧИНА: все Load-спросы уже закрыты (Load-дуг 152, Wash-дуг 0; везде rem_demand=0).
  [s_idx  464] Почеп | тип=БКТ | ЕТСНГ=542224 | period=10 | mass_unload=false | осталось 2 из 2 ваг.
    ПРИЧИНА: доступны только Wash-дуги (36 шт., мин. стоимость 70949 руб./ваг.) при штрафе за остаток узла 5000 руб./ваг. (профицит).
             Промывка дороже штрафа — MIP оставил вагоны в остатке (Wash не имеет штрафа за незаполнение).
  [s_idx  467] Ильгюциемс (Экспорт) | тип=БК | ЕТСНГ=011005 | period=10 | mass_unload=false | осталось 1 из 2 ваг.
    ПРИЧИНА: все Load-спросы уже закрыты (Load-дуг 154, Wash-дуг 0; везде rem_demand=0).
  [s_idx  470] Почеп | тип=БК | ЕТСНГ=542224 | period=10 | mass_unload=false | осталось 2 из 2 ваг.
    ПРИЧИНА: доступны только Wash-дуги (36 шт., мин. стоимость 70949 руб./ваг.) при штрафе за остаток узла 5000 руб./ваг. (профицит).
             Промывка дороже штрафа — MIP оставил вагоны в остатке (Wash не имеет штрафа за незаполнение).
  [s_idx  474] Гродеково (Экспорт на КЖД [Китай]) | тип=БКТ | ЕТСНГ=015006 | period=10 | mass_unload=false | осталось 3 из 3 ваг.
    ПРИЧИНА: все Load-спросы уже закрыты (Load-дуг 1, Wash-дуг 0; везде rem_demand=0).
  [s_idx  475] Новый Порт (Экспорт) | тип=БК | ЕТСНГ=542296 | period=10 | mass_unload=false | осталось 1 из 1 ваг.
    ПРИЧИНА: доступны только Wash-дуги (36 шт., мин. стоимость 83205 руб./ваг.) при штрафе за остаток узла 5000 руб./ваг. (профицит).
             Промывка дороже штрафа — MIP оставил вагоны в остатке (Wash не имеет штрафа за незаполнение).
  [s_idx  476] Хырдалан | тип=БК | ЕТСНГ=011005 | period=10 | mass_unload=false | осталось 1 из 1 ваг.
    ПРИЧИНА: все Load-спросы уже закрыты (Load-дуг 152, Wash-дуг 0; везде rem_demand=0).
  [s_idx  478] Жердевка | тип=Т | ЕТСНГ=542239 | period=10 | mass_unload=false | осталось 3 из 4 ваг.
    ПРИЧИНА: доступны только Wash-дуги (36 шт., мин. стоимость 92165 руб./ваг.) при штрафе за остаток узла 5000 руб./ваг. (профицит).
             Промывка дороже штрафа — MIP оставил вагоны в остатке (Wash не имеет штрафа за незаполнение).
  [s_idx  479] Поярково | тип=Т | ЕТСНГ=— | period=10 | mass_unload=false | осталось 2 из 2 ваг.
    ПРИЧИНА: все Load-спросы уже закрыты (Load-дуг 10, Wash-дуг 0; везде rem_demand=0).
  [s_idx  485] Новосибирск-Западный | тип=БК | ЕТСНГ=018112 | period=10 | mass_unload=false | осталось 1 из 1 ваг.
    ПРИЧИНА: все Load-спросы уже закрыты (Load-дуг 10, Wash-дуг 0; везде rem_demand=0).
  [s_idx  487] Куланга | тип=БКТ | ЕТСНГ=542224 | period=10 | mass_unload=false | осталось 1 из 1 ваг.
    ПРИЧИНА: доступны только Wash-дуги (36 шт., мин. стоимость 98763 руб./ваг.) при штрафе за остаток узла 5000 руб./ваг. (профицит).
             Промывка дороже штрафа — MIP оставил вагоны в остатке (Wash не имеет штрафа за незаполнение).
  [s_idx  488] Тюмень | тип=БКТ | ЕТСНГ=542224 | period=10 | mass_unload=false | осталось 2 из 2 ваг.
    ПРИЧИНА: доступны только Wash-дуги (36 шт., мин. стоимость 110695 руб./ваг.) при штрафе за остаток узла 5000 руб./ваг. (профицит).
             Промывка дороже штрафа — MIP оставил вагоны в остатке (Wash не имеет штрафа за незаполнение).
  [s_idx  489] Невдубстрой | тип=Т | ЕТСНГ=542224 | period=10 | mass_unload=true | осталось 3 из 3 ваг.
    ПРИЧИНА: доступны только Wash-дуги (36 шт., мин. стоимость 67759 руб./ваг.) при штрафе за остаток узла 5000 руб./ваг. (профицит).
             Промывка дороже штрафа — MIP оставил вагоны в остатке (Wash не имеет штрафа за незаполнение).
  [s_idx  490] Селикса | тип=Т | ЕТСНГ=542224 | period=10 | mass_unload=false | осталось 1 из 1 ваг.
    ПРИЧИНА: доступны только Wash-дуги (36 шт., мин. стоимость 95187 руб./ваг.) при штрафе за остаток узла 5000 руб./ваг. (профицит).
             Промывка дороже штрафа — MIP оставил вагоны в остатке (Wash не имеет штрафа за незаполнение).
  [s_idx  492] Великий Новгород | тип=Т | ЕТСНГ=542224 | period=10 | mass_unload=false | осталось 1 из 1 ваг.
    ПРИЧИНА: доступны только Wash-дуги (36 шт., мин. стоимость 89596 руб./ваг.) при штрафе за остаток узла 5000 руб./ваг. (профицит).
             Промывка дороже штрафа — MIP оставил вагоны в остатке (Wash не имеет штрафа за незаполнение).
  [s_idx  493] Капчагай | тип=Т | ЕТСНГ=011005 | period=10 | mass_unload=false | осталось 5 из 5 ваг.
    ПРИЧИНА: все Load-спросы уже закрыты (Load-дуг 165, Wash-дуг 0; везде rem_demand=0).
  [s_idx  495] Галич | тип=БКТ | ЕТСНГ=542239 | period=10 | mass_unload=false | осталось 2 из 2 ваг.
    ПРИЧИНА: доступны только Wash-дуги (36 шт., мин. стоимость 96208 руб./ваг.) при штрафе за остаток узла 5000 руб./ваг. (профицит).
             Промывка дороже штрафа — MIP оставил вагоны в остатке (Wash не имеет штрафа за незаполнение).
  [s_idx  497] Порт Оля (Экспорт) | тип=БКТ | ЕТСНГ=542239 | period=10 | mass_unload=false | осталось 6 из 6 ваг.
    ПРИЧИНА: доступны только Wash-дуги (36 шт., мин. стоимость 94679 руб./ваг.) при штрафе за остаток узла 5000 руб./ваг. (профицит).
             Промывка дороже штрафа — MIP оставил вагоны в остатке (Wash не имеет штрафа за незаполнение).
  [s_idx  499] Янгийул | тип=БКТ | ЕТСНГ=542050 | period=10 | mass_unload=false | осталось 2 из 2 ваг.
    ПРИЧИНА: все Load-спросы уже закрыты (Load-дуг 172, Wash-дуг 0; везде rem_demand=0).
  [s_idx  507] Лиепая (Экспорт) | тип=Т | ЕТСНГ=542072 | period=10 | mass_unload=true | осталось 4 из 4 ваг.
    ПРИЧИНА: все Load-спросы уже закрыты (Load-дуг 154, Wash-дуг 0; везде rem_demand=0).
  [s_idx  508] Новый Порт (Экспорт) | тип=БКТ | ЕТСНГ=542296 | period=10 | mass_unload=false | осталось 5 из 5 ваг.
    ПРИЧИНА: доступны только Wash-дуги (36 шт., мин. стоимость 83205 руб./ваг.) при штрафе за остаток узла 5000 руб./ваг. (профицит).
             Промывка дороже штрафа — MIP оставил вагоны в остатке (Wash не имеет штрафа за незаполнение).
  [s_idx  509] Байсерке | тип=БК | ЕТСНГ=011005 | period=10 | mass_unload=false | осталось 4 из 4 ваг.
    ПРИЧИНА: все Load-спросы уже закрыты (Load-дуг 165, Wash-дуг 0; везде rem_demand=0).
  [s_idx  512] Астара | тип=БК | ЕТСНГ=421034 | period=10 | mass_unload=false | осталось 2 из 2 ваг.
    ПРИЧИНА: все Load-спросы уже закрыты (Load-дуг 94, Wash-дуг 0; везде rem_demand=0).
  [s_idx  513] Астара (Экспорт) | тип=Т | ЕТСНГ=014003 | period=10 | mass_unload=false | осталось 2 из 2 ваг.
    ПРИЧИНА: все Load-спросы уже закрыты (Load-дуг 152, Wash-дуг 0; везде rem_demand=0).
  [s_idx  523] Криеву Сала (Экспорт) | тип=БК | ЕТСНГ=011005 | period=10 | mass_unload=false | осталось 6 из 6 ваг.
    ПРИЧИНА: все Load-спросы уже закрыты (Load-дуг 153, Wash-дуг 0; везде rem_demand=0).
  [s_idx  524] Астара | тип=Т | ЕТСНГ=421034 | period=10 | mass_unload=false | осталось 1 из 1 ваг.
    ПРИЧИНА: все Load-спросы уже закрыты (Load-дуг 94, Wash-дуг 0; везде rem_demand=0).
  [s_idx  525] Хабаровск 1 | тип=БК | ЕТСНГ=018112 | period=10 | mass_unload=false | осталось 1 из 1 ваг.
    ПРИЧИНА: все Load-спросы уже закрыты (Load-дуг 10, Wash-дуг 0; везде rem_demand=0).
  [s_idx  528] Новоблаговещенка | тип=БКТ | ЕТСНГ=421034 | period=10 | mass_unload=false | осталось 1 из 1 ваг.
    ПРИЧИНА: все Load-спросы уже закрыты (Load-дуг 10, Wash-дуг 0; везде rem_demand=0).
  [s_idx  530] Барабинск | тип=БКТ | ЕТСНГ=018023 | period=10 | mass_unload=false | осталось 1 из 1 ваг.
    ПРИЧИНА: все Load-спросы уже закрыты (Load-дуг 10, Wash-дуг 0; везде rem_demand=0).
  [s_idx  533] Вентспилс (Экспорт) | тип=БК | ЕТСНГ=011005 | period=10 | mass_unload=false | осталось 2 из 2 ваг.
    ПРИЧИНА: все Load-спросы уже закрыты (Load-дуг 154, Wash-дуг 0; везде rem_demand=0).
  [s_idx  537] Нижний Ломов | тип=БКТ | ЕТСНГ=542224 | period=10 | mass_unload=false | осталось 1 из 1 ваг.
    ПРИЧИНА: доступны только Wash-дуги (36 шт., мин. стоимость 118817 руб./ваг.) при штрафе за остаток узла 5000 руб./ваг. (профицит).
             Промывка дороже штрафа — MIP оставил вагоны в остатке (Wash не имеет штрафа за незаполнение).
  [s_idx  546] Поярково | тип=БКТ | ЕТСНГ=— | period=10 | mass_unload=false | осталось 3 из 3 ваг.
    ПРИЧИНА: все Load-спросы уже закрыты (Load-дуг 10, Wash-дуг 0; везде rem_demand=0).
  [s_idx  547] Сангачалы | тип=Т | ЕТСНГ=011005 | period=10 | mass_unload=false | осталось 2 из 2 ваг.
    ПРИЧИНА: все Load-спросы уже закрыты (Load-дуг 150, Wash-дуг 0; везде rem_demand=0).
  [s_idx  548] Кант | тип=БКТ | ЕТСНГ=011005 | period=10 | mass_unload=false | осталось 3 из 3 ваг.
    ПРИЧИНА: все Load-спросы уже закрыты (Load-дуг 172, Wash-дуг 0; везде rem_demand=0).
  [s_idx  549] Беловодская | тип=Т | ЕТСНГ=014003 | period=10 | mass_unload=false | осталось 1 из 1 ваг.
    ПРИЧИНА: все Load-спросы уже закрыты (Load-дуг 165, Wash-дуг 0; везде rem_demand=0).
  [s_idx  551] Астара | тип=БКТ | ЕТСНГ=421034 | period=10 | mass_unload=false | осталось 3 из 3 ваг.
    ПРИЧИНА: все Load-спросы уже закрыты (Load-дуг 99, Wash-дуг 0; везде rem_demand=0).
  [s_idx  559] Шопоков | тип=Т | ЕТСНГ=011005 | period=10 | mass_unload=false | осталось 3 из 3 ваг.
    ПРИЧИНА: все Load-спросы уже закрыты (Load-дуг 163, Wash-дуг 0; везде rem_demand=0).
  [s_idx  563] Базаиха | тип=БКТ | ЕТСНГ=— | period=10 | mass_unload=false | осталось 2 из 2 ваг.
    ПРИЧИНА: доступны только Wash-дуги (17 шт., мин. стоимость 69008 руб./ваг.) при штрафе за остаток узла 5000 руб./ваг. (профицит).
             Промывка дороже штрафа — MIP оставил вагоны в остатке (Wash не имеет штрафа за незаполнение).
  [s_idx  564] Базаиха | тип=БКТ | ЕТСНГ=542239 | period=10 | mass_unload=false | осталось 1 из 1 ваг.
    ПРИЧИНА: доступны только Wash-дуги (36 шт., мин. стоимость 69008 руб./ваг.) при штрафе за остаток узла 5000 руб./ваг. (профицит).
             Промывка дороже штрафа — MIP оставил вагоны в остатке (Wash не имеет штрафа за незаполнение).
  [s_idx  565] Базаиха | тип=Т | ЕТСНГ=542239 | period=10 | mass_unload=false | осталось 1 из 1 ваг.
    ПРИЧИНА: доступны только Wash-дуги (36 шт., мин. стоимость 69008 руб./ваг.) при штрафе за остаток узла 5000 руб./ваг. (профицит).
             Промывка дороже штрафа — MIP оставил вагоны в остатке (Wash не имеет штрафа за незаполнение).
  [s_idx  566] Ожерелье | тип=БКТ | ЕТСНГ=542224 | period=10 | mass_unload=false | осталось 2 из 2 ваг.
    ПРИЧИНА: доступны только Wash-дуги (36 шт., мин. стоимость 73022 руб./ваг.) при штрафе за остаток узла 5000 руб./ваг. (профицит).
             Промывка дороже штрафа — MIP оставил вагоны в остатке (Wash не имеет штрафа за незаполнение).
  [s_idx  567] Менделеево | тип=БК | ЕТСНГ=542239 | period=10 | mass_unload=false | осталось 1 из 1 ваг.
    ПРИЧИНА: доступны только Wash-дуги (36 шт., мин. стоимость 125560 руб./ваг.) при штрафе за остаток узла 5000 руб./ваг. (профицит).
             Промывка дороже штрафа — MIP оставил вагоны в остатке (Wash не имеет штрафа за незаполнение).
  [s_idx  568] Мурманские Ворота | тип=БКТ | ЕТСНГ=542239 | period=10 | mass_unload=false | осталось 1 из 1 ваг.
    ПРИЧИНА: доступны только Wash-дуги (36 шт., мин. стоимость 71342 руб./ваг.) при штрафе за остаток узла 5000 руб./ваг. (профицит).
             Промывка дороже штрафа — MIP оставил вагоны в остатке (Wash не имеет штрафа за незаполнение).
  [s_idx  571] Абакан | тип=БКТ | ЕТСНГ=421208 | period=10 | mass_unload=false | осталось 3 из 3 ваг.
    ПРИЧИНА: все Load-спросы уже закрыты (Load-дуг 159, Wash-дуг 0; везде rem_demand=0).
  [s_idx  574] Хырдалан | тип=Т | ЕТСНГ=011005 | period=10 | mass_unload=false | осталось 2 из 2 ваг.
    ПРИЧИНА: все Load-спросы уже закрыты (Load-дуг 152, Wash-дуг 0; везде rem_demand=0).
  [s_idx  576] Криеву Сала (Экспорт) | тип=Т | ЕТСНГ=011005 | period=10 | mass_unload=false | осталось 4 из 4 ваг.
    ПРИЧИНА: все Load-спросы уже закрыты (Load-дуг 153, Wash-дуг 0; везде rem_demand=0).
  [s_idx  577] Хабаровск 1 | тип=БКТ | ЕТСНГ=014003 | period=10 | mass_unload=false | осталось 1 из 1 ваг.
    ПРИЧИНА: все Load-спросы уже закрыты (Load-дуг 10, Wash-дуг 0; везде rem_demand=0).
  [s_idx  578] Уссурийск | тип=БКТ | ЕТСНГ=011005 | period=10 | mass_unload=false | осталось 2 из 2 ваг.
    ПРИЧИНА: все Load-спросы уже закрыты (Load-дуг 2, Wash-дуг 0; везде rem_demand=0).
  [s_idx  579] Ереван | тип=БКТ | ЕТСНГ=014003 | period=10 | mass_unload=false | осталось 1 из 1 ваг.
    ПРИЧИНА: все Load-спросы уже закрыты (Load-дуг 159, Wash-дуг 0; везде rem_demand=0).
  [s_idx  580] Астара (Экспорт) | тип=БКТ | ЕТСНГ=014003 | period=10 | mass_unload=false | осталось 5 из 5 ваг.
    ПРИЧИНА: все Load-спросы уже закрыты (Load-дуг 159, Wash-дуг 0; везде rem_demand=0).
  [s_idx  581] Сумгаит | тип=БКТ | ЕТСНГ=— | period=10 | mass_unload=false | осталось 1 из 1 ваг.
    ПРИЧИНА: все Load-спросы уже закрыты (Load-дуг 159, Wash-дуг 0; везде rem_demand=0).
  [s_idx  585] Новосибирск-Западный | тип=БКТ | ЕТСНГ=011005 | period=10 | mass_unload=false | осталось 3 из 3 ваг.
    ПРИЧИНА: все Load-спросы уже закрыты (Load-дуг 10, Wash-дуг 0; везде rem_demand=0).
  [s_idx  586] Богоявленск | тип=БКТ | ЕТСНГ=542239 | period=10 | mass_unload=false | осталось 1 из 1 ваг.
    ПРИЧИНА: доступны только Wash-дуги (36 шт., мин. стоимость 89101 руб./ваг.) при штрафе за остаток узла 5000 руб./ваг. (профицит).
             Промывка дороже штрафа — MIP оставил вагоны в остатке (Wash не имеет штрафа за незаполнение).
  [s_idx  587] Тюмень | тип=Т | ЕТСНГ=542224 | period=10 | mass_unload=false | осталось 1 из 1 ваг.
    ПРИЧИНА: доступны только Wash-дуги (36 шт., мин. стоимость 110695 руб./ваг.) при штрафе за остаток узла 5000 руб./ваг. (профицит).
             Промывка дороже штрафа — MIP оставил вагоны в остатке (Wash не имеет штрафа за незаполнение).
  [s_idx  588] Новосибирск-Западный | тип=БКТ | ЕТСНГ=— | period=10 | mass_unload=false | осталось 1 из 1 ваг.
    ПРИЧИНА: доступны только Wash-дуги (36 шт., мин. стоимость 68473 руб./ваг.) при штрафе за остаток узла 5000 руб./ваг. (профицит).
             Промывка дороже штрафа — MIP оставил вагоны в остатке (Wash не имеет штрафа за незаполнение).
  [s_idx  589] Хабаровск 1 | тип=БК | ЕТСНГ=014003 | period=10 | mass_unload=false | осталось 1 из 1 ваг.
    ПРИЧИНА: все Load-спросы уже закрыты (Load-дуг 10, Wash-дуг 0; везде rem_demand=0).
  [s_idx  591] Лиепая (Экспорт) | тип=БКТ | ЕТСНГ=505028 | period=10 | mass_unload=true | осталось 1 из 1 ваг.
    ПРИЧИНА: все Load-спросы уже закрыты (Load-дуг 161, Wash-дуг 0; везде rem_demand=0).
  [s_idx  592] Ружино | тип=БКТ | ЕТСНГ=421208 | period=10 | mass_unload=false | осталось 1 из 1 ваг.
    ПРИЧИНА: все Load-спросы уже закрыты (Load-дуг 5, Wash-дуг 0; везде rem_demand=0).
  [s_idx  594] Воробьевка | тип=Т | ЕТСНГ=421195 | period=10 | mass_unload=false | осталось 1 из 1 ваг.
    ПРИЧИНА: нет ни одной допустимой дуги (нет тарифа, несовм. тип вагона или грязный груз).
  [s_idx  598] Каргала | тип=БКТ | ЕТСНГ=542224 | period=10 | mass_unload=false | осталось 1 из 1 ваг.
    ПРИЧИНА: доступны только Wash-дуги (36 шт., мин. стоимость 120862 руб./ваг.) при штрафе за остаток узла 5000 руб./ваг. (профицит).
             Промывка дороже штрафа — MIP оставил вагоны в остатке (Wash не имеет штрафа за незаполнение).
  [s_idx  602] Гори | тип=БКТ | ЕТСНГ=018112 | period=10 | mass_unload=false | осталось 1 из 1 ваг.
    ПРИЧИНА: все Load-спросы уже закрыты (Load-дуг 159, Wash-дуг 0; везде rem_demand=0).
  [s_idx  604] Капчагай | тип=БК | ЕТСНГ=011005 | period=10 | mass_unload=false | осталось 3 из 3 ваг.
    ПРИЧИНА: все Load-спросы уже закрыты (Load-дуг 165, Wash-дуг 0; везде rem_demand=0).
  [s_idx  605] Лиепая (Экспорт) | тип=БК | ЕТСНГ=542188 | period=10 | mass_unload=true | осталось 2 из 2 ваг.
    ПРИЧИНА: все Load-спросы уже закрыты (Load-дуг 154, Wash-дуг 0; везде rem_demand=0).
  [s_idx  606] Поти (Порт, Экспорт) | тип=БКТ | ЕТСНГ=— | period=10 | mass_unload=true | осталось 1 из 1 ваг.
    ПРИЧИНА: все Load-спросы уже закрыты (Load-дуг 159, Wash-дуг 0; везде rem_demand=0).
  [s_idx  610] Шагол | тип=Т | ЕТСНГ=542224 | period=10 | mass_unload=false | осталось 2 из 2 ваг.
    ПРИЧИНА: доступны только Wash-дуги (36 шт., мин. стоимость 68094 руб./ваг.) при штрафе за остаток узла 5000 руб./ваг. (профицит).
             Промывка дороже штрафа — MIP оставил вагоны в остатке (Wash не имеет штрафа за незаполнение).
  [s_idx  611] Нижний Ломов | тип=БК | ЕТСНГ=542224 | period=10 | mass_unload=false | осталось 2 из 2 ваг.
    ПРИЧИНА: доступны только Wash-дуги (36 шт., мин. стоимость 118817 руб./ваг.) при штрафе за остаток узла 5000 руб./ваг. (профицит).
             Промывка дороже штрафа — MIP оставил вагоны в остатке (Wash не имеет штрафа за незаполнение).
  [s_idx  612] Баженово | тип=БК | ЕТСНГ=542239 | period=10 | mass_unload=false | осталось 2 из 2 ваг.
    ПРИЧИНА: доступны только Wash-дуги (36 шт., мин. стоимость 70344 руб./ваг.) при штрафе за остаток узла 5000 руб./ваг. (профицит).
             Промывка дороже штрафа — MIP оставил вагоны в остатке (Wash не имеет штрафа за незаполнение).
  [s_idx  613] Мурманские Ворота | тип=БК | ЕТСНГ=542239 | period=10 | mass_unload=false | осталось 1 из 1 ваг.
    ПРИЧИНА: доступны только Wash-дуги (36 шт., мин. стоимость 71342 руб./ваг.) при штрафе за остаток узла 5000 руб./ваг. (профицит).
             Промывка дороже штрафа — MIP оставил вагоны в остатке (Wash не имеет штрафа за незаполнение).
  [s_idx  619] Гори | тип=Т | ЕТСНГ=018112 | period=10 | mass_unload=false | осталось 2 из 2 ваг.
    ПРИЧИНА: все Load-спросы уже закрыты (Load-дуг 152, Wash-дуг 0; везде rem_demand=0).
  [s_idx  621] Невдубстрой | тип=БКТ | ЕТСНГ=542239 | period=10 | mass_unload=true | осталось 2 из 2 ваг.
    ПРИЧИНА: доступны только Wash-дуги (36 шт., мин. стоимость 67759 руб./ваг.) при штрафе за остаток узла 5000 руб./ваг. (профицит).
             Промывка дороже штрафа — MIP оставил вагоны в остатке (Wash не имеет штрафа за незаполнение).
  [s_idx  624] Данилов | тип=БКТ | ЕТСНГ=542239 | period=10 | mass_unload=false | осталось 1 из 1 ваг.
    ПРИЧИНА: доступны только Wash-дуги (36 шт., мин. стоимость 94247 руб./ваг.) при штрафе за остаток узла 5000 руб./ваг. (профицит).
             Промывка дороже штрафа — MIP оставил вагоны в остатке (Wash не имеет штрафа за незаполнение).
  [s_idx  625] Кара-Балта | тип=БК | ЕТСНГ=011005 | period=10 | mass_unload=false | осталось 1 из 1 ваг.
    ПРИЧИНА: все Load-спросы уже закрыты (Load-дуг 165, Wash-дуг 0; везде rem_demand=0).
  [s_idx  627] Можга | тип=БК | ЕТСНГ=542224 | period=10 | mass_unload=false | осталось 1 из 1 ваг.
    ПРИЧИНА: доступны только Wash-дуги (36 шт., мин. стоимость 114638 руб./ваг.) при штрафе за остаток узла 5000 руб./ваг. (профицит).
             Промывка дороже штрафа — MIP оставил вагоны в остатке (Wash не имеет штрафа за незаполнение).
  [s_idx  632] Новая Заимка | тип=БКТ | ЕТСНГ=542239 | period=10 | mass_unload=false | осталось 1 из 1 ваг.
    ПРИЧИНА: доступны только Wash-дуги (36 шт., мин. стоимость 120433 руб./ваг.) при штрафе за остаток узла 5000 руб./ваг. (профицит).
             Промывка дороже штрафа — MIP оставил вагоны в остатке (Wash не имеет штрафа за незаполнение).
  [s_idx  633] Шадринск | тип=БКТ | ЕТСНГ=542239 | period=10 | mass_unload=false | осталось 1 из 1 ваг.
    ПРИЧИНА: доступны только Wash-дуги (36 шт., мин. стоимость 92610 руб./ваг.) при штрафе за остаток узла 5000 руб./ваг. (профицит).
             Промывка дороже штрафа — MIP оставил вагоны в остатке (Wash не имеет штрафа за незаполнение).
  [s_idx  634] Порт Оля (Экспорт) | тип=БК | ЕТСНГ=542239 | period=10 | mass_unload=false | осталось 1 из 1 ваг.
    ПРИЧИНА: доступны только Wash-дуги (36 шт., мин. стоимость 94679 руб./ваг.) при штрафе за остаток узла 5000 руб./ваг. (профицит).
             Промывка дороже штрафа — MIP оставил вагоны в остатке (Wash не имеет штрафа за незаполнение).
  [s_idx  638] Абакан | тип=Т | ЕТСНГ=421208 | period=10 | mass_unload=false | осталось 1 из 1 ваг.
    ПРИЧИНА: все Load-спросы уже закрыты (Load-дуг 152, Wash-дуг 0; везде rem_demand=0).
  [s_idx  639] Шопоков | тип=БК | ЕТСНГ=011005 | period=10 | mass_unload=false | осталось 2 из 2 ваг.
    ПРИЧИНА: все Load-спросы уже закрыты (Load-дуг 163, Wash-дуг 0; везде rem_demand=0).
  [s_idx  642] Стрижи | тип=БКТ | ЕТСНГ=542239 | period=10 | mass_unload=false | осталось 1 из 1 ваг.
    ПРИЧИНА: доступны только Wash-дуги (36 шт., мин. стоимость 136983 руб./ваг.) при штрафе за остаток узла 5000 руб./ваг. (профицит).
             Промывка дороже штрафа — MIP оставил вагоны в остатке (Wash не имеет штрафа за незаполнение).
  [s_idx  643] Манкент | тип=БК | ЕТСНГ=011005 | period=10 | mass_unload=false | осталось 1 из 1 ваг.
    ПРИЧИНА: все Load-спросы уже закрыты (Load-дуг 165, Wash-дуг 0; везде rem_demand=0).
  [s_idx  645] Поярково | тип=БК | ЕТСНГ=014003 | period=10 | mass_unload=false | осталось 1 из 1 ваг.
    ПРИЧИНА: все Load-спросы уже закрыты (Load-дуг 10, Wash-дуг 0; везде rem_demand=0).
  [s_idx  646] Латышская | тип=БК | ЕТСНГ=542224 | period=10 | mass_unload=false | осталось 2 из 2 ваг.
    ПРИЧИНА: доступны только Wash-дуги (36 шт., мин. стоимость 93172 руб./ваг.) при штрафе за остаток узла 5000 руб./ваг. (профицит).
             Промывка дороже штрафа — MIP оставил вагоны в остатке (Wash не имеет штрафа за незаполнение).
  [s_idx  647] Красноселка | тип=Т | ЕТСНГ=542224 | period=10 | mass_unload=false | осталось 1 из 1 ваг.
    ПРИЧИНА: доступны только Wash-дуги (36 шт., мин. стоимость 70344 руб./ваг.) при штрафе за остаток узла 5000 руб./ваг. (профицит).
             Промывка дороже штрафа — MIP оставил вагоны в остатке (Wash не имеет штрафа за незаполнение).
  [s_idx  648] Гродеково (Экспорт на КЖД [Китай]) | тип=Т | ЕТСНГ=015006 | period=10 | mass_unload=false | осталось 1 из 1 ваг.
    ПРИЧИНА: все Load-спросы уже закрыты (Load-дуг 1, Wash-дуг 0; везде rem_demand=0).
  [s_idx  650] Алатырь | тип=БКТ | ЕТСНГ=542224 | period=10 | mass_unload=false | осталось 1 из 1 ваг.
    ПРИЧИНА: доступны только Wash-дуги (7 шт., мин. стоимость 97698 руб./ваг.) при штрафе за остаток узла 5000 руб./ваг. (профицит).
             Промывка дороже штрафа — MIP оставил вагоны в остатке (Wash не имеет штрафа за незаполнение).
  [s_idx  654] Худжанд | тип=БКТ | ЕТСНГ=542050 | period=10 | mass_unload=false | осталось 2 из 2 ваг.
    ПРИЧИНА: все Load-спросы уже закрыты (Load-дуг 172, Wash-дуг 0; везде rem_demand=0).
  [s_idx  658] Поярково | тип=БКТ | ЕТСНГ=014003 | period=10 | mass_unload=false | осталось 1 из 1 ваг.
    ПРИЧИНА: все Load-спросы уже закрыты (Load-дуг 10, Wash-дуг 0; везде rem_demand=0).
  [s_idx  659] Саранск | тип=БК | ЕТСНГ=542224 | period=10 | mass_unload=false | осталось 1 из 1 ваг.
    ПРИЧИНА: доступны только Wash-дуги (36 шт., мин. стоимость 92610 руб./ваг.) при штрафе за остаток узла 5000 руб./ваг. (профицит).
             Промывка дороже штрафа — MIP оставил вагоны в остатке (Wash не имеет штрафа за незаполнение).
  [s_idx  662] Мариановка | тип=БКТ | ЕТСНГ=— | period=10 | mass_unload=false | осталось 1 из 1 ваг.
    ПРИЧИНА: доступны только Wash-дуги (36 шт., мин. стоимость 92610 руб./ваг.) при штрафе за остаток узла 5000 руб./ваг. (профицит).
             Промывка дороже штрафа — MIP оставил вагоны в остатке (Wash не имеет штрафа за незаполнение).
  [s_idx  663] Новая Заимка | тип=БК | ЕТСНГ=542239 | period=10 | mass_unload=false | осталось 1 из 1 ваг.
    ПРИЧИНА: доступны только Wash-дуги (36 шт., мин. стоимость 120433 руб./ваг.) при штрафе за остаток узла 5000 руб./ваг. (профицит).
             Промывка дороже штрафа — MIP оставил вагоны в остатке (Wash не имеет штрафа за незаполнение).
  [s_idx  665] Сумгаит | тип=БКТ | ЕТСНГ=542239 | period=10 | mass_unload=false | осталось 1 из 1 ваг.
    ПРИЧИНА: все Load-спросы уже закрыты (Load-дуг 159, Wash-дуг 0; везде rem_demand=0).
  [s_idx  666] Кант | тип=Т | ЕТСНГ=011005 | period=10 | mass_unload=false | осталось 1 из 1 ваг.
    ПРИЧИНА: все Load-спросы уже закрыты (Load-дуг 165, Wash-дуг 0; везде rem_demand=0).
  [s_idx  669] Стрижи | тип=Т | ЕТСНГ=542224 | period=10 | mass_unload=false | осталось 1 из 1 ваг.
    ПРИЧИНА: доступны только Wash-дуги (36 шт., мин. стоимость 136983 руб./ваг.) при штрафе за остаток узла 5000 руб./ваг. (профицит).
             Промывка дороже штрафа — MIP оставил вагоны в остатке (Wash не имеет штрафа за незаполнение).
  [s_idx  671] Гродеково (Экспорт на КЖД [Китай]) | тип=БК | ЕТСНГ=011005 | period=10 | mass_unload=false | осталось 1 из 1 ваг.
    ПРИЧИНА: все Load-спросы уже закрыты (Load-дуг 1, Wash-дуг 0; везде rem_demand=0).
  [s_idx  673] Алексеевка | тип=БК | ЕТСНГ=542239 | period=10 | mass_unload=false | осталось 1 из 1 ваг.
    ПРИЧИНА: доступны только Wash-дуги (36 шт., мин. стоимость 91154 руб./ваг.) при штрафе за остаток узла 5000 руб./ваг. (профицит).
             Промывка дороже штрафа — MIP оставил вагоны в остатке (Wash не имеет штрафа за незаполнение).

  СВОДКА ПО ПРИЧИНАМ:
    нет допустимых дуг                  узлов:   4, вагонов:    9
    доступны только Wash-дуги           узлов:  70, вагонов:  172
    все Load-адресаты закрыты           узлов: 168, вагонов: 2644
---------------------------------
MIP нашёл глобальный оптимум (gap=0.0081%) — фаза ALNS пропущена.
--- ДИАГНОСТИКА UNMET DEMAND (129 ваг. в 7 узлах) ---
  [d_idx   11] Ольха (ЮВС) | тип=Прочие | ЕТСНГ=542072 | период=1 | отправка=Повагонная | не закрыто 41 из 41 ваг.
    ПРИЧИНА: нет ни одной допустимой дуги — закрыть невозможно текущими данными. Отбраковка пар со всеми 674 узлами предложения:
             нет тарифа 6, несовм. тип 0, грязный ЕТСНГ 83, дальше потолка расстояния 44, бизнес-правила дорог (инотерритория/дефицит) 100, станция закрыта очередью (правило 4) 441, конвенция РЖД 0, нарушение срока 0.
             на станции 39 ваг. при мощности 7 ваг./сут. (5.6 суток работы) — подсыл закрыт во все периоды.
  [d_idx   43] Руденск (БЕЛ) | тип=Прочие | ЕТСНГ=014003 | период=1 | отправка=Повагонная | не закрыто 22 из 22 ваг.
    ПРИЧИНА: нет ни одной допустимой дуги — закрыть невозможно текущими данными. Отбраковка пар со всеми 674 узлами предложения:
             нет тарифа 27, несовм. тип 0, грязный ЕТСНГ 84, дальше потолка расстояния 44, бизнес-правила дорог (инотерритория/дефицит) 437, станция закрыта очередью (правило 4) 82, конвенция РЖД 0, нарушение срока 0.
             на станции 89 ваг. при мощности 10 ваг./сут. (8.9 суток работы) — подсыл закрыт во все периоды.
  [d_idx   44] Руденск (БЕЛ) | тип=Прочие | ЕТСНГ=014003 | период=1 | отправка=Повагонная | не закрыто 20 из 20 ваг.
    ПРИЧИНА: нет ни одной допустимой дуги — закрыть невозможно текущими данными. Отбраковка пар со всеми 674 узлами предложения:
             нет тарифа 27, несовм. тип 0, грязный ЕТСНГ 85, дальше потолка расстояния 44, бизнес-правила дорог (инотерритория/дефицит) 436, станция закрыта очередью (правило 4) 82, конвенция РЖД 0, нарушение срока 0.
             на станции 89 ваг. при мощности 10 ваг./сут. (8.9 суток работы) — подсыл закрыт во все периоды.
  [d_idx  103] Руденск (БЕЛ) | тип=Прочие | ЕТСНГ=014003 | период=2 | отправка=Повагонная | не закрыто 10 из 10 ваг.
    ПРИЧИНА: нет ни одной допустимой дуги — закрыть невозможно текущими данными. Отбраковка пар со всеми 674 узлами предложения:
             нет тарифа 27, несовм. тип 0, грязный ЕТСНГ 84, дальше потолка расстояния 44, бизнес-правила дорог (инотерритория/дефицит) 437, станция закрыта очередью (правило 4) 82, конвенция РЖД 0, нарушение срока 0.
             на станции 89 ваг. при мощности 10 ваг./сут. (8.9 суток работы) — подсыл закрыт во все периоды.
  [d_idx  104] Руденск (БЕЛ) | тип=Прочие | ЕТСНГ=014003 | период=2 | отправка=Повагонная | не закрыто 15 из 15 ваг.
    ПРИЧИНА: нет ни одной допустимой дуги — закрыть невозможно текущими данными. Отбраковка пар со всеми 674 узлами предложения:
             нет тарифа 27, несовм. тип 0, грязный ЕТСНГ 82, дальше потолка расстояния 44, бизнес-правила дорог (инотерритория/дефицит) 439, станция закрыта очередью (правило 4) 82, конвенция РЖД 0, нарушение срока 0.
             на станции 89 ваг. при мощности 10 ваг./сут. (8.9 суток работы) — подсыл закрыт во все периоды.
  [d_idx  150] Выселки (СКВ) | тип=Прочие | ЕТСНГ=542296 | период=3 | отправка=Повагонная | не закрыто 1 из 1 ваг.
    ПРИЧИНА: нет ни одной допустимой дуги — закрыть невозможно текущими данными. Отбраковка пар со всеми 674 узлами предложения:
             нет тарифа 47, несовм. тип 0, грязный ЕТСНГ 84, дальше потолка расстояния 44, бизнес-правила дорог (инотерритория/дефицит) 125, станция закрыта очередью (правило 4) 374, конвенция РЖД 0, нарушение срока 0.
             на станции 46 ваг. при мощности 6 ваг./сут. (7.7 суток работы) — подсыл закрыт во все периоды.
  [d_idx  180] Руденск (БЕЛ) | тип=Прочие | ЕТСНГ=014003 | период=4 | отправка=Повагонная | не закрыто 20 из 20 ваг.
    ПРИЧИНА: нет ни одной допустимой дуги — закрыть невозможно текущими данными. Отбраковка пар со всеми 674 узлами предложения:
             нет тарифа 27, несовм. тип 0, грязный ЕТСНГ 85, дальше потолка расстояния 44, бизнес-правила дорог (инотерритория/дефицит) 436, станция закрыта очередью (правило 4) 82, конвенция РЖД 0, нарушение срока 0.
             на станции 89 ваг. при мощности 10 ваг./сут. (8.9 суток работы) — подсыл закрыт во все периоды.

  СВОДКА ПО ПРИЧИНАМ:
    нет допустимых дуг (структурно)        узлов:   7, вагонов:  129

  ЗАКРЫВАЕМОСТЬ (по реальному связывающему ограничению):
    структурно недостижимо (нет дуг):           129 ваг.  — нужны новые тарифы / смягчение жёстких фильтров
    упёрто в квоту ДМЗИ (инфраструктура):          0 ваг.  — поможет только повышение квоты на дороге
    держит MIN_BATCH (квота ДМЗИ ещё есть):        0 ваг.  — поможет смягчение партии (middle 0 / масс. 0 / маршр. 0)
    прочее (конкуренция / экономика штрафа):       0 ваг.
--------------------------------
--- УТИЛИЗАЦИЯ КВОТ ДМЗИ ---
  ВСБ  период  1:    0 из    5 ваг.
  ВСБ  период 10:    0 из    7 ваг.
  ГОР  период  1:   17 из  400 ваг.
  ГОР  период 10:   16 из  560 ваг.
  ЗАБ  период  1:    0 из   24 ваг.
  ЗАБ  период 10:    0 из   34 ваг.
  ЗСБ  период  1:   36 из  835 ваг.
  ЗСБ  период 10:   19 из 1169 ваг.
  КБШ  период  1:  283 из 1014 ваг.
  КБШ  период 10:  208 из 1422 ваг.
  КРС  период  1:    0 из   10 ваг.
  КРС  период 10:    0 из   14 ваг.
  МСК  период  1:   38 из  749 ваг.
  МСК  период 10:  170 из 1049 ваг.
  ОКТ  период  1:    0 из  324 ваг.
  ОКТ  период 10:    0 из  454 ваг.
  ПРВ  период  1:  115 из 1056 ваг.
  ПРВ  период 10:  181 из 1486 ваг.
  СВР  период  1:    0 из  570 ваг.
  СВР  период 10:    0 из  804 ваг.
  СЕВ  период  1:    0 из   74 ваг.
  СЕВ  период 10:    0 из  104 ваг.
  СКВ  период  1:  106 из  335 ваг.
  СКВ  период 10:   56 из  469 ваг.
  ЮВС  период  1:   99 из 1481 ваг.
  ЮВС  период 10:  335 из 2103 ваг.
  ЮУР  период  1:   61 из  749 ваг.
  ЮУР  период 10:   28 из 1049 ваг.
----------------------------
Тарифов до отстоя:           4564 (станций излишка 93, станций отстоя 55)
  отстой: 8495 пар станция→резерв дальше потолка дальности
В отстой: 2708 из 2825 ваг. излишка → 55 станций отстоя, тариф 161824043 руб.; не размещено 117 ваг. (нет тарифа / ёмкость исчерпана / дальше потолка дальности)
Тарифов до путей погрузки:   1198 (станций излишка 15, станций погрузки 105)
  пути погрузки: 3541 пар станция→пути дальше потолка дальности
На пути погрузки: 116 из 117 ваг. остатка → 7 станций (≥5 ваг./станция), тариф 3867812 руб.; не размещено 1 ваг. (нет тарифа / ёмкость / min-batch / дальше потолка дальности)
Баланс отчёта оптимизации:   OK (4761 ваг. в записях = 4761 ваг. предложения)
Записей в отчёте (Excel):    1187 (914 оптим. + 179 по факту + 94 в ремонт) / 5397 вагонов
  → в POST АПИ (период 1):   536 записей / 1417 вагонов
  → исключено (предл. 10, дислокация): 651 записей / 3980 вагонов
Чекпоинт сохранён:           tmp/checkpoint_2026-09-21_11-11-07.xlsx

======= РЕЗУЛЬТАТЫ ОПТИМИЗАЦИИ =======
Статус решателя:      MIP Optimal (gap=0.008%)
Назначено вагонов:    1936
Избыток предложения:  2825 ваг. (dummy-спрос)
  остаток по периодам предложения: p1=179 p10=2646 прочие=0
  из них в отстой (этап 2): 2708 ваг.
  из них на пути погрузки (этап 3): 116 ваг.
Неудовл. спрос:       129 ваг. (dummy-предложение)
Суммарная стоимость:  109992093 руб.
======================================

Результат сохранён:          tmp/result_20260921_111107.json
[SUCCESS] railoptim завершил работу успешно.
[Пн 21 сен 2026 12:30:00 MSK] Запуск: /home/atretyakov/railoptim/app/bin/railoptim (env=prod, MIP_WARM_START=on, INCLUDE_PERIOD10=off)
stations_geo: 19494 записей, data/stations/stations_geo.sqlite (baltic=671, china_mongolia=339, cis=6263, ru=11848, south_caucasus=373)
Получено узлов спроса (погрузка): 254 или 3489 вагонов
Бизнес-правила (business_rules.json): потолок подсыла 6000 км; потолок отстоя/путей 3000 км, ДВС/ЗАБ 4100 км; инотерриторий 21 (исключений 3); дефицитных дорог 6 (вывоз ≤ 300 км, надбавка 30000 руб.); проверка ГУ-12 вкл.; загруженность станций (правило 4) закрытие при Q ≥ 5×C, очередь ≤ 1×C без ожидания, штраф ожидания 5000 руб./сут.; конвенции РЖД (правило 5) вкл.; грязный под свой груз (правило 6): промывочный маршрут +10000+40000 руб., потолок ≤ 1.00 × промывочного маршрута, поощрение 0.50 × (тариф до промывки + промывка); ремонт (правило 7): 15 сут. / инотерритория 45 сут.; иномойка (правило 8): 21 дорог образования, капризных 1 (надбавка 30000 руб. при предложении > 1.20 × спроса); поправка периода 1 по расстоянию: выкл. (режим --day1: без периода 10 не применяется)
Конвенции (правило 5, conv-redis): 127.0.0.1:6379/0 HASH `telegrams_db` — 67 записей в Redis, в сервис взято 8 действующих → data/conventions_from_redis.json
  в HASH не взяты (истёкшие/вне горизонта/без дат, в память не кладём): истекло 53, ещё не началось 0, без дат 0; битый JSON 0
  отброшено из действующих по дате: класс Others/ошибка 6, только КЗХ 0, нечем матчить 0
  действующих: 8 (Empty 2, All 5, Grain 1; из них промывка/ремонт/отстой 0)
    · №19412 All | назн.ЕСР 207603,207406,207302,206507,206704 | все получатели | 2026-09-01…2026-12-31 | все грузы
    · №19692 All | назн.ЕСР 434231,434301,434405,436203 | все получатели | 2026-09-01…2026-09-30 | все грузы
    · №20514 Grain | назн.ЕСР 521001,520901 | по ОКПО/имени | 2026-09-13…2026-10-12 | пшеница
    · №27638 Empty | назн.дороги УЗБ | все получатели | 2025-11-11…3000-01-01 | Порожние вагоны
    · №4810 All | назн.ЕСР 436701 | все получатели | 2026-03-05…3000-01-01 | все грузы
    · №4811 Empty | назн.ЕСР 434208,434104 | все получатели | 2026-03-05…3000-01-01 | Порожние вагоны
    · №7659 All | назн.ЕСР 436701 | все получатели | 2026-04-06…2026-09-30 | все грузы
    · №7660 All | назн.ЕСР 434208,434104 | все получатели | 2026-04-06…2026-09-30 | все грузы
  индекс: 8 правил; ЕСР погрузки 12, ЕСР назн.груза 14, dest-дороги 1, dep-дороги 0, dep-ЕСР 0, пары dep→dest 0; все получатели 7, с ОКПО/именем 1; без ключей 0
  ЕСР погрузки (Empty/All): 206507, 206704, 207302, 207406, 207603, 434104, 434208, 434231, 434301, 434405, 436203, 436701
  ЕСР назн.груза (Grain/All): 206507, 206704, 207302, 207406, 207603, 434104, 434208, 434231, 434301, 434405, 436203, 436701, 520901, 521001
  dest-дороги: УЗБ
Дороги-инотерритории для ГУ-12 (ForeignRailways): 21
GU12_STATS={"periods": ["0:4", "5:7", "8:9", "10:14"], "rows": 782, "stations": 263, "rows_without_okpo": 61, "cars_by_period": [8720, 4205, 3053, 1115]}
Спрос с учётом ГУ-12 (правило 3): 182 узлов или 2071 вагонов (было 254 / 3489)
  заявок ГУ-12 согласованных: 782 строк / 263 станций (на станциях без спроса: 409)
  по периодам 1..4, ваг.: было [1533, 901, 823, 232] → стало [1123, 530, 367, 51]
  сопоставлено узлов: по ОКПО 203, по имени грузоотправителя 0, пропорционально по станции 11
  урезано до ГУ-12: 44 узлов / −611 ваг.; без заявки ГУ-12 (исключены): 72 узлов / 807 ваг.; инотерритория (без проверки): 20 узлов / 255 ваг.
Получено узлов предложения 1 сут.:  445 или 1417 вагонов
Дислокация 2-10 сут. (период 10): пропущена (INCLUDE_PERIOD10=off) — оптимизация только по вагонам 1-х суток
Получено узлов предложения всего:  445 или 1417 вагонов
  свободных для назначения:  260 или 962 вагонов
  требуют ремонта (В ремонт):28 или 68 вагонов
  по факту (Assigned):       157 или 387 вагонов
Дороги иномойки (правило 8, ForeignWashedRoads): 21
Коды «уже промыт/ремонт» (WashedEmptyEtsngCodes): 2
Ban-list чужих владельцев отстоя (reserve_owners.json): 4 пар (станция+ОКПО)
Узлов спроса (промывка):     36 или мощность в период 5 суток 2795 вагонов
  предложений с ЕТСНГ из списка промывки: 10 вагонов (освобождены по правилу 8 / иномойка: 85; из них есть узел погрузки с тем же ЕТСНГ на любой станции — альтернатива промывке по спросу: 29 вагонов)
Получено тарифов:            22095
Загружено ремонтных станций: 102
Тарифов до ремонтных ст.:    1722
Тарифов до промывки (с надбавкой 10000+40000=50000 руб.): 204
Ограничения ДМЗИ:            14 дорог (98 записей Ostatok)
  ВСБ  период 1 ≤    5, период 10 ≤    7 ваг.
  ГОР  период 1 ≤  400, период 10 ≤  560 ваг.
  ЗАБ  период 1 ≤   24, период 10 ≤   34 ваг.
  ЗСБ  период 1 ≤  835, период 10 ≤ 1169 ваг.
  КБШ  период 1 ≤ 1014, период 10 ≤ 1422 ваг.
  КРС  период 1 ≤   10, период 10 ≤   14 ваг.
  МСК  период 1 ≤  749, период 10 ≤ 1049 ваг.
  ОКТ  период 1 ≤  324, период 10 ≤  454 ваг.
  ПРВ  период 1 ≤ 1056, период 10 ≤ 1486 ваг.
  СВР  период 1 ≤  570, период 10 ≤  804 ваг.
  СЕВ  период 1 ≤   74, период 10 ≤  104 ваг.
  СКВ  период 1 ≤  335, период 10 ≤  469 ваг.
  ЮВС  период 1 ≤ 1481, период 10 ≤ 2103 ваг.
  ЮУР  период 1 ≤  749, период 10 ≤ 1049 ваг.
БД отстоя обновлена:         получено 19 / записано 19 / без etran_id 0
Узлы отстоя (резервы):       80 узлов / ёмкость 2708 ваг. (записей в БД 224, дублей 0, отфильтровано 144, чужих по ban-list 468)
FREE_LOADROADS_STATS={"date_from": "2026-03-21", "date_to": "2026-09-21", "load_station_codes": 495, "cars_on_station_rows": 1910, "cars_total": 78091}
Свободные ёмкости путей:     105 крупных станций -> data/load_stations_free_capacity.json
Загруженность станций (правило 4): мощность известна у 710 станций справочника; станций спроса 98, проверено 85, без мощности 13
  закрыто станций: 3 (7 узлов / 129 ваг. спроса); с очередью (ожидание подсыла): 15; станций с несколькими грузоотправителями: 6; грузоотправителей с разным CarsOnStation по узлам: 18
    · закрыта Руденск (БЕЛ): на станции 89 ваг., мощность 10 ваг./сут. (8.9 сут. работы)
    · закрыта Выселки (СКВ): на станции 46 ваг., мощность 6 ваг./сут. (7.7 сут. работы)
    · закрыта Ольха (ЮВС): на станции 39 ваг., мощность 7 ваг./сут. (5.6 сут. работы)
    · очередь Саханская (МСК): на станции 14 ваг., мощность 3 ваг./сут. — подсыл не раньше 4-х суток
    · очередь Кореновск (СКВ): на станции 57 ваг., мощность 17 ваг./сут. — подсыл не раньше 3-х суток
    · очередь Заречная (СКВ): на станции 66 ваг., мощность 60 ваг./сут. — подсыл не раньше 1-х суток
    · очередь Алексиково (ПРВ): на станции 46 ваг., мощность 42 ваг./сут. — подсыл не раньше 1-х суток
    · очередь Чуфарово (КБШ): на станции 32 ваг., мощность 28 ваг./сут. — подсыл не раньше 1-х суток
    · очередь Кущевка (СКВ): на станции 30 ваг., мощность 22 ваг./сут. — подсыл не раньше 1-х суток
    · очередь Карламан (КБШ): на станции 21 ваг., мощность 12 ваг./сут. — подсыл не раньше 1-х суток
    · очередь Орск (ЮУР): на станции 21 ваг., мощность 16 ваг./сут. — подсыл не раньше 1-х суток
    · очередь Нурлат (КБШ): на станции 20 ваг., мощность 15 ваг./сут. — подсыл не раньше 1-х суток
    · очередь Кротовка (КБШ): на станции 17 ваг., мощность 10 ваг./сут. — подсыл не раньше 1-х суток
    · ...ещё 5 станций с очередью
Всего пар supply×demand:     56680
  без тарифа:                        9973 (17.6%)
  нарушение срока (жёстко):          0 (0.0%)
  несовм. тип вагона:                1250 (2.2%)
  грязный вагон → чужой ЕТСНГ (правило 6): 1695 (3.0%)
  грязный: погрузка дороже промывочного маршрута → в промывку (правило 6): 14 (0.0%)
  погрузка дальше потолка расстояния (6000 км): 3079 (5.4%)
  инотерритория (правило 1):           2784 (4.9%)
  вывоз с дефицитной дороги (правило 2): 5084 (9.0%)
  станция закрыта очередью (правило 4): 504 (0.9%)
  конвенция РЖД (правило 5):           0 (0.0%)
  допустимых дуг с надбавкой по правилам: 353 (0.6%)
  допустимых дуг с ожиданием в очереди станции (правило 4): 6 (0.0%)
  допустимых дуг «грязный → свой груз» с поощрением (правило 6): 28 (0.0%), в среднем 14285 руб./дугу
  допустимых дуг со штрафом за срок:   20331 (35.9%)
  допустимых дуг всего в LP:      32297 (57.0%)
Ограничения партии (MIN_BATCH): массовая выгрузка — 0 дуг / 0 пар; средние станции — 13710 дуг / 1673 пар (станций образования: 33, погрузки: 58)
  маршрутные отправки (B=10): 388 дуг / 57 пар (станций образования: 30, маршрутных станций погрузки: 2)
--- АНАЛИЗ РЕСУРСОВ ---
Предложение: 962 ваг.
Спрос (погрузка): 2071 ваг.
Ёмкость промывки (верх): 2795 ваг.
Статус: ДЕФИЦИТ  (1109 ваг. — штрафные дуги)
-----------------------
Штраф за остаток грязных вагонов (дефицит): 150000 руб./ваг. вместо 5000 — узлов 10, вагонов 29 (промывка выгоднее отстоя)
--- ЖАДНОЕ РЕШЕНИЕ ---
Назначений:            367 шт.
Назначено вагонов:     924 / 2071 спрос (погрузка), 962 предложение
Суммарная стоимость:   44342007.47 руб.
Неудовлетворён спрос:  1166 ваг.
Избыток предложения:   38 ваг.
Покрытие спроса (погр.): 44.6%
----------------------
MIP warm-start: ON (greedy) (управляется env MIP_WARM_START={on|off}, по умолч. on)
--- MIP РЕШЕНИЕ ---
Статус:                MIP Optimal (gap=0.000%)
Назначено вагонов:     938 / 2071 спрос (погрузка), 962 предложение
Суммарная стоимость:   37023416.85 руб.
Неудовлетворён спрос:  1146 ваг.
Избыток предложения:   24 ваг.
Покрытие спроса (погр.): 45.3%
-------------------
MIP время: 3.80 сек (warm-start: ON)
MIP диагностика: status=Optimal, gap=0.0000%, undist=1170 (unmet=1146, excess=24), real_cost=37023416.85
MIP vs greedy:   greedy undist=1204 (unmet=1166, excess=38), real_cost=44342007.47  →  Δundist=-34, Δcost=-7318590.62
  ВНИМАНИЕ: MIP не закрыл 1146 ваг. спроса на погрузку (unmet > 0). Возможные причины:
           (а) PENALTY_UNMET ниже стоимости единственно допустимых плеч,
           (б) HiGHS остановился по rel_gap до закрытия всего спроса.
--- ДИАГНОСТИКА EXCESS SUPPLY (24 ваг. в 6 узлах) ---
  [s_idx  152] Блюхер (Экспорт) | тип=БКТ | ЕТСНГ=011005 | period=1 | mass_unload=false | осталось 5 из 5 ваг.
    ПРИЧИНА: нет ни одной допустимой дуги (нет тарифа, несовм. тип вагона или грязный груз).
  [s_idx  153] Гродеково (Экспорт на КЖД [Китай]) | тип=Т | ЕТСНГ=015006 | period=1 | mass_unload=false | осталось 6 из 6 ваг.
    ПРИЧИНА: все Load-спросы уже закрыты (Load-дуг 1, Wash-дуг 0; везде rem_demand=0).
  [s_idx  154] Гродеково (Экспорт на КЖД [Китай]) | тип=БК | ЕТСНГ=015006 | period=1 | mass_unload=false | осталось 7 из 7 ваг.
    ПРИЧИНА: все Load-спросы уже закрыты (Load-дуг 1, Wash-дуг 0; везде rem_demand=0).
  [s_idx  155] Гродеково (Экспорт на КЖД [Китай]) | тип=БКТ | ЕТСНГ=015006 | period=1 | mass_unload=false | осталось 3 из 4 ваг.
    ПРИЧИНА: все Load-спросы уже закрыты (Load-дуг 1, Wash-дуг 0; везде rem_demand=0).
  [s_idx  157] Блюхер (Экспорт) | тип=БК | ЕТСНГ=011005 | period=1 | mass_unload=false | осталось 1 из 1 ваг.
    ПРИЧИНА: нет ни одной допустимой дуги (нет тарифа, несовм. тип вагона или грязный груз).
  [s_idx  227] Коноково | тип=БК | ЕТСНГ=421195 | period=1 | mass_unload=false | осталось 2 из 2 ваг.
    ПРИЧИНА: нет ни одной допустимой дуги (нет тарифа, несовм. тип вагона или грязный груз).

  СВОДКА ПО ПРИЧИНАМ:
    нет допустимых дуг                  узлов:   3, вагонов:    8
    все Load-адресаты закрыты           узлов:   3, вагонов:   16
---------------------------------
MIP нашёл глобальный оптимум (gap=0.0000%) — фаза ALNS пропущена.
--- ДИАГНОСТИКА UNMET DEMAND (1146 ваг. в 77 узлах) ---
  [d_idx    1] Пачелма (КБШ) | тип=Прочие | ЕТСНГ=011005 | период=1 | отправка=Повагонная | не закрыто 15 из 19 ваг.
    ПРИЧИНА: дуги есть (195 шт.), но все совместимые узлы предложения исчерпаны — вагоны ушли на другие заявки (конкуренция за предложение).
  [d_idx    3] Товарково (МСК) | тип=Прочие | ЕТСНГ=018112 | период=1 | отправка=Повагонная | не закрыто 1 из 2 ваг.
    ПРИЧИНА: дуги есть (206 шт.), но все совместимые узлы предложения исчерпаны — вагоны ушли на другие заявки (конкуренция за предложение).
  [d_idx    6] Гмелинская (ПРВ) | тип=Прочие | ЕТСНГ=011005 | период=1 | отправка=Повагонная | не закрыто 10 из 10 ваг.
    ПРИЧИНА: дуги есть (187 шт.), но все совместимые узлы предложения исчерпаны — вагоны ушли на другие заявки (конкуренция за предложение).
  [d_idx    8] Балаково (ПРВ) | тип=Прочие | ЕТСНГ=542239 | период=1 | отправка=Повагонная | не закрыто 20 из 20 ваг.
    ПРИЧИНА: дуги есть (191 шт.), но все совместимые узлы предложения исчерпаны — вагоны ушли на другие заявки (конкуренция за предложение).
  [d_idx    9] Заречная (СКВ) | тип=Прочие | ЕТСНГ=011005 | период=1 | отправка=Повагонная | не закрыто 1 из 85 ваг.
    ПРИЧИНА: дуги есть (180 шт.), но все совместимые узлы предложения исчерпаны — вагоны ушли на другие заявки (конкуренция за предложение).
  [d_idx   10] Заречная (СКВ) | тип=Прочие | ЕТСНГ=011005 | период=1 | отправка=Повагонная | не закрыто 8 из 8 ваг.
    ПРИЧИНА: дуги есть (180 шт.), но все совместимые узлы предложения исчерпаны — вагоны ушли на другие заявки (конкуренция за предложение).
  [d_idx   11] Ольха (ЮВС) | тип=Прочие | ЕТСНГ=542072 | период=1 | отправка=Повагонная | не закрыто 41 из 41 ваг.
    ПРИЧИНА: нет ни одной допустимой дуги — закрыть невозможно текущими данными. Отбраковка пар со всеми 260 узлами предложения:
             нет тарифа 1, несовм. тип 0, грязный ЕТСНГ 10, дальше потолка расстояния 22, бизнес-правила дорог (инотерритория/дефицит) 38, станция закрыта очередью (правило 4) 189, конвенция РЖД 0, нарушение срока 0.
             на станции 39 ваг. при мощности 7 ваг./сут. (5.6 суток работы) — подсыл закрыт во все периоды.
  [d_idx   12] Верда (КБШ) | тип=Прочие | ЕТСНГ=011005 | период=1 | отправка=Повагонная | не закрыто 13 из 13 ваг.
    ПРИЧИНА: дуги есть (185 шт.), но все совместимые узлы предложения исчерпаны — вагоны ушли на другие заявки (конкуренция за предложение).
  [d_idx   13] Сампур (ЮВС) | тип=Прочие | ЕТСНГ=011005 | период=1 | отправка=Повагонная | не закрыто 10 из 10 ваг.
    ПРИЧИНА: дуги есть (190 шт.), но все совместимые узлы предложения исчерпаны — вагоны ушли на другие заявки (конкуренция за предложение).
  [d_idx   14] Алексиково (ПРВ) | тип=Прочие | ЕТСНГ=011005 | период=1 | отправка=Повагонная | не закрыто 3 из 3 ваг.
    ПРИЧИНА: дуги есть (188 шт.), но все совместимые узлы предложения исчерпаны — вагоны ушли на другие заявки (конкуренция за предложение).
  [d_idx   17] Жердевка (ЮВС) | тип=Прочие | ЕТСНГ=014003 | период=1 | отправка=Повагонная | не закрыто 20 из 20 ваг.
    ПРИЧИНА: дуги есть (188 шт.), но все совместимые узлы предложения исчерпаны — вагоны ушли на другие заявки (конкуренция за предложение).
  [d_idx   18] Кшень (МСК) | тип=Прочие | ЕТСНГ=542072 | период=1 | отправка=Повагонная | не закрыто 13 из 13 ваг.
    ПРИЧИНА: дуги есть (200 шт.), но все совместимые узлы предложения исчерпаны — вагоны ушли на другие заявки (конкуренция за предложение).
  [d_idx   19] Улусарка (ЮВС) | тип=БКТ | ЕТСНГ=011005 | период=1 | отправка=Маршрутная | не закрыто 46 из 46 ваг.
    ПРИЧИНА: дуги есть (54 шт.), но все совместимые узлы предложения исчерпаны — вагоны ушли на другие заявки (конкуренция за предложение).
  [d_idx   20] Елец (ЮВС) | тип=Прочие | ЕТСНГ=011005 | период=1 | отправка=Повагонная | не закрыто 8 из 8 ваг.
    ПРИЧИНА: дуги есть (195 шт.), но все совместимые узлы предложения исчерпаны — вагоны ушли на другие заявки (конкуренция за предложение).
  [d_idx   22] Чернышков (ПРВ) | тип=Прочие | ЕТСНГ=011005 | период=1 | отправка=Повагонная | не закрыто 30 из 30 ваг.
    ПРИЧИНА: дуги есть (189 шт.), но все совместимые узлы предложения исчерпаны — вагоны ушли на другие заявки (конкуренция за предложение).
  [d_idx   23] Сабурово (ЮВС) | тип=Прочие | ЕТСНГ=505028 | период=1 | отправка=Повагонная | не закрыто 8 из 10 ваг.
    ПРИЧИНА: дуги есть (190 шт.), но все совместимые узлы предложения исчерпаны — вагоны ушли на другие заявки (конкуренция за предложение).
  [d_idx   24] Янаул (ГОР) | тип=Прочие | ЕТСНГ=011005 | период=1 | отправка=Повагонная | не закрыто 16 из 16 ваг.
    ПРИЧИНА: дуги есть (197 шт.), но все совместимые узлы предложения исчерпаны — вагоны ушли на другие заявки (конкуренция за предложение).
  [d_idx   27] Вернадовка (КБШ) | тип=Прочие | ЕТСНГ=011005 | период=1 | отправка=Повагонная | не закрыто 15 из 15 ваг.
    ПРИЧИНА: дуги есть (189 шт.), но все совместимые узлы предложения исчерпаны — вагоны ушли на другие заявки (конкуренция за предложение).
  [d_idx   29] Димитровград (КБШ) | тип=Прочие | ЕТСНГ=011005 | период=1 | отправка=Повагонная | не закрыто 11 из 11 ваг.
    ПРИЧИНА: дуги есть (202 шт.), но все совместимые узлы предложения исчерпаны — вагоны ушли на другие заявки (конкуренция за предложение).
  [d_idx   30] Охотничья (КБШ) | тип=Прочие | ЕТСНГ=011005 | период=1 | отправка=Повагонная | не закрыто 13 из 15 ваг.
    ПРИЧИНА: дуги есть (202 шт.), но все совместимые узлы предложения исчерпаны — вагоны ушли на другие заявки (конкуренция за предложение).
  [d_idx   31] Охотничья (КБШ) | тип=Прочие | ЕТСНГ=011005 | период=1 | отправка=Повагонная | не закрыто 6 из 6 ваг.
    ПРИЧИНА: дуги есть (201 шт.), но все совместимые узлы предложения исчерпаны — вагоны ушли на другие заявки (конкуренция за предложение).
  [d_idx   32] Охотничья (КБШ) | тип=Прочие | ЕТСНГ=021100 | период=1 | отправка=Повагонная | не закрыто 3 из 3 ваг.
    ПРИЧИНА: дуги есть (201 шт.), но все совместимые узлы предложения исчерпаны — вагоны ушли на другие заявки (конкуренция за предложение).
  [d_idx   33] Избердей (ЮВС) | тип=Прочие | ЕТСНГ=011005 | период=1 | отправка=Маршрутная | не закрыто 191 из 191 ваг.
    ПРИЧИНА: дуги есть (190 шт.), но все совместимые узлы предложения исчерпаны — вагоны ушли на другие заявки (конкуренция за предложение).
  [d_idx   35] Плавск (МСК) | тип=Прочие | ЕТСНГ=011005 | период=1 | отправка=Повагонная | не закрыто 1 из 18 ваг.
    ПРИЧИНА: дуги есть (205 шт.), но все совместимые узлы предложения исчерпаны — вагоны ушли на другие заявки (конкуренция за предложение).
  [d_idx   37] Башмаково (КБШ) | тип=Прочие | ЕТСНГ=014003 | период=1 | отправка=Повагонная | не закрыто 9 из 9 ваг.
    ПРИЧИНА: дуги есть (190 шт.), но все совместимые узлы предложения исчерпаны — вагоны ушли на другие заявки (конкуренция за предложение).
  [d_idx   38] Верховье (МСК) | тип=Прочие | ЕТСНГ=011005 | период=1 | отправка=Повагонная | не закрыто 18 из 21 ваг.
    ПРИЧИНА: дуги есть (202 шт.), но все совместимые узлы предложения исчерпаны — вагоны ушли на другие заявки (конкуренция за предложение).
  [d_idx   39] Петровск-Саратовский (ПРВ) | тип=Прочие | ЕТСНГ=011005 | период=1 | отправка=Повагонная | не закрыто 11 из 11 ваг.
    ПРИЧИНА: дуги есть (191 шт.), но все совместимые узлы предложения исчерпаны — вагоны ушли на другие заявки (конкуренция за предложение).
  [d_idx   42] Хохольская (ЮВС) | тип=БКТ | ЕТСНГ=011005 | период=1 | отправка=Повагонная | не закрыто 2 из 2 ваг.
    ПРИЧИНА: дуги есть (51 шт.), но все совместимые узлы предложения исчерпаны — вагоны ушли на другие заявки (конкуренция за предложение).
  [d_idx   43] Руденск (БЕЛ) | тип=Прочие | ЕТСНГ=014003 | период=1 | отправка=Повагонная | не закрыто 22 из 22 ваг.
    ПРИЧИНА: нет ни одной допустимой дуги — закрыть невозможно текущими данными. Отбраковка пар со всеми 260 узлами предложения:
             нет тарифа 15, несовм. тип 0, грязный ЕТСНГ 10, дальше потолка расстояния 22, бизнес-правила дорог (инотерритория/дефицит) 183, станция закрыта очередью (правило 4) 30, конвенция РЖД 0, нарушение срока 0.
             на станции 89 ваг. при мощности 10 ваг./сут. (8.9 суток работы) — подсыл закрыт во все периоды.
  [d_idx   44] Руденск (БЕЛ) | тип=Прочие | ЕТСНГ=014003 | период=1 | отправка=Повагонная | не закрыто 20 из 20 ваг.
    ПРИЧИНА: нет ни одной допустимой дуги — закрыть невозможно текущими данными. Отбраковка пар со всеми 260 узлами предложения:
             нет тарифа 15, несовм. тип 0, грязный ЕТСНГ 9, дальше потолка расстояния 22, бизнес-правила дорог (инотерритория/дефицит) 184, станция закрыта очередью (правило 4) 30, конвенция РЖД 0, нарушение срока 0.
             на станции 89 ваг. при мощности 10 ваг./сут. (8.9 суток работы) — подсыл закрыт во все периоды.
  [d_idx   45] Озинки (ПРВ) | тип=Прочие | ЕТСНГ=011005 | период=1 | отправка=Повагонная | не закрыто 3 из 7 ваг.
    ПРИЧИНА: дуги есть (191 шт.), но все совместимые узлы предложения исчерпаны — вагоны ушли на другие заявки (конкуренция за предложение).
  [d_idx   47] Ольховатка (ЮВС) | тип=Прочие | ЕТСНГ=542072 | период=1 | отправка=Повагонная | не закрыто 15 из 15 ваг.
    ПРИЧИНА: дуги есть (187 шт.), но все совместимые узлы предложения исчерпаны — вагоны ушли на другие заявки (конкуренция за предложение).
  [d_idx   48] Добринка (ЮВС) | тип=Прочие | ЕТСНГ=011005 | период=1 | отправка=Повагонная | не закрыто 9 из 9 ваг.
    ПРИЧИНА: дуги есть (188 шт.), но все совместимые узлы предложения исчерпаны — вагоны ушли на другие заявки (конкуренция за предложение).
  [d_idx   49] Чуфарово (КБШ) | тип=Прочие | ЕТСНГ=011005 | период=1 | отправка=Повагонная | не закрыто 7 из 11 ваг.
    ПРИЧИНА: дуги есть (202 шт.), но все совместимые узлы предложения исчерпаны — вагоны ушли на другие заявки (конкуренция за предложение).
  [d_idx   53] Новоперелюбская (ПРВ) | тип=Прочие | ЕТСНГ=011005 | период=1 | отправка=Повагонная | не закрыто 13 из 13 ваг.
    ПРИЧИНА: дуги есть (172 шт.), но все совместимые узлы предложения исчерпаны — вагоны ушли на другие заявки (конкуренция за предложение).
  [d_idx   54] Новоперелюбская (ПРВ) | тип=Прочие | ЕТСНГ=011005 | период=1 | отправка=Повагонная | не закрыто 12 из 12 ваг.
    ПРИЧИНА: дуги есть (172 шт.), но все совместимые узлы предложения исчерпаны — вагоны ушли на другие заявки (конкуренция за предложение).
  [d_idx   56] Эртиль (ЮВС) | тип=Прочие | ЕТСНГ=542072 | период=1 | отправка=Повагонная | не закрыто 1 из 2 ваг.
    ПРИЧИНА: дуги есть (171 шт.), но все совместимые узлы предложения исчерпаны — вагоны ушли на другие заявки (конкуренция за предложение).
  [d_idx   57] Шемордан (ГОР) | тип=Прочие | ЕТСНГ=014003 | период=1 | отправка=Повагонная | не закрыто 5 из 5 ваг.
    ПРИЧИНА: дуги есть (196 шт.), но все совместимые узлы предложения исчерпаны — вагоны ушли на другие заявки (конкуренция за предложение).
  [d_idx   59] Красногвардеец (ЮУР) | тип=Прочие | ЕТСНГ=011005 | период=1 | отправка=Повагонная | не закрыто 5 из 11 ваг.
    ПРИЧИНА: дуги есть (201 шт.), но все совместимые узлы предложения исчерпаны — вагоны ушли на другие заявки (конкуренция за предложение).
  [d_idx   60] Красногвардеец (ЮУР) | тип=Прочие | ЕТСНГ=011005 | период=1 | отправка=Повагонная | не закрыто 10 из 16 ваг.
    ПРИЧИНА: дуги есть (201 шт.), но все совместимые узлы предложения исчерпаны — вагоны ушли на другие заявки (конкуренция за предложение).
  [d_idx   61] Кривецкая (ЮВС) | тип=Прочие | ЕТСНГ=542072 | период=1 | отправка=Повагонная | не закрыто 7 из 7 ваг.
    ПРИЧИНА: дуги есть (191 шт.), но все совместимые узлы предложения исчерпаны — вагоны ушли на другие заявки (конкуренция за предложение).
  [d_idx   62] Земетчино (КБШ) | тип=Прочие | ЕТСНГ=542072 | период=1 | отправка=Повагонная | не закрыто 20 из 20 ваг.
    ПРИЧИНА: дуги есть (199 шт.), но все совместимые узлы предложения исчерпаны — вагоны ушли на другие заявки (конкуренция за предложение).
  [d_idx   64] Тополек (ПРВ) | тип=Прочие | ЕТСНГ=011005 | период=1 | отправка=Повагонная | не закрыто 40 из 40 ваг.
    ПРИЧИНА: дуги есть (200 шт.), но все совместимые узлы предложения исчерпаны — вагоны ушли на другие заявки (конкуренция за предложение).
  [d_idx   66] Обшаровка (КБШ) | тип=БКТ | ЕТСНГ=011005 | период=1 | отправка=Повагонная | не закрыто 4 из 4 ваг.
    ПРИЧИНА: дуги есть (54 шт.), но все совместимые узлы предложения исчерпаны — вагоны ушли на другие заявки (конкуренция за предложение).
  [d_idx   67] Новоспасское (КБШ) | тип=Прочие | ЕТСНГ=011005 | период=1 | отправка=Повагонная | не закрыто 18 из 18 ваг.
    ПРИЧИНА: дуги есть (201 шт.), но все совместимые узлы предложения исчерпаны — вагоны ушли на другие заявки (конкуренция за предложение).
  [d_idx   71] Плес (ПРВ) | тип=Прочие | ЕТСНГ=011005 | период=1 | отправка=Повагонная | не закрыто 2 из 2 ваг.
    ПРИЧИНА: дуги есть (151 шт.), но все совместимые узлы предложения исчерпаны — вагоны ушли на другие заявки (конкуренция за предложение).
  [d_idx   74] Пачелма (КБШ) | тип=Прочие | ЕТСНГ=011005 | период=2 | отправка=Повагонная | не закрыто 13 из 13 ваг.
    ПРИЧИНА: дуги есть (195 шт.), но все совместимые узлы предложения исчерпаны — вагоны ушли на другие заявки (конкуренция за предложение).
  [d_idx   78] Лопуховка (ПРВ) | тип=Прочие | ЕТСНГ=011005 | период=2 | отправка=Повагонная | не закрыто 24 из 24 ваг.
    ПРИЧИНА: дуги есть (192 шт.), но все совместимые узлы предложения исчерпаны — вагоны ушли на другие заявки (конкуренция за предложение).
  [d_idx   81] Верда (КБШ) | тип=Прочие | ЕТСНГ=011005 | период=2 | отправка=Повагонная | не закрыто 4 из 12 ваг.
    ПРИЧИНА: дуги есть (186 шт.), но все совместимые узлы предложения исчерпаны — вагоны ушли на другие заявки (конкуренция за предложение).
  [d_idx   82] Алексиково (ПРВ) | тип=Прочие | ЕТСНГ=011005 | период=2 | отправка=Групповая | не закрыто 37 из 37 ваг.
    ПРИЧИНА: дуги есть (188 шт.), но все совместимые узлы предложения исчерпаны — вагоны ушли на другие заявки (конкуренция за предложение).
  [d_idx   83] Удобрительная (МСК) | тип=Прочие | ЕТСНГ=011005 | период=2 | отправка=Повагонная | не закрыто 17 из 19 ваг.
    ПРИЧИНА: дуги есть (205 шт.), но все совместимые узлы предложения исчерпаны — вагоны ушли на другие заявки (конкуренция за предложение).
  [d_idx   87] Елань-Камышинская (ЮВС) | тип=Прочие | ЕТСНГ=011005 | период=2 | отправка=Повагонная | не закрыто 1 из 1 ваг.
    ПРИЧИНА: дуги есть (187 шт.), но все совместимые узлы предложения исчерпаны — вагоны ушли на другие заявки (конкуренция за предложение).
  [d_idx   88] Чернышков (ПРВ) | тип=Прочие | ЕТСНГ=011005 | период=2 | отправка=Повагонная | не закрыто 17 из 30 ваг.
    ПРИЧИНА: дуги есть (189 шт.), но все совместимые узлы предложения исчерпаны — вагоны ушли на другие заявки (конкуренция за предложение).
  [d_idx   90] Вернадовка (КБШ) | тип=Прочие | ЕТСНГ=011005 | период=2 | отправка=Повагонная | не закрыто 15 из 15 ваг.
    ПРИЧИНА: дуги есть (188 шт.), но все совместимые узлы предложения исчерпаны — вагоны ушли на другие заявки (конкуренция за предложение).
  [d_idx   91] Ртищево 1 (ЮВС) | тип=Прочие | ЕТСНГ=011005 | период=2 | отправка=Повагонная | не закрыто 5 из 5 ваг.
    ПРИЧИНА: дуги есть (192 шт.), но все совместимые узлы предложения исчерпаны — вагоны ушли на другие заявки (конкуренция за предложение).
  [d_idx   93] Охотничья (КБШ) | тип=Прочие | ЕТСНГ=011005 | период=2 | отправка=Повагонная | не закрыто 11 из 15 ваг.
    ПРИЧИНА: дуги есть (202 шт.), но все совместимые узлы предложения исчерпаны — вагоны ушли на другие заявки (конкуренция за предложение).
  [d_idx   94] Избердей (ЮВС) | тип=Прочие | ЕТСНГ=011005 | период=2 | отправка=Маршрутная | не закрыто 19 из 19 ваг.
    ПРИЧИНА: дуги есть (190 шт.), но все совместимые узлы предложения исчерпаны — вагоны ушли на другие заявки (конкуренция за предложение).
  [d_idx   95] Избердей (ЮВС) | тип=Прочие | ЕТСНГ=011005 | период=2 | отправка=Маршрутная | не закрыто 36 из 36 ваг.
    ПРИЧИНА: дуги есть (190 шт.), но все совместимые узлы предложения исчерпаны — вагоны ушли на другие заявки (конкуренция за предложение).
  [d_idx   98] Белинская (КБШ) | тип=Прочие | ЕТСНГ=011005 | период=2 | отправка=Повагонная | не закрыто 6 из 7 ваг.
    ПРИЧИНА: дуги есть (195 шт.), но все совместимые узлы предложения исчерпаны — вагоны ушли на другие заявки (конкуренция за предложение).
  [d_idx  103] Руденск (БЕЛ) | тип=Прочие | ЕТСНГ=014003 | период=2 | отправка=Повагонная | не закрыто 10 из 10 ваг.
    ПРИЧИНА: нет ни одной допустимой дуги — закрыть невозможно текущими данными. Отбраковка пар со всеми 260 узлами предложения:
             нет тарифа 15, несовм. тип 0, грязный ЕТСНГ 9, дальше потолка расстояния 22, бизнес-правила дорог (инотерритория/дефицит) 184, станция закрыта очередью (правило 4) 30, конвенция РЖД 0, нарушение срока 0.
             на станции 89 ваг. при мощности 10 ваг./сут. (8.9 суток работы) — подсыл закрыт во все периоды.
  [d_idx  104] Руденск (БЕЛ) | тип=Прочие | ЕТСНГ=014003 | период=2 | отправка=Повагонная | не закрыто 15 из 15 ваг.
    ПРИЧИНА: нет ни одной допустимой дуги — закрыть невозможно текущими данными. Отбраковка пар со всеми 260 узлами предложения:
             нет тарифа 15, несовм. тип 0, грязный ЕТСНГ 10, дальше потолка расстояния 22, бизнес-правила дорог (инотерритория/дефицит) 183, станция закрыта очередью (правило 4) 30, конвенция РЖД 0, нарушение срока 0.
             на станции 89 ваг. при мощности 10 ваг./сут. (8.9 суток работы) — подсыл закрыт во все периоды.
  [d_idx  108] Добринка (ЮВС) | тип=Прочие | ЕТСНГ=011005 | период=2 | отправка=Повагонная | не закрыто 10 из 10 ваг.
    ПРИЧИНА: дуги есть (188 шт.), но все совместимые узлы предложения исчерпаны — вагоны ушли на другие заявки (конкуренция за предложение).
  [d_idx  118] Шемордан (ГОР) | тип=Прочие | ЕТСНГ=014003 | период=2 | отправка=Повагонная | не закрыто 6 из 7 ваг.
    ПРИЧИНА: дуги есть (196 шт.), но все совместимые узлы предложения исчерпаны — вагоны ушли на другие заявки (конкуренция за предложение).
  [d_idx  132] Пачелма (КБШ) | тип=Прочие | ЕТСНГ=011005 | период=3 | отправка=Повагонная | не закрыто 15 из 15 ваг.
    ПРИЧИНА: дуги есть (195 шт.), но все совместимые узлы предложения исчерпаны — вагоны ушли на другие заявки (конкуренция за предложение).
  [d_idx  134] Лопуховка (ПРВ) | тип=Прочие | ЕТСНГ=011005 | период=3 | отправка=Повагонная | не закрыто 14 из 14 ваг.
    ПРИЧИНА: дуги есть (192 шт.), но все совместимые узлы предложения исчерпаны — вагоны ушли на другие заявки (конкуренция за предложение).
  [d_idx  136] Платоновка (ЮВС) | тип=Прочие | ЕТСНГ=011005 | период=3 | отправка=Повагонная | не закрыто 1 из 1 ваг.
    ПРИЧИНА: дуги есть (191 шт.), но все совместимые узлы предложения исчерпаны — вагоны ушли на другие заявки (конкуренция за предложение).
  [d_idx  137] Алексиково (ПРВ) | тип=Прочие | ЕТСНГ=011005 | период=3 | отправка=Групповая | не закрыто 25 из 25 ваг.
    ПРИЧИНА: дуги есть (188 шт.), но все совместимые узлы предложения исчерпаны — вагоны ушли на другие заявки (конкуренция за предложение).
  [d_idx  144] Ртищево 1 (ЮВС) | тип=Прочие | ЕТСНГ=011005 | период=3 | отправка=Повагонная | не закрыто 8 из 8 ваг.
    ПРИЧИНА: дуги есть (192 шт.), но все совместимые узлы предложения исчерпаны — вагоны ушли на другие заявки (конкуренция за предложение).
  [d_idx  149] Белинская (КБШ) | тип=Прочие | ЕТСНГ=011005 | период=3 | отправка=Повагонная | не закрыто 13 из 13 ваг.
    ПРИЧИНА: дуги есть (196 шт.), но все совместимые узлы предложения исчерпаны — вагоны ушли на другие заявки (конкуренция за предложение).
  [d_idx  151] Выселки (СКВ) | тип=Прочие | ЕТСНГ=542296 | период=3 | отправка=Повагонная | не закрыто 1 из 1 ваг.
    ПРИЧИНА: нет ни одной допустимой дуги — закрыть невозможно текущими данными. Отбраковка пар со всеми 260 узлами предложения:
             нет тарифа 29, несовм. тип 0, грязный ЕТСНГ 9, дальше потолка расстояния 22, бизнес-правила дорог (инотерритория/дефицит) 35, станция закрыта очередью (правило 4) 165, конвенция РЖД 0, нарушение срока 0.
             на станции 46 ваг. при мощности 6 ваг./сут. (7.7 суток работы) — подсыл закрыт во все периоды.
  [d_idx  158] Добринка (ЮВС) | тип=Прочие | ЕТСНГ=011005 | период=3 | отправка=Повагонная | не закрыто 12 из 12 ваг.
    ПРИЧИНА: дуги есть (188 шт.), но все совместимые узлы предложения исчерпаны — вагоны ушли на другие заявки (конкуренция за предложение).
  [d_idx  169] Змиевка (МСК) | тип=БКТ | ЕТСНГ=011005 | период=3 | отправка=Повагонная | не закрыто 6 из 14 ваг.
    ПРИЧИНА: дуги есть (58 шт.), но все совместимые узлы предложения исчерпаны — вагоны ушли на другие заявки (конкуренция за предложение).
  [d_idx  176] Новоспасское (КБШ) | тип=Прочие | ЕТСНГ=011005 | период=3 | отправка=Повагонная | не закрыто 8 из 20 ваг.
    ПРИЧИНА: дуги есть (201 шт.), но все совместимые узлы предложения исчерпаны — вагоны ушли на другие заявки (конкуренция за предложение).
  [d_idx  177] Ефремов (МСК) | тип=Прочие | ЕТСНГ=014003 | период=3 | отправка=Повагонная | не закрыто 7 из 7 ваг.
    ПРИЧИНА: дуги есть (205 шт.), но все совместимые узлы предложения исчерпаны — вагоны ушли на другие заявки (конкуренция за предложение).
  [d_idx  178] Аполлонская (СКВ) | тип=Прочие | ЕТСНГ=011005 | период=4 | отправка=Повагонная | не закрыто 5 из 16 ваг.
    ПРИЧИНА: дуги есть (172 шт.), но все совместимые узлы предложения исчерпаны — вагоны ушли на другие заявки (конкуренция за предложение).
  [d_idx  179] Конышевка (МСК) | тип=Прочие | ЕТСНГ=014003 | период=4 | отправка=Повагонная | не закрыто 9 из 9 ваг.
    ПРИЧИНА: дуги есть (162 шт.), но все совместимые узлы предложения исчерпаны — вагоны ушли на другие заявки (конкуренция за предложение).
  [d_idx  181] Руденск (БЕЛ) | тип=Прочие | ЕТСНГ=014003 | период=4 | отправка=Повагонная | не закрыто 20 из 20 ваг.
    ПРИЧИНА: нет ни одной допустимой дуги — закрыть невозможно текущими данными. Отбраковка пар со всеми 260 узлами предложения:
             нет тарифа 15, несовм. тип 0, грязный ЕТСНГ 10, дальше потолка расстояния 22, бизнес-правила дорог (инотерритория/дефицит) 183, станция закрыта очередью (правило 4) 30, конвенция РЖД 0, нарушение срока 0.
             на станции 89 ваг. при мощности 10 ваг./сут. (8.9 суток работы) — подсыл закрыт во все периоды.

  СВОДКА ПО ПРИЧИНАМ:
    нет допустимых дуг (структурно)        узлов:   7, вагонов:  129
    источники предложения исчерпаны        узлов:  70, вагонов: 1017

  ЗАКРЫВАЕМОСТЬ (по реальному связывающему ограничению):
    структурно недостижимо (нет дуг):           129 ваг.  — нужны новые тарифы / смягчение жёстких фильтров
    упёрто в квоту ДМЗИ (инфраструктура):          0 ваг.  — поможет только повышение квоты на дороге
    держит MIN_BATCH (квота ДМЗИ ещё есть):        0 ваг.  — поможет смягчение партии (middle 0 / масс. 0 / маршр. 0)
    прочее (конкуренция / экономика штрафа):    1017 ваг.
--------------------------------
--- УТИЛИЗАЦИЯ КВОТ ДМЗИ ---
  ВСБ  период  1:    0 из    5 ваг.
  ВСБ  период 10:    0 из    7 ваг.
  ГОР  период  1:   12 из  400 ваг.
  ГОР  период 10:    0 из  560 ваг.
  ЗАБ  период  1:    0 из   24 ваг.
  ЗАБ  период 10:    0 из   34 ваг.
  ЗСБ  период  1:   55 из  835 ваг.
  ЗСБ  период 10:    0 из 1169 ваг.
  КБШ  период  1:  272 из 1014 ваг.
  КБШ  период 10:    0 из 1422 ваг.
  КРС  период  1:    0 из   10 ваг.
  КРС  период 10:    0 из   14 ваг.
  МСК  период  1:  136 из  749 ваг.
  МСК  период 10:    0 из 1049 ваг.
  ОКТ  период  1:    0 из  324 ваг.
  ОКТ  период 10:    0 из  454 ваг.
  ПРВ  период  1:   35 из 1056 ваг.
  ПРВ  период 10:    0 из 1486 ваг.
  СВР  период  1:    0 из  570 ваг.
  СВР  период 10:    0 из  804 ваг.
  СЕВ  период  1:    0 из   74 ваг.
  СЕВ  период 10:    0 из  104 ваг.
  СКВ  период  1:  148 из  335 ваг.
  СКВ  период 10:    0 из  469 ваг.
  ЮВС  период  1:   25 из 1481 ваг.
  ЮВС  период 10:    0 из 2103 ваг.
  ЮУР  период  1:   74 из  749 ваг.
  ЮУР  период 10:    0 из 1049 ваг.
----------------------------
Тарифов до отстоя:           113 (станций излишка 3, станций отстоя 55)
  отстой: 400 пар станция→резерв дальше потолка дальности
В отстой: 2 из 24 ваг. излишка → 1 станций отстоя, тариф 11108 руб.; не размещено 22 ваг. (нет тарифа / ёмкость исчерпана / дальше потолка дальности)
Тарифов до путей погрузки:   210 (станций излишка 2, станций погрузки 105)
  пути погрузки: 500 пар станция→пути дальше потолка дальности
На пути погрузки: 22 из 22 ваг. остатка → 2 станций (≥5 ваг./станция), тариф 414265 руб.; не размещено 0 ваг. (нет тарифа / ёмкость / min-batch / дальше потолка дальности)
Баланс отчёта оптимизации:   OK (962 ваг. в записях = 962 ваг. предложения)
Записей в отчёте (Excel):    540 (333 оптим. + 179 по факту + 28 в ремонт) / 1417 вагонов
  → в POST АПИ (период 1):   540 записей / 1417 вагонов
Чекпоинт сохранён:           tmp/checkpoint_day1_2026-09-21_12-36-13.xlsx

======= РЕЗУЛЬТАТЫ ОПТИМИЗАЦИИ =======
Статус решателя:      MIP Optimal (gap=0.000%)
Назначено вагонов:    938
Избыток предложения:  24 ваг. (dummy-спрос)
  остаток по периодам предложения: p1=24 p10=0 прочие=0
  из них в отстой (этап 2): 2 ваг.
  из них на пути погрузки (этап 3): 22 ваг.
Неудовл. спрос:       1146 ваг. (dummy-предложение)
Суммарная стоимость:  37023417 руб.
======================================

Результат сохранён:          tmp/result_day1_20260921_123613.json
[SUCCESS] railoptim завершил работу успешно.
